{
  "type": "FeatureCollection",
  "features": [
    {
      "type": "Feature",
      "geometry": {
        "type": "Point",
        "coordinates": [
          80.72,
          22.14
        ]
      },
      "properties": {
        "name": "Basinkhar",
        "operated_by": "Madhya Pradesh Water Resources Department",
        "year_completed": "1909",
        "river_basin": "Narmada",
        "river": "Local",
        "nearest_city": "Baihar",
        "seismic_zone": "II",
        "dam_type": "Earthfill Embankment",
        "height_m": 10.36,
        "length_m": 600.0,
        "volume_content": 15290.0,
        "gross_storage_capacity": 323000.0,
        "reservoir_area": 340000.0,
        "effective_storage_capacity": 314000.0,
        "purpose": "I",
        "designed_spillway_capacity": 26.0
      }
    },
    {
      "type": "Feature",
      "geometry": {
        "type": "Point",
        "coordinates": [
          80.85,
          21.98
        ]
      },
      "properties": {
        "name": "Bithlee",
        "operated_by": "Madhya Pradesh Water Resources Department",
        "year_completed": "1910",
        "river_basin": "Narmada",
        "river": "Local",
        "nearest_city": "Baihar",
        "seismic_zone": "II",
        "dam_type": "Earthfill Embankment",
        "height_m": 10.36,
        "length_m": 586.75,
        "volume_content": 44740.0,
        "gross_storage_capacity": 1354000.0,
        "reservoir_area": 620000.0,
        "effective_storage_capacity": 1303000.0,
        "purpose": "I",
        "designed_spillway_capacity": 78.84
      }
    },
    {
      "type": "Feature",
      "geometry": {
        "type": "Point",
        "coordinates": [
          80.02,
          23.27
        ]
      },
      "properties": {
        "name": "Panagar",
        "operated_by": "Madhya Pradesh Water Resources Department",
        "year_completed": "1912",
        "river_basin": "Narmada",
        "river": "karthai nadi",
        "nearest_city": "Jabalpur",
        "seismic_zone": "III",
        "dam_type": "Earthfill Embankment",
        "height_m": 11.12,
        "length_m": 570.0,
        "volume_content": 0.0,
        "gross_storage_capacity": 1710000.0,
        "reservoir_area": 0.0,
        "effective_storage_capacity": 1700000.0,
        "purpose": "I",
        "designed_spillway_capacity": 73.35
      }
    },
    {
      "type": "Feature",
      "geometry": {
        "type": "Point",
        "coordinates": [
          80.61,
          22.11
        ]
      },
      "properties": {
        "name": "Ramgarhi",
        "operated_by": "Madhya Pradesh Water Resources Department",
        "year_completed": "1915",
        "river_basin": "Narmada",
        "river": "Local",
        "nearest_city": "Sambalpur",
        "seismic_zone": "III",
        "dam_type": "Earthfill Embankment",
        "height_m": 10.97,
        "length_m": 659.0,
        "volume_content": 33980.0,
        "gross_storage_capacity": 648000.0,
        "reservoir_area": 132000.0,
        "effective_storage_capacity": 623000.0,
        "purpose": "I",
        "designed_spillway_capacity": 53.75
      }
    },
    {
      "type": "Feature",
      "geometry": {
        "type": "Point",
        "coordinates": [
          80.61,
          22.05
        ]
      },
      "properties": {
        "name": "Ama Nalla (Old)",
        "operated_by": "Madhya Pradesh Water Resources Department",
        "year_completed": "1916",
        "river_basin": "Narmada",
        "river": "pongar nala",
        "nearest_city": "beohari",
        "seismic_zone": "II",
        "dam_type": "Earthfill Embankment",
        "height_m": 10.24,
        "length_m": 762.0,
        "volume_content": 53800.0,
        "gross_storage_capacity": 586000.0,
        "reservoir_area": 247000.0,
        "effective_storage_capacity": 563000.0,
        "purpose": "I",
        "designed_spillway_capacity": 41.12
      }
    },
    {
      "type": "Feature",
      "geometry": {
        "type": "Point",
        "coordinates": [
          80.83,
          22.02
        ]
      },
      "properties": {
        "name": "Jagla Tank",
        "operated_by": "Madhya Pradesh Water Resources Department",
        "year_completed": "1916",
        "river_basin": "Narmada",
        "river": "Local",
        "nearest_city": "Baihar",
        "seismic_zone": "II",
        "dam_type": "Earthfill Embankment",
        "height_m": 17.33,
        "length_m": 317.0,
        "volume_content": 86650.0,
        "gross_storage_capacity": 4786000.0,
        "reservoir_area": 771000.0,
        "effective_storage_capacity": 4211000.0,
        "purpose": "I",
        "designed_spillway_capacity": 39.48
      }
    },
    {
      "type": "Feature",
      "geometry": {
        "type": "Point",
        "coordinates": [
          80.25,
          22.22
        ]
      },
      "properties": {
        "name": "Ahmadpur",
        "operated_by": "Madhya Pradesh Water Resources Department",
        "year_completed": "1916",
        "river_basin": "Narmada",
        "river": "Local",
        "nearest_city": "Baihar",
        "seismic_zone": "II",
        "dam_type": "Earthfill Embankment",
        "height_m": 14.12,
        "length_m": 1007.0,
        "volume_content": 103070.0,
        "gross_storage_capacity": 3320000.0,
        "reservoir_area": 1293000.0,
        "effective_storage_capacity": 2950000.0,
        "purpose": "I",
        "designed_spillway_capacity": 84.0
      }
    },
    {
      "type": "Feature",
      "geometry": {
        "type": "Point",
        "coordinates": [
          75.06,
          22.01
        ]
      },
      "properties": {
        "name": "Ranjeet",
        "operated_by": "Madhya Pradesh Water Resources Department",
        "year_completed": "1916",
        "river_basin": "Narmada",
        "river": "Local",
        "nearest_city": "Barwani",
        "seismic_zone": "III",
        "dam_type": "Earthfill Embankment",
        "height_m": 13.71,
        "length_m": 300.0,
        "volume_content": 0.0,
        "gross_storage_capacity": 4040000.0,
        "reservoir_area": 1595000.0,
        "effective_storage_capacity": 3550000.0,
        "purpose": "I",
        "designed_spillway_capacity": 117.63
      }
    },
    {
      "type": "Feature",
      "geometry": {
        "type": "Point",
        "coordinates": [
          80.3,
          23.6
        ]
      },
      "properties": {
        "name": "Dharwara",
        "operated_by": "Madhya Pradesh Water Resources Department",
        "year_completed": "1918",
        "river_basin": "Narmada",
        "river": "local nalla",
        "nearest_city": "Sihora",
        "seismic_zone": "III",
        "dam_type": "Earthfill Embankment",
        "height_m": 11.27,
        "length_m": 2340.0,
        "volume_content": 0.0,
        "gross_storage_capacity": 270000.0,
        "reservoir_area": 950000.0,
        "effective_storage_capacity": 166000.0,
        "purpose": "I",
        "designed_spillway_capacity": 68.0
      }
    },
    {
      "type": "Feature",
      "geometry": {
        "type": "Point",
        "coordinates": [
          80.45,
          23.56
        ]
      },
      "properties": {
        "name": "Ametha",
        "operated_by": "Madhya Pradesh Water Resources Department",
        "year_completed": "1918",
        "river_basin": "Narmada",
        "river": "Local",
        "nearest_city": "Katni",
        "seismic_zone": "II",
        "dam_type": "Earthfill Embankment",
        "height_m": 14.11,
        "length_m": 1097.0,
        "volume_content": 0.0,
        "gross_storage_capacity": 7340000.0,
        "reservoir_area": 0.0,
        "effective_storage_capacity": 7090000.0,
        "purpose": "I",
        "designed_spillway_capacity": 314.0
      }
    },
    {
      "type": "Feature",
      "geometry": {
        "type": "Point",
        "coordinates": [
          80.06,
          23.32
        ]
      },
      "properties": {
        "name": "Badera",
        "operated_by": "Madhya Pradesh Water Resources Department",
        "year_completed": "1920",
        "river_basin": "Narmada",
        "river": "Local",
        "nearest_city": "Jabalpur",
        "seismic_zone": "III",
        "dam_type": "Earthfill Embankment",
        "height_m": 16.68,
        "length_m": 356.0,
        "volume_content": 5880.0,
        "gross_storage_capacity": 4116000.0,
        "reservoir_area": 135000.0,
        "effective_storage_capacity": 4109000.0,
        "purpose": "I",
        "designed_spillway_capacity": 99.45
      }
    },
    {
      "type": "Feature",
      "geometry": {
        "type": "Point",
        "coordinates": [
          80.12,
          23.34
        ]
      },
      "properties": {
        "name": "Lower Boniya",
        "operated_by": "Madhya Pradesh Water Resources Department",
        "year_completed": "1923",
        "river_basin": "Narmada",
        "river": "Barna",
        "nearest_city": "Katni",
        "seismic_zone": "II",
        "dam_type": "Earthfill Embankment",
        "height_m": 19.16,
        "length_m": 885.0,
        "volume_content": 0.0,
        "gross_storage_capacity": 1610000.0,
        "reservoir_area": 516000.0,
        "effective_storage_capacity": 980000.0,
        "purpose": "I/F",
        "designed_spillway_capacity": 335.62
      }
    },
    {
      "type": "Feature",
      "geometry": {
        "type": "Point",
        "coordinates": [
          76.34,
          22.05
        ]
      },
      "properties": {
        "name": "Bhutia Nalla T.",
        "operated_by": "Madhya Pradesh Water Resources Department",
        "year_completed": "1924",
        "river_basin": "Narmada",
        "river": "amak nala",
        "nearest_city": "Khadhana",
        "seismic_zone": "III",
        "dam_type": "Earthfill Embankment",
        "height_m": 10.37,
        "length_m": 900.0,
        "volume_content": 0.0,
        "gross_storage_capacity": 1640000.0,
        "reservoir_area": 1520000.0,
        "effective_storage_capacity": 1510000.0,
        "purpose": "I",
        "designed_spillway_capacity": 90.0
      }
    },
    {
      "type": "Feature",
      "geometry": {
        "type": "Point",
        "coordinates": [
          80.13,
          23.23
        ]
      },
      "properties": {
        "name": "Pariat",
        "operated_by": "Madhya Pradesh Water Resources Department",
        "year_completed": "1927",
        "river_basin": "Narmada",
        "river": "pariatnala",
        "nearest_city": "Jabalpur",
        "seismic_zone": "III",
        "dam_type": "Earthfill Embankment",
        "height_m": 22.74,
        "length_m": 1182.0,
        "volume_content": 0.0,
        "gross_storage_capacity": 20300000.0,
        "reservoir_area": 3420000.0,
        "effective_storage_capacity": 18500000.0,
        "purpose": "SO",
        "designed_spillway_capacity": 934.0
      }
    },
    {
      "type": "Feature",
      "geometry": {
        "type": "Point",
        "coordinates": [
          80.11,
          23.69
        ]
      },
      "properties": {
        "name": "Bohribund",
        "operated_by": "Madhya Pradesh Water Resources Department",
        "year_completed": "1927",
        "river_basin": "Narmada",
        "river": "bhutanala",
        "nearest_city": "Sihora",
        "seismic_zone": "II",
        "dam_type": "Earthfill Embankment",
        "height_m": 0.0,
        "length_m": 0.0,
        "volume_content": 0.0,
        "gross_storage_capacity": 0.0,
        "reservoir_area": 0.0,
        "effective_storage_capacity": 0.0,
        "purpose": "I",
        "designed_spillway_capacity": 0.0
      }
    },
    {
      "type": "Feature",
      "geometry": {
        "type": "Point",
        "coordinates": [
          75.65,
          22.45
        ]
      },
      "properties": {
        "name": "Yashwant Nagar",
        "operated_by": "Madhya Pradesh Water Resources Department",
        "year_completed": "1933",
        "river_basin": "Narmada",
        "river": "karam nadi",
        "nearest_city": "Mhow",
        "seismic_zone": "II",
        "dam_type": "Earthfill Embankment",
        "height_m": 10.7,
        "length_m": 820.0,
        "volume_content": 0.0,
        "gross_storage_capacity": 900000.0,
        "reservoir_area": 337500.0,
        "effective_storage_capacity": 872000.0,
        "purpose": "I",
        "designed_spillway_capacity": 171.0
      }
    },
    {
      "type": "Feature",
      "geometry": {
        "type": "Point",
        "coordinates": [
          77.91,
          23.17
        ]
      },
      "properties": {
        "name": "Lower Palakmati",
        "operated_by": "Madhya Pradesh Water Resources Department",
        "year_completed": "1936",
        "river_basin": "Narmada",
        "river": "Palakmati",
        "nearest_city": "Goharganj",
        "seismic_zone": "II",
        "dam_type": "Earthfill Embankment",
        "height_m": 15.24,
        "length_m": 990.0,
        "volume_content": 0.0,
        "gross_storage_capacity": 13872000.0,
        "reservoir_area": 2130000.0,
        "effective_storage_capacity": 12796000.0,
        "purpose": "I",
        "designed_spillway_capacity": 430.0
      }
    },
    {
      "type": "Feature",
      "geometry": {
        "type": "Point",
        "coordinates": [
          75.65,
          22.38
        ]
      },
      "properties": {
        "name": "Hashalpur",
        "operated_by": "Madhya Pradesh Water Resources Department",
        "year_completed": "1950",
        "river_basin": "Narmada",
        "river": "Local",
        "nearest_city": "Mhow",
        "seismic_zone": "III",
        "dam_type": "Earthfill Embankment",
        "height_m": 10.05,
        "length_m": 1020.0,
        "volume_content": 0.0,
        "gross_storage_capacity": 1160000.0,
        "reservoir_area": 539000.0,
        "effective_storage_capacity": 1102000.0,
        "purpose": "I",
        "designed_spillway_capacity": 64.15
      }
    },
    {
      "type": "Feature",
      "geometry": {
        "type": "Point",
        "coordinates": [
          75.1,
          21.82
        ]
      },
      "properties": {
        "name": "Sarlai",
        "operated_by": "Madhya Pradesh Water Resources Department",
        "year_completed": "1955",
        "river_basin": "Narmada",
        "river": "Local",
        "nearest_city": "Barwaha",
        "seismic_zone": "III",
        "dam_type": "Earthfill Embankment",
        "height_m": 10.66,
        "length_m": 165.0,
        "volume_content": 0.0,
        "gross_storage_capacity": 1118000.0,
        "reservoir_area": 110000.0,
        "effective_storage_capacity": 1078000.0,
        "purpose": "I",
        "designed_spillway_capacity": 50.96
      }
    },
    {
      "type": "Feature",
      "geometry": {
        "type": "Point",
        "coordinates": [
          77.89,
          22.32
        ]
      },
      "properties": {
        "name": "Dhandibada",
        "operated_by": "Madhya Pradesh Water Resources Department",
        "year_completed": "1956",
        "river_basin": "Narmada",
        "river": "Local",
        "nearest_city": "Itarsi",
        "seismic_zone": "III",
        "dam_type": "Earthfill Embankment",
        "height_m": 10.3,
        "length_m": 754.0,
        "volume_content": 0.0,
        "gross_storage_capacity": 767000.0,
        "reservoir_area": 263000.0,
        "effective_storage_capacity": 710000.0,
        "purpose": "I",
        "designed_spillway_capacity": 40.0
      }
    },
    {
      "type": "Feature",
      "geometry": {
        "type": "Point",
        "coordinates": [
          77.99,
          21.86
        ]
      },
      "properties": {
        "name": "Sampna",
        "operated_by": "Madhya Pradesh Water Resources Department",
        "year_completed": "1956",
        "river_basin": "Narmada",
        "river": "Sapana",
        "nearest_city": "Betul",
        "seismic_zone": "III",
        "dam_type": "Earthfill Embankment",
        "height_m": 21.95,
        "length_m": 1790.0,
        "volume_content": 1190000.0,
        "gross_storage_capacity": 16903000.0,
        "reservoir_area": 2538000.0,
        "effective_storage_capacity": 14305000.0,
        "purpose": "I/O",
        "designed_spillway_capacity": 159.3
      }
    },
    {
      "type": "Feature",
      "geometry": {
        "type": "Point",
        "coordinates": [
          78.37,
          22.65
        ]
      },
      "properties": {
        "name": "Dukrikheda",
        "operated_by": "Madhya Pradesh Water Resources Department",
        "year_completed": "1956",
        "river_basin": "Narmada",
        "river": "goghara nalla",
        "nearest_city": "Piparia",
        "seismic_zone": "III",
        "dam_type": "Earthfill Embankment",
        "height_m": 18.67,
        "length_m": 1981.0,
        "volume_content": 0.0,
        "gross_storage_capacity": 12229000.0,
        "reservoir_area": 35220000.0,
        "effective_storage_capacity": 11518000.0,
        "purpose": "I",
        "designed_spillway_capacity": 369.0
      }
    },
    {
      "type": "Feature",
      "geometry": {
        "type": "Point",
        "coordinates": [
          76.98,
          22.04
        ]
      },
      "properties": {
        "name": "Jitudhana",
        "operated_by": "Madhya Pradesh Water Resources Department",
        "year_completed": "1956",
        "river_basin": "Narmada",
        "river": "Local",
        "nearest_city": "Betul",
        "seismic_zone": "II",
        "dam_type": "Earthfill Embankment",
        "height_m": 20.54,
        "length_m": 390.0,
        "volume_content": 0.0,
        "gross_storage_capacity": 973000.0,
        "reservoir_area": 0.0,
        "effective_storage_capacity": 0.0,
        "purpose": "I",
        "designed_spillway_capacity": 61.35
      }
    },
    {
      "type": "Feature",
      "geometry": {
        "type": "Point",
        "coordinates": [
          77.72,
          23.14
        ]
      },
      "properties": {
        "name": "Barbatpur",
        "operated_by": "Madhya Pradesh Water Resources Department",
        "year_completed": "1957",
        "river_basin": "Narmada",
        "river": "Local",
        "nearest_city": "Goharganj",
        "seismic_zone": "II",
        "dam_type": "Earthfill Embankment",
        "height_m": 10.08,
        "length_m": 800.0,
        "volume_content": 0.0,
        "gross_storage_capacity": 1031000.0,
        "reservoir_area": 370000.0,
        "effective_storage_capacity": 963000.0,
        "purpose": "I",
        "designed_spillway_capacity": 40.0
      }
    },
    {
      "type": "Feature",
      "geometry": {
        "type": "Point",
        "coordinates": [
          75.84,
          22.26
        ]
      },
      "properties": {
        "name": "Gagan",
        "operated_by": "Madhya Pradesh Water Resources Department",
        "year_completed": "1959",
        "river_basin": "Narmada",
        "river": "Local",
        "nearest_city": "Maheshwar",
        "seismic_zone": "III",
        "dam_type": "Earthfill Embankment",
        "height_m": 18.28,
        "length_m": 880.0,
        "volume_content": 0.0,
        "gross_storage_capacity": 8340000.0,
        "reservoir_area": 1530000.0,
        "effective_storage_capacity": 7933000.0,
        "purpose": "I",
        "designed_spillway_capacity": 366.0
      }
    },
    {
      "type": "Feature",
      "geometry": {
        "type": "Point",
        "coordinates": [
          80.39,
          22.13
        ]
      },
      "properties": {
        "name": "Jalgaon",
        "operated_by": "Madhya Pradesh Water Resources Department",
        "year_completed": "1960",
        "river_basin": "Narmada",
        "river": "bhongir nala",
        "nearest_city": "Baihar",
        "seismic_zone": "II",
        "dam_type": "Earthfill Embankment",
        "height_m": 16.46,
        "length_m": 725.0,
        "volume_content": 96840.0,
        "gross_storage_capacity": 2330000.0,
        "reservoir_area": 587000.0,
        "effective_storage_capacity": 2170000.0,
        "purpose": "I",
        "designed_spillway_capacity": 39.16
      }
    },
    {
      "type": "Feature",
      "geometry": {
        "type": "Point",
        "coordinates": [
          75.43,
          22.26
        ]
      },
      "properties": {
        "name": "Samaldo",
        "operated_by": "Madhya Pradesh Water Resources Department",
        "year_completed": "1960",
        "river_basin": "Narmada",
        "river": "Local",
        "nearest_city": "Dhar",
        "seismic_zone": "III",
        "dam_type": "Earthfill Embankment",
        "height_m": 12.9,
        "length_m": 823.0,
        "volume_content": 0.0,
        "gross_storage_capacity": 4880000.0,
        "reservoir_area": 1260000.0,
        "effective_storage_capacity": 4680000.0,
        "purpose": "I",
        "designed_spillway_capacity": 198.0
      }
    },
    {
      "type": "Feature",
      "geometry": {
        "type": "Point",
        "coordinates": [
          74.99,
          22.21
        ]
      },
      "properties": {
        "name": "Jhapdi",
        "operated_by": "Madhya Pradesh Water Resources Department",
        "year_completed": "1962",
        "river_basin": "Narmada",
        "river": "Local",
        "nearest_city": "Manawar",
        "seismic_zone": "III",
        "dam_type": "Earthfill Embankment",
        "height_m": 13.72,
        "length_m": 765.0,
        "volume_content": 0.0,
        "gross_storage_capacity": 1998550.0,
        "reservoir_area": 549000.0,
        "effective_storage_capacity": 1974500.0,
        "purpose": "I",
        "designed_spillway_capacity": 181.35
      }
    },
    {
      "type": "Feature",
      "geometry": {
        "type": "Point",
        "coordinates": [
          74.61,
          22.36
        ]
      },
      "properties": {
        "name": "Nahatra",
        "operated_by": "Madhya Pradesh Water Resources Department",
        "year_completed": "1962",
        "river_basin": "Narmada",
        "river": "Local",
        "nearest_city": "Jobat",
        "seismic_zone": "III",
        "dam_type": "Earthfill Embankment",
        "height_m": 15.39,
        "length_m": 400.8,
        "volume_content": 0.0,
        "gross_storage_capacity": 3140000.0,
        "reservoir_area": 931000.0,
        "effective_storage_capacity": 2650000.0,
        "purpose": "I",
        "designed_spillway_capacity": 203.88
      }
    },
    {
      "type": "Feature",
      "geometry": {
        "type": "Point",
        "coordinates": [
          80.31,
          22.46
        ]
      },
      "properties": {
        "name": "Dhuandhar",
        "operated_by": "Madhya Pradesh Water Resources Department",
        "year_completed": "1962",
        "river_basin": "Narmada",
        "river": "dhuandhar nalla",
        "nearest_city": "Mandla",
        "seismic_zone": "II",
        "dam_type": "Earthfill Embankment",
        "height_m": 27.19,
        "length_m": 1240.5,
        "volume_content": 0.0,
        "gross_storage_capacity": 5460000.0,
        "reservoir_area": 1020000.0,
        "effective_storage_capacity": 5280000.0,
        "purpose": "I",
        "designed_spillway_capacity": 132.45
      }
    },
    {
      "type": "Feature",
      "geometry": {
        "type": "Point",
        "coordinates": [
          75.47,
          22.26
        ]
      },
      "properties": {
        "name": "Kunda Nala",
        "operated_by": "Madhya Pradesh Water Resources Department",
        "year_completed": "1963",
        "river_basin": "Narmada",
        "river": "buti nalla",
        "nearest_city": "Dhar",
        "seismic_zone": "III",
        "dam_type": "Earthfill Embankment",
        "height_m": 15.54,
        "length_m": 2500.0,
        "volume_content": 0.0,
        "gross_storage_capacity": 8500000.0,
        "reservoir_area": 5280000.0,
        "effective_storage_capacity": 8100000.0,
        "purpose": "I",
        "designed_spillway_capacity": 300.0
      }
    },
    {
      "type": "Feature",
      "geometry": {
        "type": "Point",
        "coordinates": [
          75.39,
          22.5
        ]
      },
      "properties": {
        "name": "Virla",
        "operated_by": "Madhya Pradesh Water Resources Department",
        "year_completed": "1966",
        "river_basin": "Narmada",
        "river": "Local",
        "nearest_city": "Dhar",
        "seismic_zone": "II",
        "dam_type": "Earthfill Embankment",
        "height_m": 19.24,
        "length_m": 270.0,
        "volume_content": 0.0,
        "gross_storage_capacity": 373000.0,
        "reservoir_area": 820000.0,
        "effective_storage_capacity": 358000.0,
        "purpose": "I",
        "designed_spillway_capacity": 95.0
      }
    },
    {
      "type": "Feature",
      "geometry": {
        "type": "Point",
        "coordinates": [
          80.12,
          23.34
        ]
      },
      "properties": {
        "name": "Barnoo",
        "operated_by": "Madhya Pradesh Water Resources Department",
        "year_completed": "1966",
        "river_basin": "Narmada",
        "river": "Barnoo",
        "nearest_city": "Sihora",
        "seismic_zone": "III",
        "dam_type": "Earthfill Embankment",
        "height_m": 24.6,
        "length_m": 293.4,
        "volume_content": 188000.0,
        "gross_storage_capacity": 1032000.0,
        "reservoir_area": 1196200.0,
        "effective_storage_capacity": 816000.0,
        "purpose": "I",
        "designed_spillway_capacity": 112.32
      }
    },
    {
      "type": "Feature",
      "geometry": {
        "type": "Point",
        "coordinates": [
          80.13,
          23.35
        ]
      },
      "properties": {
        "name": "Madai",
        "operated_by": "Madhya Pradesh Water Resources Department",
        "year_completed": "1966",
        "river_basin": "Narmada",
        "river": "Madai",
        "nearest_city": "Sihora",
        "seismic_zone": "III",
        "dam_type": "Earthfill Embankment",
        "height_m": 18.9,
        "length_m": 307.0,
        "volume_content": 0.0,
        "gross_storage_capacity": 870000.0,
        "reservoir_area": 2456000.0,
        "effective_storage_capacity": 839000.0,
        "purpose": "I",
        "designed_spillway_capacity": 202.0
      }
    },
    {
      "type": "Feature",
      "geometry": {
        "type": "Point",
        "coordinates": [
          78.18,
          22.15
        ]
      },
      "properties": {
        "name": "Satpura",
        "operated_by": "Madhya Pradesh State Electricity Board",
        "year_completed": "1967",
        "river_basin": "Narmada",
        "river": "Tawa",
        "nearest_city": "Betul",
        "seismic_zone": "III",
        "dam_type": "Other",
        "height_m": 33.52,
        "length_m": 513.58,
        "volume_content": 220870.0,
        "gross_storage_capacity": 110436000.0,
        "reservoir_area": 11728000.0,
        "effective_storage_capacity": 4814000.0,
        "purpose": "I/H",
        "designed_spillway_capacity": 4814.0
      }
    },
    {
      "type": "Feature",
      "geometry": {
        "type": "Point",
        "coordinates": [
          76.0,
          21.94
        ]
      },
      "properties": {
        "name": "Kanjhar",
        "operated_by": "Madhya Pradesh Water Resources Department",
        "year_completed": "1968",
        "river_basin": "Narmada",
        "river": "Local",
        "nearest_city": "Bhikamgaon",
        "seismic_zone": "III",
        "dam_type": "Earthfill Embankment",
        "height_m": 10.05,
        "length_m": 655.0,
        "volume_content": 0.0,
        "gross_storage_capacity": 325000.0,
        "reservoir_area": 77000.0,
        "effective_storage_capacity": 308000.0,
        "purpose": "I",
        "designed_spillway_capacity": 26.95
      }
    },
    {
      "type": "Feature",
      "geometry": {
        "type": "Point",
        "coordinates": [
          80.43,
          23.43
        ]
      },
      "properties": {
        "name": "Surkipondi",
        "operated_by": "Madhya Pradesh Water Resources Department",
        "year_completed": "1968",
        "river_basin": "Narmada",
        "river": "Mod Nadi",
        "nearest_city": "Sihora",
        "seismic_zone": "III",
        "dam_type": "Earthfill Embankment",
        "height_m": 11.8,
        "length_m": 1333.0,
        "volume_content": 0.0,
        "gross_storage_capacity": 4317000.0,
        "reservoir_area": 1386000.0,
        "effective_storage_capacity": 3980000.0,
        "purpose": "I",
        "designed_spillway_capacity": 0.0
      }
    },
    {
      "type": "Feature",
      "geometry": {
        "type": "Point",
        "coordinates": [
          75.48,
          22.07
        ]
      },
      "properties": {
        "name": "Dhamnod Nalla",
        "operated_by": "Madhya Pradesh Water Resources Department",
        "year_completed": "1971",
        "river_basin": "Narmada",
        "river": "Local",
        "nearest_city": "Kasrawad",
        "seismic_zone": "III",
        "dam_type": "Earthfill Embankment",
        "height_m": 11.27,
        "length_m": 1020.0,
        "volume_content": 0.0,
        "gross_storage_capacity": 1238000.0,
        "reservoir_area": 470000.0,
        "effective_storage_capacity": 1168000.0,
        "purpose": "I",
        "designed_spillway_capacity": 84.9
      }
    },
    {
      "type": "Feature",
      "geometry": {
        "type": "Point",
        "coordinates": [
          80.51,
          22.48
        ]
      },
      "properties": {
        "name": "Mand",
        "operated_by": "Madhya Pradesh Water Resources Department",
        "year_completed": "1972",
        "river_basin": "Narmada",
        "river": "Local",
        "nearest_city": "Mandla",
        "seismic_zone": "II",
        "dam_type": "Earthfill Embankment",
        "height_m": 13.63,
        "length_m": 975.0,
        "volume_content": 0.0,
        "gross_storage_capacity": 1241000.0,
        "reservoir_area": 0.0,
        "effective_storage_capacity": 1151000.0,
        "purpose": "I",
        "designed_spillway_capacity": 93.0
      }
    },
    {
      "type": "Feature",
      "geometry": {
        "type": "Point",
        "coordinates": [
          78.06,
          22.05
        ]
      },
      "properties": {
        "name": "Gondhidhana",
        "operated_by": "Madhya Pradesh Water Resources Department",
        "year_completed": "1974",
        "river_basin": "Narmada",
        "river": "Local",
        "nearest_city": "Betul",
        "seismic_zone": "III",
        "dam_type": "Earthfill Embankment",
        "height_m": 14.08,
        "length_m": 681.0,
        "volume_content": 0.0,
        "gross_storage_capacity": 1616000.0,
        "reservoir_area": 369000.0,
        "effective_storage_capacity": 1515000.0,
        "purpose": "I",
        "designed_spillway_capacity": 59.0
      }
    },
    {
      "type": "Feature",
      "geometry": {
        "type": "Point",
        "coordinates": [
          75.88,
          22.35
        ]
      },
      "properties": {
        "name": "Laliyachapad",
        "operated_by": "Madhya Pradesh Water Resources Department",
        "year_completed": "1974",
        "river_basin": "Narmada",
        "river": "Local",
        "nearest_city": "barwah",
        "seismic_zone": "III",
        "dam_type": "Earthfill Embankment",
        "height_m": 11.39,
        "length_m": 507.0,
        "volume_content": 0.0,
        "gross_storage_capacity": 640000.0,
        "reservoir_area": 1960000.0,
        "effective_storage_capacity": 592000.0,
        "purpose": "I",
        "designed_spillway_capacity": 47.0
      }
    },
    {
      "type": "Feature",
      "geometry": {
        "type": "Point",
        "coordinates": [
          78.44,
          22.67
        ]
      },
      "properties": {
        "name": "Amadehi",
        "operated_by": "Madhya Pradesh Water Resources Department",
        "year_completed": "1974",
        "river_basin": "Narmada",
        "river": "Local",
        "nearest_city": "Piparia",
        "seismic_zone": "III",
        "dam_type": "Earthfill Embankment",
        "height_m": 23.41,
        "length_m": 140.0,
        "volume_content": 286510.0,
        "gross_storage_capacity": 633000.0,
        "reservoir_area": 0.0,
        "effective_storage_capacity": 0.0,
        "purpose": "I",
        "designed_spillway_capacity": 58.08
      }
    },
    {
      "type": "Feature",
      "geometry": {
        "type": "Point",
        "coordinates": [
          80.7,
          22.44
        ]
      },
      "properties": {
        "name": "Bichhia",
        "operated_by": "Madhya Pradesh Water Resources Department",
        "year_completed": "1975",
        "river_basin": "Narmada",
        "river": "kathar nalla",
        "nearest_city": "Mandla",
        "seismic_zone": "II",
        "dam_type": "Earthfill Embankment",
        "height_m": 26.53,
        "length_m": 1579.0,
        "volume_content": 0.0,
        "gross_storage_capacity": 8510000.0,
        "reservoir_area": 1536600.0,
        "effective_storage_capacity": 7900000.0,
        "purpose": "I/S",
        "designed_spillway_capacity": 180.0
      }
    },
    {
      "type": "Feature",
      "geometry": {
        "type": "Point",
        "coordinates": [
          75.27,
          21.86
        ]
      },
      "properties": {
        "name": "Rui",
        "operated_by": "Madhya Pradesh Water Resources Department",
        "year_completed": "1976",
        "river_basin": "Narmada",
        "river": "Local",
        "nearest_city": "Barwani",
        "seismic_zone": "III",
        "dam_type": "Earthfill Embankment",
        "height_m": 13.7,
        "length_m": 292.0,
        "volume_content": 0.0,
        "gross_storage_capacity": 1028000.0,
        "reservoir_area": 209000.0,
        "effective_storage_capacity": 799000.0,
        "purpose": "I",
        "designed_spillway_capacity": 197.0
      }
    },
    {
      "type": "Feature",
      "geometry": {
        "type": "Point",
        "coordinates": [
          77.89,
          22.04
        ]
      },
      "properties": {
        "name": "Malseoni",
        "operated_by": "Madhya Pradesh Water Resources Department",
        "year_completed": "1976",
        "river_basin": "Narmada",
        "river": "nimpani nala",
        "nearest_city": "Betul",
        "seismic_zone": "III",
        "dam_type": "Earthfill Embankment",
        "height_m": 10.51,
        "length_m": 570.0,
        "volume_content": 0.0,
        "gross_storage_capacity": 460000.0,
        "reservoir_area": 214000.0,
        "effective_storage_capacity": 424000.0,
        "purpose": "I",
        "designed_spillway_capacity": 22.0
      }
    },
    {
      "type": "Feature",
      "geometry": {
        "type": "Point",
        "coordinates": [
          77.82,
          22.21
        ]
      },
      "properties": {
        "name": "Pawarjhanda",
        "operated_by": "Madhya Pradesh Water Resources Department",
        "year_completed": "1976",
        "river_basin": "Narmada",
        "river": "Local",
        "nearest_city": "Betul",
        "seismic_zone": "III",
        "dam_type": "Earthfill Embankment",
        "height_m": 16.08,
        "length_m": 426.0,
        "volume_content": 0.0,
        "gross_storage_capacity": 1197000.0,
        "reservoir_area": 341000.0,
        "effective_storage_capacity": 1105000.0,
        "purpose": "I",
        "designed_spillway_capacity": 57.5
      }
    },
    {
      "type": "Feature",
      "geometry": {
        "type": "Point",
        "coordinates": [
          75.66,
          22.36
        ]
      },
      "properties": {
        "name": "Chaidipura",
        "operated_by": "Madhya Pradesh Water Resources Department",
        "year_completed": "1976",
        "river_basin": "Narmada",
        "river": "Local",
        "nearest_city": "Mhow",
        "seismic_zone": "II",
        "dam_type": "Earthfill Embankment",
        "height_m": 21.17,
        "length_m": 840.0,
        "volume_content": 0.0,
        "gross_storage_capacity": 1430000.0,
        "reservoir_area": 359000.0,
        "effective_storage_capacity": 1270000.0,
        "purpose": "I",
        "designed_spillway_capacity": 84.0
      }
    },
    {
      "type": "Feature",
      "geometry": {
        "type": "Point",
        "coordinates": [
          74.37,
          22.42
        ]
      },
      "properties": {
        "name": "Begda",
        "operated_by": "Madhya Pradesh Water Resources Department",
        "year_completed": "1976",
        "river_basin": "Narmada",
        "river": "Local",
        "nearest_city": "Jobat",
        "seismic_zone": "III",
        "dam_type": "Earthfill Embankment",
        "height_m": 12.29,
        "length_m": 534.0,
        "volume_content": 0.0,
        "gross_storage_capacity": 2270000.0,
        "reservoir_area": 630000.0,
        "effective_storage_capacity": 1780000.0,
        "purpose": "I",
        "designed_spillway_capacity": 183.18
      }
    },
    {
      "type": "Feature",
      "geometry": {
        "type": "Point",
        "coordinates": [
          79.55,
          23.0
        ]
      },
      "properties": {
        "name": "Chirchitta",
        "operated_by": "Madhya Pradesh Water Resources Department",
        "year_completed": "1974",
        "river_basin": "Narmada",
        "river": "Local",
        "nearest_city": "Narsinghpur",
        "seismic_zone": "III",
        "dam_type": "Earthfill Embankment",
        "height_m": 10.93,
        "length_m": 897.0,
        "volume_content": 68380.0,
        "gross_storage_capacity": 2619000.0,
        "reservoir_area": 1118000.0,
        "effective_storage_capacity": 2536000.0,
        "purpose": "I",
        "designed_spillway_capacity": 22.57
      }
    },
    {
      "type": "Feature",
      "geometry": {
        "type": "Point",
        "coordinates": [
          76.53,
          22.62
        ]
      },
      "properties": {
        "name": "Chandrakeshar",
        "operated_by": "Madhya Pradesh Water Resources Department",
        "year_completed": "1976",
        "river_basin": "Narmada",
        "river": "chandra keshari",
        "nearest_city": "kannod",
        "seismic_zone": "III",
        "dam_type": "Earthfill Embankment",
        "height_m": 21.1,
        "length_m": 2450.0,
        "volume_content": 1403044.0,
        "gross_storage_capacity": 30070000.0,
        "reservoir_area": 5210000.0,
        "effective_storage_capacity": 28480000.0,
        "purpose": "I",
        "designed_spillway_capacity": 870.74
      }
    },
    {
      "type": "Feature",
      "geometry": {
        "type": "Point",
        "coordinates": [
          74.84,
          22.24
        ]
      },
      "properties": {
        "name": "Talwara",
        "operated_by": "Madhya Pradesh Water Resources Department",
        "year_completed": "1976",
        "river_basin": "Narmada",
        "river": "Local",
        "nearest_city": "Dhar",
        "seismic_zone": "III",
        "dam_type": "Earthfill Embankment",
        "height_m": 21.72,
        "length_m": 447.0,
        "volume_content": 0.0,
        "gross_storage_capacity": 409000.0,
        "reservoir_area": 9840000.0,
        "effective_storage_capacity": 279000.0,
        "purpose": "I",
        "designed_spillway_capacity": 72.0
      }
    },
    {
      "type": "Feature",
      "geometry": {
        "type": "Point",
        "coordinates": [
          74.24,
          22.06
        ]
      },
      "properties": {
        "name": "Kosania",
        "operated_by": "Madhya Pradesh Water Resources Department",
        "year_completed": "1977",
        "river_basin": "Narmada",
        "river": "Local",
        "nearest_city": "Alirajpur",
        "seismic_zone": "III",
        "dam_type": "Earthfill Embankment",
        "height_m": 20.02,
        "length_m": 293.0,
        "volume_content": 0.0,
        "gross_storage_capacity": 1208000.0,
        "reservoir_area": 214000.0,
        "effective_storage_capacity": 1048000.0,
        "purpose": "I",
        "designed_spillway_capacity": 86.66
      }
    },
    {
      "type": "Feature",
      "geometry": {
        "type": "Point",
        "coordinates": [
          78.1,
          22.22
        ]
      },
      "properties": {
        "name": "Badalpur",
        "operated_by": "Madhya Pradesh Water Resources Department",
        "year_completed": "1977",
        "river_basin": "Narmada",
        "river": "Local",
        "nearest_city": "Betul",
        "seismic_zone": "III",
        "dam_type": "Earthfill Embankment",
        "height_m": 16.77,
        "length_m": 644.5,
        "volume_content": 0.0,
        "gross_storage_capacity": 929000.0,
        "reservoir_area": 271100.0,
        "effective_storage_capacity": 852000.0,
        "purpose": "I",
        "designed_spillway_capacity": 42.58
      }
    },
    {
      "type": "Feature",
      "geometry": {
        "type": "Point",
        "coordinates": [
          77.84,
          22.03
        ]
      },
      "properties": {
        "name": "Rawanwari",
        "operated_by": "Madhya Pradesh Water Resources Department",
        "year_completed": "1977",
        "river_basin": "Narmada",
        "river": "Local",
        "nearest_city": "Betul",
        "seismic_zone": "III",
        "dam_type": "Earthfill Embankment",
        "height_m": 10.83,
        "length_m": 728.0,
        "volume_content": 0.0,
        "gross_storage_capacity": 955000.0,
        "reservoir_area": 324000.0,
        "effective_storage_capacity": 884000.0,
        "purpose": "I",
        "designed_spillway_capacity": 20.62
      }
    },
    {
      "type": "Feature",
      "geometry": {
        "type": "Point",
        "coordinates": [
          75.87,
          22.59
        ]
      },
      "properties": {
        "name": "Datoda",
        "operated_by": "Madhya Pradesh Water Resources Department",
        "year_completed": "1977",
        "river_basin": "Narmada",
        "river": "Local",
        "nearest_city": "Mhow",
        "seismic_zone": "II",
        "dam_type": "Earthfill Embankment",
        "height_m": 13.11,
        "length_m": 1110.0,
        "volume_content": 0.0,
        "gross_storage_capacity": 1116000.0,
        "reservoir_area": 608000.0,
        "effective_storage_capacity": 1006000.0,
        "purpose": "I",
        "designed_spillway_capacity": 60.3
      }
    },
    {
      "type": "Feature",
      "geometry": {
        "type": "Point",
        "coordinates": [
          80.61,
          22.11
        ]
      },
      "properties": {
        "name": "Bhimori",
        "operated_by": "Madhya Pradesh Water Resources Department",
        "year_completed": "1977",
        "river_basin": "Narmada",
        "river": "Local",
        "nearest_city": "Baihar",
        "seismic_zone": "II",
        "dam_type": "Earthfill Embankment",
        "height_m": 14.0,
        "length_m": 1158.0,
        "volume_content": 0.0,
        "gross_storage_capacity": 2433000.0,
        "reservoir_area": 677000.0,
        "effective_storage_capacity": 2003000.0,
        "purpose": "I",
        "designed_spillway_capacity": 63.0
      }
    },
    {
      "type": "Feature",
      "geometry": {
        "type": "Point",
        "coordinates": [
          77.87,
          22.05
        ]
      },
      "properties": {
        "name": "Padhar",
        "operated_by": "Madhya Pradesh Water Resources Department",
        "year_completed": "1977",
        "river_basin": "Narmada",
        "river": "Local",
        "nearest_city": "Betul",
        "seismic_zone": "III",
        "dam_type": "Earthfill Embankment",
        "height_m": 15.85,
        "length_m": 655.0,
        "volume_content": 0.0,
        "gross_storage_capacity": 2478000.0,
        "reservoir_area": 721000.0,
        "effective_storage_capacity": 2287000.0,
        "purpose": "I",
        "designed_spillway_capacity": 57.7
      }
    },
    {
      "type": "Feature",
      "geometry": {
        "type": "Point",
        "coordinates": [
          74.71,
          22.16
        ]
      },
      "properties": {
        "name": "Khadkhali",
        "operated_by": "Madhya Pradesh Water Resources Department",
        "year_completed": "1977",
        "river_basin": "Narmada",
        "river": "Local",
        "nearest_city": "Manawar",
        "seismic_zone": "III",
        "dam_type": "Earthfill Embankment",
        "height_m": 10.9,
        "length_m": 615.0,
        "volume_content": 0.0,
        "gross_storage_capacity": 217000.0,
        "reservoir_area": 729000.0,
        "effective_storage_capacity": 205000.0,
        "purpose": "I",
        "designed_spillway_capacity": 50.8
      }
    },
    {
      "type": "Feature",
      "geometry": {
        "type": "Point",
        "coordinates": [
          79.46,
          22.93
        ]
      },
      "properties": {
        "name": "Nadia",
        "operated_by": "Madhya Pradesh Water Resources Department",
        "year_completed": "1977",
        "river_basin": "Narmada",
        "river": "Local",
        "nearest_city": "Narsinghpur",
        "seismic_zone": "III",
        "dam_type": "Earthfill Embankment",
        "height_m": 15.07,
        "length_m": 119.0,
        "volume_content": 131000.0,
        "gross_storage_capacity": 2385000.0,
        "reservoir_area": 910000.0,
        "effective_storage_capacity": 2182000.0,
        "purpose": "I/F",
        "designed_spillway_capacity": 27.75
      }
    },
    {
      "type": "Feature",
      "geometry": {
        "type": "Point",
        "coordinates": [
          77.85,
          21.9
        ]
      },
      "properties": {
        "name": "Koshmi",
        "operated_by": "Madhya Pradesh Water Resources Department",
        "year_completed": "1977",
        "river_basin": "Narmada",
        "river": "Local",
        "nearest_city": "Betul",
        "seismic_zone": "III",
        "dam_type": "Earthfill Embankment",
        "height_m": 13.89,
        "length_m": 690.0,
        "volume_content": 0.0,
        "gross_storage_capacity": 3227000.0,
        "reservoir_area": 1017000.0,
        "effective_storage_capacity": 3005000.0,
        "purpose": "I",
        "designed_spillway_capacity": 32.0
      }
    },
    {
      "type": "Feature",
      "geometry": {
        "type": "Point",
        "coordinates": [
          77.81,
          22.9
        ]
      },
      "properties": {
        "name": "Jhagariya",
        "operated_by": "Madhya Pradesh Water Resources Department",
        "year_completed": "1977",
        "river_basin": "Narmada",
        "river": "Local",
        "nearest_city": "Betul",
        "seismic_zone": "III",
        "dam_type": "Earthfill Embankment",
        "height_m": 10.25,
        "length_m": 540.0,
        "volume_content": 0.0,
        "gross_storage_capacity": 703000.0,
        "reservoir_area": 0.0,
        "effective_storage_capacity": 0.0,
        "purpose": "I",
        "designed_spillway_capacity": 40.79
      }
    },
    {
      "type": "Feature",
      "geometry": {
        "type": "Point",
        "coordinates": [
          79.18,
          22.88
        ]
      },
      "properties": {
        "name": "Pipariya Kala",
        "operated_by": "Madhya Pradesh Water Resources Department",
        "year_completed": "1977",
        "river_basin": "Narmada",
        "river": "Local",
        "nearest_city": "Chhindwara",
        "seismic_zone": "II",
        "dam_type": "Earthfill Embankment",
        "height_m": 15.4,
        "length_m": 226.0,
        "volume_content": 0.0,
        "gross_storage_capacity": 434000.0,
        "reservoir_area": 0.0,
        "effective_storage_capacity": 0.0,
        "purpose": "I",
        "designed_spillway_capacity": 25.31
      }
    },
    {
      "type": "Feature",
      "geometry": {
        "type": "Point",
        "coordinates": [
          74.73,
          22.2
        ]
      },
      "properties": {
        "name": "Silkuwa",
        "operated_by": "Madhya Pradesh Water Resources Department",
        "year_completed": "1978",
        "river_basin": "Narmada",
        "river": "Local",
        "nearest_city": "Dhar",
        "seismic_zone": "III",
        "dam_type": "Earthfill Embankment",
        "height_m": 12.3,
        "length_m": 540.0,
        "volume_content": 0.0,
        "gross_storage_capacity": 945220.0,
        "reservoir_area": 28770.0,
        "effective_storage_capacity": 843340.0,
        "purpose": "I",
        "designed_spillway_capacity": 22.0
      }
    },
    {
      "type": "Feature",
      "geometry": {
        "type": "Point",
        "coordinates": [
          77.04,
          22.23
        ]
      },
      "properties": {
        "name": "Pungi",
        "operated_by": "Madhya Pradesh Water Resources Department",
        "year_completed": "1978",
        "river_basin": "Narmada",
        "river": "Local",
        "nearest_city": "Betul",
        "seismic_zone": "III",
        "dam_type": "Earthfill Embankment",
        "height_m": 14.5,
        "length_m": 549.0,
        "volume_content": 0.0,
        "gross_storage_capacity": 365000.0,
        "reservoir_area": 142200.0,
        "effective_storage_capacity": 333000.0,
        "purpose": "I",
        "designed_spillway_capacity": 25.3
      }
    },
    {
      "type": "Feature",
      "geometry": {
        "type": "Point",
        "coordinates": [
          79.48,
          22.94
        ]
      },
      "properties": {
        "name": "Bandha",
        "operated_by": "Madhya Pradesh Water Resources Department",
        "year_completed": "1978",
        "river_basin": "Narmada",
        "river": "Local",
        "nearest_city": "narsinghar",
        "seismic_zone": "III",
        "dam_type": "Earthfill Embankment",
        "height_m": 20.37,
        "length_m": 145.0,
        "volume_content": 28500.0,
        "gross_storage_capacity": 2635000.0,
        "reservoir_area": 147000.0,
        "effective_storage_capacity": 2130000.0,
        "purpose": "I",
        "designed_spillway_capacity": 26.0
      }
    },
    {
      "type": "Feature",
      "geometry": {
        "type": "Point",
        "coordinates": [
          77.9,
          22.09
        ]
      },
      "properties": {
        "name": "Pachama",
        "operated_by": "Madhya Pradesh Water Resources Department",
        "year_completed": "1978",
        "river_basin": "Narmada",
        "river": "Local",
        "nearest_city": "Betul",
        "seismic_zone": "III",
        "dam_type": "Earthfill Embankment",
        "height_m": 12.91,
        "length_m": 750.0,
        "volume_content": 0.0,
        "gross_storage_capacity": 632000.0,
        "reservoir_area": 178000.0,
        "effective_storage_capacity": 586000.0,
        "purpose": "I",
        "designed_spillway_capacity": 30.33
      }
    },
    {
      "type": "Feature",
      "geometry": {
        "type": "Point",
        "coordinates": [
          80.38,
          22.66
        ]
      },
      "properties": {
        "name": "Mawai",
        "operated_by": "Madhya Pradesh Water Resources Department",
        "year_completed": "1978",
        "river_basin": "Narmada",
        "river": "Kindri",
        "nearest_city": "Mandla",
        "seismic_zone": "III",
        "dam_type": "Earthfill Embankment",
        "height_m": 12.86,
        "length_m": 524.0,
        "volume_content": 0.0,
        "gross_storage_capacity": 861000.0,
        "reservoir_area": 210000.0,
        "effective_storage_capacity": 791000.0,
        "purpose": "I",
        "designed_spillway_capacity": 43.0
      }
    },
    {
      "type": "Feature",
      "geometry": {
        "type": "Point",
        "coordinates": [
          77.99,
          22.22
        ]
      },
      "properties": {
        "name": "Golai",
        "operated_by": "Madhya Pradesh Water Resources Department",
        "year_completed": "1978",
        "river_basin": "Narmada",
        "river": "Local",
        "nearest_city": "Golai",
        "seismic_zone": "III",
        "dam_type": "Earthfill Embankment",
        "height_m": 18.3,
        "length_m": 944.8,
        "volume_content": 0.0,
        "gross_storage_capacity": 1169000.0,
        "reservoir_area": 526300.0,
        "effective_storage_capacity": 1095000.0,
        "purpose": "I",
        "designed_spillway_capacity": 45.42
      }
    },
    {
      "type": "Feature",
      "geometry": {
        "type": "Point",
        "coordinates": [
          77.84,
          21.91
        ]
      },
      "properties": {
        "name": "Urdan",
        "operated_by": "Madhya Pradesh Water Resources Department",
        "year_completed": "1978",
        "river_basin": "Narmada",
        "river": "Local",
        "nearest_city": "Betul",
        "seismic_zone": "II",
        "dam_type": "Earthfill Embankment",
        "height_m": 15.0,
        "length_m": 630.0,
        "volume_content": 0.0,
        "gross_storage_capacity": 2084000.0,
        "reservoir_area": 574000.0,
        "effective_storage_capacity": 1950000.0,
        "purpose": "I",
        "designed_spillway_capacity": 79.72
      }
    },
    {
      "type": "Feature",
      "geometry": {
        "type": "Point",
        "coordinates": [
          76.05,
          22.43
        ]
      },
      "properties": {
        "name": "Kalaphata",
        "operated_by": "Madhya Pradesh Water Resources Department",
        "year_completed": "1978",
        "river_basin": "Narmada",
        "river": "dabri",
        "nearest_city": "Barwaha",
        "seismic_zone": "III",
        "dam_type": "Earthfill Embankment",
        "height_m": 16.46,
        "length_m": 270.0,
        "volume_content": 0.0,
        "gross_storage_capacity": 2865000.0,
        "reservoir_area": 689000.0,
        "effective_storage_capacity": 2570000.0,
        "purpose": "I",
        "designed_spillway_capacity": 253.0
      }
    },
    {
      "type": "Feature",
      "geometry": {
        "type": "Point",
        "coordinates": [
          78.62,
          22.63
        ]
      },
      "properties": {
        "name": "Deokhoh",
        "operated_by": "Madhya Pradesh Water Resources Department",
        "year_completed": "1978",
        "river_basin": "Narmada",
        "river": "Local",
        "nearest_city": "Tamia",
        "seismic_zone": "III",
        "dam_type": "Earthfill Embankment",
        "height_m": 22.08,
        "length_m": 186.0,
        "volume_content": 47110.0,
        "gross_storage_capacity": 4080000.0,
        "reservoir_area": 833000.0,
        "effective_storage_capacity": 3768000.0,
        "purpose": "I",
        "designed_spillway_capacity": 108.0
      }
    },
    {
      "type": "Feature",
      "geometry": {
        "type": "Point",
        "coordinates": [
          79.92,
          22.66
        ]
      },
      "properties": {
        "name": "Mohgaon",
        "operated_by": "Madhya Pradesh Water Resources Department",
        "year_completed": "1978",
        "river_basin": "Narmada",
        "river": "Local",
        "nearest_city": "Ghansora",
        "seismic_zone": "II",
        "dam_type": "Earthfill Embankment",
        "height_m": 22.36,
        "length_m": 300.0,
        "volume_content": 124900.0,
        "gross_storage_capacity": 2748000.0,
        "reservoir_area": 0.0,
        "effective_storage_capacity": 2523000.0,
        "purpose": "I/H/F",
        "designed_spillway_capacity": 90.56
      }
    },
    {
      "type": "Feature",
      "geometry": {
        "type": "Point",
        "coordinates": [
          75.06,
          21.91
        ]
      },
      "properties": {
        "name": "Kansel",
        "operated_by": "Madhya Pradesh Water Resources Department",
        "year_completed": "1979",
        "river_basin": "Narmada",
        "river": "Local",
        "nearest_city": "Barwani",
        "seismic_zone": "III",
        "dam_type": "Earthfill Embankment",
        "height_m": 16.91,
        "length_m": 320.0,
        "volume_content": 0.0,
        "gross_storage_capacity": 1335000.0,
        "reservoir_area": 490000.0,
        "effective_storage_capacity": 1216000.0,
        "purpose": "I/S",
        "designed_spillway_capacity": 116.56
      }
    },
    {
      "type": "Feature",
      "geometry": {
        "type": "Point",
        "coordinates": [
          74.77,
          22.53
        ]
      },
      "properties": {
        "name": "Piprani No. 2 T",
        "operated_by": "Madhya Pradesh Water Resources Department",
        "year_completed": "1979",
        "river_basin": "Narmada",
        "river": "Local",
        "nearest_city": "Dhar",
        "seismic_zone": "III",
        "dam_type": "Earthfill Embankment",
        "height_m": 17.7,
        "length_m": 540.0,
        "volume_content": 0.0,
        "gross_storage_capacity": 280000.0,
        "reservoir_area": 113000.0,
        "effective_storage_capacity": 240000.0,
        "purpose": "I",
        "designed_spillway_capacity": 30.0
      }
    },
    {
      "type": "Feature",
      "geometry": {
        "type": "Point",
        "coordinates": [
          77.91,
          22.13
        ]
      },
      "properties": {
        "name": "Baretha",
        "operated_by": "Madhya Pradesh Water Resources Department",
        "year_completed": "1979",
        "river_basin": "Narmada",
        "river": "Local",
        "nearest_city": "Baretha",
        "seismic_zone": "III",
        "dam_type": "Earthfill Embankment",
        "height_m": 18.06,
        "length_m": 442.0,
        "volume_content": 0.0,
        "gross_storage_capacity": 540000.0,
        "reservoir_area": 122300.0,
        "effective_storage_capacity": 425000.0,
        "purpose": "I",
        "designed_spillway_capacity": 41.12
      }
    },
    {
      "type": "Feature",
      "geometry": {
        "type": "Point",
        "coordinates": [
          80.99,
          22.78
        ]
      },
      "properties": {
        "name": "Amarpur",
        "operated_by": "Madhya Pradesh Water Resources Department",
        "year_completed": "1979",
        "river_basin": "Narmada",
        "river": "Local",
        "nearest_city": "Dindori",
        "seismic_zone": "II",
        "dam_type": "Earthfill Embankment",
        "height_m": 18.23,
        "length_m": 499.85,
        "volume_content": 0.0,
        "gross_storage_capacity": 830000.0,
        "reservoir_area": 274000.0,
        "effective_storage_capacity": 0.0,
        "purpose": "I",
        "designed_spillway_capacity": 687.98
      }
    },
    {
      "type": "Feature",
      "geometry": {
        "type": "Point",
        "coordinates": [
          76.9,
          21.88
        ]
      },
      "properties": {
        "name": "Pipaaliya",
        "operated_by": "Madhya Pradesh Water Resources Department",
        "year_completed": "1979",
        "river_basin": "Narmada",
        "river": "Local",
        "nearest_city": "Khandwa",
        "seismic_zone": "III",
        "dam_type": "Earthfill Embankment",
        "height_m": 12.05,
        "length_m": 517.0,
        "volume_content": 0.0,
        "gross_storage_capacity": 717000.0,
        "reservoir_area": 280000.0,
        "effective_storage_capacity": 634000.0,
        "purpose": "I",
        "designed_spillway_capacity": 45.49
      }
    },
    {
      "type": "Feature",
      "geometry": {
        "type": "Point",
        "coordinates": [
          75.06,
          22.02
        ]
      },
      "properties": {
        "name": "Julwania",
        "operated_by": "Madhya Pradesh Water Resources Department",
        "year_completed": "1979",
        "river_basin": "Narmada",
        "river": "Local",
        "nearest_city": "Dhar",
        "seismic_zone": "III",
        "dam_type": "Earthfill Embankment",
        "height_m": 11.4,
        "length_m": 850.0,
        "volume_content": 0.0,
        "gross_storage_capacity": 7480000.0,
        "reservoir_area": 290000.0,
        "effective_storage_capacity": 663000.0,
        "purpose": "I",
        "designed_spillway_capacity": 64.0
      }
    },
    {
      "type": "Feature",
      "geometry": {
        "type": "Point",
        "coordinates": [
          77.95,
          22.13
        ]
      },
      "properties": {
        "name": "Buddi",
        "operated_by": "Madhya Pradesh Water Resources Department",
        "year_completed": "1979",
        "river_basin": "Narmada",
        "river": "Buddinala",
        "nearest_city": "Betul",
        "seismic_zone": "III",
        "dam_type": "Earthfill Embankment",
        "height_m": 10.05,
        "length_m": 649.39,
        "volume_content": 1358000.0,
        "gross_storage_capacity": 1358000.0,
        "reservoir_area": 319000.0,
        "effective_storage_capacity": 955000.0,
        "purpose": "I",
        "designed_spillway_capacity": 51.08
      }
    },
    {
      "type": "Feature",
      "geometry": {
        "type": "Point",
        "coordinates": [
          79.97,
          23.66
        ]
      },
      "properties": {
        "name": "Rampatan",
        "operated_by": "Madhya Pradesh Water Resources Department",
        "year_completed": "1979",
        "river_basin": "Narmada",
        "river": "Patpara",
        "nearest_city": "Sihora",
        "seismic_zone": "II",
        "dam_type": "Earthfill Embankment",
        "height_m": 11.31,
        "length_m": 905.0,
        "volume_content": 0.0,
        "gross_storage_capacity": 1010000.0,
        "reservoir_area": 348000.0,
        "effective_storage_capacity": 864000.0,
        "purpose": "I",
        "designed_spillway_capacity": 71.57
      }
    },
    {
      "type": "Feature",
      "geometry": {
        "type": "Point",
        "coordinates": [
          75.98,
          21.91
        ]
      },
      "properties": {
        "name": "Utekheda",
        "operated_by": "Madhya Pradesh Water Resources Department",
        "year_completed": "1979",
        "river_basin": "Narmada",
        "river": "Local",
        "nearest_city": "Bhikangaon",
        "seismic_zone": "III",
        "dam_type": "Earthfill Embankment",
        "height_m": 12.09,
        "length_m": 664.0,
        "volume_content": 0.0,
        "gross_storage_capacity": 1200000.0,
        "reservoir_area": 363000.0,
        "effective_storage_capacity": 1046000.0,
        "purpose": "I",
        "designed_spillway_capacity": 73.45
      }
    },
    {
      "type": "Feature",
      "geometry": {
        "type": "Point",
        "coordinates": [
          76.91,
          21.94
        ]
      },
      "properties": {
        "name": "Ambakhal",
        "operated_by": "Madhya Pradesh Water Resources Department",
        "year_completed": "1979",
        "river_basin": "Narmada",
        "river": "ruparel nadi",
        "nearest_city": "Harsud",
        "seismic_zone": "III",
        "dam_type": "Earthfill Embankment",
        "height_m": 10.31,
        "length_m": 615.0,
        "volume_content": 0.0,
        "gross_storage_capacity": 876000.0,
        "reservoir_area": 368000.0,
        "effective_storage_capacity": 728000.0,
        "purpose": "I",
        "designed_spillway_capacity": 49.0
      }
    },
    {
      "type": "Feature",
      "geometry": {
        "type": "Point",
        "coordinates": [
          78.09,
          22.06
        ]
      },
      "properties": {
        "name": "Mathni",
        "operated_by": "Madhya Pradesh Water Resources Department",
        "year_completed": "1979",
        "river_basin": "Narmada",
        "river": "Local",
        "nearest_city": "Betul",
        "seismic_zone": "III",
        "dam_type": "Earthfill Embankment",
        "height_m": 11.97,
        "length_m": 624.84,
        "volume_content": 0.0,
        "gross_storage_capacity": 992000.0,
        "reservoir_area": 409700.0,
        "effective_storage_capacity": 913000.0,
        "purpose": "I",
        "designed_spillway_capacity": 45.0
      }
    },
    {
      "type": "Feature",
      "geometry": {
        "type": "Point",
        "coordinates": [
          75.48,
          22.43
        ]
      },
      "properties": {
        "name": "Awalia",
        "operated_by": "Madhya Pradesh Water Resources Department",
        "year_completed": "1979",
        "river_basin": "Narmada",
        "river": "Local",
        "nearest_city": "Dhar",
        "seismic_zone": "III",
        "dam_type": "Earthfill Embankment",
        "height_m": 18.56,
        "length_m": 240.0,
        "volume_content": 0.0,
        "gross_storage_capacity": 562320.0,
        "reservoir_area": 481000.0,
        "effective_storage_capacity": 491170.0,
        "purpose": "I",
        "designed_spillway_capacity": 1764.0
      }
    },
    {
      "type": "Feature",
      "geometry": {
        "type": "Point",
        "coordinates": [
          80.47,
          22.72
        ]
      },
      "properties": {
        "name": "Jalpani",
        "operated_by": "Madhya Pradesh Water Resources Department",
        "year_completed": "1979",
        "river_basin": "Narmada",
        "river": "Local",
        "nearest_city": "Mandla",
        "seismic_zone": "II",
        "dam_type": "Earthfill Embankment",
        "height_m": 14.94,
        "length_m": 780.0,
        "volume_content": 0.0,
        "gross_storage_capacity": 782000.0,
        "reservoir_area": 526230.0,
        "effective_storage_capacity": 656000.0,
        "purpose": "I",
        "designed_spillway_capacity": 53.15
      }
    },
    {
      "type": "Feature",
      "geometry": {
        "type": "Point",
        "coordinates": [
          78.01,
          22.08
        ]
      },
      "properties": {
        "name": "Shobhapur",
        "operated_by": "Madhya Pradesh Water Resources Department",
        "year_completed": "1979",
        "river_basin": "Narmada",
        "river": "Local",
        "nearest_city": "Betul",
        "seismic_zone": "III",
        "dam_type": "Earthfill Embankment",
        "height_m": 10.36,
        "length_m": 1079.0,
        "volume_content": 0.0,
        "gross_storage_capacity": 1382000.0,
        "reservoir_area": 535000.0,
        "effective_storage_capacity": 1278000.0,
        "purpose": "I",
        "designed_spillway_capacity": 46.27
      }
    },
    {
      "type": "Feature",
      "geometry": {
        "type": "Point",
        "coordinates": [
          77.84,
          21.91
        ]
      },
      "properties": {
        "name": "Jharegaon",
        "operated_by": "Madhya Pradesh Water Resources Department",
        "year_completed": "1979",
        "river_basin": "Narmada",
        "river": "Local",
        "nearest_city": "Betul",
        "seismic_zone": "III",
        "dam_type": "Earthfill Embankment",
        "height_m": 10.66,
        "length_m": 625.0,
        "volume_content": 0.0,
        "gross_storage_capacity": 1332000.0,
        "reservoir_area": 543000.0,
        "effective_storage_capacity": 1202000.0,
        "purpose": "I",
        "designed_spillway_capacity": 51.26
      }
    },
    {
      "type": "Feature",
      "geometry": {
        "type": "Point",
        "coordinates": [
          80.42,
          22.63
        ]
      },
      "properties": {
        "name": "Jantipur",
        "operated_by": "Madhya Pradesh Water Resources Department",
        "year_completed": "1979",
        "river_basin": "Narmada",
        "river": "Local",
        "nearest_city": "Mandla",
        "seismic_zone": "II",
        "dam_type": "Earthfill Embankment",
        "height_m": 18.45,
        "length_m": 876.0,
        "volume_content": 0.0,
        "gross_storage_capacity": 1570000.0,
        "reservoir_area": 566800.0,
        "effective_storage_capacity": 1390000.0,
        "purpose": "I",
        "designed_spillway_capacity": 36.4
      }
    },
    {
      "type": "Feature",
      "geometry": {
        "type": "Point",
        "coordinates": [
          75.59,
          22.22
        ]
      },
      "properties": {
        "name": "Gawala",
        "operated_by": "Madhya Pradesh Water Resources Department",
        "year_completed": "1979",
        "river_basin": "Narmada",
        "river": "karondiya nadi",
        "nearest_city": "Maheshwar",
        "seismic_zone": "III",
        "dam_type": "Earthfill Embankment",
        "height_m": 11.68,
        "length_m": 168.0,
        "volume_content": 0.0,
        "gross_storage_capacity": 1975000.0,
        "reservoir_area": 632000.0,
        "effective_storage_capacity": 1690000.0,
        "purpose": "I",
        "designed_spillway_capacity": 157.0
      }
    },
    {
      "type": "Feature",
      "geometry": {
        "type": "Point",
        "coordinates": [
          75.26,
          22.57
        ]
      },
      "properties": {
        "name": "Molipura",
        "operated_by": "Madhya Pradesh Water Resources Department",
        "year_completed": "1979",
        "river_basin": "Narmada",
        "river": "Local",
        "nearest_city": "Dhar",
        "seismic_zone": "II",
        "dam_type": "Earthfill Embankment",
        "height_m": 12.8,
        "length_m": 690.0,
        "volume_content": 0.0,
        "gross_storage_capacity": 384300.0,
        "reservoir_area": 0.0,
        "effective_storage_capacity": 301000.0,
        "purpose": "I",
        "designed_spillway_capacity": 32.87
      }
    },
    {
      "type": "Feature",
      "geometry": {
        "type": "Point",
        "coordinates": [
          75.06,
          21.65
        ]
      },
      "properties": {
        "name": "Phugawadi",
        "operated_by": "Madhya Pradesh Water Resources Department",
        "year_completed": "1980",
        "river_basin": "Narmada",
        "river": "Local",
        "nearest_city": "Dhar",
        "seismic_zone": "II",
        "dam_type": "Earthfill Embankment",
        "height_m": 13.11,
        "length_m": 1275.0,
        "volume_content": 0.0,
        "gross_storage_capacity": 3198000.0,
        "reservoir_area": 112000.0,
        "effective_storage_capacity": 2838000.0,
        "purpose": "I",
        "designed_spillway_capacity": 125.0
      }
    },
    {
      "type": "Feature",
      "geometry": {
        "type": "Point",
        "coordinates": [
          76.67,
          22.7
        ]
      },
      "properties": {
        "name": "Kiloda T. Project",
        "operated_by": "Madhya Pradesh Water Resources Department",
        "year_completed": "1980",
        "river_basin": "Narmada",
        "river": "Local",
        "nearest_city": "Dewas",
        "seismic_zone": "III",
        "dam_type": "Earthfill Embankment",
        "height_m": 12.13,
        "length_m": 530.0,
        "volume_content": 0.0,
        "gross_storage_capacity": 670000.0,
        "reservoir_area": 159000.0,
        "effective_storage_capacity": 0.0,
        "purpose": "I",
        "designed_spillway_capacity": 45.02
      }
    },
    {
      "type": "Feature",
      "geometry": {
        "type": "Point",
        "coordinates": [
          75.66,
          22.07
        ]
      },
      "properties": {
        "name": "Upper Balwada",
        "operated_by": "Madhya Pradesh Water Resources Department",
        "year_completed": "1980",
        "river_basin": "Narmada",
        "river": "Local",
        "nearest_city": "Barwaha",
        "seismic_zone": "III",
        "dam_type": "Earthfill Embankment",
        "height_m": 17.0,
        "length_m": 600.0,
        "volume_content": 0.0,
        "gross_storage_capacity": 1880000.0,
        "reservoir_area": 268000.0,
        "effective_storage_capacity": 1620000.0,
        "purpose": "I",
        "designed_spillway_capacity": 93.0
      }
    },
    {
      "type": "Feature",
      "geometry": {
        "type": "Point",
        "coordinates": [
          80.05,
          23.63
        ]
      },
      "properties": {
        "name": "Kutdhar",
        "operated_by": "Madhya Pradesh Water Resources Department",
        "year_completed": "1980",
        "river_basin": "Narmada",
        "river": "Local",
        "nearest_city": "Sihora",
        "seismic_zone": "III",
        "dam_type": "Earthfill Embankment",
        "height_m": 17.0,
        "length_m": 288.0,
        "volume_content": 0.0,
        "gross_storage_capacity": 1289000.0,
        "reservoir_area": 289000.0,
        "effective_storage_capacity": 1210000.0,
        "purpose": "I",
        "designed_spillway_capacity": 49.0
      }
    },
    {
      "type": "Feature",
      "geometry": {
        "type": "Point",
        "coordinates": [
          80.19,
          23.08
        ]
      },
      "properties": {
        "name": "Kohpani",
        "operated_by": "Madhya Pradesh Water Resources Department",
        "year_completed": "1980",
        "river_basin": "Narmada",
        "river": "Local",
        "nearest_city": "Mandla",
        "seismic_zone": "III",
        "dam_type": "Earthfill Embankment",
        "height_m": 15.33,
        "length_m": 667.0,
        "volume_content": 84650.0,
        "gross_storage_capacity": 980000.0,
        "reservoir_area": 300000.0,
        "effective_storage_capacity": 867000.0,
        "purpose": "I",
        "designed_spillway_capacity": 55.55
      }
    },
    {
      "type": "Feature",
      "geometry": {
        "type": "Point",
        "coordinates": [
          80.69,
          22.93
        ]
      },
      "properties": {
        "name": "Fatepur",
        "operated_by": "Madhya Pradesh Water Resources Department",
        "year_completed": "1980",
        "river_basin": "Narmada",
        "river": "kukra",
        "nearest_city": "Niwas",
        "seismic_zone": "II",
        "dam_type": "Earthfill Embankment",
        "height_m": 12.74,
        "length_m": 381.0,
        "volume_content": 0.0,
        "gross_storage_capacity": 1224000.0,
        "reservoir_area": 327900.0,
        "effective_storage_capacity": 1196000.0,
        "purpose": "I",
        "designed_spillway_capacity": 90.14
      }
    },
    {
      "type": "Feature",
      "geometry": {
        "type": "Point",
        "coordinates": [
          74.74,
          22.5
        ]
      },
      "properties": {
        "name": "Kohru",
        "operated_by": "Madhya Pradesh Water Resources Department",
        "year_completed": "1980",
        "river_basin": "Narmada",
        "river": "Local",
        "nearest_city": "Dhar",
        "seismic_zone": "III",
        "dam_type": "Earthfill Embankment",
        "height_m": 21.2,
        "length_m": 170.0,
        "volume_content": 0.0,
        "gross_storage_capacity": 1282000.0,
        "reservoir_area": 364000.0,
        "effective_storage_capacity": 1074560.0,
        "purpose": "I",
        "designed_spillway_capacity": 101.0
      }
    },
    {
      "type": "Feature",
      "geometry": {
        "type": "Point",
        "coordinates": [
          75.57,
          22.05
        ]
      },
      "properties": {
        "name": "Bardevla",
        "operated_by": "Madhya Pradesh Water Resources Department",
        "year_completed": "1980",
        "river_basin": "Narmada",
        "river": "Local",
        "nearest_city": "Kasrawad",
        "seismic_zone": "III",
        "dam_type": "Earthfill Embankment",
        "height_m": 11.48,
        "length_m": 480.0,
        "volume_content": 0.0,
        "gross_storage_capacity": 1440000.0,
        "reservoir_area": 380000.0,
        "effective_storage_capacity": 1011000.0,
        "purpose": "I",
        "designed_spillway_capacity": 54.0
      }
    },
    {
      "type": "Feature",
      "geometry": {
        "type": "Point",
        "coordinates": [
          79.19,
          22.55
        ]
      },
      "properties": {
        "name": "Rajdhana",
        "operated_by": "Madhya Pradesh Water Resources Department",
        "year_completed": "1980",
        "river_basin": "Narmada",
        "river": "Local",
        "nearest_city": "Amarwara",
        "seismic_zone": "III",
        "dam_type": "Earthfill Embankment",
        "height_m": 17.5,
        "length_m": 1080.0,
        "volume_content": 146380.0,
        "gross_storage_capacity": 1267000.0,
        "reservoir_area": 405200.0,
        "effective_storage_capacity": 1192000.0,
        "purpose": "I",
        "designed_spillway_capacity": 67.57
      }
    },
    {
      "type": "Feature",
      "geometry": {
        "type": "Point",
        "coordinates": [
          75.75,
          22.46
        ]
      },
      "properties": {
        "name": "Nakheri",
        "operated_by": "Madhya Pradesh Water Resources Department",
        "year_completed": "1980",
        "river_basin": "Narmada",
        "river": "nakheri",
        "nearest_city": "Mhow",
        "seismic_zone": "II",
        "dam_type": "Earthfill Embankment",
        "height_m": 24.54,
        "length_m": 480.0,
        "volume_content": 0.0,
        "gross_storage_capacity": 3260000.0,
        "reservoir_area": 425100.0,
        "effective_storage_capacity": 2231000.0,
        "purpose": "I",
        "designed_spillway_capacity": 185.0
      }
    },
    {
      "type": "Feature",
      "geometry": {
        "type": "Point",
        "coordinates": [
          77.7,
          22.38
        ]
      },
      "properties": {
        "name": "Saradeh",
        "operated_by": "Madhya Pradesh Water Resources Department",
        "year_completed": "1980",
        "river_basin": "Narmada",
        "river": "Local",
        "nearest_city": "Itarsi",
        "seismic_zone": "III",
        "dam_type": "Earthfill Embankment",
        "height_m": 14.9,
        "length_m": 518.0,
        "volume_content": 0.0,
        "gross_storage_capacity": 1540000.0,
        "reservoir_area": 450000.0,
        "effective_storage_capacity": 1428000.0,
        "purpose": "I",
        "designed_spillway_capacity": 51.0
      }
    },
    {
      "type": "Feature",
      "geometry": {
        "type": "Point",
        "coordinates": [
          78.04,
          21.93
        ]
      },
      "properties": {
        "name": "Lakhapur",
        "operated_by": "Madhya Pradesh Water Resources Department",
        "year_completed": "1980",
        "river_basin": "Narmada",
        "river": "Local",
        "nearest_city": "Betul",
        "seismic_zone": "III",
        "dam_type": "Earthfill Embankment",
        "height_m": 23.77,
        "length_m": 148.0,
        "volume_content": 0.0,
        "gross_storage_capacity": 1959000.0,
        "reservoir_area": 484000.0,
        "effective_storage_capacity": 1803000.0,
        "purpose": "I",
        "designed_spillway_capacity": 78.76
      }
    },
    {
      "type": "Feature",
      "geometry": {
        "type": "Point",
        "coordinates": [
          75.15,
          22.29
        ]
      },
      "properties": {
        "name": "Udiyapura",
        "operated_by": "Madhya Pradesh Water Resources Department",
        "year_completed": "1980",
        "river_basin": "Narmada",
        "river": "Local",
        "nearest_city": "Manawar",
        "seismic_zone": "III",
        "dam_type": "Earthfill Embankment",
        "height_m": 11.0,
        "length_m": 530.0,
        "volume_content": 0.0,
        "gross_storage_capacity": 1827000.0,
        "reservoir_area": 578000.0,
        "effective_storage_capacity": 1497000.0,
        "purpose": "I",
        "designed_spillway_capacity": 130.0
      }
    },
    {
      "type": "Feature",
      "geometry": {
        "type": "Point",
        "coordinates": [
          77.81,
          22.9
        ]
      },
      "properties": {
        "name": "Kusmeli",
        "operated_by": "Madhya Pradesh Water Resources Department",
        "year_completed": "1980",
        "river_basin": "Narmada",
        "river": "kusumaili nala",
        "nearest_city": "Budhni",
        "seismic_zone": "III",
        "dam_type": "Earthfill Embankment",
        "height_m": 38.7,
        "length_m": 975.0,
        "volume_content": 0.0,
        "gross_storage_capacity": 2300000.0,
        "reservoir_area": 668000.0,
        "effective_storage_capacity": 2153000.0,
        "purpose": "I",
        "designed_spillway_capacity": 35.0
      }
    },
    {
      "type": "Feature",
      "geometry": {
        "type": "Point",
        "coordinates": [
          77.72,
          22.36
        ]
      },
      "properties": {
        "name": "Chichwari",
        "operated_by": "Madhya Pradesh Water Resources Department",
        "year_completed": "1980",
        "river_basin": "Narmada",
        "river": "Local",
        "nearest_city": "Itarsi",
        "seismic_zone": "III",
        "dam_type": "Earthfill Embankment",
        "height_m": 14.63,
        "length_m": 732.0,
        "volume_content": 0.0,
        "gross_storage_capacity": 2400000.0,
        "reservoir_area": 696000.0,
        "effective_storage_capacity": 2250000.0,
        "purpose": "I",
        "designed_spillway_capacity": 36.0
      }
    },
    {
      "type": "Feature",
      "geometry": {
        "type": "Point",
        "coordinates": [
          75.81,
          22.1
        ]
      },
      "properties": {
        "name": "Jhirbhar",
        "operated_by": "Madhya Pradesh Water Resources Department",
        "year_completed": "1980",
        "river_basin": "Narmada",
        "river": "Vamsali Nadi",
        "nearest_city": "Barwaha",
        "seismic_zone": "III",
        "dam_type": "Earthfill Embankment",
        "height_m": 0.0,
        "length_m": 0.0,
        "volume_content": 0.0,
        "gross_storage_capacity": 5658000.0,
        "reservoir_area": 1090000.0,
        "effective_storage_capacity": 4743000.0,
        "purpose": "I",
        "designed_spillway_capacity": 259.0
      }
    },
    {
      "type": "Feature",
      "geometry": {
        "type": "Point",
        "coordinates": [
          77.07,
          23.05
        ]
      },
      "properties": {
        "name": "Dhablamata",
        "operated_by": "Madhya Pradesh Water Resources Department",
        "year_completed": "1980",
        "river_basin": "Narmada",
        "river": "Local",
        "nearest_city": "Sehore",
        "seismic_zone": "II",
        "dam_type": "Earthfill Embankment",
        "height_m": 10.67,
        "length_m": 1706.88,
        "volume_content": 0.0,
        "gross_storage_capacity": 2755000.0,
        "reservoir_area": 1370000.0,
        "effective_storage_capacity": 2549000.0,
        "purpose": "I",
        "designed_spillway_capacity": 90.33
      }
    },
    {
      "type": "Feature",
      "geometry": {
        "type": "Point",
        "coordinates": [
          80.54,
          22.08
        ]
      },
      "properties": {
        "name": "Banna",
        "operated_by": "Madhya Pradesh Water Resources Department",
        "year_completed": "1980",
        "river_basin": "Narmada",
        "river": "Local",
        "nearest_city": "Baihar",
        "seismic_zone": "II",
        "dam_type": "Earthfill Embankment",
        "height_m": 15.23,
        "length_m": 732.0,
        "volume_content": 0.0,
        "gross_storage_capacity": 1740000.0,
        "reservoir_area": 0.0,
        "effective_storage_capacity": 1686000.0,
        "purpose": "I",
        "designed_spillway_capacity": 76.41
      }
    },
    {
      "type": "Feature",
      "geometry": {
        "type": "Point",
        "coordinates": [
          81.34,
          22.89
        ]
      },
      "properties": {
        "name": "Dhupsara",
        "operated_by": "Madhya Pradesh Water Resources Department",
        "year_completed": "1981",
        "river_basin": "Narmada",
        "river": "Local",
        "nearest_city": "Pushprajgarh",
        "seismic_zone": "II",
        "dam_type": "Earthfill Embankment",
        "height_m": 15.69,
        "length_m": 645.0,
        "volume_content": 419000.0,
        "gross_storage_capacity": 330000.0,
        "reservoir_area": 132000.0,
        "effective_storage_capacity": 275000.0,
        "purpose": "I",
        "designed_spillway_capacity": 34.84
      }
    },
    {
      "type": "Feature",
      "geometry": {
        "type": "Point",
        "coordinates": [
          81.08,
          22.84
        ]
      },
      "properties": {
        "name": "Mohada",
        "operated_by": "Madhya Pradesh Water Resources Department",
        "year_completed": "1981",
        "river_basin": "Narmada",
        "river": "Local",
        "nearest_city": "Dindori",
        "seismic_zone": "II",
        "dam_type": "Earthfill Embankment",
        "height_m": 21.95,
        "length_m": 720.0,
        "volume_content": 0.0,
        "gross_storage_capacity": 710000.0,
        "reservoir_area": 200000.0,
        "effective_storage_capacity": 584000.0,
        "purpose": "I",
        "designed_spillway_capacity": 57.93
      }
    },
    {
      "type": "Feature",
      "geometry": {
        "type": "Point",
        "coordinates": [
          75.32,
          22.26
        ]
      },
      "properties": {
        "name": "Sakalda",
        "operated_by": "Madhya Pradesh Water Resources Department",
        "year_completed": "1981",
        "river_basin": "Narmada",
        "river": "Chir and kunj Nalla",
        "nearest_city": "Manawar",
        "seismic_zone": "III",
        "dam_type": "Earthfill Embankment",
        "height_m": 20.85,
        "length_m": 531.0,
        "volume_content": 0.0,
        "gross_storage_capacity": 15660000.0,
        "reservoir_area": 256000.0,
        "effective_storage_capacity": 12680000.0,
        "purpose": "I",
        "designed_spillway_capacity": 500.0
      }
    },
    {
      "type": "Feature",
      "geometry": {
        "type": "Point",
        "coordinates": [
          76.56,
          21.58
        ]
      },
      "properties": {
        "name": "Karpur",
        "operated_by": "Madhya Pradesh Water Resources Department",
        "year_completed": "1981",
        "river_basin": "Narmada",
        "river": "Local",
        "nearest_city": "Khandwa",
        "seismic_zone": "III",
        "dam_type": "Earthfill Embankment",
        "height_m": 10.41,
        "length_m": 600.0,
        "volume_content": 0.0,
        "gross_storage_capacity": 640000.0,
        "reservoir_area": 273000.0,
        "effective_storage_capacity": 600000.0,
        "purpose": "I",
        "designed_spillway_capacity": 53.21
      }
    },
    {
      "type": "Feature",
      "geometry": {
        "type": "Point",
        "coordinates": [
          74.09,
          22.34
        ]
      },
      "properties": {
        "name": "Phaliamao",
        "operated_by": "Madhya Pradesh Water Resources Department",
        "year_completed": "1981",
        "river_basin": "Narmada",
        "river": "Local",
        "nearest_city": "Alirajpur",
        "seismic_zone": "III",
        "dam_type": "Earthfill Embankment",
        "height_m": 13.61,
        "length_m": 337.0,
        "volume_content": 0.0,
        "gross_storage_capacity": 1059000.0,
        "reservoir_area": 293000.0,
        "effective_storage_capacity": 1044000.0,
        "purpose": "I",
        "designed_spillway_capacity": 63.0
      }
    },
    {
      "type": "Feature",
      "geometry": {
        "type": "Point",
        "coordinates": [
          74.8,
          22.38
        ]
      },
      "properties": {
        "name": "Agar",
        "operated_by": "Madhya Pradesh Water Resources Department",
        "year_completed": "1981",
        "river_basin": "Narmada",
        "river": "Local",
        "nearest_city": "Kukshi",
        "seismic_zone": "III",
        "dam_type": "Earthfill Embankment",
        "height_m": 16.79,
        "length_m": 210.0,
        "volume_content": 0.0,
        "gross_storage_capacity": 1576000.0,
        "reservoir_area": 321000.0,
        "effective_storage_capacity": 1373650.0,
        "purpose": "I",
        "designed_spillway_capacity": 97.0
      }
    },
    {
      "type": "Feature",
      "geometry": {
        "type": "Point",
        "coordinates": [
          76.79,
          21.88
        ]
      },
      "properties": {
        "name": "Dagarkot",
        "operated_by": "Madhya Pradesh Water Resources Department",
        "year_completed": "1981",
        "river_basin": "Narmada",
        "river": "Local",
        "nearest_city": "Harsud",
        "seismic_zone": "III",
        "dam_type": "Earthfill Embankment",
        "height_m": 12.19,
        "length_m": 840.0,
        "volume_content": 0.0,
        "gross_storage_capacity": 1227000.0,
        "reservoir_area": 430000.0,
        "effective_storage_capacity": 1104000.0,
        "purpose": "I",
        "designed_spillway_capacity": 63.49
      }
    },
    {
      "type": "Feature",
      "geometry": {
        "type": "Point",
        "coordinates": [
          77.72,
          21.97
        ]
      },
      "properties": {
        "name": "Jogli",
        "operated_by": "Madhya Pradesh Water Resources Department",
        "year_completed": "1981",
        "river_basin": "Narmada",
        "river": "Local",
        "nearest_city": "Betul",
        "seismic_zone": "III",
        "dam_type": "Earthfill Embankment",
        "height_m": 11.96,
        "length_m": 613.0,
        "volume_content": 0.0,
        "gross_storage_capacity": 1343000.0,
        "reservoir_area": 430000.0,
        "effective_storage_capacity": 1207000.0,
        "purpose": "I",
        "designed_spillway_capacity": 57.35
      }
    },
    {
      "type": "Feature",
      "geometry": {
        "type": "Point",
        "coordinates": [
          77.92,
          22.15
        ]
      },
      "properties": {
        "name": "Salimati",
        "operated_by": "Madhya Pradesh Water Resources Department",
        "year_completed": "1981",
        "river_basin": "Narmada",
        "river": "Local",
        "nearest_city": "Shahpur",
        "seismic_zone": "III",
        "dam_type": "Earthfill Embankment",
        "height_m": 12.19,
        "length_m": 780.0,
        "volume_content": 0.0,
        "gross_storage_capacity": 1340000.0,
        "reservoir_area": 432000.0,
        "effective_storage_capacity": 1242000.0,
        "purpose": "I",
        "designed_spillway_capacity": 48.3
      }
    },
    {
      "type": "Feature",
      "geometry": {
        "type": "Point",
        "coordinates": [
          76.19,
          22.15
        ]
      },
      "properties": {
        "name": "Barotha Tank",
        "operated_by": "Madhya Pradesh Water Resources Department",
        "year_completed": "1981",
        "river_basin": "Narmada",
        "river": "Local",
        "nearest_city": "Dewas",
        "seismic_zone": "II",
        "dam_type": "Earthfill Embankment",
        "height_m": 10.09,
        "length_m": 1830.0,
        "volume_content": 0.0,
        "gross_storage_capacity": 1140000.0,
        "reservoir_area": 446300.0,
        "effective_storage_capacity": 1048000.0,
        "purpose": "I",
        "designed_spillway_capacity": 59.0
      }
    },
    {
      "type": "Feature",
      "geometry": {
        "type": "Point",
        "coordinates": [
          76.86,
          21.87
        ]
      },
      "properties": {
        "name": "Patajan",
        "operated_by": "Madhya Pradesh Water Resources Department",
        "year_completed": "1981",
        "river_basin": "Narmada",
        "river": "Local",
        "nearest_city": "Harsud",
        "seismic_zone": "III",
        "dam_type": "Earthfill Embankment",
        "height_m": 12.93,
        "length_m": 451.0,
        "volume_content": 0.0,
        "gross_storage_capacity": 1279000.0,
        "reservoir_area": 450000.0,
        "effective_storage_capacity": 1139000.0,
        "purpose": "I",
        "designed_spillway_capacity": 72.09
      }
    },
    {
      "type": "Feature",
      "geometry": {
        "type": "Point",
        "coordinates": [
          75.36,
          22.28
        ]
      },
      "properties": {
        "name": "Gangajali",
        "operated_by": "Madhya Pradesh Water Resources Department",
        "year_completed": "1981",
        "river_basin": "Narmada",
        "river": "Local",
        "nearest_city": "Manawar",
        "seismic_zone": "III",
        "dam_type": "Earthfill Embankment",
        "height_m": 13.78,
        "length_m": 250.0,
        "volume_content": 0.0,
        "gross_storage_capacity": 2115000.0,
        "reservoir_area": 593000.0,
        "effective_storage_capacity": 1882000.0,
        "purpose": "I",
        "designed_spillway_capacity": 93.33
      }
    },
    {
      "type": "Feature",
      "geometry": {
        "type": "Point",
        "coordinates": [
          75.25,
          22.28
        ]
      },
      "properties": {
        "name": "Petlawad",
        "operated_by": "Madhya Pradesh Water Resources Department",
        "year_completed": "1981",
        "river_basin": "Narmada",
        "river": "Local",
        "nearest_city": "Dhar",
        "seismic_zone": "III",
        "dam_type": "Earthfill Embankment",
        "height_m": 13.0,
        "length_m": 1075.0,
        "volume_content": 0.0,
        "gross_storage_capacity": 2543890.0,
        "reservoir_area": 801000.0,
        "effective_storage_capacity": 2263000.0,
        "purpose": "I",
        "designed_spillway_capacity": 228.0
      }
    },
    {
      "type": "Feature",
      "geometry": {
        "type": "Point",
        "coordinates": [
          76.28,
          22.54
        ]
      },
      "properties": {
        "name": "Pankua 1",
        "operated_by": "Madhya Pradesh Water Resources Department",
        "year_completed": "1981",
        "river_basin": "Narmada",
        "river": "Local",
        "nearest_city": "Bagli",
        "seismic_zone": "III",
        "dam_type": "Earthfill Embankment",
        "height_m": 20.0,
        "length_m": 430.0,
        "volume_content": 0.0,
        "gross_storage_capacity": 987000.0,
        "reservoir_area": 0.0,
        "effective_storage_capacity": 0.0,
        "purpose": "I",
        "designed_spillway_capacity": 64.67
      }
    },
    {
      "type": "Feature",
      "geometry": {
        "type": "Point",
        "coordinates": [
          74.83,
          21.98
        ]
      },
      "properties": {
        "name": "Anjarda No.1 T.",
        "operated_by": "Madhya Pradesh Water Resources Department",
        "year_completed": "1982",
        "river_basin": "Narmada",
        "river": "Local",
        "nearest_city": "Barwani",
        "seismic_zone": "III",
        "dam_type": "Earthfill Embankment",
        "height_m": 15.09,
        "length_m": 347.47,
        "volume_content": 0.0,
        "gross_storage_capacity": 455000.0,
        "reservoir_area": 117000.0,
        "effective_storage_capacity": 358000.0,
        "purpose": "I",
        "designed_spillway_capacity": 110.43
      }
    },
    {
      "type": "Feature",
      "geometry": {
        "type": "Point",
        "coordinates": [
          76.42,
          22.62
        ]
      },
      "properties": {
        "name": "Dongarkheda",
        "operated_by": "Madhya Pradesh Water Resources Department",
        "year_completed": "1982",
        "river_basin": "Narmada",
        "river": "Local",
        "nearest_city": "Bagli",
        "seismic_zone": "III",
        "dam_type": "Earthfill Embankment",
        "height_m": 19.56,
        "length_m": 540.0,
        "volume_content": 0.0,
        "gross_storage_capacity": 710000.0,
        "reservoir_area": 175000.0,
        "effective_storage_capacity": 636000.0,
        "purpose": "I",
        "designed_spillway_capacity": 52.63
      }
    },
    {
      "type": "Feature",
      "geometry": {
        "type": "Point",
        "coordinates": [
          76.42,
          22.12
        ]
      },
      "properties": {
        "name": "Chirkhan",
        "operated_by": "Madhya Pradesh Water Resources Department",
        "year_completed": "1997",
        "river_basin": "Narmada",
        "river": "Kalapani",
        "nearest_city": "Dhar",
        "seismic_zone": "III",
        "dam_type": "Earthfill Embankment",
        "height_m": 12.9,
        "length_m": 640.0,
        "volume_content": 0.0,
        "gross_storage_capacity": 586000.0,
        "reservoir_area": 182000.0,
        "effective_storage_capacity": 481000.0,
        "purpose": "I",
        "designed_spillway_capacity": 58.0
      }
    },
    {
      "type": "Feature",
      "geometry": {
        "type": "Point",
        "coordinates": [
          81.33,
          22.91
        ]
      },
      "properties": {
        "name": "Beni Bari",
        "operated_by": "Madhya Pradesh Water Resources Department",
        "year_completed": "1982",
        "river_basin": "Narmada",
        "river": "Paladigwar",
        "nearest_city": "Pushprajgarh",
        "seismic_zone": "II",
        "dam_type": "Earthfill Embankment",
        "height_m": 18.04,
        "length_m": 435.0,
        "volume_content": 1250350.0,
        "gross_storage_capacity": 920000.0,
        "reservoir_area": 200000.0,
        "effective_storage_capacity": 730000.0,
        "purpose": "I",
        "designed_spillway_capacity": 88.7
      }
    },
    {
      "type": "Feature",
      "geometry": {
        "type": "Point",
        "coordinates": [
          75.1,
          21.86
        ]
      },
      "properties": {
        "name": "Vagadalwadi",
        "operated_by": "Madhya Pradesh Water Resources Department",
        "year_completed": "1982",
        "river_basin": "Narmada",
        "river": "Local",
        "nearest_city": "Rajpur",
        "seismic_zone": "III",
        "dam_type": "Earthfill Embankment",
        "height_m": 15.84,
        "length_m": 182.0,
        "volume_content": 0.0,
        "gross_storage_capacity": 940000.0,
        "reservoir_area": 213000.0,
        "effective_storage_capacity": 847000.0,
        "purpose": "I",
        "designed_spillway_capacity": 80.63
      }
    },
    {
      "type": "Feature",
      "geometry": {
        "type": "Point",
        "coordinates": [
          75.38,
          21.98
        ]
      },
      "properties": {
        "name": "Madarniya",
        "operated_by": "Madhya Pradesh Water Resources Department",
        "year_completed": "1982",
        "river_basin": "Narmada",
        "river": "Local",
        "nearest_city": "Khargone",
        "seismic_zone": "III",
        "dam_type": "Earthfill Embankment",
        "height_m": 13.8,
        "length_m": 784.0,
        "volume_content": 0.0,
        "gross_storage_capacity": 1621000.0,
        "reservoir_area": 391000.0,
        "effective_storage_capacity": 1459000.0,
        "purpose": "I",
        "designed_spillway_capacity": 99.85
      }
    },
    {
      "type": "Feature",
      "geometry": {
        "type": "Point",
        "coordinates": [
          75.74,
          22.32
        ]
      },
      "properties": {
        "name": "Goverdhanpura",
        "operated_by": "Madhya Pradesh Water Resources Department",
        "year_completed": "1982",
        "river_basin": "Narmada",
        "river": "Junapani",
        "nearest_city": "Maheshwar",
        "seismic_zone": "III",
        "dam_type": "Earthfill Embankment",
        "height_m": 17.63,
        "length_m": 283.0,
        "volume_content": 0.0,
        "gross_storage_capacity": 2486000.0,
        "reservoir_area": 510000.0,
        "effective_storage_capacity": 2045000.0,
        "purpose": "I",
        "designed_spillway_capacity": 127.0
      }
    },
    {
      "type": "Feature",
      "geometry": {
        "type": "Point",
        "coordinates": [
          74.9,
          22.35
        ]
      },
      "properties": {
        "name": "Barkheda",
        "operated_by": "Madhya Pradesh Water Resources Department",
        "year_completed": "1982",
        "river_basin": "Narmada",
        "river": "Local",
        "nearest_city": "Kukshi",
        "seismic_zone": "III",
        "dam_type": "Earthfill Embankment",
        "height_m": 18.9,
        "length_m": 620.0,
        "volume_content": 0.0,
        "gross_storage_capacity": 732970.0,
        "reservoir_area": 764380.0,
        "effective_storage_capacity": 663630.0,
        "purpose": "I",
        "designed_spillway_capacity": 125.0
      }
    },
    {
      "type": "Feature",
      "geometry": {
        "type": "Point",
        "coordinates": [
          77.06,
          22.99
        ]
      },
      "properties": {
        "name": "Lasudiakangar",
        "operated_by": "Madhya Pradesh Water Resources Department",
        "year_completed": "1982",
        "river_basin": "Narmada",
        "river": "Local",
        "nearest_city": "Ichhwar",
        "seismic_zone": "II",
        "dam_type": "Earthfill Embankment",
        "height_m": 13.41,
        "length_m": 1341.46,
        "volume_content": 0.0,
        "gross_storage_capacity": 3120000.0,
        "reservoir_area": 1040000.0,
        "effective_storage_capacity": 2874000.0,
        "purpose": "I",
        "designed_spillway_capacity": 57.26
      }
    },
    {
      "type": "Feature",
      "geometry": {
        "type": "Point",
        "coordinates": [
          76.4,
          22.55
        ]
      },
      "properties": {
        "name": "Paras",
        "operated_by": "Madhya Pradesh Water Resources Department",
        "year_completed": "1982",
        "river_basin": "Narmada",
        "river": "Paras",
        "nearest_city": "Bagli",
        "seismic_zone": "III",
        "dam_type": "Earthfill Embankment",
        "height_m": 26.94,
        "length_m": 660.0,
        "volume_content": 0.0,
        "gross_storage_capacity": 7538000.0,
        "reservoir_area": 1152000.0,
        "effective_storage_capacity": 6090000.0,
        "purpose": "I",
        "designed_spillway_capacity": 213.0
      }
    },
    {
      "type": "Feature",
      "geometry": {
        "type": "Point",
        "coordinates": [
          78.7,
          22.6
        ]
      },
      "properties": {
        "name": "Manegaon",
        "operated_by": "Madhya Pradesh Water Resources Department",
        "year_completed": "1982",
        "river_basin": "Narmada",
        "river": "Local",
        "nearest_city": "Parasia",
        "seismic_zone": "III",
        "dam_type": "Earthfill Embankment",
        "height_m": 12.48,
        "length_m": 732.0,
        "volume_content": 0.0,
        "gross_storage_capacity": 1000000.0,
        "reservoir_area": 0.0,
        "effective_storage_capacity": 0.0,
        "purpose": "I",
        "designed_spillway_capacity": 0.0
      }
    },
    {
      "type": "Feature",
      "geometry": {
        "type": "Point",
        "coordinates": [
          81.03,
          22.91
        ]
      },
      "properties": {
        "name": "Sursatola",
        "operated_by": "Madhya Pradesh Water Resources Department",
        "year_completed": "1983",
        "river_basin": "Narmada",
        "river": "Local",
        "nearest_city": "Sambalpur",
        "seismic_zone": "III",
        "dam_type": "Earthfill Embankment",
        "height_m": 15.85,
        "length_m": 520.0,
        "volume_content": 0.0,
        "gross_storage_capacity": 550000.0,
        "reservoir_area": 140000.0,
        "effective_storage_capacity": 512000.0,
        "purpose": "I",
        "designed_spillway_capacity": 40.0
      }
    },
    {
      "type": "Feature",
      "geometry": {
        "type": "Point",
        "coordinates": [
          74.75,
          22.41
        ]
      },
      "properties": {
        "name": "Undri",
        "operated_by": "Madhya Pradesh Water Resources Department",
        "year_completed": "1983",
        "river_basin": "Narmada",
        "river": "Local",
        "nearest_city": "Alirajpur",
        "seismic_zone": "III",
        "dam_type": "Earthfill Embankment",
        "height_m": 16.25,
        "length_m": 750.0,
        "volume_content": 0.0,
        "gross_storage_capacity": 2451000.0,
        "reservoir_area": 144000.0,
        "effective_storage_capacity": 2094000.0,
        "purpose": "I",
        "designed_spillway_capacity": 146.0
      }
    },
    {
      "type": "Feature",
      "geometry": {
        "type": "Point",
        "coordinates": [
          74.77,
          21.82
        ]
      },
      "properties": {
        "name": "Keli",
        "operated_by": "Madhya Pradesh Water Resources Department",
        "year_completed": "1983",
        "river_basin": "Narmada",
        "river": "Local",
        "nearest_city": "Barwani",
        "seismic_zone": "III",
        "dam_type": "Earthfill Embankment",
        "height_m": 17.45,
        "length_m": 219.0,
        "volume_content": 0.0,
        "gross_storage_capacity": 774000.0,
        "reservoir_area": 162000.0,
        "effective_storage_capacity": 683000.0,
        "purpose": "I",
        "designed_spillway_capacity": 100.39
      }
    },
    {
      "type": "Feature",
      "geometry": {
        "type": "Point",
        "coordinates": [
          76.54,
          22.68
        ]
      },
      "properties": {
        "name": "Bourani",
        "operated_by": "Madhya Pradesh Water Resources Department",
        "year_completed": "1983",
        "river_basin": "Narmada",
        "river": "Devjhiri",
        "nearest_city": "kannod",
        "seismic_zone": "III",
        "dam_type": "Earthfill Embankment",
        "height_m": 20.9,
        "length_m": 310.0,
        "volume_content": 0.0,
        "gross_storage_capacity": 828500.0,
        "reservoir_area": 172400.0,
        "effective_storage_capacity": 746600.0,
        "purpose": "I",
        "designed_spillway_capacity": 48.82
      }
    },
    {
      "type": "Feature",
      "geometry": {
        "type": "Point",
        "coordinates": [
          74.86,
          21.8
        ]
      },
      "properties": {
        "name": "Sustikheda",
        "operated_by": "Madhya Pradesh Water Resources Department",
        "year_completed": "1983",
        "river_basin": "Narmada",
        "river": "Local",
        "nearest_city": "Barwani",
        "seismic_zone": "III",
        "dam_type": "Earthfill Embankment",
        "height_m": 16.08,
        "length_m": 314.0,
        "volume_content": 0.0,
        "gross_storage_capacity": 931000.0,
        "reservoir_area": 188000.0,
        "effective_storage_capacity": 787000.0,
        "purpose": "I",
        "designed_spillway_capacity": 102.4
      }
    },
    {
      "type": "Feature",
      "geometry": {
        "type": "Point",
        "coordinates": [
          74.31,
          22.37
        ]
      },
      "properties": {
        "name": "Guda",
        "operated_by": "Madhya Pradesh Water Resources Department",
        "year_completed": "1983",
        "river_basin": "Narmada",
        "river": "Local",
        "nearest_city": "Alirajpur",
        "seismic_zone": "III",
        "dam_type": "Earthfill Embankment",
        "height_m": 10.54,
        "length_m": 570.0,
        "volume_content": 0.0,
        "gross_storage_capacity": 516000.0,
        "reservoir_area": 190000.0,
        "effective_storage_capacity": 436000.0,
        "purpose": "I",
        "designed_spillway_capacity": 51.0
      }
    },
    {
      "type": "Feature",
      "geometry": {
        "type": "Point",
        "coordinates": [
          80.46,
          22.99
        ]
      },
      "properties": {
        "name": "Mehra Seoni",
        "operated_by": "Madhya Pradesh State Electricity Board",
        "year_completed": "1983",
        "river_basin": "Narmada",
        "river": "Local",
        "nearest_city": "Niwas",
        "seismic_zone": "II",
        "dam_type": "Earthfill Embankment",
        "height_m": 13.07,
        "length_m": 822.0,
        "volume_content": 0.0,
        "gross_storage_capacity": 650000.0,
        "reservoir_area": 190000.0,
        "effective_storage_capacity": 598000.0,
        "purpose": "I",
        "designed_spillway_capacity": 30.24
      }
    },
    {
      "type": "Feature",
      "geometry": {
        "type": "Point",
        "coordinates": [
          75.37,
          22.53
        ]
      },
      "properties": {
        "name": "Bagdia T. No.2",
        "operated_by": "Madhya Pradesh Water Resources Department",
        "year_completed": "1983",
        "river_basin": "Narmada",
        "river": "Dilawari Nadi",
        "nearest_city": "Dhar",
        "seismic_zone": "II",
        "dam_type": "Earthfill Embankment",
        "height_m": 12.4,
        "length_m": 540.0,
        "volume_content": 0.0,
        "gross_storage_capacity": 530000.0,
        "reservoir_area": 212000.0,
        "effective_storage_capacity": 482200.0,
        "purpose": "I",
        "designed_spillway_capacity": 33.0
      }
    },
    {
      "type": "Feature",
      "geometry": {
        "type": "Point",
        "coordinates": [
          76.07,
          21.9
        ]
      },
      "properties": {
        "name": "Birul",
        "operated_by": "Madhya Pradesh Water Resources Department",
        "year_completed": "1983",
        "river_basin": "Narmada",
        "river": "Local",
        "nearest_city": "Bhikamgaon",
        "seismic_zone": "III",
        "dam_type": "Earthfill Embankment",
        "height_m": 12.18,
        "length_m": 234.0,
        "volume_content": 0.0,
        "gross_storage_capacity": 1575000.0,
        "reservoir_area": 220000.0,
        "effective_storage_capacity": 1177000.0,
        "purpose": "I",
        "designed_spillway_capacity": 97.0
      }
    },
    {
      "type": "Feature",
      "geometry": {
        "type": "Point",
        "coordinates": [
          73.34,
          21.77
        ]
      },
      "properties": {
        "name": "Updi",
        "operated_by": "Madhya Pradesh Water Resources Department",
        "year_completed": "1983",
        "river_basin": "Narmada",
        "river": "Local",
        "nearest_city": "Barwaha",
        "seismic_zone": "III",
        "dam_type": "Earthfill Embankment",
        "height_m": 15.39,
        "length_m": 210.0,
        "volume_content": 0.0,
        "gross_storage_capacity": 1229000.0,
        "reservoir_area": 268000.0,
        "effective_storage_capacity": 1102000.0,
        "purpose": "I",
        "designed_spillway_capacity": 90.0
      }
    },
    {
      "type": "Feature",
      "geometry": {
        "type": "Point",
        "coordinates": [
          75.74,
          22.32
        ]
      },
      "properties": {
        "name": "Upper Sasliay",
        "operated_by": "Madhya Pradesh Water Resources Department",
        "year_completed": "1983",
        "river_basin": "Narmada",
        "river": "Local",
        "nearest_city": "Barwaha",
        "seismic_zone": "III",
        "dam_type": "Earthfill Embankment",
        "height_m": 18.47,
        "length_m": 414.0,
        "volume_content": 0.0,
        "gross_storage_capacity": 1550000.0,
        "reservoir_area": 279000.0,
        "effective_storage_capacity": 1340000.0,
        "purpose": "I",
        "designed_spillway_capacity": 101.0
      }
    },
    {
      "type": "Feature",
      "geometry": {
        "type": "Point",
        "coordinates": [
          80.46,
          22.14
        ]
      },
      "properties": {
        "name": "Sitadongari",
        "operated_by": "Madhya Pradesh Water Resources Department",
        "year_completed": "1983",
        "river_basin": "Narmada",
        "river": "Gurar Nalla",
        "nearest_city": "Baihar",
        "seismic_zone": "II",
        "dam_type": "Earthfill Embankment",
        "height_m": 14.5,
        "length_m": 870.0,
        "volume_content": 0.0,
        "gross_storage_capacity": 146000.0,
        "reservoir_area": 305000.0,
        "effective_storage_capacity": 115000.0,
        "purpose": "I",
        "designed_spillway_capacity": 65.76
      }
    },
    {
      "type": "Feature",
      "geometry": {
        "type": "Point",
        "coordinates": [
          75.14,
          22.33
        ]
      },
      "properties": {
        "name": "Rajukhedi",
        "operated_by": "Madhya Pradesh Water Resources Department",
        "year_completed": "1983",
        "river_basin": "Narmada",
        "river": "Local",
        "nearest_city": "Manawar",
        "seismic_zone": "III",
        "dam_type": "Earthfill Embankment",
        "height_m": 13.25,
        "length_m": 1040.0,
        "volume_content": 0.0,
        "gross_storage_capacity": 837000.0,
        "reservoir_area": 314000.0,
        "effective_storage_capacity": 733000.0,
        "purpose": "I",
        "designed_spillway_capacity": 79.0
      }
    },
    {
      "type": "Feature",
      "geometry": {
        "type": "Point",
        "coordinates": [
          75.03,
          21.96
        ]
      },
      "properties": {
        "name": "Bhami",
        "operated_by": "Madhya Pradesh Water Resources Department",
        "year_completed": "1983",
        "river_basin": "Narmada",
        "river": "Sosan Nadi",
        "nearest_city": "Barwani",
        "seismic_zone": "III",
        "dam_type": "Earthfill Embankment",
        "height_m": 15.09,
        "length_m": 267.0,
        "volume_content": 0.0,
        "gross_storage_capacity": 1272000.0,
        "reservoir_area": 383000.0,
        "effective_storage_capacity": 1056000.0,
        "purpose": "I",
        "designed_spillway_capacity": 139.0
      }
    },
    {
      "type": "Feature",
      "geometry": {
        "type": "Point",
        "coordinates": [
          79.87,
          23.0
        ]
      },
      "properties": {
        "name": "Indra Daman",
        "operated_by": "Madhya Pradesh Water Resources Department",
        "year_completed": "1983",
        "river_basin": "Narmada",
        "river": "Local",
        "nearest_city": "Jabalpur",
        "seismic_zone": "III",
        "dam_type": "Earthfill Embankment",
        "height_m": 16.1,
        "length_m": 289.56,
        "volume_content": 33990.0,
        "gross_storage_capacity": 1075000.0,
        "reservoir_area": 460100.0,
        "effective_storage_capacity": 950000.0,
        "purpose": "I",
        "designed_spillway_capacity": 61.22
      }
    },
    {
      "type": "Feature",
      "geometry": {
        "type": "Point",
        "coordinates": [
          75.17,
          21.8
        ]
      },
      "properties": {
        "name": "Balasamund",
        "operated_by": "Madhya Pradesh Water Resources Department",
        "year_completed": "1983",
        "river_basin": "Narmada",
        "river": "Local",
        "nearest_city": "Barwani",
        "seismic_zone": "III",
        "dam_type": "Earthfill Embankment",
        "height_m": 12.4,
        "length_m": 360.0,
        "volume_content": 0.0,
        "gross_storage_capacity": 1412000.0,
        "reservoir_area": 492000.0,
        "effective_storage_capacity": 1112000.0,
        "purpose": "I",
        "designed_spillway_capacity": 131.0
      }
    },
    {
      "type": "Feature",
      "geometry": {
        "type": "Point",
        "coordinates": [
          80.16,
          23.03
        ]
      },
      "properties": {
        "name": "Khapa",
        "operated_by": "Madhya Pradesh Water Resources Department",
        "year_completed": "1983",
        "river_basin": "Narmada",
        "river": "Ranwai Nadi",
        "nearest_city": "Niwas",
        "seismic_zone": "III",
        "dam_type": "Earthfill Embankment",
        "height_m": 12.97,
        "length_m": 645.0,
        "volume_content": 0.0,
        "gross_storage_capacity": 807000.0,
        "reservoir_area": 537000.0,
        "effective_storage_capacity": 750000.0,
        "purpose": "I",
        "designed_spillway_capacity": 90.0
      }
    },
    {
      "type": "Feature",
      "geometry": {
        "type": "Point",
        "coordinates": [
          75.63,
          22.31
        ]
      },
      "properties": {
        "name": "Salipura",
        "operated_by": "Madhya Pradesh Water Resources Department",
        "year_completed": "1983",
        "river_basin": "Narmada",
        "river": "Local",
        "nearest_city": "Barwaha",
        "seismic_zone": "III",
        "dam_type": "Earthfill Embankment",
        "height_m": 16.1,
        "length_m": 762.0,
        "volume_content": 0.0,
        "gross_storage_capacity": 2998000.0,
        "reservoir_area": 610000.0,
        "effective_storage_capacity": 2721000.0,
        "purpose": "I",
        "designed_spillway_capacity": 113.5
      }
    },
    {
      "type": "Feature",
      "geometry": {
        "type": "Point",
        "coordinates": [
          80.3,
          23.23
        ]
      },
      "properties": {
        "name": "Khina",
        "operated_by": "Madhya Pradesh Water Resources Department",
        "year_completed": "1983",
        "river_basin": "Narmada",
        "river": "Pariat Nadi",
        "nearest_city": "Jabalpur",
        "seismic_zone": "III",
        "dam_type": "Earthfill Embankment",
        "height_m": 17.83,
        "length_m": 1905.0,
        "volume_content": 0.0,
        "gross_storage_capacity": 4656000.0,
        "reservoir_area": 1240000.0,
        "effective_storage_capacity": 4455000.0,
        "purpose": "I",
        "designed_spillway_capacity": 105.0
      }
    },
    {
      "type": "Feature",
      "geometry": {
        "type": "Point",
        "coordinates": [
          75.44,
          21.99
        ]
      },
      "properties": {
        "name": "Dabri",
        "operated_by": "Madhya Pradesh Water Resources Department",
        "year_completed": "1983",
        "river_basin": "Narmada",
        "river": "Local",
        "nearest_city": "Kasrawad",
        "seismic_zone": "III",
        "dam_type": "Earthfill Embankment",
        "height_m": 14.57,
        "length_m": 581.0,
        "volume_content": 0.0,
        "gross_storage_capacity": 3819000.0,
        "reservoir_area": 1290000.0,
        "effective_storage_capacity": 3444000.0,
        "purpose": "I",
        "designed_spillway_capacity": 177.7
      }
    },
    {
      "type": "Feature",
      "geometry": {
        "type": "Point",
        "coordinates": [
          75.38,
          21.98
        ]
      },
      "properties": {
        "name": "Amerbegwa",
        "operated_by": "Madhya Pradesh Water Resources Department",
        "year_completed": "1983",
        "river_basin": "Narmada",
        "river": "Local",
        "nearest_city": "Khargone",
        "seismic_zone": "III",
        "dam_type": "Earthfill Embankment",
        "height_m": 13.8,
        "length_m": 784.0,
        "volume_content": 0.0,
        "gross_storage_capacity": 2315714.0,
        "reservoir_area": 0.0,
        "effective_storage_capacity": 1621000.0,
        "purpose": "I",
        "designed_spillway_capacity": 99.85
      }
    },
    {
      "type": "Feature",
      "geometry": {
        "type": "Point",
        "coordinates": [
          74.29,
          22.18
        ]
      },
      "properties": {
        "name": "Athawa",
        "operated_by": "Madhya Pradesh Water Resources Department",
        "year_completed": "1984",
        "river_basin": "Narmada",
        "river": "Local",
        "nearest_city": "Alirajpur",
        "seismic_zone": "III",
        "dam_type": "Earthfill Embankment",
        "height_m": 16.75,
        "length_m": 326.0,
        "volume_content": 0.0,
        "gross_storage_capacity": 581000.0,
        "reservoir_area": 112000.0,
        "effective_storage_capacity": 519000.0,
        "purpose": "I",
        "designed_spillway_capacity": 57.0
      }
    },
    {
      "type": "Feature",
      "geometry": {
        "type": "Point",
        "coordinates": [
          81.03,
          22.91
        ]
      },
      "properties": {
        "name": "Ranhgi",
        "operated_by": "Madhya Pradesh Water Resources Department",
        "year_completed": "1984",
        "river_basin": "Narmada",
        "river": "Local",
        "nearest_city": "Dindori",
        "seismic_zone": "II",
        "dam_type": "Earthfill Embankment",
        "height_m": 16.99,
        "length_m": 341.36,
        "volume_content": 0.0,
        "gross_storage_capacity": 324000.0,
        "reservoir_area": 120000.0,
        "effective_storage_capacity": 275000.0,
        "purpose": "I",
        "designed_spillway_capacity": 46.21
      }
    },
    {
      "type": "Feature",
      "geometry": {
        "type": "Point",
        "coordinates": [
          74.21,
          22.11
        ]
      },
      "properties": {
        "name": "Kathawad",
        "operated_by": "Madhya Pradesh Water Resources Department",
        "year_completed": "1984",
        "river_basin": "Narmada",
        "river": "Local",
        "nearest_city": "Alirajpur",
        "seismic_zone": "III",
        "dam_type": "Earthfill Embankment",
        "height_m": 16.07,
        "length_m": 453.0,
        "volume_content": 0.0,
        "gross_storage_capacity": 864000.0,
        "reservoir_area": 157000.0,
        "effective_storage_capacity": 763000.0,
        "purpose": "I",
        "designed_spillway_capacity": 85.0
      }
    },
    {
      "type": "Feature",
      "geometry": {
        "type": "Point",
        "coordinates": [
          77.65,
          22.79
        ]
      },
      "properties": {
        "name": "Khoripura",
        "operated_by": "Madhya Pradesh Water Resources Department",
        "year_completed": "1984",
        "river_basin": "Narmada",
        "river": "Local",
        "nearest_city": "Hoshangabad",
        "seismic_zone": "II",
        "dam_type": "Earthfill Embankment",
        "height_m": 11.95,
        "length_m": 1485.0,
        "volume_content": 0.0,
        "gross_storage_capacity": 2820000.0,
        "reservoir_area": 200000.0,
        "effective_storage_capacity": 2450000.0,
        "purpose": "I",
        "designed_spillway_capacity": 85.8
      }
    },
    {
      "type": "Feature",
      "geometry": {
        "type": "Point",
        "coordinates": [
          74.67,
          22.28
        ]
      },
      "properties": {
        "name": "Mongra",
        "operated_by": "Madhya Pradesh Water Resources Department",
        "year_completed": "1984",
        "river_basin": "Narmada",
        "river": "Local",
        "nearest_city": "bukshi",
        "seismic_zone": "III",
        "dam_type": "Earthfill Embankment",
        "height_m": 16.8,
        "length_m": 330.0,
        "volume_content": 0.0,
        "gross_storage_capacity": 1013140.0,
        "reservoir_area": 202000.0,
        "effective_storage_capacity": 900000.0,
        "purpose": "I",
        "designed_spillway_capacity": 142.52
      }
    },
    {
      "type": "Feature",
      "geometry": {
        "type": "Point",
        "coordinates": [
          74.62,
          22.42
        ]
      },
      "properties": {
        "name": "Kosduna",
        "operated_by": "Madhya Pradesh Water Resources Department",
        "year_completed": "1984",
        "river_basin": "Narmada",
        "river": "Local",
        "nearest_city": "Jobat",
        "seismic_zone": "III",
        "dam_type": "Earthfill Embankment",
        "height_m": 10.9,
        "length_m": 715.0,
        "volume_content": 0.0,
        "gross_storage_capacity": 209000.0,
        "reservoir_area": 214000.0,
        "effective_storage_capacity": 185000.0,
        "purpose": "I",
        "designed_spillway_capacity": 15.45
      }
    },
    {
      "type": "Feature",
      "geometry": {
        "type": "Point",
        "coordinates": [
          78.65,
          22.43
        ]
      },
      "properties": {
        "name": "Umaria",
        "operated_by": "Madhya Pradesh Water Resources Department",
        "year_completed": "1984",
        "river_basin": "Narmada",
        "river": "Local",
        "nearest_city": "Parasia",
        "seismic_zone": "III",
        "dam_type": "Earthfill Embankment",
        "height_m": 25.15,
        "length_m": 1020.0,
        "volume_content": 138220.0,
        "gross_storage_capacity": 1285000.0,
        "reservoir_area": 280800.0,
        "effective_storage_capacity": 1201000.0,
        "purpose": "I",
        "designed_spillway_capacity": 48.7
      }
    },
    {
      "type": "Feature",
      "geometry": {
        "type": "Point",
        "coordinates": [
          80.39,
          23.52
        ]
      },
      "properties": {
        "name": "Sarangpur",
        "operated_by": "Madhya Pradesh Water Resources Department",
        "year_completed": "1984",
        "river_basin": "Narmada",
        "river": "Local",
        "nearest_city": "Sihora",
        "seismic_zone": "III",
        "dam_type": "Earthfill Embankment",
        "height_m": 12.04,
        "length_m": 805.0,
        "volume_content": 0.0,
        "gross_storage_capacity": 880000.0,
        "reservoir_area": 380000.0,
        "effective_storage_capacity": 759000.0,
        "purpose": "I",
        "designed_spillway_capacity": 75.05
      }
    },
    {
      "type": "Feature",
      "geometry": {
        "type": "Point",
        "coordinates": [
          76.19,
          22.15
        ]
      },
      "properties": {
        "name": "Karond",
        "operated_by": "Madhya Pradesh Water Resources Department",
        "year_completed": "1984",
        "river_basin": "Narmada",
        "river": "Local",
        "nearest_city": "Khandwa",
        "seismic_zone": "II",
        "dam_type": "Earthfill Embankment",
        "height_m": 11.42,
        "length_m": 586.0,
        "volume_content": 0.0,
        "gross_storage_capacity": 1162000.0,
        "reservoir_area": 390000.0,
        "effective_storage_capacity": 1028000.0,
        "purpose": "I",
        "designed_spillway_capacity": 79.0
      }
    },
    {
      "type": "Feature",
      "geometry": {
        "type": "Point",
        "coordinates": [
          78.22,
          22.65
        ]
      },
      "properties": {
        "name": "Guddikheda",
        "operated_by": "Madhya Pradesh Water Resources Department",
        "year_completed": "1984",
        "river_basin": "Narmada",
        "river": "Local",
        "nearest_city": "Sohagpur",
        "seismic_zone": "III",
        "dam_type": "Earthfill Embankment",
        "height_m": 12.45,
        "length_m": 960.0,
        "volume_content": 0.0,
        "gross_storage_capacity": 1570000.0,
        "reservoir_area": 394000.0,
        "effective_storage_capacity": 1488000.0,
        "purpose": "I",
        "designed_spillway_capacity": 44.0
      }
    },
    {
      "type": "Feature",
      "geometry": {
        "type": "Point",
        "coordinates": [
          75.12,
          21.91
        ]
      },
      "properties": {
        "name": "Narawala",
        "operated_by": "Madhya Pradesh Water Resources Department",
        "year_completed": "1984",
        "river_basin": "Narmada",
        "river": "Rupa Nadi",
        "nearest_city": "Barwani",
        "seismic_zone": "III",
        "dam_type": "Earthfill Embankment",
        "height_m": 14.75,
        "length_m": 456.0,
        "volume_content": 0.0,
        "gross_storage_capacity": 2277000.0,
        "reservoir_area": 601000.0,
        "effective_storage_capacity": 1926000.0,
        "purpose": "I",
        "designed_spillway_capacity": 240.0
      }
    },
    {
      "type": "Feature",
      "geometry": {
        "type": "Point",
        "coordinates": [
          77.13,
          22.73
        ]
      },
      "properties": {
        "name": "Shampur",
        "operated_by": "Madhya Pradesh Water Resources Department",
        "year_completed": "1984",
        "river_basin": "Narmada",
        "river": "Local",
        "nearest_city": "Nasrullahganj",
        "seismic_zone": "III",
        "dam_type": "Earthfill Embankment",
        "height_m": 14.4,
        "length_m": 1195.73,
        "volume_content": 0.0,
        "gross_storage_capacity": 1880000.0,
        "reservoir_area": 603000.0,
        "effective_storage_capacity": 1767000.0,
        "purpose": "I",
        "designed_spillway_capacity": 63.62
      }
    },
    {
      "type": "Feature",
      "geometry": {
        "type": "Point",
        "coordinates": [
          80.35,
          23.54
        ]
      },
      "properties": {
        "name": "Chandoor",
        "operated_by": "Madhya Pradesh Water Resources Department",
        "year_completed": "1984",
        "river_basin": "Narmada",
        "river": "Local",
        "nearest_city": "Sihora",
        "seismic_zone": "III",
        "dam_type": "Earthfill Embankment",
        "height_m": 14.93,
        "length_m": 434.0,
        "volume_content": 0.0,
        "gross_storage_capacity": 3333000.0,
        "reservoir_area": 749000.0,
        "effective_storage_capacity": 3054000.0,
        "purpose": "I",
        "designed_spillway_capacity": 120.0
      }
    },
    {
      "type": "Feature",
      "geometry": {
        "type": "Point",
        "coordinates": [
          75.13,
          22.34
        ]
      },
      "properties": {
        "name": "Padliya",
        "operated_by": "Madhya Pradesh Water Resources Department",
        "year_completed": "1984",
        "river_basin": "Narmada",
        "river": "Local",
        "nearest_city": "Bhikamgaon",
        "seismic_zone": "III",
        "dam_type": "Earthfill Embankment",
        "height_m": 16.02,
        "length_m": 825.0,
        "volume_content": 0.0,
        "gross_storage_capacity": 7390000.0,
        "reservoir_area": 1449000.0,
        "effective_storage_capacity": 5430000.0,
        "purpose": "I",
        "designed_spillway_capacity": 298.0
      }
    },
    {
      "type": "Feature",
      "geometry": {
        "type": "Point",
        "coordinates": [
          75.01,
          22.41
        ]
      },
      "properties": {
        "name": "Khor",
        "operated_by": "Madhya Pradesh Water Resources Department",
        "year_completed": "1984",
        "river_basin": "Narmada",
        "river": "Gandharwa Nadi",
        "nearest_city": "Dhar",
        "seismic_zone": "III",
        "dam_type": "Earthfill Embankment",
        "height_m": 19.9,
        "length_m": 420.0,
        "volume_content": 0.0,
        "gross_storage_capacity": 3110000.0,
        "reservoir_area": 5111000.0,
        "effective_storage_capacity": 2780000.0,
        "purpose": "I",
        "designed_spillway_capacity": 269.0
      }
    },
    {
      "type": "Feature",
      "geometry": {
        "type": "Point",
        "coordinates": [
          75.13,
          22.47
        ]
      },
      "properties": {
        "name": "Panpura",
        "operated_by": "Madhya Pradesh Water Resources Department",
        "year_completed": "1985",
        "river_basin": "Narmada",
        "river": "Local",
        "nearest_city": "Dhar",
        "seismic_zone": "II",
        "dam_type": "Earthfill Embankment",
        "height_m": 21.7,
        "length_m": 1115.0,
        "volume_content": 0.0,
        "gross_storage_capacity": 734000.0,
        "reservoir_area": 67820.0,
        "effective_storage_capacity": 652780.0,
        "purpose": "I",
        "designed_spillway_capacity": 87.0
      }
    },
    {
      "type": "Feature",
      "geometry": {
        "type": "Point",
        "coordinates": [
          80.51,
          22.59
        ]
      },
      "properties": {
        "name": "Jamunia Tola",
        "operated_by": "Madhya Pradesh Water Resources Department",
        "year_completed": "1985",
        "river_basin": "Narmada",
        "river": "Local",
        "nearest_city": "Mandla",
        "seismic_zone": "II",
        "dam_type": "Earthfill Embankment",
        "height_m": 15.79,
        "length_m": 162.0,
        "volume_content": 0.0,
        "gross_storage_capacity": 897000.0,
        "reservoir_area": 162000.0,
        "effective_storage_capacity": 809000.0,
        "purpose": "I",
        "designed_spillway_capacity": 58.9
      }
    },
    {
      "type": "Feature",
      "geometry": {
        "type": "Point",
        "coordinates": [
          74.74,
          21.99
        ]
      },
      "properties": {
        "name": "Semli",
        "operated_by": "Madhya Pradesh Water Resources Department",
        "year_completed": "1985",
        "river_basin": "Narmada",
        "river": "Local",
        "nearest_city": "Barwani",
        "seismic_zone": "III",
        "dam_type": "Earthfill Embankment",
        "height_m": 17.8,
        "length_m": 185.0,
        "volume_content": 0.0,
        "gross_storage_capacity": 970000.0,
        "reservoir_area": 188400.0,
        "effective_storage_capacity": 864000.0,
        "purpose": "I",
        "designed_spillway_capacity": 108.0
      }
    },
    {
      "type": "Feature",
      "geometry": {
        "type": "Point",
        "coordinates": [
          80.29,
          22.81
        ]
      },
      "properties": {
        "name": "Barbuspur",
        "operated_by": "Madhya Pradesh Water Resources Department",
        "year_completed": "1985",
        "river_basin": "Narmada",
        "river": "Local",
        "nearest_city": "Niwas",
        "seismic_zone": "II",
        "dam_type": "Earthfill Embankment",
        "height_m": 12.0,
        "length_m": 510.0,
        "volume_content": 0.0,
        "gross_storage_capacity": 700000.0,
        "reservoir_area": 208170.0,
        "effective_storage_capacity": 672000.0,
        "purpose": "I",
        "designed_spillway_capacity": 0.0
      }
    },
    {
      "type": "Feature",
      "geometry": {
        "type": "Point",
        "coordinates": [
          80.26,
          23.07
        ]
      },
      "properties": {
        "name": "Chargaon",
        "operated_by": "Madhya Pradesh Water Resources Department",
        "year_completed": "1985",
        "river_basin": "Narmada",
        "river": "Local",
        "nearest_city": "Niwas",
        "seismic_zone": "III",
        "dam_type": "Earthfill Embankment",
        "height_m": 13.77,
        "length_m": 720.0,
        "volume_content": 0.0,
        "gross_storage_capacity": 917000.0,
        "reservoir_area": 230000.0,
        "effective_storage_capacity": 827000.0,
        "purpose": "I",
        "designed_spillway_capacity": 45.21
      }
    },
    {
      "type": "Feature",
      "geometry": {
        "type": "Point",
        "coordinates": [
          80.71,
          22.82
        ]
      },
      "properties": {
        "name": "Jhandatola",
        "operated_by": "Madhya Pradesh Water Resources Department",
        "year_completed": "1985",
        "river_basin": "Narmada",
        "river": "Local",
        "nearest_city": "Mandla",
        "seismic_zone": "II",
        "dam_type": "Earthfill Embankment",
        "height_m": 11.95,
        "length_m": 467.85,
        "volume_content": 0.0,
        "gross_storage_capacity": 1110000.0,
        "reservoir_area": 270000.0,
        "effective_storage_capacity": 950000.0,
        "purpose": "I",
        "designed_spillway_capacity": 79.95
      }
    },
    {
      "type": "Feature",
      "geometry": {
        "type": "Point",
        "coordinates": [
          75.95,
          22.08
        ]
      },
      "properties": {
        "name": "Karoli",
        "operated_by": "Madhya Pradesh Water Resources Department",
        "year_completed": "1985",
        "river_basin": "Narmada",
        "river": "Local",
        "nearest_city": "Mandsaur",
        "seismic_zone": "III",
        "dam_type": "Earthfill Embankment",
        "height_m": 14.76,
        "length_m": 480.0,
        "volume_content": 0.0,
        "gross_storage_capacity": 1645000.0,
        "reservoir_area": 309000.0,
        "effective_storage_capacity": 1432000.0,
        "purpose": "I",
        "designed_spillway_capacity": 63.0
      }
    },
    {
      "type": "Feature",
      "geometry": {
        "type": "Point",
        "coordinates": [
          80.43,
          22.61
        ]
      },
      "properties": {
        "name": "Barbuspur",
        "operated_by": "Madhya Pradesh Water Resources Department",
        "year_completed": "1985",
        "river_basin": "Narmada",
        "river": "Local",
        "nearest_city": "Niwas",
        "seismic_zone": "II",
        "dam_type": "Earthfill Embankment",
        "height_m": 12.0,
        "length_m": 510.0,
        "volume_content": 0.0,
        "gross_storage_capacity": 700000.0,
        "reservoir_area": 208170.0,
        "effective_storage_capacity": 672000.0,
        "purpose": "I",
        "designed_spillway_capacity": 0.0
      }
    },
    {
      "type": "Feature",
      "geometry": {
        "type": "Point",
        "coordinates": [
          77.5,
          22.73
        ]
      },
      "properties": {
        "name": "Salkanpur",
        "operated_by": "Madhya Pradesh Water Resources Department",
        "year_completed": "1985",
        "river_basin": "Narmada",
        "river": "Dhareri",
        "nearest_city": "Sehore",
        "seismic_zone": "III",
        "dam_type": "Earthfill Embankment",
        "height_m": 18.94,
        "length_m": 912.0,
        "volume_content": 0.0,
        "gross_storage_capacity": 2406000.0,
        "reservoir_area": 625000.0,
        "effective_storage_capacity": 2264000.0,
        "purpose": "I",
        "designed_spillway_capacity": 33.22
      }
    },
    {
      "type": "Feature",
      "geometry": {
        "type": "Point",
        "coordinates": [
          76.38,
          21.63
        ]
      },
      "properties": {
        "name": "Kohdarh",
        "operated_by": "Madhya Pradesh Water Resources Department",
        "year_completed": "1985",
        "river_basin": "Narmada",
        "river": "Local",
        "nearest_city": "Khandwa",
        "seismic_zone": "III",
        "dam_type": "Earthfill Embankment",
        "height_m": 12.62,
        "length_m": 435.0,
        "volume_content": 0.0,
        "gross_storage_capacity": 1438000.0,
        "reservoir_area": 696000.0,
        "effective_storage_capacity": 1260000.0,
        "purpose": "I",
        "designed_spillway_capacity": 808.0
      }
    },
    {
      "type": "Feature",
      "geometry": {
        "type": "Point",
        "coordinates": [
          75.33,
          21.83
        ]
      },
      "properties": {
        "name": "Bhikarkhedi",
        "operated_by": "Madhya Pradesh Water Resources Department",
        "year_completed": "1985",
        "river_basin": "Narmada",
        "river": "Borad",
        "nearest_city": "Segaon",
        "seismic_zone": "III",
        "dam_type": "Earthfill Embankment",
        "height_m": 20.85,
        "length_m": 613.0,
        "volume_content": 0.0,
        "gross_storage_capacity": 10391000.0,
        "reservoir_area": 1539000.0,
        "effective_storage_capacity": 7728000.0,
        "purpose": "I",
        "designed_spillway_capacity": 343.0
      }
    },
    {
      "type": "Feature",
      "geometry": {
        "type": "Point",
        "coordinates": [
          76.27,
          21.59
        ]
      },
      "properties": {
        "name": "Sukta",
        "operated_by": "Madhya Pradesh Water Resources Department",
        "year_completed": "1985",
        "river_basin": "Narmada",
        "river": "Sukta",
        "nearest_city": "Khandwa",
        "seismic_zone": "III",
        "dam_type": "Earthfill Embankment",
        "height_m": 32.0,
        "length_m": 2133.0,
        "volume_content": 0.0,
        "gross_storage_capacity": 89500000.0,
        "reservoir_area": 12065000.0,
        "effective_storage_capacity": 70845000.0,
        "purpose": "I",
        "designed_spillway_capacity": 2634.0
      }
    },
    {
      "type": "Feature",
      "geometry": {
        "type": "Point",
        "coordinates": [
          74.29,
          22.11
        ]
      },
      "properties": {
        "name": "Bicholi",
        "operated_by": "Madhya Pradesh Water Resources Department",
        "year_completed": "1986",
        "river_basin": "Narmada",
        "river": "Local",
        "nearest_city": "Alirajpur",
        "seismic_zone": "III",
        "dam_type": "Earthfill Embankment",
        "height_m": 16.31,
        "length_m": 207.0,
        "volume_content": 0.0,
        "gross_storage_capacity": 491000.0,
        "reservoir_area": 90000.0,
        "effective_storage_capacity": 414000.0,
        "purpose": "I",
        "designed_spillway_capacity": 45.0
      }
    },
    {
      "type": "Feature",
      "geometry": {
        "type": "Point",
        "coordinates": [
          74.68,
          21.98
        ]
      },
      "properties": {
        "name": "Limbi",
        "operated_by": "Madhya Pradesh Water Resources Department",
        "year_completed": "1986",
        "river_basin": "Narmada",
        "river": "Local",
        "nearest_city": "Barwani",
        "seismic_zone": "III",
        "dam_type": "Earthfill Embankment",
        "height_m": 18.63,
        "length_m": 181.5,
        "volume_content": 0.0,
        "gross_storage_capacity": 510000.0,
        "reservoir_area": 98770.0,
        "effective_storage_capacity": 468000.0,
        "purpose": "I",
        "designed_spillway_capacity": 65.2
      }
    },
    {
      "type": "Feature",
      "geometry": {
        "type": "Point",
        "coordinates": [
          75.07,
          22.31
        ]
      },
      "properties": {
        "name": "Sironj Tank",
        "operated_by": "Madhya Pradesh Water Resources Department",
        "year_completed": "1986",
        "river_basin": "Narmada",
        "river": "Local",
        "nearest_city": "Manawar",
        "seismic_zone": "III",
        "dam_type": "Earthfill Embankment",
        "height_m": 23.3,
        "length_m": 713.0,
        "volume_content": 0.0,
        "gross_storage_capacity": 1276000.0,
        "reservoir_area": 109500.0,
        "effective_storage_capacity": 1012000.0,
        "purpose": "I",
        "designed_spillway_capacity": 495.6
      }
    },
    {
      "type": "Feature",
      "geometry": {
        "type": "Point",
        "coordinates": [
          74.79,
          21.93
        ]
      },
      "properties": {
        "name": "Osada",
        "operated_by": "Madhya Pradesh Water Resources Department",
        "year_completed": "1986",
        "river_basin": "Narmada",
        "river": "Local",
        "nearest_city": "Barwani",
        "seismic_zone": "II",
        "dam_type": "Earthfill Embankment",
        "height_m": 16.77,
        "length_m": 176.0,
        "volume_content": 0.0,
        "gross_storage_capacity": 611000.0,
        "reservoir_area": 150000.0,
        "effective_storage_capacity": 549000.0,
        "purpose": "I",
        "designed_spillway_capacity": 78.0
      }
    },
    {
      "type": "Feature",
      "geometry": {
        "type": "Point",
        "coordinates": [
          74.89,
          21.93
        ]
      },
      "properties": {
        "name": "Sindhi Khodra",
        "operated_by": "Madhya Pradesh Water Resources Department",
        "year_completed": "1986",
        "river_basin": "Narmada",
        "river": "Local",
        "nearest_city": "Barwani",
        "seismic_zone": "III",
        "dam_type": "Earthfill Embankment",
        "height_m": 19.13,
        "length_m": 265.0,
        "volume_content": 0.0,
        "gross_storage_capacity": 920000.0,
        "reservoir_area": 151000.0,
        "effective_storage_capacity": 828000.0,
        "purpose": "I",
        "designed_spillway_capacity": 121.5
      }
    },
    {
      "type": "Feature",
      "geometry": {
        "type": "Point",
        "coordinates": [
          74.19,
          22.11
        ]
      },
      "properties": {
        "name": "Jamli",
        "operated_by": "Madhya Pradesh Water Resources Department",
        "year_completed": "1986",
        "river_basin": "Narmada",
        "river": "Local",
        "nearest_city": "Alirajpur",
        "seismic_zone": "III",
        "dam_type": "Earthfill Embankment",
        "height_m": 11.8,
        "length_m": 555.0,
        "volume_content": 0.0,
        "gross_storage_capacity": 503000.0,
        "reservoir_area": 158000.0,
        "effective_storage_capacity": 440000.0,
        "purpose": "I",
        "designed_spillway_capacity": 50.0
      }
    },
    {
      "type": "Feature",
      "geometry": {
        "type": "Point",
        "coordinates": [
          75.66,
          22.3
        ]
      },
      "properties": {
        "name": "Zadi",
        "operated_by": "Madhya Pradesh Water Resources Department",
        "year_completed": "1986",
        "river_basin": "Narmada",
        "river": "Local",
        "nearest_city": "Zadi",
        "seismic_zone": "III",
        "dam_type": "Earthfill Embankment",
        "height_m": 11.85,
        "length_m": 210.0,
        "volume_content": 0.0,
        "gross_storage_capacity": 1160000.0,
        "reservoir_area": 285000.0,
        "effective_storage_capacity": 1040000.0,
        "purpose": "I",
        "designed_spillway_capacity": 67.0
      }
    },
    {
      "type": "Feature",
      "geometry": {
        "type": "Point",
        "coordinates": [
          75.32,
          22.53
        ]
      },
      "properties": {
        "name": "Nawadpura T",
        "operated_by": "Madhya Pradesh Water Resources Department",
        "year_completed": "1986",
        "river_basin": "Narmada",
        "river": "Dilawari",
        "nearest_city": "Dhar",
        "seismic_zone": "II",
        "dam_type": "Earthfill Embankment",
        "height_m": 13.4,
        "length_m": 1074.0,
        "volume_content": 0.0,
        "gross_storage_capacity": 250000.0,
        "reservoir_area": 320000.0,
        "effective_storage_capacity": 250000.0,
        "purpose": "I",
        "designed_spillway_capacity": 37.5
      }
    },
    {
      "type": "Feature",
      "geometry": {
        "type": "Point",
        "coordinates": [
          79.43,
          22.77
        ]
      },
      "properties": {
        "name": "Dungariya",
        "operated_by": "Madhya Pradesh Water Resources Department",
        "year_completed": "1986",
        "river_basin": "Narmada",
        "river": "Kanera Nadi",
        "nearest_city": "Narsinghpur",
        "seismic_zone": "III",
        "dam_type": "Earthfill Embankment",
        "height_m": 19.66,
        "length_m": 153.0,
        "volume_content": 0.0,
        "gross_storage_capacity": 1029000.0,
        "reservoir_area": 371000.0,
        "effective_storage_capacity": 950000.0,
        "purpose": "I",
        "designed_spillway_capacity": 47.13
      }
    },
    {
      "type": "Feature",
      "geometry": {
        "type": "Point",
        "coordinates": [
          77.13,
          22.93
        ]
      },
      "properties": {
        "name": "Gurari",
        "operated_by": "Madhya Pradesh Water Resources Department",
        "year_completed": "1986",
        "river_basin": "Narmada",
        "river": "Kolar",
        "nearest_city": "Ichhwar",
        "seismic_zone": "II",
        "dam_type": "Earthfill Embankment",
        "height_m": 14.82,
        "length_m": 823.17,
        "volume_content": 0.0,
        "gross_storage_capacity": 1657000.0,
        "reservoir_area": 500000.0,
        "effective_storage_capacity": 1539000.0,
        "purpose": "I",
        "designed_spillway_capacity": 34.47
      }
    },
    {
      "type": "Feature",
      "geometry": {
        "type": "Point",
        "coordinates": [
          77.65,
          22.79
        ]
      },
      "properties": {
        "name": "Talpura",
        "operated_by": "Madhya Pradesh Water Resources Department",
        "year_completed": "1986",
        "river_basin": "Narmada",
        "river": "Local",
        "nearest_city": "Budhni",
        "seismic_zone": "III",
        "dam_type": "Earthfill Embankment",
        "height_m": 14.96,
        "length_m": 1215.0,
        "volume_content": 0.0,
        "gross_storage_capacity": 1510000.0,
        "reservoir_area": 535000.0,
        "effective_storage_capacity": 1326000.0,
        "purpose": "I",
        "designed_spillway_capacity": 15.0
      }
    },
    {
      "type": "Feature",
      "geometry": {
        "type": "Point",
        "coordinates": [
          80.23,
          23.31
        ]
      },
      "properties": {
        "name": "Patapra",
        "operated_by": "Madhya Pradesh Water Resources Department",
        "year_completed": "1986",
        "river_basin": "Narmada",
        "river": "Patpara",
        "nearest_city": "Jabalpur",
        "seismic_zone": "III",
        "dam_type": "Earthfill Embankment",
        "height_m": 38.86,
        "length_m": 823.0,
        "volume_content": 0.0,
        "gross_storage_capacity": 2309000.0,
        "reservoir_area": 560000.0,
        "effective_storage_capacity": 1927000.0,
        "purpose": "I",
        "designed_spillway_capacity": 93.0
      }
    },
    {
      "type": "Feature",
      "geometry": {
        "type": "Point",
        "coordinates": [
          80.57,
          22.52
        ]
      },
      "properties": {
        "name": "Matiyari",
        "operated_by": "Madhya Pradesh Water Resources Department",
        "year_completed": "1986",
        "river_basin": "Narmada",
        "river": "Matiyari",
        "nearest_city": "Mandla",
        "seismic_zone": "II",
        "dam_type": "Earthfill Embankment",
        "height_m": 33.66,
        "length_m": 1131.41,
        "volume_content": 0.0,
        "gross_storage_capacity": 56800000.0,
        "reservoir_area": 6790000.0,
        "effective_storage_capacity": 51120000.0,
        "purpose": "I",
        "designed_spillway_capacity": 1557.0
      }
    },
    {
      "type": "Feature",
      "geometry": {
        "type": "Point",
        "coordinates": [
          81.31,
          22.92
        ]
      },
      "properties": {
        "name": "Paladigwar",
        "operated_by": "Madhya Pradesh Water Resources Department",
        "year_completed": "1987",
        "river_basin": "Narmada",
        "river": "Paladigwar",
        "nearest_city": "Pushprajgarh",
        "seismic_zone": "II",
        "dam_type": "Earthfill Embankment",
        "height_m": 22.06,
        "length_m": 215.0,
        "volume_content": 564000.0,
        "gross_storage_capacity": 480000.0,
        "reservoir_area": 109200.0,
        "effective_storage_capacity": 400000.0,
        "purpose": "I",
        "designed_spillway_capacity": 46.89
      }
    },
    {
      "type": "Feature",
      "geometry": {
        "type": "Point",
        "coordinates": [
          74.89,
          21.69
        ]
      },
      "properties": {
        "name": "Nani Ziri",
        "operated_by": "Madhya Pradesh Water Resources Department",
        "year_completed": "1987",
        "river_basin": "Narmada",
        "river": "Local",
        "nearest_city": "Pansemal",
        "seismic_zone": "III",
        "dam_type": "Earthfill Embankment",
        "height_m": 15.72,
        "length_m": 213.0,
        "volume_content": 0.0,
        "gross_storage_capacity": 619550.0,
        "reservoir_area": 144540.0,
        "effective_storage_capacity": 562200.0,
        "purpose": "I",
        "designed_spillway_capacity": 52.33
      }
    },
    {
      "type": "Feature",
      "geometry": {
        "type": "Point",
        "coordinates": [
          77.97,
          22.2
        ]
      },
      "properties": {
        "name": "Temoru",
        "operated_by": "Madhya Pradesh Water Resources Department",
        "year_completed": "1987",
        "river_basin": "Narmada",
        "river": "Local",
        "nearest_city": "Betul",
        "seismic_zone": "III",
        "dam_type": "Earthfill Embankment",
        "height_m": 13.58,
        "length_m": 609.6,
        "volume_content": 0.0,
        "gross_storage_capacity": 480000.0,
        "reservoir_area": 182000.0,
        "effective_storage_capacity": 443000.0,
        "purpose": "I",
        "designed_spillway_capacity": 24.98
      }
    },
    {
      "type": "Feature",
      "geometry": {
        "type": "Point",
        "coordinates": [
          80.33,
          22.59
        ]
      },
      "properties": {
        "name": "Mohgaon Mali",
        "operated_by": "Madhya Pradesh Water Resources Department",
        "year_completed": "1987",
        "river_basin": "Narmada",
        "river": "Local",
        "nearest_city": "Mandla",
        "seismic_zone": "II",
        "dam_type": "Earthfill Embankment",
        "height_m": 10.13,
        "length_m": 720.0,
        "volume_content": 0.0,
        "gross_storage_capacity": 546000.0,
        "reservoir_area": 233200.0,
        "effective_storage_capacity": 484000.0,
        "purpose": "I",
        "designed_spillway_capacity": 38.45
      }
    },
    {
      "type": "Feature",
      "geometry": {
        "type": "Point",
        "coordinates": [
          74.76,
          21.86
        ]
      },
      "properties": {
        "name": "Gandhwal",
        "operated_by": "Madhya Pradesh Water Resources Department",
        "year_completed": "1987",
        "river_basin": "Narmada",
        "river": "Local",
        "nearest_city": "Barwani",
        "seismic_zone": "III",
        "dam_type": "Earthfill Embankment",
        "height_m": 17.75,
        "length_m": 425.0,
        "volume_content": 0.0,
        "gross_storage_capacity": 1229000.0,
        "reservoir_area": 240000.0,
        "effective_storage_capacity": 998000.0,
        "purpose": "I",
        "designed_spillway_capacity": 135.75
      }
    },
    {
      "type": "Feature",
      "geometry": {
        "type": "Point",
        "coordinates": [
          75.77,
          22.3
        ]
      },
      "properties": {
        "name": "Jamuniya (K)",
        "operated_by": "Madhya Pradesh Water Resources Department",
        "year_completed": "1987",
        "river_basin": "Narmada",
        "river": "Local",
        "nearest_city": "Maheshwar",
        "seismic_zone": "III",
        "dam_type": "Earthfill Embankment",
        "height_m": 12.15,
        "length_m": 640.0,
        "volume_content": 0.0,
        "gross_storage_capacity": 1292000.0,
        "reservoir_area": 473600.0,
        "effective_storage_capacity": 1185000.0,
        "purpose": "I",
        "designed_spillway_capacity": 86.99
      }
    },
    {
      "type": "Feature",
      "geometry": {
        "type": "Point",
        "coordinates": [
          79.23,
          22.6
        ]
      },
      "properties": {
        "name": "Harrai",
        "operated_by": "Madhya Pradesh Water Resources Department",
        "year_completed": "1987",
        "river_basin": "Narmada",
        "river": "Local",
        "nearest_city": "Amarwara",
        "seismic_zone": "III",
        "dam_type": "Earthfill Embankment",
        "height_m": 12.5,
        "length_m": 380.0,
        "volume_content": 111160.0,
        "gross_storage_capacity": 1749000.0,
        "reservoir_area": 513000.0,
        "effective_storage_capacity": 1613000.0,
        "purpose": "I",
        "designed_spillway_capacity": 115.0
      }
    },
    {
      "type": "Feature",
      "geometry": {
        "type": "Point",
        "coordinates": [
          75.68,
          21.99
        ]
      },
      "properties": {
        "name": "Utawad",
        "operated_by": "Madhya Pradesh Water Resources Department",
        "year_completed": "1987",
        "river_basin": "Narmada",
        "river": "Local",
        "nearest_city": "Kasrawad",
        "seismic_zone": "III",
        "dam_type": "Earthfill Embankment",
        "height_m": 22.39,
        "length_m": 450.0,
        "volume_content": 0.0,
        "gross_storage_capacity": 8052000.0,
        "reservoir_area": 1144000.0,
        "effective_storage_capacity": 5454000.0,
        "purpose": "I",
        "designed_spillway_capacity": 261.0
      }
    },
    {
      "type": "Feature",
      "geometry": {
        "type": "Point",
        "coordinates": [
          74.84,
          22.39
        ]
      },
      "properties": {
        "name": "Kundujeta",
        "operated_by": "Madhya Pradesh Water Resources Department",
        "year_completed": "1988",
        "river_basin": "Narmada",
        "river": "Devda Nala",
        "nearest_city": "Kukshi",
        "seismic_zone": "III",
        "dam_type": "Earthfill Embankment",
        "height_m": 22.15,
        "length_m": 150.0,
        "volume_content": 0.0,
        "gross_storage_capacity": 685000.0,
        "reservoir_area": 14360.0,
        "effective_storage_capacity": 618780.0,
        "purpose": "I",
        "designed_spillway_capacity": 554.0
      }
    },
    {
      "type": "Feature",
      "geometry": {
        "type": "Point",
        "coordinates": [
          74.88,
          22.01
        ]
      },
      "properties": {
        "name": "Nani Barwani",
        "operated_by": "Madhya Pradesh Water Resources Department",
        "year_completed": "1988",
        "river_basin": "Narmada",
        "river": "Local",
        "nearest_city": "Barwani",
        "seismic_zone": "III",
        "dam_type": "Earthfill Embankment",
        "height_m": 18.0,
        "length_m": 380.0,
        "volume_content": 0.0,
        "gross_storage_capacity": 589000.0,
        "reservoir_area": 120800.0,
        "effective_storage_capacity": 530000.0,
        "purpose": "I",
        "designed_spillway_capacity": 75.04
      }
    },
    {
      "type": "Feature",
      "geometry": {
        "type": "Point",
        "coordinates": [
          80.67,
          22.04
        ]
      },
      "properties": {
        "name": "Katiya Nalla",
        "operated_by": "Madhya Pradesh Water Resources Department",
        "year_completed": "1988",
        "river_basin": "Narmada",
        "river": "Local",
        "nearest_city": "Baihar",
        "seismic_zone": "II",
        "dam_type": "Earthfill Embankment",
        "height_m": 11.7,
        "length_m": 505.0,
        "volume_content": 0.0,
        "gross_storage_capacity": 533000.0,
        "reservoir_area": 185000.0,
        "effective_storage_capacity": 456000.0,
        "purpose": "I",
        "designed_spillway_capacity": 34.72
      }
    },
    {
      "type": "Feature",
      "geometry": {
        "type": "Point",
        "coordinates": [
          76.12,
          21.88
        ]
      },
      "properties": {
        "name": "Sundrel",
        "operated_by": "Madhya Pradesh Water Resources Department",
        "year_completed": "1988",
        "river_basin": "Narmada",
        "river": "Local",
        "nearest_city": "Bhikangaon",
        "seismic_zone": "III",
        "dam_type": "Earthfill Embankment",
        "height_m": 12.6,
        "length_m": 1035.0,
        "volume_content": 0.0,
        "gross_storage_capacity": 874000.0,
        "reservoir_area": 280000.0,
        "effective_storage_capacity": 785000.0,
        "purpose": "I",
        "designed_spillway_capacity": 60.3
      }
    },
    {
      "type": "Feature",
      "geometry": {
        "type": "Point",
        "coordinates": [
          74.69,
          22.14
        ]
      },
      "properties": {
        "name": "Bodwania T-2",
        "operated_by": "Madhya Pradesh Water Resources Department",
        "year_completed": "1988",
        "river_basin": "Narmada",
        "river": "Local",
        "nearest_city": "Dhar",
        "seismic_zone": "III",
        "dam_type": "Earthfill Embankment",
        "height_m": 22.8,
        "length_m": 265.0,
        "volume_content": 0.0,
        "gross_storage_capacity": 415530.0,
        "reservoir_area": 316000.0,
        "effective_storage_capacity": 375000.0,
        "purpose": "I",
        "designed_spillway_capacity": 59.0
      }
    },
    {
      "type": "Feature",
      "geometry": {
        "type": "Point",
        "coordinates": [
          75.66,
          22.43
        ]
      },
      "properties": {
        "name": "Bargone",
        "operated_by": "Madhya Pradesh Water Resources Department",
        "year_completed": "1988",
        "river_basin": "Narmada",
        "river": "Koram",
        "nearest_city": "Mhow",
        "seismic_zone": "II",
        "dam_type": "Earthfill Embankment",
        "height_m": 21.94,
        "length_m": 780.0,
        "volume_content": 0.0,
        "gross_storage_capacity": 1845000.0,
        "reservoir_area": 425800.0,
        "effective_storage_capacity": 1590000.0,
        "purpose": "I",
        "designed_spillway_capacity": 116.0
      }
    },
    {
      "type": "Feature",
      "geometry": {
        "type": "Point",
        "coordinates": [
          76.05,
          21.86
        ]
      },
      "properties": {
        "name": "Sultanpur",
        "operated_by": "Madhya Pradesh Water Resources Department",
        "year_completed": "1988",
        "river_basin": "Narmada",
        "river": "Avar Nadi",
        "nearest_city": "Bhikangaon",
        "seismic_zone": "III",
        "dam_type": "Earthfill Embankment",
        "height_m": 14.06,
        "length_m": 632.0,
        "volume_content": 0.0,
        "gross_storage_capacity": 2312000.0,
        "reservoir_area": 634000.0,
        "effective_storage_capacity": 2071000.0,
        "purpose": "I",
        "designed_spillway_capacity": 120.4
      }
    },
    {
      "type": "Feature",
      "geometry": {
        "type": "Point",
        "coordinates": [
          75.2,
          21.78
        ]
      },
      "properties": {
        "name": "Takli",
        "operated_by": "Madhya Pradesh Water Resources Department",
        "year_completed": "1988",
        "river_basin": "Narmada",
        "river": "Local",
        "nearest_city": "Rajpur",
        "seismic_zone": "III",
        "dam_type": "Earthfill Embankment",
        "height_m": 21.05,
        "length_m": 360.0,
        "volume_content": 0.0,
        "gross_storage_capacity": 3149000.0,
        "reservoir_area": 821000.0,
        "effective_storage_capacity": 2879000.0,
        "purpose": "I",
        "designed_spillway_capacity": 414.81
      }
    },
    {
      "type": "Feature",
      "geometry": {
        "type": "Point",
        "coordinates": [
          75.12,
          22.19
        ]
      },
      "properties": {
        "name": "Zot Khedi",
        "operated_by": "Madhya Pradesh Water Resources Department",
        "year_completed": "1988",
        "river_basin": "Narmada",
        "river": "Local",
        "nearest_city": "Mandsaur",
        "seismic_zone": "III",
        "dam_type": "Earthfill Embankment",
        "height_m": 12.95,
        "length_m": 715.0,
        "volume_content": 0.0,
        "gross_storage_capacity": 2658000.0,
        "reservoir_area": 871000.0,
        "effective_storage_capacity": 2327000.0,
        "purpose": "I",
        "designed_spillway_capacity": 135.0
      }
    },
    {
      "type": "Feature",
      "geometry": {
        "type": "Point",
        "coordinates": [
          75.65,
          21.63
        ]
      },
      "properties": {
        "name": "Banganga",
        "operated_by": "Madhya Pradesh Water Resources Department",
        "year_completed": "1988",
        "river_basin": "Narmada",
        "river": "Rohini Nadi",
        "nearest_city": "Bhagwanpur",
        "seismic_zone": "III",
        "dam_type": "Earthfill Embankment",
        "height_m": 23.8,
        "length_m": 539.0,
        "volume_content": 0.0,
        "gross_storage_capacity": 7580000.0,
        "reservoir_area": 1200000.0,
        "effective_storage_capacity": 5268000.0,
        "purpose": "I",
        "designed_spillway_capacity": 366.0
      }
    },
    {
      "type": "Feature",
      "geometry": {
        "type": "Point",
        "coordinates": [
          75.76,
          22.42
        ]
      },
      "properties": {
        "name": "Choral",
        "operated_by": "Madhya Pradesh Water Resources Department",
        "year_completed": "1988",
        "river_basin": "Narmada",
        "river": "Choral",
        "nearest_city": "Mhow",
        "seismic_zone": "III",
        "dam_type": "Earthfill Embankment",
        "height_m": 30.7,
        "length_m": 620.0,
        "volume_content": 0.0,
        "gross_storage_capacity": 23920000.0,
        "reservoir_area": 2742000.0,
        "effective_storage_capacity": 19231000.0,
        "purpose": "I",
        "designed_spillway_capacity": 469.0
      }
    },
    {
      "type": "Feature",
      "geometry": {
        "type": "Point",
        "coordinates": [
          75.64,
          21.6
        ]
      },
      "properties": {
        "name": "Dejala Dewda",
        "operated_by": "Madhya Pradesh Water Resources Department",
        "year_completed": "1988",
        "river_basin": "Narmada",
        "river": "Dejla",
        "nearest_city": "Bhagwanpur",
        "seismic_zone": "III",
        "dam_type": "Earthfill Embankment",
        "height_m": 35.2,
        "length_m": 1845.0,
        "volume_content": 0.0,
        "gross_storage_capacity": 56350000.0,
        "reservoir_area": 6254000.0,
        "effective_storage_capacity": 52029000.0,
        "purpose": "I/F",
        "designed_spillway_capacity": 2492.0
      }
    },
    {
      "type": "Feature",
      "geometry": {
        "type": "Point",
        "coordinates": [
          77.34,
          22.96
        ]
      },
      "properties": {
        "name": "Kolar",
        "operated_by": "Madhya Pradesh Water Resources Department",
        "year_completed": "1990",
        "river_basin": "Narmada",
        "river": "Kolar",
        "nearest_city": "Sehore",
        "seismic_zone": "II",
        "dam_type": "Composite Concrete and Earth fill",
        "height_m": 45.0,
        "length_m": 1020.0,
        "volume_content": 2790000.0,
        "gross_storage_capacity": 270000000.0,
        "reservoir_area": 23800000.0,
        "effective_storage_capacity": 265000000.0,
        "purpose": "I/S",
        "designed_spillway_capacity": 8605.0
      }
    },
    {
      "type": "Feature",
      "geometry": {
        "type": "Point",
        "coordinates": [
          80.13,
          23.18
        ]
      },
      "properties": {
        "name": "Mehgawan",
        "operated_by": "Madhya Pradesh Water Resources Department",
        "year_completed": "1988",
        "river_basin": "Narmada",
        "river": "Local",
        "nearest_city": "Jabalpur",
        "seismic_zone": "III",
        "dam_type": "Earthfill Embankment",
        "height_m": 23.92,
        "length_m": 575.0,
        "volume_content": 0.0,
        "gross_storage_capacity": 1782000.0,
        "reservoir_area": 0.0,
        "effective_storage_capacity": 0.0,
        "purpose": "I/F",
        "designed_spillway_capacity": 61.22
      }
    },
    {
      "type": "Feature",
      "geometry": {
        "type": "Point",
        "coordinates": [
          75.07,
          22.34
        ]
      },
      "properties": {
        "name": "Jam Talai Tank",
        "operated_by": "Madhya Pradesh Water Resources Department",
        "year_completed": "1989",
        "river_basin": "Narmada",
        "river": "Local",
        "nearest_city": "Manawar",
        "seismic_zone": "III",
        "dam_type": "Earthfill Embankment",
        "height_m": 16.33,
        "length_m": 550.0,
        "volume_content": 0.0,
        "gross_storage_capacity": 218000.0,
        "reservoir_area": 86000.0,
        "effective_storage_capacity": 198000.0,
        "purpose": "I",
        "designed_spillway_capacity": 29.0
      }
    },
    {
      "type": "Feature",
      "geometry": {
        "type": "Point",
        "coordinates": [
          80.53,
          22.11
        ]
      },
      "properties": {
        "name": "Tumadibhat",
        "operated_by": "Madhya Pradesh Water Resources Department",
        "year_completed": "1989",
        "river_basin": "Narmada",
        "river": "Local",
        "nearest_city": "Baihar",
        "seismic_zone": "III",
        "dam_type": "Earthfill Embankment",
        "height_m": 10.97,
        "length_m": 810.0,
        "volume_content": 0.0,
        "gross_storage_capacity": 674000.0,
        "reservoir_area": 202000.0,
        "effective_storage_capacity": 634000.0,
        "purpose": "I",
        "designed_spillway_capacity": 48.48
      }
    },
    {
      "type": "Feature",
      "geometry": {
        "type": "Point",
        "coordinates": [
          80.44,
          23.03
        ]
      },
      "properties": {
        "name": "Karondi",
        "operated_by": "Madhya Pradesh Water Resources Department",
        "year_completed": "1989",
        "river_basin": "Narmada",
        "river": "Local",
        "nearest_city": "Niwas",
        "seismic_zone": "III",
        "dam_type": "Earthfill Embankment",
        "height_m": 17.1,
        "length_m": 150.0,
        "volume_content": 0.0,
        "gross_storage_capacity": 250000.0,
        "reservoir_area": 0.0,
        "effective_storage_capacity": 0.0,
        "purpose": "I",
        "designed_spillway_capacity": 17.25
      }
    },
    {
      "type": "Feature",
      "geometry": {
        "type": "Point",
        "coordinates": [
          79.98,
          23.1
        ]
      },
      "properties": {
        "name": "Padariya",
        "operated_by": "Madhya Pradesh Water Resources Department",
        "year_completed": "1990",
        "river_basin": "Narmada",
        "river": "Local",
        "nearest_city": "Dindori",
        "seismic_zone": "III",
        "dam_type": "Earthfill Embankment",
        "height_m": 16.13,
        "length_m": 622.0,
        "volume_content": 0.0,
        "gross_storage_capacity": 635000.0,
        "reservoir_area": 145000.0,
        "effective_storage_capacity": 559000.0,
        "purpose": "I",
        "designed_spillway_capacity": 46.34
      }
    },
    {
      "type": "Feature",
      "geometry": {
        "type": "Point",
        "coordinates": [
          79.19,
          22.82
        ]
      },
      "properties": {
        "name": "Data Dongari",
        "operated_by": "Madhya Pradesh Water Resources Department",
        "year_completed": "1990",
        "river_basin": "Narmada",
        "river": "Local",
        "nearest_city": "Narsimhapur",
        "seismic_zone": "III",
        "dam_type": "Earthfill Embankment",
        "height_m": 20.32,
        "length_m": 457.0,
        "volume_content": 0.0,
        "gross_storage_capacity": 1006000.0,
        "reservoir_area": 166000.0,
        "effective_storage_capacity": 897000.0,
        "purpose": "I",
        "designed_spillway_capacity": 91.46
      }
    },
    {
      "type": "Feature",
      "geometry": {
        "type": "Point",
        "coordinates": [
          80.93,
          23.26
        ]
      },
      "properties": {
        "name": "Murgiri",
        "operated_by": "Madhya Pradesh Water Resources Department",
        "year_completed": "1990",
        "river_basin": "Narmada",
        "river": "Ghatprabha",
        "nearest_city": "Sambalpur",
        "seismic_zone": "II",
        "dam_type": "Earthfill Embankment",
        "height_m": 19.21,
        "length_m": 795.0,
        "volume_content": 0.0,
        "gross_storage_capacity": 773000.0,
        "reservoir_area": 180000.0,
        "effective_storage_capacity": 722000.0,
        "purpose": "I",
        "designed_spillway_capacity": 38.0
      }
    },
    {
      "type": "Feature",
      "geometry": {
        "type": "Point",
        "coordinates": [
          76.19,
          22.05
        ]
      },
      "properties": {
        "name": "Kotalyakhedi",
        "operated_by": "Madhya Pradesh Water Resources Department",
        "year_completed": "1990",
        "river_basin": "Narmada",
        "river": "Local",
        "nearest_city": "Barwaha",
        "seismic_zone": "III",
        "dam_type": "Earthfill Embankment",
        "height_m": 12.1,
        "length_m": 1530.0,
        "volume_content": 0.0,
        "gross_storage_capacity": 1429000.0,
        "reservoir_area": 338000.0,
        "effective_storage_capacity": 1094000.0,
        "purpose": "I",
        "designed_spillway_capacity": 66.0
      }
    },
    {
      "type": "Feature",
      "geometry": {
        "type": "Point",
        "coordinates": [
          75.12,
          21.63
        ]
      },
      "properties": {
        "name": "Segvi",
        "operated_by": "Madhya Pradesh Water Resources Department",
        "year_completed": "1990",
        "river_basin": "Narmada",
        "river": "Debrya Nalla",
        "nearest_city": "Sendhwa",
        "seismic_zone": "III",
        "dam_type": "Earthfill Embankment",
        "height_m": 20.91,
        "length_m": 540.0,
        "volume_content": 0.0,
        "gross_storage_capacity": 3400000.0,
        "reservoir_area": 704000.0,
        "effective_storage_capacity": 2968000.0,
        "purpose": "I",
        "designed_spillway_capacity": 266.0
      }
    },
    {
      "type": "Feature",
      "geometry": {
        "type": "Point",
        "coordinates": [
          75.74,
          21.64
        ]
      },
      "properties": {
        "name": "Gadigaltar",
        "operated_by": "Madhya Pradesh Water Resources Department",
        "year_completed": "1990",
        "river_basin": "Narmada",
        "river": "Undri Nadi",
        "nearest_city": "Bhagwanpur",
        "seismic_zone": "III",
        "dam_type": "Earthfill Embankment",
        "height_m": 23.19,
        "length_m": 873.0,
        "volume_content": 0.0,
        "gross_storage_capacity": 15545000.0,
        "reservoir_area": 2080000.0,
        "effective_storage_capacity": 10500000.0,
        "purpose": "I",
        "designed_spillway_capacity": 728.0
      }
    },
    {
      "type": "Feature",
      "geometry": {
        "type": "Point",
        "coordinates": [
          79.99,
          23.11
        ]
      },
      "properties": {
        "name": "Tilhari",
        "operated_by": "Madhya Pradesh Water Resources Department",
        "year_completed": "1990",
        "river_basin": "Narmada",
        "river": "Local",
        "nearest_city": "Sambalpur",
        "seismic_zone": "III",
        "dam_type": "Earthfill Embankment",
        "height_m": 18.44,
        "length_m": 594.0,
        "volume_content": 0.0,
        "gross_storage_capacity": 0.0,
        "reservoir_area": 0.0,
        "effective_storage_capacity": 0.0,
        "purpose": "I",
        "designed_spillway_capacity": 99.45
      }
    },
    {
      "type": "Feature",
      "geometry": {
        "type": "Point",
        "coordinates": [
          75.77,
          22.32
        ]
      },
      "properties": {
        "name": "Hathidagar",
        "operated_by": "Madhya Pradesh Water Resources Department",
        "year_completed": "1991",
        "river_basin": "Narmada",
        "river": "Local",
        "nearest_city": "Maheshwar",
        "seismic_zone": "III",
        "dam_type": "Earthfill Embankment",
        "height_m": 18.2,
        "length_m": 435.0,
        "volume_content": 0.0,
        "gross_storage_capacity": 1231000.0,
        "reservoir_area": 52000.0,
        "effective_storage_capacity": 1109000.0,
        "purpose": "I",
        "designed_spillway_capacity": 78.0
      }
    },
    {
      "type": "Feature",
      "geometry": {
        "type": "Point",
        "coordinates": [
          79.15,
          22.6
        ]
      },
      "properties": {
        "name": "Moursani",
        "operated_by": "Madhya Pradesh Water Resources Department",
        "year_completed": "1991",
        "river_basin": "Narmada",
        "river": "Local",
        "nearest_city": "Amarwara",
        "seismic_zone": "III",
        "dam_type": "Earthfill Embankment",
        "height_m": 12.5,
        "length_m": 501.0,
        "volume_content": 76240.0,
        "gross_storage_capacity": 442000.0,
        "reservoir_area": 99900.0,
        "effective_storage_capacity": 410000.0,
        "purpose": "I",
        "designed_spillway_capacity": 37.0
      }
    },
    {
      "type": "Feature",
      "geometry": {
        "type": "Point",
        "coordinates": [
          75.2,
          22.33
        ]
      },
      "properties": {
        "name": "Buharla Tank",
        "operated_by": "Madhya Pradesh Water Resources Department",
        "year_completed": "1991",
        "river_basin": "Narmada",
        "river": "Local",
        "nearest_city": "Manawar",
        "seismic_zone": "III",
        "dam_type": "Earthfill Embankment",
        "height_m": 12.95,
        "length_m": 795.0,
        "volume_content": 0.0,
        "gross_storage_capacity": 510000.0,
        "reservoir_area": 148000.0,
        "effective_storage_capacity": 426000.0,
        "purpose": "I",
        "designed_spillway_capacity": 28.5
      }
    },
    {
      "type": "Feature",
      "geometry": {
        "type": "Point",
        "coordinates": [
          79.15,
          22.81
        ]
      },
      "properties": {
        "name": "Kishanpur",
        "operated_by": "Madhya Pradesh Water Resources Department",
        "year_completed": "1991",
        "river_basin": "Narmada",
        "river": "Local",
        "nearest_city": "Narsinghpur",
        "seismic_zone": "III",
        "dam_type": "Earthfill Embankment",
        "height_m": 17.47,
        "length_m": 277.0,
        "volume_content": 95000.0,
        "gross_storage_capacity": 1485000.0,
        "reservoir_area": 290000.0,
        "effective_storage_capacity": 1337000.0,
        "purpose": "I",
        "designed_spillway_capacity": 71.0
      }
    },
    {
      "type": "Feature",
      "geometry": {
        "type": "Point",
        "coordinates": [
          77.74,
          22.0
        ]
      },
      "properties": {
        "name": "Khokhara",
        "operated_by": "Madhya Pradesh Water Resources Department",
        "year_completed": "1991",
        "river_basin": "Narmada",
        "river": "Local",
        "nearest_city": "Betul",
        "seismic_zone": "III",
        "dam_type": "Earthfill Embankment",
        "height_m": 11.92,
        "length_m": 778.0,
        "volume_content": 0.0,
        "gross_storage_capacity": 1104000.0,
        "reservoir_area": 438000.0,
        "effective_storage_capacity": 933000.0,
        "purpose": "I",
        "designed_spillway_capacity": 58.0
      }
    },
    {
      "type": "Feature",
      "geometry": {
        "type": "Point",
        "coordinates": [
          76.54,
          22.62
        ]
      },
      "properties": {
        "name": "Taklikheda",
        "operated_by": "Madhya Pradesh Water Resources Department",
        "year_completed": "1991",
        "river_basin": "Narmada",
        "river": "Local",
        "nearest_city": "Dewas",
        "seismic_zone": "III",
        "dam_type": "Earthfill Embankment",
        "height_m": 10.55,
        "length_m": 1260.0,
        "volume_content": 0.0,
        "gross_storage_capacity": 1715300.0,
        "reservoir_area": 665500.0,
        "effective_storage_capacity": 1557200.0,
        "purpose": "I",
        "designed_spillway_capacity": 77.0
      }
    },
    {
      "type": "Feature",
      "geometry": {
        "type": "Point",
        "coordinates": [
          77.1,
          22.75
        ]
      },
      "properties": {
        "name": "Manjikhedi",
        "operated_by": "Madhya Pradesh Water Resources Department",
        "year_completed": "1991",
        "river_basin": "Narmada",
        "river": "Local",
        "nearest_city": "Nasrullahganj",
        "seismic_zone": "III",
        "dam_type": "Earthfill Embankment",
        "height_m": 19.76,
        "length_m": 832.1,
        "volume_content": 0.0,
        "gross_storage_capacity": 2740000.0,
        "reservoir_area": 690000.0,
        "effective_storage_capacity": 2556000.0,
        "purpose": "I",
        "designed_spillway_capacity": 88.46
      }
    },
    {
      "type": "Feature",
      "geometry": {
        "type": "Point",
        "coordinates": [
          78.69,
          22.59
        ]
      },
      "properties": {
        "name": "Deogaon",
        "operated_by": "Madhya Pradesh Water Resources Department",
        "year_completed": "1991",
        "river_basin": "Narmada",
        "river": "Local",
        "nearest_city": "Parasia",
        "seismic_zone": "III",
        "dam_type": "Earthfill Embankment",
        "height_m": 17.43,
        "length_m": 1410.0,
        "volume_content": 142170.0,
        "gross_storage_capacity": 412000.0,
        "reservoir_area": 1383000.0,
        "effective_storage_capacity": 378000.0,
        "purpose": "I",
        "designed_spillway_capacity": 182.8
      }
    },
    {
      "type": "Feature",
      "geometry": {
        "type": "Point",
        "coordinates": [
          80.44,
          22.93
        ]
      },
      "properties": {
        "name": "Hydrayasaha",
        "operated_by": "Madhya Pradesh Water Resources Department",
        "year_completed": "1991",
        "river_basin": "Narmada",
        "river": "Local",
        "nearest_city": "Niwas",
        "seismic_zone": "II",
        "dam_type": "Earthfill Embankment",
        "height_m": 13.33,
        "length_m": 754.0,
        "volume_content": 0.0,
        "gross_storage_capacity": 1100000.0,
        "reservoir_area": 0.0,
        "effective_storage_capacity": 0.0,
        "purpose": "I",
        "designed_spillway_capacity": 0.0
      }
    },
    {
      "type": "Feature",
      "geometry": {
        "type": "Point",
        "coordinates": [
          75.26,
          21.83
        ]
      },
      "properties": {
        "name": "Bhorwada Tank",
        "operated_by": "Madhya Pradesh Water Resources Department",
        "year_completed": "1992",
        "river_basin": "Narmada",
        "river": "Local",
        "nearest_city": "Rajpur",
        "seismic_zone": "III",
        "dam_type": "Earthfill Embankment",
        "height_m": 18.74,
        "length_m": 310.0,
        "volume_content": 0.0,
        "gross_storage_capacity": 449000.0,
        "reservoir_area": 99100.0,
        "effective_storage_capacity": 445000.0,
        "purpose": "I",
        "designed_spillway_capacity": 309.09
      }
    },
    {
      "type": "Feature",
      "geometry": {
        "type": "Point",
        "coordinates": [
          81.14,
          22.72
        ]
      },
      "properties": {
        "name": "Noosa",
        "operated_by": "Madhya Pradesh Water Resources Department",
        "year_completed": "1992",
        "river_basin": "Narmada",
        "river": "Local",
        "nearest_city": "Dindori",
        "seismic_zone": "III",
        "dam_type": "Earthfill Embankment",
        "height_m": 18.68,
        "length_m": 701.0,
        "volume_content": 0.0,
        "gross_storage_capacity": 920000.0,
        "reservoir_area": 260000.0,
        "effective_storage_capacity": 814000.0,
        "purpose": "I",
        "designed_spillway_capacity": 59.0
      }
    },
    {
      "type": "Feature",
      "geometry": {
        "type": "Point",
        "coordinates": [
          74.23,
          22.32
        ]
      },
      "properties": {
        "name": "Mordhi",
        "operated_by": "Madhya Pradesh Water Resources Department",
        "year_completed": "1992",
        "river_basin": "Narmada",
        "river": "Local",
        "nearest_city": "Alirajpur",
        "seismic_zone": "III",
        "dam_type": "Earthfill Embankment",
        "height_m": 15.9,
        "length_m": 495.0,
        "volume_content": 98000.0,
        "gross_storage_capacity": 1855000.0,
        "reservoir_area": 475000.0,
        "effective_storage_capacity": 1553000.0,
        "purpose": "I",
        "designed_spillway_capacity": 131.0
      }
    },
    {
      "type": "Feature",
      "geometry": {
        "type": "Point",
        "coordinates": [
          75.22,
          22.3
        ]
      },
      "properties": {
        "name": "Bhamori Tank",
        "operated_by": "Madhya Pradesh Water Resources Department",
        "year_completed": "1992",
        "river_basin": "Narmada",
        "river": "Local",
        "nearest_city": "Manawar",
        "seismic_zone": "III",
        "dam_type": "Earthfill Embankment",
        "height_m": 16.15,
        "length_m": 406.0,
        "volume_content": 0.0,
        "gross_storage_capacity": 364000.0,
        "reservoir_area": 862000.0,
        "effective_storage_capacity": 245000.0,
        "purpose": "I",
        "designed_spillway_capacity": 174.28
      }
    },
    {
      "type": "Feature",
      "geometry": {
        "type": "Point",
        "coordinates": [
          74.75,
          22.44
        ]
      },
      "properties": {
        "name": "Dhamoi",
        "operated_by": "Madhya Pradesh Water Resources Department",
        "year_completed": "1992",
        "river_basin": "Narmada",
        "river": "Local",
        "nearest_city": "Jhabua",
        "seismic_zone": "III",
        "dam_type": "Earthfill Embankment",
        "height_m": 10.06,
        "length_m": 440.0,
        "volume_content": 0.0,
        "gross_storage_capacity": 7345000.0,
        "reservoir_area": 863000.0,
        "effective_storage_capacity": 6672000.0,
        "purpose": "I",
        "designed_spillway_capacity": 429.5
      }
    },
    {
      "type": "Feature",
      "geometry": {
        "type": "Point",
        "coordinates": [
          78.01,
          22.03
        ]
      },
      "properties": {
        "name": "Ranipur",
        "operated_by": "Madhya Pradesh Water Resources Department",
        "year_completed": "1992",
        "river_basin": "Narmada",
        "river": "Mundawani",
        "nearest_city": "Betul",
        "seismic_zone": "III",
        "dam_type": "Earthfill Embankment",
        "height_m": 23.86,
        "length_m": 774.0,
        "volume_content": 0.0,
        "gross_storage_capacity": 9650000.0,
        "reservoir_area": 942000.0,
        "effective_storage_capacity": 9350000.0,
        "purpose": "I",
        "designed_spillway_capacity": 225.0
      }
    },
    {
      "type": "Feature",
      "geometry": {
        "type": "Point",
        "coordinates": [
          77.58,
          22.79
        ]
      },
      "properties": {
        "name": "Khandawad",
        "operated_by": "Madhya Pradesh Water Resources Department",
        "year_completed": "1992",
        "river_basin": "Narmada",
        "river": "Local",
        "nearest_city": "Budhni",
        "seismic_zone": "III",
        "dam_type": "Earthfill Embankment",
        "height_m": 11.46,
        "length_m": 1350.0,
        "volume_content": 0.0,
        "gross_storage_capacity": 3030000.0,
        "reservoir_area": 1140000.0,
        "effective_storage_capacity": 2833000.0,
        "purpose": "I",
        "designed_spillway_capacity": 90.33
      }
    },
    {
      "type": "Feature",
      "geometry": {
        "type": "Point",
        "coordinates": [
          74.69,
          21.94
        ]
      },
      "properties": {
        "name": "Vervada",
        "operated_by": "Madhya Pradesh Water Resources Department",
        "year_completed": "1993",
        "river_basin": "Narmada",
        "river": "Local",
        "nearest_city": "Barwani",
        "seismic_zone": "III",
        "dam_type": "Earthfill Embankment",
        "height_m": 21.65,
        "length_m": 300.0,
        "volume_content": 0.0,
        "gross_storage_capacity": 2039000.0,
        "reservoir_area": 29000.0,
        "effective_storage_capacity": 1841000.0,
        "purpose": "I",
        "designed_spillway_capacity": 289.0
      }
    },
    {
      "type": "Feature",
      "geometry": {
        "type": "Point",
        "coordinates": [
          74.28,
          22.31
        ]
      },
      "properties": {
        "name": "Ambari",
        "operated_by": "Madhya Pradesh Water Resources Department",
        "year_completed": "1993",
        "river_basin": "Narmada",
        "river": "Local",
        "nearest_city": "Alirajpur",
        "seismic_zone": "III",
        "dam_type": "Earthfill Embankment",
        "height_m": 11.9,
        "length_m": 655.0,
        "volume_content": 83000.0,
        "gross_storage_capacity": 1340000.0,
        "reservoir_area": 444000.0,
        "effective_storage_capacity": 1146000.0,
        "purpose": "I",
        "designed_spillway_capacity": 94.0
      }
    },
    {
      "type": "Feature",
      "geometry": {
        "type": "Point",
        "coordinates": [
          78.53,
          22.37
        ]
      },
      "properties": {
        "name": "Bangai",
        "operated_by": "Madhya Pradesh Water Resources Department",
        "year_completed": "1993",
        "river_basin": "Narmada",
        "river": "Local",
        "nearest_city": "Parasia",
        "seismic_zone": "III",
        "dam_type": "Earthfill Embankment",
        "height_m": 27.44,
        "length_m": 480.0,
        "volume_content": 138850.0,
        "gross_storage_capacity": 3650000.0,
        "reservoir_area": 788300.0,
        "effective_storage_capacity": 2877000.0,
        "purpose": "I",
        "designed_spillway_capacity": 198.0
      }
    },
    {
      "type": "Feature",
      "geometry": {
        "type": "Point",
        "coordinates": [
          77.84,
          22.46
        ]
      },
      "properties": {
        "name": "Bhamkapura",
        "operated_by": "Madhya Pradesh Water Resources Department",
        "year_completed": "1994",
        "river_basin": "Narmada",
        "river": "Local",
        "nearest_city": "Itarsi",
        "seismic_zone": "III",
        "dam_type": "Earthfill Embankment",
        "height_m": 10.21,
        "length_m": 870.0,
        "volume_content": 0.0,
        "gross_storage_capacity": 510000.0,
        "reservoir_area": 245300.0,
        "effective_storage_capacity": 460000.0,
        "purpose": "I",
        "designed_spillway_capacity": 31.95
      }
    },
    {
      "type": "Feature",
      "geometry": {
        "type": "Point",
        "coordinates": [
          75.04,
          21.69
        ]
      },
      "properties": {
        "name": "Borli",
        "operated_by": "Madhya Pradesh Water Resources Department",
        "year_completed": "1994",
        "river_basin": "Narmada",
        "river": "goi",
        "nearest_city": "Pansemal",
        "seismic_zone": "III",
        "dam_type": "Earthfill Embankment",
        "height_m": 16.1,
        "length_m": 315.0,
        "volume_content": 0.0,
        "gross_storage_capacity": 1179430.0,
        "reservoir_area": 278110.0,
        "effective_storage_capacity": 1090400.0,
        "purpose": "I",
        "designed_spillway_capacity": 82.87
      }
    },
    {
      "type": "Feature",
      "geometry": {
        "type": "Point",
        "coordinates": [
          80.52,
          22.6
        ]
      },
      "properties": {
        "name": "Chikhlatola",
        "operated_by": "Madhya Pradesh Water Resources Department",
        "year_completed": "1994",
        "river_basin": "Narmada",
        "river": "Local",
        "nearest_city": "Mandla",
        "seismic_zone": "II",
        "dam_type": "Earthfill Embankment",
        "height_m": 10.0,
        "length_m": 1020.0,
        "volume_content": 129000.0,
        "gross_storage_capacity": 1350000.0,
        "reservoir_area": 412000.0,
        "effective_storage_capacity": 1280000.0,
        "purpose": "I/F",
        "designed_spillway_capacity": 59.0
      }
    },
    {
      "type": "Feature",
      "geometry": {
        "type": "Point",
        "coordinates": [
          75.74,
          21.64
        ]
      },
      "properties": {
        "name": "Bhadwali",
        "operated_by": "Madhya Pradesh Water Resources Department",
        "year_completed": "1994",
        "river_basin": "Narmada",
        "river": "Local",
        "nearest_city": "Kasrawad",
        "seismic_zone": "III",
        "dam_type": "Earthfill Embankment",
        "height_m": 20.98,
        "length_m": 1635.0,
        "volume_content": 253000.0,
        "gross_storage_capacity": 2443000.0,
        "reservoir_area": 585000.0,
        "effective_storage_capacity": 2201000.0,
        "purpose": "I",
        "designed_spillway_capacity": 177.0
      }
    },
    {
      "type": "Feature",
      "geometry": {
        "type": "Point",
        "coordinates": [
          80.27,
          23.1
        ]
      },
      "properties": {
        "name": "Kohani Deori",
        "operated_by": "Madhya Pradesh Water Resources Department",
        "year_completed": "1995",
        "river_basin": "Narmada",
        "river": "Local",
        "nearest_city": "Niwas",
        "seismic_zone": "III",
        "dam_type": "Earthfill Embankment",
        "height_m": 15.6,
        "length_m": 200.0,
        "volume_content": 0.0,
        "gross_storage_capacity": 615000.0,
        "reservoir_area": 41420.0,
        "effective_storage_capacity": 556000.0,
        "purpose": "I",
        "designed_spillway_capacity": 0.0
      }
    },
    {
      "type": "Feature",
      "geometry": {
        "type": "Point",
        "coordinates": [
          75.15,
          21.88
        ]
      },
      "properties": {
        "name": "Salkheda",
        "operated_by": "Madhya Pradesh Water Resources Department",
        "year_completed": "1995",
        "river_basin": "Narmada",
        "river": "nahali nadi",
        "nearest_city": "Rajpur",
        "seismic_zone": "III",
        "dam_type": "Earthfill Embankment",
        "height_m": 18.15,
        "length_m": 870.0,
        "volume_content": 0.0,
        "gross_storage_capacity": 4460000.0,
        "reservoir_area": 1434660.0,
        "effective_storage_capacity": 3916000.0,
        "purpose": "I",
        "designed_spillway_capacity": 428.0
      }
    },
    {
      "type": "Feature",
      "geometry": {
        "type": "Point",
        "coordinates": [
          76.05,
          21.95
        ]
      },
      "properties": {
        "name": "Machhalgaon",
        "operated_by": "Madhya Pradesh Water Resources Department",
        "year_completed": "1997",
        "river_basin": "Narmada",
        "river": "Local",
        "nearest_city": "Bhikangaon",
        "seismic_zone": "III",
        "dam_type": "Earthfill Embankment",
        "height_m": 14.65,
        "length_m": 405.0,
        "volume_content": 90000.0,
        "gross_storage_capacity": 1274000.0,
        "reservoir_area": 307000.0,
        "effective_storage_capacity": 1203000.0,
        "purpose": "I",
        "designed_spillway_capacity": 80.0
      }
    },
    {
      "type": "Feature",
      "geometry": {
        "type": "Point",
        "coordinates": [
          77.35,
          22.92
        ]
      },
      "properties": {
        "name": "Jhalpipli",
        "operated_by": "Madhya Pradesh Water Resources Department",
        "year_completed": "1997",
        "river_basin": "Narmada",
        "river": "utwali",
        "nearest_city": "Ichhwar",
        "seismic_zone": "II",
        "dam_type": "Earthfill Embankment",
        "height_m": 21.27,
        "length_m": 274.32,
        "volume_content": 0.0,
        "gross_storage_capacity": 1250570.0,
        "reservoir_area": 313070.0,
        "effective_storage_capacity": 1142570.0,
        "purpose": "I",
        "designed_spillway_capacity": 56.37
      }
    },
    {
      "type": "Feature",
      "geometry": {
        "type": "Point",
        "coordinates": [
          74.91,
          21.83
        ]
      },
      "properties": {
        "name": "Chikhalia",
        "operated_by": "Madhya Pradesh Water Resources Department",
        "year_completed": "1997",
        "river_basin": "Narmada",
        "river": "Local",
        "nearest_city": "Barwani",
        "seismic_zone": "III",
        "dam_type": "Earthfill Embankment",
        "height_m": 20.15,
        "length_m": 357.0,
        "volume_content": 0.0,
        "gross_storage_capacity": 2591000.0,
        "reservoir_area": 483000.0,
        "effective_storage_capacity": 2260000.0,
        "purpose": "I",
        "designed_spillway_capacity": 287.0
      }
    },
    {
      "type": "Feature",
      "geometry": {
        "type": "Point",
        "coordinates": [
          76.42,
          22.12
        ]
      },
      "properties": {
        "name": "Chirkhan",
        "operated_by": "Madhya Pradesh Water Resources Department",
        "year_completed": "1997",
        "river_basin": "Narmada",
        "river": "Kalapani",
        "nearest_city": "Dhar",
        "seismic_zone": "III",
        "dam_type": "Earthfill Embankment",
        "height_m": 12.9,
        "length_m": 640.0,
        "volume_content": 0.0,
        "gross_storage_capacity": 586000.0,
        "reservoir_area": 182000.0,
        "effective_storage_capacity": 481000.0,
        "purpose": "I",
        "designed_spillway_capacity": 58.0
      }
    },
    {
      "type": "Feature",
      "geometry": {
        "type": "Point",
        "coordinates": [
          78.67,
          23.15
        ]
      },
      "properties": {
        "name": "Moga",
        "operated_by": "Madhya Pradesh Water Resources Department",
        "year_completed": "1997",
        "river_basin": "Narmada",
        "river": "Khand",
        "nearest_city": "udaipura",
        "seismic_zone": "III",
        "dam_type": "Earthfill Embankment",
        "height_m": 20.7,
        "length_m": 210.0,
        "volume_content": 216000.0,
        "gross_storage_capacity": 8623000.0,
        "reservoir_area": 1760000.0,
        "effective_storage_capacity": 8315000.0,
        "purpose": "I",
        "designed_spillway_capacity": 235.0
      }
    },
    {
      "type": "Feature",
      "geometry": {
        "type": "Point",
        "coordinates": [
          76.29,
          22.54
        ]
      },
      "properties": {
        "name": "Pankua 2",
        "operated_by": "Madhya Pradesh Water Resources Department",
        "year_completed": "1997",
        "river_basin": "Narmada",
        "river": "Local",
        "nearest_city": "Bagli",
        "seismic_zone": "III",
        "dam_type": "Earthfill Embankment",
        "height_m": 16.97,
        "length_m": 426.0,
        "volume_content": 0.0,
        "gross_storage_capacity": 567000.0,
        "reservoir_area": 0.0,
        "effective_storage_capacity": 0.0,
        "purpose": "I",
        "designed_spillway_capacity": 36.47
      }
    },
    {
      "type": "Feature",
      "geometry": {
        "type": "Point",
        "coordinates": [
          80.77,
          21.88
        ]
      },
      "properties": {
        "name": "Singhanpuri",
        "operated_by": "Madhya Pradesh Water Resources Department",
        "year_completed": "1998",
        "river_basin": "Narmada",
        "river": "Khudrai Nalla",
        "nearest_city": "Baihar",
        "seismic_zone": "II",
        "dam_type": "Earthfill Embankment",
        "height_m": 10.26,
        "length_m": 630.0,
        "volume_content": 0.0,
        "gross_storage_capacity": 520000.0,
        "reservoir_area": 0.0,
        "effective_storage_capacity": 489000.0,
        "purpose": "I",
        "designed_spillway_capacity": 24.0
      }
    },
    {
      "type": "Feature",
      "geometry": {
        "type": "Point",
        "coordinates": [
          75.66,
          21.85
        ]
      },
      "properties": {
        "name": "Sangvi",
        "operated_by": "Madhya Pradesh Water Resources Department",
        "year_completed": "1999",
        "river_basin": "Narmada",
        "river": "Local",
        "nearest_city": "Kasrawad",
        "seismic_zone": "III",
        "dam_type": "Earthfill Embankment",
        "height_m": 15.0,
        "length_m": 480.0,
        "volume_content": 0.0,
        "gross_storage_capacity": 5680000.0,
        "reservoir_area": 1232000.0,
        "effective_storage_capacity": 3680000.0,
        "purpose": "I",
        "designed_spillway_capacity": 313.1
      }
    },
    {
      "type": "Feature",
      "geometry": {
        "type": "Point",
        "coordinates": [
          74.87,
          22.55
        ]
      },
      "properties": {
        "name": "Indira Gandhi T",
        "operated_by": "Madhya Pradesh Water Resources Department",
        "year_completed": "2000",
        "river_basin": "Narmada",
        "river": "Local",
        "nearest_city": "Kukshi",
        "seismic_zone": "II",
        "dam_type": "Earthfill Embankment",
        "height_m": 25.6,
        "length_m": 280.0,
        "volume_content": 307840.0,
        "gross_storage_capacity": 3206000.0,
        "reservoir_area": 435700.0,
        "effective_storage_capacity": 2800000.0,
        "purpose": "I",
        "designed_spillway_capacity": 156.14
      }
    },
    {
      "type": "Feature",
      "geometry": {
        "type": "Point",
        "coordinates": [
          75.61,
          21.77
        ]
      },
      "properties": {
        "name": "Sasya Khedi",
        "operated_by": "Madhya Pradesh Water Resources Department",
        "year_completed": "2001",
        "river_basin": "Narmada",
        "river": "Local",
        "nearest_city": "Gogawa",
        "seismic_zone": "II",
        "dam_type": "Earthfill Embankment",
        "height_m": 10.54,
        "length_m": 510.0,
        "volume_content": 0.0,
        "gross_storage_capacity": 831000.0,
        "reservoir_area": 26130.0,
        "effective_storage_capacity": 486000.0,
        "purpose": "I",
        "designed_spillway_capacity": 42.58
      }
    },
    {
      "type": "Feature",
      "geometry": {
        "type": "Point",
        "coordinates": [
          75.88,
          21.98
        ]
      },
      "properties": {
        "name": "Ahirkheda",
        "operated_by": "Madhya Pradesh Water Resources Department",
        "year_completed": "2001",
        "river_basin": "Narmada",
        "river": "Local",
        "nearest_city": "Bhikangaon",
        "seismic_zone": "III",
        "dam_type": "Earthfill Embankment",
        "height_m": 12.35,
        "length_m": 460.0,
        "volume_content": 0.0,
        "gross_storage_capacity": 1200000.0,
        "reservoir_area": 32800.0,
        "effective_storage_capacity": 905000.0,
        "purpose": "I",
        "designed_spillway_capacity": 66.66
      }
    },
    {
      "type": "Feature",
      "geometry": {
        "type": "Point",
        "coordinates": [
          75.99,
          22.01
        ]
      },
      "properties": {
        "name": "Balia Tank",
        "operated_by": "Madhya Pradesh Water Resources Department",
        "year_completed": "2001",
        "river_basin": "Narmada",
        "river": "Chital",
        "nearest_city": "Bhikangaon",
        "seismic_zone": "III",
        "dam_type": "Earthfill Embankment",
        "height_m": 12.7,
        "length_m": 155.0,
        "volume_content": 0.0,
        "gross_storage_capacity": 1985000.0,
        "reservoir_area": 41540.0,
        "effective_storage_capacity": 1455000.0,
        "purpose": "I",
        "designed_spillway_capacity": 96.55
      }
    },
    {
      "type": "Feature",
      "geometry": {
        "type": "Point",
        "coordinates": [
          78.58,
          22.59
        ]
      },
      "properties": {
        "name": "Kohpani",
        "operated_by": "Madhya Pradesh Water Resources Department",
        "year_completed": "1980",
        "river_basin": "Narmada",
        "river": "Local",
        "nearest_city": "Mandla",
        "seismic_zone": "III",
        "dam_type": "Earthfill Embankment",
        "height_m": 15.33,
        "length_m": 667.0,
        "volume_content": 84650.0,
        "gross_storage_capacity": 980000.0,
        "reservoir_area": 300000.0,
        "effective_storage_capacity": 867000.0,
        "purpose": "I",
        "designed_spillway_capacity": 55.55
      }
    },
    {
      "type": "Feature",
      "geometry": {
        "type": "Point",
        "coordinates": [
          75.57,
          21.81
        ]
      },
      "properties": {
        "name": "Adampura",
        "operated_by": "Madhya Pradesh Water Resources Department",
        "year_completed": "2001",
        "river_basin": "Narmada",
        "river": "Local",
        "nearest_city": "Khargone",
        "seismic_zone": "III",
        "dam_type": "Earthfill Embankment",
        "height_m": 21.95,
        "length_m": 2070.0,
        "volume_content": 0.0,
        "gross_storage_capacity": 600000.0,
        "reservoir_area": 100000.0,
        "effective_storage_capacity": 438000.0,
        "purpose": "I",
        "designed_spillway_capacity": 490.0
      }
    },
    {
      "type": "Feature",
      "geometry": {
        "type": "Point",
        "coordinates": [
          74.26,
          22.23
        ]
      },
      "properties": {
        "name": "Mehani",
        "operated_by": "Madhya Pradesh Water Resources Department",
        "year_completed": "2001",
        "river_basin": "Narmada",
        "river": "Local",
        "nearest_city": "Alirajpur",
        "seismic_zone": "III",
        "dam_type": "Earthfill Embankment",
        "height_m": 20.6,
        "length_m": 490.0,
        "volume_content": 90000.0,
        "gross_storage_capacity": 798000.0,
        "reservoir_area": 241000.0,
        "effective_storage_capacity": 683000.0,
        "purpose": "I",
        "designed_spillway_capacity": 56.0
      }
    },
    {
      "type": "Feature",
      "geometry": {
        "type": "Point",
        "coordinates": [
          75.44,
          21.76
        ]
      },
      "properties": {
        "name": "Chandgarh",
        "operated_by": "Madhya Pradesh Water Resources Department",
        "year_completed": "2001",
        "river_basin": "Narmada",
        "river": "Hathni",
        "nearest_city": "Segaon",
        "seismic_zone": "III",
        "dam_type": "Earthfill Embankment",
        "height_m": 20.05,
        "length_m": 436.0,
        "volume_content": 0.0,
        "gross_storage_capacity": 3850000.0,
        "reservoir_area": 620000.0,
        "effective_storage_capacity": 2687000.0,
        "purpose": "I",
        "designed_spillway_capacity": 200.0
      }
    },
    {
      "type": "Feature",
      "geometry": {
        "type": "Point",
        "coordinates": [
          75.82,
          22.01
        ]
      },
      "properties": {
        "name": "Ambak Nalla",
        "operated_by": "Madhya Pradesh Water Resources Department",
        "year_completed": "2001",
        "river_basin": "Narmada",
        "river": "Amba Nadi",
        "nearest_city": "Kasrawad",
        "seismic_zone": "III",
        "dam_type": "Earthfill Embankment",
        "height_m": 25.05,
        "length_m": 1250.0,
        "volume_content": 447000.0,
        "gross_storage_capacity": 22050000.0,
        "reservoir_area": 3831000.0,
        "effective_storage_capacity": 18440000.0,
        "purpose": "I",
        "designed_spillway_capacity": 837.0
      }
    },
    {
      "type": "Feature",
      "geometry": {
        "type": "Point",
        "coordinates": [
          78.01,
          22.25
        ]
      },
      "properties": {
        "name": "Batkidoh",
        "operated_by": "Madhya Pradesh Water Resources Department",
        "year_completed": "2002",
        "river_basin": "Narmada",
        "river": "Local",
        "nearest_city": "Betul",
        "seismic_zone": "III",
        "dam_type": "Earthfill Embankment",
        "height_m": 15.38,
        "length_m": 549.0,
        "volume_content": 0.0,
        "gross_storage_capacity": 608000.0,
        "reservoir_area": 218440.0,
        "effective_storage_capacity": 553000.0,
        "purpose": "I",
        "designed_spillway_capacity": 28.62
      }
    },
    {
      "type": "Feature",
      "geometry": {
        "type": "Point",
        "coordinates": [
          74.46,
          22.47
        ]
      },
      "properties": {
        "name": "Badi Baodi",
        "operated_by": "Madhya Pradesh Water Resources Department",
        "year_completed": "2002",
        "river_basin": "Narmada",
        "river": "Local",
        "nearest_city": "Jobat",
        "seismic_zone": "III",
        "dam_type": "Earthfill Embankment",
        "height_m": 16.6,
        "length_m": 255.0,
        "volume_content": 0.0,
        "gross_storage_capacity": 1235000.0,
        "reservoir_area": 260370.0,
        "effective_storage_capacity": 1119000.0,
        "purpose": "I",
        "designed_spillway_capacity": 83.5
      }
    },
    {
      "type": "Feature",
      "geometry": {
        "type": "Point",
        "coordinates": [
          78.65,
          23.23
        ]
      },
      "properties": {
        "name": "Parsora",
        "operated_by": "Madhya Pradesh Water Resources Department",
        "year_completed": "2002",
        "river_basin": "Narmada",
        "river": "Local",
        "nearest_city": "Silwani",
        "seismic_zone": "III",
        "dam_type": "Earthfill Embankment",
        "height_m": 11.65,
        "length_m": 270.0,
        "volume_content": 442000.0,
        "gross_storage_capacity": 1353000.0,
        "reservoir_area": 513000.0,
        "effective_storage_capacity": 1286000.0,
        "purpose": "I",
        "designed_spillway_capacity": 15.55
      }
    },
    {
      "type": "Feature",
      "geometry": {
        "type": "Point",
        "coordinates": [
          80.42,
          22.17
        ]
      },
      "properties": {
        "name": "Bhangra Nalla",
        "operated_by": "Madhya Pradesh Water Resources Department",
        "year_completed": "2002",
        "river_basin": "Narmada",
        "river": "bhongir nala",
        "nearest_city": "Baihar",
        "seismic_zone": "II",
        "dam_type": "Earthfill Embankment",
        "height_m": 12.8,
        "length_m": 512.0,
        "volume_content": 0.0,
        "gross_storage_capacity": 3730000.0,
        "reservoir_area": 885000.0,
        "effective_storage_capacity": 2850000.0,
        "purpose": "I",
        "designed_spillway_capacity": 272.8
      }
    },
    {
      "type": "Feature",
      "geometry": {
        "type": "Point",
        "coordinates": [
          80.3,
          22.18
        ]
      },
      "properties": {
        "name": "Ama Nalla Paraswara",
        "operated_by": "Madhya Pradesh Water Resources Department",
        "year_completed": "2002",
        "river_basin": "Narmada",
        "river": "Local",
        "nearest_city": "Baihar",
        "seismic_zone": "II",
        "dam_type": "Earthfill Embankment",
        "height_m": 13.72,
        "length_m": 330.0,
        "volume_content": 33900.0,
        "gross_storage_capacity": 3240000.0,
        "reservoir_area": 1170000.0,
        "effective_storage_capacity": 2250000.0,
        "purpose": "I",
        "designed_spillway_capacity": 295.0
      }
    },
    {
      "type": "Feature",
      "geometry": {
        "type": "Point",
        "coordinates": [
          77.9,
          23.19
        ]
      },
      "properties": {
        "name": "Upper Palakmati",
        "operated_by": "Madhya Pradesh Water Resources Department",
        "year_completed": "2002",
        "river_basin": "Narmada",
        "river": "Palakmati",
        "nearest_city": "Raisen",
        "seismic_zone": "II",
        "dam_type": "Earthfill Embankment",
        "height_m": 22.71,
        "length_m": 210.0,
        "volume_content": 169000.0,
        "gross_storage_capacity": 11039000.0,
        "reservoir_area": 1943000.0,
        "effective_storage_capacity": 10438000.0,
        "purpose": "I",
        "designed_spillway_capacity": 177.0
      }
    },
    {
      "type": "Feature",
      "geometry": {
        "type": "Point",
        "coordinates": [
          79.98,
          22.97
        ]
      },
      "properties": {
        "name": "Shivlaldhana",
        "operated_by": "Madhya Pradesh Water Resources Department",
        "year_completed": "2003",
        "river_basin": "Narmada",
        "river": "Local",
        "nearest_city": "Sambalpur",
        "seismic_zone": "III",
        "dam_type": "Earthfill Embankment",
        "height_m": 16.55,
        "length_m": 233.0,
        "volume_content": 0.0,
        "gross_storage_capacity": 1280000.0,
        "reservoir_area": 269000.0,
        "effective_storage_capacity": 1170000.0,
        "purpose": "I",
        "designed_spillway_capacity": 60.83
      }
    },
    {
      "type": "Feature",
      "geometry": {
        "type": "Point",
        "coordinates": [
          78.67,
          22.52
        ]
      },
      "properties": {
        "name": "Karmoi",
        "operated_by": "Madhya Pradesh Water Resources Department",
        "year_completed": "2003",
        "river_basin": "Narmada",
        "river": "Ghatprabha",
        "nearest_city": "Sambalpur",
        "seismic_zone": "III",
        "dam_type": "Earthfill Embankment",
        "height_m": 18.1,
        "length_m": 0.0,
        "volume_content": 0.0,
        "gross_storage_capacity": 2070000.0,
        "reservoir_area": 0.0,
        "effective_storage_capacity": 0.0,
        "purpose": "I",
        "designed_spillway_capacity": 72.0
      }
    },
    {
      "type": "Feature",
      "geometry": {
        "type": "Point",
        "coordinates": [
          77.79,
          21.92
        ]
      },
      "properties": {
        "name": "Borgaon Kodaroti",
        "operated_by": "Madhya Pradesh Water Resources Department",
        "year_completed": "2004",
        "river_basin": "Narmada",
        "river": "Local",
        "nearest_city": "Betul",
        "seismic_zone": "III",
        "dam_type": "Earthfill Embankment",
        "height_m": 11.2,
        "length_m": 1038.0,
        "volume_content": 0.0,
        "gross_storage_capacity": 861000.0,
        "reservoir_area": 0.0,
        "effective_storage_capacity": 0.0,
        "purpose": "I",
        "designed_spillway_capacity": 37.24
      }
    },
    {
      "type": "Feature",
      "geometry": {
        "type": "Point",
        "coordinates": [
          78.02,
          22.21
        ]
      },
      "properties": {
        "name": "Gopinathpur",
        "operated_by": "Madhya Pradesh Water Resources Department",
        "year_completed": "2004",
        "river_basin": "Narmada",
        "river": "Local",
        "nearest_city": "Betul",
        "seismic_zone": "III",
        "dam_type": "Earthfill Embankment",
        "height_m": 10.9,
        "length_m": 750.0,
        "volume_content": 0.0,
        "gross_storage_capacity": 0.0,
        "reservoir_area": 0.0,
        "effective_storage_capacity": 0.0,
        "purpose": "I",
        "designed_spillway_capacity": 82.51
      }
    },
    {
      "type": "Feature",
      "geometry": {
        "type": "Point",
        "coordinates": [
          76.47,
          22.28
        ]
      },
      "properties": {
        "name": "Indira Sagar",
        "operated_by": "Narmada Hydroelectric Development Corporation Ltd",
        "year_completed": "0",
        "height_m": 0.0,
        "length_m": 0.0,
        "volume_content": 0.0,
        "gross_storage_capacity": 0.0,
        "reservoir_area": 0.0,
        "effective_storage_capacity": 0.0,
        "designed_spillway_capacity": 0.0
      }
    },
    {
      "type": "Feature",
      "geometry": {
        "type": "Point",
        "coordinates": [
          76.16,
          22.24
        ]
      },
      "properties": {
        "name": "Omkareshwar",
        "operated_by": "Narmada Hydroelectric Development Corporation Ltd",
        "year_completed": "0",
        "height_m": 0.0,
        "length_m": 0.0,
        "volume_content": 0.0,
        "gross_storage_capacity": 0.0,
        "reservoir_area": 0.0,
        "effective_storage_capacity": 0.0,
        "designed_spillway_capacity": 0.0
      }
    },
    {
      "type": "Feature",
      "geometry": {
        "type": "Point",
        "coordinates": [
          75.98,
          21.75
        ]
      },
      "properties": {
        "name": "Upperbeda",
        "operated_by": "Narmada Valley Development Authority",
        "year_completed": "2010",
        "river_basin": "Narmada",
        "river": "Kundi",
        "nearest_city": "Jhirnia",
        "seismic_zone": "III",
        "dam_type": "Other",
        "height_m": 23.93,
        "length_m": 2431.0,
        "volume_content": 0.0,
        "gross_storage_capacity": 98840000.0,
        "reservoir_area": 12580000.0,
        "effective_storage_capacity": 76240000.0,
        "purpose": "I",
        "designed_spillway_capacity": 9043.0
      }
    },
    {
      "type": "Feature",
      "geometry": {
        "type": "Point",
        "coordinates": [
          75.09,
          22.4
        ]
      },
      "properties": {
        "name": "Man",
        "operated_by": "Narmada Valley Development Authority",
        "year_completed": "0",
        "river_basin": "Narmada",
        "river": "Man",
        "nearest_city": "Dhar",
        "seismic_zone": "III",
        "dam_type": "Other",
        "height_m": 53.0,
        "length_m": 633.0,
        "volume_content": 145030000.0,
        "gross_storage_capacity": 145030000.0,
        "reservoir_area": 11687000.0,
        "effective_storage_capacity": 127870000.0,
        "designed_spillway_capacity": 10254.0
      }
    },
    {
      "type": "Feature",
      "geometry": {
        "type": "Point",
        "coordinates": [
          75.58,
          22.28
        ]
      },
      "properties": {
        "name": "Jobat",
        "operated_by": "Narmada Valley Development Authority",
        "year_completed": "2007",
        "river_basin": "Narmada",
        "river": "Hathni",
        "nearest_city": "Jobat",
        "seismic_zone": "III",
        "dam_type": "Other",
        "height_m": 34.6,
        "length_m": 462.55,
        "volume_content": 77840000.0,
        "gross_storage_capacity": 77840000.0,
        "reservoir_area": 13101000.0,
        "effective_storage_capacity": 70040000.0,
        "purpose": "I",
        "designed_spillway_capacity": 9980.0
      }
    },
    {
      "type": "Feature",
      "geometry": {
        "type": "Point",
        "coordinates": [
          80.15,
          23.71
        ]
      },
      "properties": {
        "name": "Hinouti",
        "operated_by": "Madhya Pradesh Water Resources Department",
        "year_completed": "0",
        "river_basin": "Narmada",
        "river": "Sapaha Nadi",
        "nearest_city": "Sihora",
        "seismic_zone": "II",
        "dam_type": "Earthfill Embankment",
        "height_m": 11.94,
        "length_m": 1052.0,
        "volume_content": 0.0,
        "gross_storage_capacity": 1330000.0,
        "reservoir_area": 459000.0,
        "effective_storage_capacity": 1050000.0,
        "purpose": "I",
        "designed_spillway_capacity": 131.0
      }
    },
    {
      "type": "Feature",
      "geometry": {
        "type": "Point",
        "coordinates": [
          80.8,
          22.37
        ]
      },
      "properties": {
        "name": "Halon (Nvda)",
        "operated_by": "Madhya Pradesh Water Resources Department",
        "year_completed": "0",
        "river_basin": "Narmada",
        "river": "Halon",
        "nearest_city": "Baihar",
        "seismic_zone": "II",
        "dam_type": "Other",
        "height_m": 35.0,
        "length_m": 993.0,
        "volume_content": 0.0,
        "gross_storage_capacity": 0.0,
        "reservoir_area": 0.0,
        "effective_storage_capacity": 0.0,
        "designed_spillway_capacity": 7000.0
      }
    },
    {
      "type": "Feature",
      "geometry": {
        "type": "Point",
        "coordinates": [
          75.68,
          22.16
        ]
      },
      "properties": {
        "name": "Maheswar Hydro Electric Project",
        "operated_by": "Madhya Pradesh Water Resources Department",
        "year_completed": "0",
        "river_basin": "Narmada",
        "river": "Narmada",
        "nearest_city": "Kasrawad",
        "seismic_zone": "III",
        "dam_type": "Other",
        "height_m": 36.0,
        "length_m": 3123.0,
        "volume_content": 1437000.0,
        "gross_storage_capacity": 483000000.0,
        "reservoir_area": 60070000.0,
        "effective_storage_capacity": 28000000.0,
        "designed_spillway_capacity": 106000.0
      }
    },
    {
      "type": "Feature",
      "geometry": {
        "type": "Point",
        "coordinates": [
          78.06,
          23.05
        ]
      },
      "properties": {
        "name": "Barna",
        "operated_by": "Madhya Pradesh Water Resources Department",
        "year_completed": "1975",
        "river_basin": "Narmada",
        "river": "Barna",
        "nearest_city": "Raisen",
        "seismic_zone": "III",
        "dam_type": "Earthfill Embankment",
        "height_m": 0.0,
        "length_m": 0.0,
        "volume_content": 0.0,
        "gross_storage_capacity": 0.0,
        "reservoir_area": 0.0,
        "effective_storage_capacity": 0.0,
        "purpose": "I",
        "designed_spillway_capacity": 0.0
      }
    }
  ]
}