{"type": "FeatureCollection", "features": [{"type": "Feature", "geometry": {"type": "Polygon", "coordinates": [[[81.74425, 22.66949], [81.74029, 22.67496], [81.7393, 22.67496], [81.73947, 22.67212], [81.7282, 22.67597], [81.73128, 22.68079], [81.74146, 22.68918], [81.73879, 22.69038], [81.73519, 22.69486], [81.73106, 22.69815], [81.72656, 22.69889], [81.72598, 22.70039], [81.72354, 22.70132], [81.71818, 22.70267], [81.71622, 22.70115], [81.71355, 22.70346], [81.71144, 22.70048], [81.71024, 22.70279], [81.70744, 22.70217], [81.69771, 22.70514], [81.69338, 22.71032], [81.69424, 22.71583], [81.69897, 22.72204], [81.69922, 22.72683], [81.70141, 22.72775], [81.70248, 22.73304], [81.70476, 22.73552], [81.70242, 22.73801], [81.70457, 22.74027], [81.70544, 22.74506], [81.70132, 22.74803], [81.70104, 22.75033], [81.69856, 22.75057], [81.69993, 22.75442], [81.69675, 22.75456], [81.69707, 22.75636], [81.6958, 22.75653], [81.69594, 22.75856], [81.69808, 22.75762], [81.69752, 22.75919], [81.69879, 22.75975], [81.69873, 22.76168], [81.69708, 22.76178], [81.69655, 22.76327], [81.69451, 22.76283], [81.69228, 22.76535], [81.69475, 22.76669], [81.69344, 22.77266], [81.69534, 22.77479], [81.69325, 22.77483], [81.69462, 22.77656], [81.69044, 22.78112], [81.6899, 22.77945], [81.68538, 22.78345], [81.68317, 22.78304], [81.68422, 22.78186], [81.68302, 22.78143], [81.68001, 22.78354], [81.676, 22.78435], [81.67328, 22.78302], [81.6664, 22.78529], [81.66531, 22.7832], [81.66013, 22.78357], [81.65851, 22.78439], [81.65786, 22.78774], [81.65606, 22.78642], [81.65326, 22.7868], [81.65237, 22.78558], [81.6508, 22.78713], [81.64516, 22.78694], [81.64422, 22.78582], [81.64263, 22.7874], [81.64061, 22.78564], [81.63787, 22.7855], [81.63623, 22.78215], [81.63444, 22.78195], [81.63443, 22.77992], [81.62951, 22.78141], [81.62726, 22.77723], [81.62512, 22.77824], [81.62557, 22.77414], [81.62209, 22.77281], [81.622, 22.77114], [81.6199, 22.7725], [81.61872, 22.76989], [81.61591, 22.77155], [81.61519, 22.7693], [81.61357, 22.76988], [81.61283, 22.76856], [81.61105, 22.76961], [81.60964, 22.76786], [81.60745, 22.7678], [81.60613, 22.76579], [81.6069, 22.7632], [81.60331, 22.76338], [81.60038, 22.76004], [81.59777, 22.75958], [81.5965, 22.75699], [81.59469, 22.75697], [81.59432, 22.75403], [81.59247, 22.75406], [81.58843, 22.75695], [81.58806, 22.75852], [81.58563, 22.75791], [81.58377, 22.75539], [81.58125, 22.75771], [81.58002, 22.75576], [81.57871, 22.75617], [81.57685, 22.75451], [81.57528, 22.75587], [81.57113, 22.75587], [81.56665, 22.75396], [81.56358, 22.75585], [81.56258, 22.75949], [81.55401, 22.76103], [81.54898, 22.75765], [81.54912, 22.75441], [81.54612, 22.7546], [81.54391, 22.75134], [81.54116, 22.75106], [81.53829, 22.75349], [81.53589, 22.75329], [81.53532, 22.74765], [81.53281, 22.74575], [81.53122, 22.74714], [81.53245, 22.75156], [81.52855, 22.75226], [81.52757, 22.74778], [81.52642, 22.74778], [81.52538, 22.75273], [81.52082, 22.75379], [81.52076, 22.75809], [81.5193, 22.7608], [81.5171, 22.76121], [81.51499, 22.75733], [81.51383, 22.76004], [81.515, 22.76295], [81.51242, 22.76268], [81.50968, 22.76538], [81.50386, 22.76512], [81.50216, 22.7606], [81.49614, 22.76129], [81.49494, 22.75874], [81.49191, 22.76083], [81.48819, 22.75944], [81.48512, 22.76155], [81.48323, 22.75891], [81.47895, 22.7583], [81.46972, 22.76041], [81.46756, 22.76659], [81.46428, 22.77072], [81.46066, 22.77167], [81.45781, 22.76821], [81.45406, 22.76971], [81.45228, 22.772], [81.45248, 22.77805], [81.44547, 22.78809], [81.44581, 22.78993], [81.44895, 22.79165], [81.45043, 22.79428], [81.44159, 22.7976], [81.43438, 22.80712], [81.43383, 22.80947], [81.4374, 22.81411], [81.43803, 22.81853], [81.43594, 22.82293], [81.42981, 22.82885], [81.4294, 22.83537], [81.42464, 22.83954], [81.41835, 22.84234], [81.40572, 22.84457], [81.40293, 22.84779], [81.40491, 22.85083], [81.40324, 22.85395], [81.39377, 22.85208], [81.38873, 22.85523], [81.37013, 22.85614], [81.36608, 22.85214], [81.36084, 22.85045], [81.35653, 22.85211], [81.35083, 22.85209], [81.34763, 22.85622], [81.34146, 22.85791], [81.33564, 22.86208], [81.32742, 22.86159], [81.3238, 22.8634], [81.31983, 22.86718], [81.31482, 22.87773], [81.31005, 22.87765], [81.30037, 22.88212], [81.28948, 22.87942], [81.278, 22.88003], [81.26603, 22.88912], [81.25722, 22.90162], [81.23719, 22.90153], [81.22945, 22.90761], [81.21309, 22.91577], [81.20417, 22.9115], [81.19931, 22.91257], [81.19613, 22.92068], [81.19078, 22.92807], [81.19209, 22.94151], [81.19135, 22.94435], [81.18724, 22.9472], [81.1876, 22.95133], [81.18638, 22.95239], [81.19168, 22.96069], [81.19933, 22.98313], [81.20173, 22.98063], [81.2066, 22.98066], [81.21168, 22.97901], [81.21885, 22.97061], [81.2318, 22.97478], [81.24254, 22.97094], [81.24343, 22.95814], [81.24691, 22.95634], [81.25449, 22.9565], [81.2593, 22.94976], [81.26264, 22.94809], [81.26848, 22.94976], [81.2751, 22.96143], [81.27998, 22.96302], [81.30372, 22.97635], [81.3096, 22.9734], [81.31096, 22.97059], [81.3167, 22.9668], [81.31781, 22.95116], [81.32182, 22.94394], [81.32087, 22.934], [81.33451, 22.9322], [81.34086, 22.92903], [81.34488, 22.92356], [81.35669, 22.92586], [81.36256, 22.91813], [81.36643, 22.91812], [81.36847, 22.91392], [81.37447, 22.91999], [81.38424, 22.92138], [81.388, 22.92393], [81.39265, 22.92311], [81.39454, 22.92022], [81.39974, 22.91853], [81.4026, 22.91556], [81.42181, 22.91394], [81.44602, 22.90893], [81.44763, 22.90726], [81.45265, 22.90644], [81.4574, 22.90061], [81.4651, 22.90071], [81.46757, 22.89562], [81.48739, 22.89487], [81.50168, 22.88901], [81.50513, 22.88309], [81.51617, 22.8741], [81.51794, 22.86684], [81.52467, 22.86228], [81.53129, 22.86406], [81.5393, 22.86389], [81.54614, 22.87059], [81.54836, 22.86982], [81.54845, 22.86738], [81.55173, 22.86396], [81.55612, 22.86395], [81.5643, 22.85973], [81.57341, 22.86476], [81.58441, 22.85644], [81.59358, 22.85745], [81.59763, 22.86135], [81.59969, 22.86559], [81.61181, 22.85978], [81.6147, 22.85434], [81.62098, 22.85061], [81.62673, 22.84495], [81.62777, 22.83598], [81.6372, 22.83825], [81.65073, 22.83478], [81.65606, 22.8356], [81.66005, 22.83976], [81.66258, 22.83981], [81.67318, 22.83503], [81.67645, 22.83189], [81.6786, 22.82426], [81.68363, 22.82183], [81.68766, 22.81639], [81.70089, 22.80782], [81.70424, 22.78991], [81.70845, 22.78247], [81.72574, 22.76576], [81.73198, 22.76263], [81.74097, 22.75399], [81.74211, 22.74931], [81.74629, 22.74647], [81.75418, 22.74809], [81.75592, 22.7421], [81.75309, 22.73868], [81.75342, 22.73309], [81.75129, 22.73004], [81.75165, 22.72396], [81.75038, 22.72041], [81.75235, 22.71864], [81.75499, 22.71256], [81.75475, 22.70856], [81.76491, 22.68868], [81.76576, 22.68057], [81.77013, 22.68356], [81.77127, 22.68203], [81.77175, 22.67395], [81.76641, 22.66974], [81.76666, 22.66544], [81.76284, 22.66277], [81.75762, 22.66181], [81.75547, 22.65713], [81.75253, 22.6569], [81.74425, 22.66949]]]}, "properties": {"district": "Anuppur", "state": "Madhya Pradesh", "sub_basin": "Upper", "operational_stp_count": 1, "capacity_mld": 1.2}}, {"type": "Feature", "geometry": {"type": "MultiPolygon", "coordinates": [[[[76.63723, 21.56771], [76.63651, 21.56747], [76.63812, 21.56826], [76.63829, 21.56822], [76.63723, 21.56771]]], [[[76.34179, 21.56368], [76.33949, 21.56744], [76.34552, 21.56726], [76.34179, 21.56368]]], [[[76.30285, 21.57382], [76.30252, 21.57364], [76.30133, 21.57406], [76.30062, 21.57431], [76.30195, 21.57407], [76.30285, 21.57382]]], [[[76.36061, 21.57728], [76.35893, 21.57277], [76.35885, 21.57721], [76.36061, 21.57728]]], [[[76.48147, 21.5785], [76.48544, 21.5779], [76.48645, 21.57405], [76.4932, 21.57224], [76.50192, 21.56469], [76.51284, 21.5613], [76.51988, 21.56106], [76.53748, 21.56347], [76.55405, 21.56759], [76.5596, 21.56543], [76.57267, 21.56571], [76.5809, 21.56447], [76.58607, 21.56524], [76.59302, 21.57038], [76.59976, 21.56913], [76.61154, 21.57333], [76.61823, 21.57292], [76.6213, 21.57128], [76.62524, 21.56582], [76.63089, 21.56507], [76.62584, 21.56367], [76.62092, 21.55819], [76.61723, 21.56009], [76.61509, 21.55785], [76.60343, 21.552], [76.59049, 21.55008], [76.58835, 21.55118], [76.57817, 21.5502], [76.57667, 21.54863], [76.56834, 21.55116], [76.56332, 21.55616], [76.56213, 21.5619], [76.54725, 21.55754], [76.52839, 21.55779], [76.52586, 21.55951], [76.51997, 21.56032], [76.51828, 21.55868], [76.5175, 21.55197], [76.50756, 21.55114], [76.50251, 21.55282], [76.49725, 21.56173], [76.49445, 21.56309], [76.49266, 21.56677], [76.48613, 21.56896], [76.4805, 21.56752], [76.47833, 21.56525], [76.47327, 21.56536], [76.46466, 21.57132], [76.46126, 21.57826], [76.46222, 21.57777], [76.46468, 21.58138], [76.48147, 21.5785]]], [[[76.42592, 21.58435], [76.42364, 21.58462], [76.42328, 21.58647], [76.42592, 21.58435]]], [[[76.45011, 21.58576], [76.45187, 21.58212], [76.4562, 21.58099], [76.44824, 21.58202], [76.4442, 21.58554], [76.43534, 21.58219], [76.42821, 21.58368], [76.43399, 21.58947], [76.43552, 21.59701], [76.44011, 21.59449], [76.44249, 21.59104], [76.44616, 21.58792], [76.44903, 21.58754], [76.45011, 21.58576]]], [[[76.29505, 21.59616], [76.29562, 21.59101], [76.29292, 21.58792], [76.29041, 21.58076], [76.29201, 21.57699], [76.29799, 21.5749], [76.29279, 21.57638], [76.28489, 21.57346], [76.2817, 21.5705], [76.28308, 21.56653], [76.27919, 21.56293], [76.27564, 21.55651], [76.27965, 21.55174], [76.27095, 21.54572], [76.27054, 21.54058], [76.27205, 21.53987], [76.27002, 21.53149], [76.26253, 21.52698], [76.25491, 21.52442], [76.24923, 21.52442], [76.24592, 21.52785], [76.24343, 21.52788], [76.23988, 21.52432], [76.22807, 21.51773], [76.22603, 21.50953], [76.22087, 21.5079], [76.22226, 21.50313], [76.22022, 21.49911], [76.22552, 21.49599], [76.22566, 21.49266], [76.22009, 21.48858], [76.21867, 21.47804], [76.21638, 21.47552], [76.21638, 21.46981], [76.22227, 21.46699], [76.22135, 21.45956], [76.21618, 21.46354], [76.20417, 21.46285], [76.20262, 21.46118], [76.19685, 21.46365], [76.195, 21.46201], [76.19402, 21.45825], [76.18837, 21.45365], [76.18212, 21.45167], [76.18003, 21.44941], [76.1726, 21.44945], [76.16929, 21.45281], [76.16253, 21.44948], [76.15083, 21.44618], [76.15, 21.44442], [76.14671, 21.44455], [76.1442, 21.44281], [76.13917, 21.44201], [76.13803, 21.4396], [76.13084, 21.43785], [76.12256, 21.43181], [76.11978, 21.42467], [76.11627, 21.42356], [76.11772, 21.41979], [76.10983, 21.41774], [76.10614, 21.42277], [76.09836, 21.42272], [76.0925, 21.42782], [76.09262, 21.43089], [76.08917, 21.43198], [76.08837, 21.43701], [76.08585, 21.43692], [76.08452, 21.44113], [76.07993, 21.44105], [76.08009, 21.44523], [76.07837, 21.44848], [76.07753, 21.45535], [76.07034, 21.45735], [76.06722, 21.46352], [76.06261, 21.46498], [76.06144, 21.46865], [76.05285, 21.4631], [76.04417, 21.46448], [76.04058, 21.46638], [76.03711, 21.46517], [76.02584, 21.46619], [76.02216, 21.46037], [76.0175, 21.46035], [76.01184, 21.45821], [76.00975, 21.45204], [76.00351, 21.45101], [76.00946, 21.46167], [76.0071, 21.47241], [75.99747, 21.48055], [75.99041, 21.48859], [75.98146, 21.48835], [75.97839, 21.48689], [75.97564, 21.49027], [75.9708, 21.48778], [75.96961, 21.48527], [75.96242, 21.48438], [75.9581, 21.48911], [75.9541, 21.48745], [75.94804, 21.49005], [75.95054, 21.5094], [75.94877, 21.51764], [75.95007, 21.54791], [75.9522, 21.55207], [75.96384, 21.55462], [76.00776, 21.55359], [76.00776, 21.55499], [76.01331, 21.55275], [76.01756, 21.55305], [76.02054, 21.54891], [76.02308, 21.54929], [76.02555, 21.55005], [76.03767, 21.5607], [76.04968, 21.56438], [76.06147, 21.57326], [76.06843, 21.57029], [76.10142, 21.57492], [76.10492, 21.57687], [76.11248, 21.57802], [76.11501, 21.57092], [76.11781, 21.57109], [76.12007, 21.56902], [76.12654, 21.57008], [76.13048, 21.56565], [76.12645, 21.56174], [76.13413, 21.56254], [76.13574, 21.56083], [76.1386, 21.56204], [76.13885, 21.56696], [76.1425, 21.56808], [76.14472, 21.57031], [76.13898, 21.57213], [76.13879, 21.57542], [76.14519, 21.57798], [76.15011, 21.57848], [76.14807, 21.57472], [76.14586, 21.56345], [76.14744, 21.55918], [76.15285, 21.55431], [76.15483, 21.54819], [76.16495, 21.54787], [76.17678, 21.54169], [76.19276, 21.55001], [76.19769, 21.55044], [76.19835, 21.55257], [76.19585, 21.558], [76.19665, 21.56053], [76.20404, 21.55907], [76.20814, 21.55939], [76.21312, 21.56168], [76.21443, 21.56391], [76.21232, 21.57054], [76.21369, 21.57149], [76.2217, 21.57402], [76.22732, 21.57357], [76.23594, 21.57598], [76.2444, 21.58246], [76.25075, 21.58191], [76.26029, 21.5852], [76.26629, 21.58552], [76.27115, 21.58363], [76.2864, 21.58498], [76.28895, 21.59018], [76.28598, 21.59324], [76.28555, 21.59545], [76.29505, 21.59616]]], [[[76.40824, 21.59864], [76.41877, 21.59653], [76.41941, 21.58984], [76.40939, 21.58859], [76.40586, 21.59035], [76.3876, 21.59028], [76.38102, 21.59448], [76.37207, 21.59162], [76.37247, 21.59487], [76.37708, 21.59804], [76.40824, 21.59864]]]]}, "properties": {"district": "Burhanpur", "state": "Madhya Pradesh", "sub_basin": "Middle", "operational_stp_count": 2, "capacity_mld": 25.5}}, {"type": "Feature", "geometry": {"type": "MultiPolygon", "coordinates": [[[[76.22344, 22.67287], [76.22303, 22.67258], [76.22398, 22.67357], [76.22518, 22.67406], [76.22489, 22.67383], [76.22344, 22.67287]]], [[[76.19384, 22.66465], [76.20111, 22.6617], [76.21339, 22.66279], [76.22163, 22.67113], [76.22213, 22.67021], [76.2135, 22.66188], [76.20831, 22.66258], [76.20067, 22.66122], [76.19639, 22.66279], [76.19083, 22.66105], [76.19229, 22.66754], [76.20007, 22.67386], [76.19384, 22.66465]]], [[[76.19976, 22.67694], [76.19975, 22.6769], [76.19975, 22.67691], [76.19976, 22.67694]]], [[[76.20001, 22.67875], [76.19885, 22.67884], [76.19748, 22.68353], [76.20001, 22.67875]]], [[[76.19524, 22.68634], [76.19526, 22.68631], [76.19517, 22.6864], [76.19524, 22.68634]]], [[[76.19321, 22.68882], [76.19516, 22.68641], [76.19079, 22.68999], [76.19321, 22.68882]]], [[[76.16394, 22.68968], [76.16516, 22.69097], [76.17168, 22.69196], [76.17109, 22.69042], [76.16394, 22.68968]]], [[[76.18499, 22.69281], [76.19012, 22.69032], [76.18099, 22.69441], [76.18499, 22.69281]]], [[[76.88587, 22.88365], [76.88479, 22.87957], [76.88699, 22.87588], [76.88698, 22.87999], [76.88824, 22.88112], [76.89007, 22.8783], [76.89412, 22.88048], [76.89512, 22.87987], [76.8939, 22.87759], [76.89488, 22.87629], [76.89598, 22.88243], [76.89809, 22.88521], [76.89805, 22.88971], [76.9031, 22.88788], [76.90349, 22.88436], [76.90079, 22.88166], [76.90083, 22.87753], [76.90636, 22.87066], [76.90102, 22.87054], [76.8958, 22.86679], [76.90071, 22.86678], [76.91675, 22.87463], [76.91578, 22.86949], [76.91452, 22.86866], [76.91458, 22.86193], [76.91053, 22.86324], [76.9073, 22.85906], [76.91005, 22.86022], [76.91205, 22.86287], [76.91277, 22.85802], [76.91588, 22.86197], [76.91572, 22.85674], [76.91772, 22.85773], [76.91867, 22.85982], [76.91767, 22.8624], [76.92052, 22.86367], [76.92024, 22.86539], [76.92236, 22.86703], [76.92489, 22.86439], [76.92289, 22.86226], [76.92302, 22.8597], [76.92077, 22.857], [76.91893, 22.85135], [76.91936, 22.84654], [76.91403, 22.84039], [76.91583, 22.83998], [76.91772, 22.83787], [76.91757, 22.83593], [76.92066, 22.83426], [76.92175, 22.83248], [76.92113, 22.83076], [76.91049, 22.82978], [76.91456, 22.8256], [76.92266, 22.82748], [76.92478, 22.82627], [76.92555, 22.82353], [76.92661, 22.82469], [76.92945, 22.82218], [76.93028, 22.82287], [76.92881, 22.82466], [76.93006, 22.82834], [76.92636, 22.83275], [76.926, 22.83519], [76.92149, 22.83801], [76.92171, 22.8395], [76.91933, 22.84121], [76.92376, 22.85126], [76.92438, 22.85629], [76.92695, 22.85785], [76.92704, 22.86003], [76.92851, 22.85915], [76.92696, 22.8527], [76.92802, 22.85166], [76.93019, 22.85432], [76.93182, 22.85348], [76.93167, 22.85826], [76.92796, 22.86477], [76.93376, 22.86084], [76.93643, 22.86086], [76.93063, 22.86697], [76.92869, 22.86749], [76.93187, 22.87045], [76.93457, 22.87079], [76.93447, 22.87304], [76.93854, 22.87503], [76.93859, 22.8719], [76.94083, 22.87329], [76.94203, 22.87119], [76.9393, 22.86848], [76.94431, 22.86218], [76.94294, 22.86511], [76.94295, 22.8701], [76.94501, 22.86926], [76.94636, 22.87015], [76.94693, 22.87384], [76.94865, 22.87377], [76.94861, 22.87759], [76.95181, 22.87096], [76.95365, 22.87556], [76.95625, 22.87417], [76.95645, 22.87241], [76.95473, 22.87229], [76.95138, 22.86739], [76.95211, 22.86152], [76.95538, 22.8603], [76.95496, 22.86293], [76.95776, 22.8688], [76.96091, 22.86645], [76.96144, 22.86356], [76.96213, 22.86567], [76.96731, 22.86475], [76.96525, 22.86069], [76.96782, 22.85915], [76.96753, 22.86374], [76.97012, 22.86421], [76.97185, 22.86208], [76.97234, 22.86487], [76.97888, 22.86603], [76.97864, 22.86943], [76.98488, 22.87465], [76.99363, 22.86892], [76.99436, 22.8727], [76.99171, 22.87769], [76.99991, 22.87683], [77.00392, 22.87892], [77.00215, 22.87344], [77.00606, 22.86881], [77.00661, 22.86453], [77.0053, 22.86171], [77.00712, 22.85971], [77.00558, 22.85664], [77.0069, 22.85473], [77.00387, 22.84413], [77.00746, 22.84138], [77.00555, 22.83627], [77.00771, 22.83353], [77.01078, 22.83236], [77.0106, 22.82839], [77.00633, 22.82155], [77.00772, 22.81619], [77.00576, 22.81432], [77.0093, 22.81155], [77.01168, 22.80662], [77.00991, 22.80342], [77.01346, 22.79991], [77.0112, 22.79409], [77.01176, 22.79217], [77.01465, 22.78917], [77.01813, 22.78923], [77.02458, 22.78352], [77.02938, 22.77075], [77.02833, 22.75752], [77.02616, 22.75626], [77.02587, 22.75438], [77.02145, 22.75205], [77.01811, 22.75231], [77.01718, 22.74651], [77.02044, 22.7447], [77.02106, 22.7424], [77.0216, 22.72956], [77.03724, 22.72741], [77.03958, 22.72357], [77.03891, 22.71843], [77.04061, 22.70497], [77.04518, 22.69932], [77.04507, 22.69577], [77.04183, 22.69623], [77.03966, 22.6928], [77.03759, 22.69312], [77.03721, 22.6948], [77.03347, 22.69417], [77.03059, 22.68999], [77.03135, 22.6858], [77.034, 22.68496], [77.03395, 22.68329], [77.0366, 22.68109], [77.038, 22.67652], [77.04075, 22.67436], [77.04135, 22.67048], [77.04476, 22.66506], [77.0461, 22.66725], [77.04634, 22.67187], [77.05072, 22.67375], [77.05544, 22.67841], [77.06014, 22.67602], [77.05943, 22.66915], [77.05998, 22.66688], [77.06166, 22.66656], [77.06167, 22.66421], [77.06364, 22.66382], [77.06495, 22.66177], [77.06886, 22.66117], [77.06947, 22.65793], [77.07747, 22.65817], [77.08169, 22.65433], [77.0881, 22.65275], [77.09041, 22.65067], [77.09245, 22.64709], [77.08936, 22.64543], [77.08992, 22.64393], [77.09102, 22.64435], [77.09106, 22.64169], [77.08714, 22.63645], [77.08927, 22.62984], [77.0876, 22.62723], [77.08728, 22.6195], [77.08885, 22.62019], [77.09123, 22.61715], [77.09362, 22.61825], [77.09703, 22.61518], [77.10168, 22.61441], [77.10274, 22.60849], [77.10934, 22.6053], [77.10861, 22.60373], [77.11066, 22.60221], [77.1137, 22.60237], [77.11634, 22.59784], [77.11688, 22.59872], [77.12039, 22.5977], [77.12268, 22.59852], [77.12683, 22.59737], [77.12426, 22.59628], [77.12482, 22.59422], [77.12683, 22.59333], [77.12581, 22.58994], [77.12703, 22.5885], [77.12661, 22.58553], [77.13118, 22.58315], [77.13158, 22.58073], [77.13011, 22.57807], [77.13263, 22.57683], [77.12276, 22.56335], [77.13004, 22.55542], [77.12109, 22.54803], [77.09156, 22.5175], [77.07842, 22.509], [77.04199, 22.49698], [77.02629, 22.49347], [77.00097, 22.4934], [76.9831, 22.49143], [76.9776, 22.48964], [76.94425, 22.49154], [76.92969, 22.49057], [76.91878, 22.48818], [76.89779, 22.48141], [76.8714, 22.46624], [76.86286, 22.45884], [76.85134, 22.45325], [76.81594, 22.44293], [76.8107, 22.43775], [76.79389, 22.42833], [76.78968, 22.42386], [76.78836, 22.41903], [76.79121, 22.39956], [76.78222, 22.37768], [76.78051, 22.36862], [76.78342, 22.35536], [76.78101, 22.34419], [76.77784, 22.34024], [76.77651, 22.33319], [76.76862, 22.31631], [76.75658, 22.30927], [76.74889, 22.30223], [76.74215, 22.29196], [76.73782, 22.29234], [76.73542, 22.29461], [76.73561, 22.29973], [76.73396, 22.30338], [76.72827, 22.3007], [76.72605, 22.30291], [76.72511, 22.30925], [76.71921, 22.31025], [76.71716, 22.30899], [76.71505, 22.30996], [76.70637, 22.3055], [76.70116, 22.30474], [76.69617, 22.29978], [76.68473, 22.2985], [76.68381, 22.29627], [76.68262, 22.29665], [76.65509, 22.3305], [76.66097, 22.33526], [76.66069, 22.34036], [76.66459, 22.34559], [76.65414, 22.35345], [76.65348, 22.35799], [76.65529, 22.3607], [76.65273, 22.36347], [76.64931, 22.36421], [76.64569, 22.36306], [76.64482, 22.36104], [76.63926, 22.36582], [76.63433, 22.36729], [76.63195, 22.37116], [76.62225, 22.37305], [76.62007, 22.37554], [76.62128, 22.37801], [76.61859, 22.3898], [76.61664, 22.39071], [76.61653, 22.39311], [76.61257, 22.39752], [76.60934, 22.39857], [76.60748, 22.40241], [76.60318, 22.40571], [76.59125, 22.40696], [76.58679, 22.40594], [76.58483, 22.40772], [76.58431, 22.40499], [76.57865, 22.4027], [76.57333, 22.40296], [76.57157, 22.40489], [76.56856, 22.40562], [76.55385, 22.39874], [76.5485, 22.4043], [76.52542, 22.41196], [76.52019, 22.41221], [76.49471, 22.41162], [76.48219, 22.40332], [76.45982, 22.39261], [76.44354, 22.38282], [76.44216, 22.37592], [76.4383, 22.37171], [76.43604, 22.36379], [76.43736, 22.3576], [76.44339, 22.35142], [76.4455, 22.34488], [76.4444, 22.34281], [76.43002, 22.34103], [76.4232, 22.34153], [76.41983, 22.34004], [76.4189, 22.33792], [76.39971, 22.33736], [76.37924, 22.32563], [76.35453, 22.31657], [76.34623, 22.30657], [76.34179, 22.30377], [76.32668, 22.29836], [76.30607, 22.29431], [76.26926, 22.2925], [76.25161, 22.28981], [76.23903, 22.29788], [76.2357, 22.30386], [76.23222, 22.30668], [76.22919, 22.31299], [76.21936, 22.31592], [76.21159, 22.32275], [76.20845, 22.32878], [76.21365, 22.33196], [76.21431, 22.33561], [76.20843, 22.3475], [76.20268, 22.35059], [76.20183, 22.35243], [76.20255, 22.35524], [76.20671, 22.35741], [76.21934, 22.3567], [76.22086, 22.35911], [76.2212, 22.36451], [76.22906, 22.37159], [76.23129, 22.38052], [76.23481, 22.38704], [76.23467, 22.39098], [76.22423, 22.40525], [76.2114, 22.4184], [76.19247, 22.42045], [76.18572, 22.4262], [76.17678, 22.42764], [76.16864, 22.43352], [76.16023, 22.43591], [76.15384, 22.44114], [76.14737, 22.44351], [76.13144, 22.45833], [76.12196, 22.45833], [76.11765, 22.46073], [76.11318, 22.46141], [76.11245, 22.46712], [76.10689, 22.46942], [76.10186, 22.46978], [76.09888, 22.47435], [76.09822, 22.48226], [76.0946, 22.49691], [76.0927, 22.49986], [76.09369, 22.5026], [76.09215, 22.50843], [76.09188, 22.52155], [76.08679, 22.53163], [76.0869, 22.5408], [76.08505, 22.54683], [76.09264, 22.55665], [76.09728, 22.55441], [76.10648, 22.55979], [76.10271, 22.56238], [76.10488, 22.56356], [76.10341, 22.56429], [76.10365, 22.56563], [76.1066, 22.5668], [76.10556, 22.5677], [76.10258, 22.56673], [76.10247, 22.56471], [76.1002, 22.56408], [76.09347, 22.56411], [76.08789, 22.56571], [76.07963, 22.56995], [76.07838, 22.57318], [76.07248, 22.57331], [76.07259, 22.577], [76.07046, 22.5801], [76.06175, 22.58528], [76.06338, 22.58827], [76.06455, 22.5881], [76.06481, 22.58601], [76.06792, 22.58531], [76.06918, 22.58622], [76.07249, 22.58435], [76.07369, 22.58572], [76.07429, 22.58471], [76.08, 22.58508], [76.08157, 22.58375], [76.08478, 22.58381], [76.08286, 22.58785], [76.08395, 22.58861], [76.08831, 22.58617], [76.0884, 22.58749], [76.08314, 22.59253], [76.08354, 22.59335], [76.08749, 22.59245], [76.08355, 22.59591], [76.08173, 22.6034], [76.08412, 22.6022], [76.08673, 22.59787], [76.089, 22.59994], [76.09002, 22.59774], [76.09134, 22.5977], [76.09121, 22.59393], [76.09357, 22.59115], [76.09712, 22.59689], [76.10056, 22.59559], [76.09858, 22.59147], [76.10084, 22.58638], [76.10233, 22.58704], [76.10545, 22.58556], [76.10667, 22.58786], [76.10545, 22.59027], [76.1076, 22.59312], [76.11104, 22.59102], [76.11353, 22.58192], [76.11549, 22.58596], [76.11943, 22.5849], [76.11441, 22.58666], [76.1149, 22.58888], [76.11951, 22.59049], [76.12345, 22.58921], [76.11909, 22.5922], [76.11962, 22.59357], [76.11711, 22.59572], [76.11444, 22.5952], [76.11324, 22.59797], [76.11135, 22.59769], [76.10784, 22.60002], [76.11362, 22.60155], [76.1168, 22.6003], [76.11659, 22.60314], [76.11884, 22.60421], [76.121, 22.59979], [76.12412, 22.59849], [76.1269, 22.59398], [76.12802, 22.59498], [76.12606, 22.60153], [76.12784, 22.60399], [76.1312, 22.60063], [76.13165, 22.59829], [76.13278, 22.59969], [76.13213, 22.60463], [76.1359, 22.60284], [76.13796, 22.60414], [76.14084, 22.59968], [76.13845, 22.59783], [76.14136, 22.59548], [76.13668, 22.59241], [76.14036, 22.5896], [76.14367, 22.58884], [76.1443, 22.58994], [76.14151, 22.59222], [76.14382, 22.59862], [76.1413, 22.60049], [76.14092, 22.60362], [76.1478, 22.60372], [76.14202, 22.60752], [76.14878, 22.61347], [76.1535, 22.6089], [76.16124, 22.60776], [76.16228, 22.60085], [76.16511, 22.60072], [76.16816, 22.60345], [76.1665, 22.60592], [76.16711, 22.60776], [76.16575, 22.60863], [76.16572, 22.61088], [76.16117, 22.61158], [76.16067, 22.61536], [76.15798, 22.61551], [76.15736, 22.61844], [76.15984, 22.61884], [76.1659, 22.61613], [76.16644, 22.6171], [76.16313, 22.61966], [76.16254, 22.62265], [76.159, 22.62303], [76.15824, 22.62421], [76.15561, 22.62314], [76.15227, 22.62421], [76.15174, 22.62541], [76.15394, 22.62696], [76.15219, 22.62891], [76.15145, 22.63263], [76.15934, 22.62916], [76.15791, 22.63408], [76.16066, 22.63418], [76.16505, 22.62952], [76.17013, 22.62773], [76.17222, 22.63015], [76.17203, 22.63304], [76.17421, 22.63179], [76.17485, 22.63505], [76.17652, 22.63488], [76.17856, 22.63847], [76.18124, 22.63799], [76.18308, 22.63919], [76.18513, 22.6366], [76.18858, 22.64005], [76.19045, 22.63946], [76.18948, 22.63755], [76.19015, 22.63468], [76.18781, 22.63669], [76.18627, 22.6325], [76.1807, 22.63375], [76.18029, 22.63163], [76.17519, 22.62604], [76.17577, 22.62402], [76.17234, 22.62118], [76.17421, 22.61992], [76.17538, 22.61486], [76.17874, 22.61541], [76.18091, 22.61753], [76.18374, 22.61733], [76.18245, 22.61156], [76.18566, 22.61167], [76.18929, 22.60827], [76.18468, 22.60472], [76.17861, 22.60511], [76.17566, 22.60046], [76.17995, 22.59874], [76.18372, 22.59915], [76.18436, 22.59724], [76.1875, 22.59713], [76.19216, 22.59971], [76.19364, 22.60279], [76.1926, 22.61261], [76.19943, 22.62524], [76.21409, 22.62309], [76.21432, 22.61702], [76.2167, 22.6158], [76.23207, 22.61708], [76.23606, 22.62384], [76.23609, 22.63148], [76.2375, 22.63559], [76.24728, 22.64383], [76.24201, 22.64296], [76.24206, 22.64617], [76.24025, 22.64887], [76.23311, 22.64926], [76.23063, 22.6515], [76.22786, 22.65134], [76.22991, 22.6541], [76.22936, 22.6557], [76.23413, 22.66181], [76.23057, 22.67315], [76.22859, 22.67544], [76.23668, 22.67531], [76.24098, 22.68049], [76.24506, 22.67782], [76.24746, 22.67287], [76.25252, 22.67034], [76.25558, 22.66311], [76.2542, 22.65773], [76.26373, 22.65093], [76.26501, 22.64699], [76.26998, 22.64538], [76.27382, 22.63526], [76.27015, 22.62893], [76.26592, 22.62688], [76.25841, 22.61717], [76.25848, 22.61414], [76.26167, 22.60699], [76.27836, 22.60284], [76.28496, 22.59534], [76.28873, 22.59721], [76.2962, 22.59285], [76.30377, 22.59389], [76.30618, 22.59265], [76.31037, 22.59408], [76.31545, 22.59243], [76.32027, 22.58202], [76.32731, 22.58187], [76.33061, 22.58404], [76.33209, 22.59164], [76.33708, 22.59663], [76.33997, 22.59362], [76.34618, 22.59653], [76.34922, 22.59956], [76.35491, 22.59954], [76.35831, 22.59704], [76.36576, 22.59697], [76.36336, 22.60317], [76.36501, 22.60701], [76.36823, 22.61026], [76.37422, 22.6122], [76.3742, 22.61582], [76.37096, 22.61893], [76.36992, 22.62319], [76.36531, 22.62931], [76.36667, 22.63543], [76.37045, 22.63906], [76.37317, 22.64574], [76.37002, 22.65514], [76.37417, 22.66284], [76.38038, 22.66709], [76.39002, 22.66866], [76.38991, 22.67425], [76.39584, 22.68701], [76.39994, 22.68947], [76.40914, 22.68956], [76.41056, 22.68808], [76.42823, 22.69282], [76.4353, 22.69058], [76.43747, 22.69283], [76.44134, 22.69377], [76.44664, 22.70034], [76.4442, 22.7036], [76.44333, 22.7104], [76.4474, 22.7143], [76.44846, 22.72298], [76.45047, 22.72712], [76.45754, 22.72697], [76.46251, 22.72867], [76.47107, 22.72726], [76.47656, 22.73279], [76.48001, 22.73286], [76.48164, 22.73121], [76.48903, 22.73125], [76.49306, 22.72918], [76.49669, 22.73116], [76.50336, 22.73779], [76.50571, 22.74337], [76.50326, 22.74584], [76.50585, 22.75646], [76.50006, 22.75727], [76.49884, 22.76746], [76.50646, 22.77604], [76.50308, 22.77974], [76.5046, 22.78751], [76.50752, 22.79032], [76.50848, 22.7962], [76.5196, 22.79598], [76.52402, 22.79812], [76.52501, 22.80117], [76.52673, 22.80212], [76.52575, 22.79879], [76.52724, 22.80042], [76.52906, 22.79945], [76.53092, 22.80045], [76.53359, 22.79373], [76.5361, 22.7965], [76.53851, 22.79457], [76.5389, 22.79724], [76.54086, 22.79842], [76.54491, 22.79902], [76.54903, 22.79785], [76.54975, 22.79583], [76.55308, 22.79446], [76.55026, 22.79255], [76.55248, 22.79083], [76.55143, 22.78879], [76.5529, 22.78792], [76.55223, 22.78465], [76.55581, 22.78771], [76.55793, 22.78804], [76.55929, 22.78499], [76.5627, 22.7855], [76.56731, 22.78381], [76.55841, 22.77765], [76.55664, 22.77381], [76.55475, 22.77293], [76.55531, 22.77107], [76.55828, 22.77399], [76.56039, 22.77889], [76.56246, 22.77974], [76.56558, 22.77897], [76.56989, 22.77337], [76.57396, 22.7727], [76.57632, 22.77093], [76.57699, 22.76909], [76.57495, 22.76676], [76.57676, 22.76405], [76.57348, 22.75973], [76.57127, 22.75995], [76.56786, 22.76367], [76.57046, 22.75946], [76.57332, 22.7587], [76.5788, 22.76436], [76.58288, 22.76658], [76.58221, 22.76957], [76.59161, 22.77468], [76.59338, 22.77747], [76.60653, 22.78056], [76.60785, 22.77757], [76.60931, 22.7771], [76.61104, 22.77876], [76.61276, 22.77824], [76.61241, 22.78102], [76.61471, 22.7829], [76.61641, 22.78112], [76.61981, 22.78091], [76.6281, 22.78289], [76.63284, 22.78661], [76.62815, 22.78605], [76.62166, 22.78271], [76.62145, 22.7845], [76.61843, 22.78466], [76.61962, 22.78651], [76.61645, 22.78896], [76.61863, 22.78992], [76.62334, 22.78918], [76.62285, 22.79486], [76.62547, 22.7936], [76.62617, 22.79166], [76.63223, 22.79282], [76.62772, 22.79685], [76.63377, 22.79592], [76.63618, 22.79686], [76.63778, 22.79613], [76.63882, 22.79731], [76.64043, 22.79619], [76.6428, 22.79996], [76.64636, 22.79859], [76.64763, 22.80062], [76.64617, 22.8048], [76.6522, 22.80068], [76.65206, 22.79601], [76.65462, 22.79717], [76.65528, 22.79134], [76.6532, 22.78751], [76.6584, 22.78554], [76.66115, 22.78579], [76.66154, 22.78114], [76.66521, 22.78735], [76.66755, 22.78592], [76.6714, 22.78653], [76.67566, 22.78449], [76.67978, 22.78539], [76.68383, 22.7817], [76.68457, 22.79025], [76.68696, 22.79392], [76.6898, 22.79231], [76.69102, 22.78989], [76.71055, 22.79282], [76.70886, 22.80853], [76.70456, 22.80796], [76.69911, 22.80984], [76.69894, 22.81174], [76.70356, 22.81218], [76.70264, 22.81319], [76.70396, 22.81382], [76.70004, 22.81422], [76.7002, 22.81304], [76.69797, 22.81234], [76.69664, 22.81649], [76.70343, 22.81967], [76.71381, 22.8202], [76.71466, 22.82275], [76.71898, 22.82361], [76.72653, 22.8229], [76.73276, 22.82016], [76.73317, 22.81787], [76.73004, 22.81916], [76.72054, 22.81904], [76.72397, 22.81699], [76.73149, 22.81571], [76.71542, 22.81382], [76.72047, 22.81239], [76.73489, 22.81601], [76.73616, 22.81498], [76.74107, 22.8156], [76.74383, 22.81935], [76.73955, 22.81691], [76.73709, 22.81867], [76.74257, 22.82336], [76.75343, 22.82448], [76.75499, 22.82116], [76.75364, 22.81992], [76.7571, 22.81933], [76.75884, 22.81747], [76.75815, 22.81652], [76.76199, 22.81419], [76.76819, 22.81641], [76.7701, 22.81372], [76.7769, 22.81568], [76.7748, 22.81632], [76.77508, 22.81839], [76.7709, 22.81457], [76.77134, 22.81664], [76.77045, 22.81552], [76.7665, 22.81698], [76.76724, 22.81825], [76.76617, 22.81975], [76.77006, 22.8211], [76.76783, 22.82228], [76.77182, 22.8225], [76.77169, 22.82357], [76.77651, 22.82605], [76.77559, 22.82675], [76.77753, 22.82825], [76.77809, 22.8269], [76.77974, 22.82738], [76.77927, 22.82551], [76.78118, 22.82553], [76.78139, 22.8237], [76.78269, 22.82366], [76.78204, 22.826], [76.78511, 22.82717], [76.7827, 22.82667], [76.77946, 22.8289], [76.78363, 22.82948], [76.78589, 22.83174], [76.78717, 22.83007], [76.78899, 22.83211], [76.78803, 22.83326], [76.79162, 22.83411], [76.79136, 22.83267], [76.79588, 22.83139], [76.79776, 22.83339], [76.79663, 22.8342], [76.79847, 22.83488], [76.79857, 22.83737], [76.80156, 22.83721], [76.80053, 22.83939], [76.80367, 22.84332], [76.8059, 22.84229], [76.80647, 22.84543], [76.8078, 22.84471], [76.80689, 22.8463], [76.80262, 22.84519], [76.80492, 22.84775], [76.80447, 22.84989], [76.80731, 22.85078], [76.81045, 22.84975], [76.81083, 22.85153], [76.81448, 22.85385], [76.81619, 22.85178], [76.81823, 22.8523], [76.81806, 22.85375], [76.81463, 22.8543], [76.81541, 22.8571], [76.81383, 22.85722], [76.81558, 22.86106], [76.81888, 22.86003], [76.81949, 22.85819], [76.82169, 22.85914], [76.81988, 22.86066], [76.8205, 22.86219], [76.8253, 22.86257], [76.82573, 22.85966], [76.82804, 22.85807], [76.83061, 22.86415], [76.83138, 22.85894], [76.83368, 22.85572], [76.83186, 22.86185], [76.83247, 22.86459], [76.83711, 22.86841], [76.83877, 22.87187], [76.84097, 22.86889], [76.84037, 22.86576], [76.84341, 22.86344], [76.85053, 22.86113], [76.85396, 22.86129], [76.85651, 22.86252], [76.84957, 22.86849], [76.85228, 22.86923], [76.85682, 22.86719], [76.85661, 22.86979], [76.85192, 22.87381], [76.85666, 22.87694], [76.85869, 22.87147], [76.86103, 22.87279], [76.86113, 22.86658], [76.86225, 22.86865], [76.86323, 22.86746], [76.86425, 22.86961], [76.86797, 22.86399], [76.86603, 22.8702], [76.86766, 22.87112], [76.86587, 22.87186], [76.86654, 22.87277], [76.86475, 22.87237], [76.86275, 22.87408], [76.86557, 22.87559], [76.86855, 22.87503], [76.86664, 22.87768], [76.86838, 22.88412], [76.87132, 22.88058], [76.87691, 22.86384], [76.88094, 22.86974], [76.88495, 22.86806], [76.88521, 22.87099], [76.87753, 22.8789], [76.88218, 22.87733], [76.87938, 22.88018], [76.87916, 22.88212], [76.88059, 22.88506], [76.88219, 22.88312], [76.88346, 22.88415], [76.88456, 22.88798], [76.88361, 22.8908], [76.886, 22.89006], [76.88587, 22.88365]]]]}, "properties": {"district": "Dewas", "state": "Madhya Pradesh", "sub_basin": "Middle", "operational_stp_count": 1, "capacity_mld": 48.0}}, {"type": "Feature", "geometry": {"type": "Polygon", "coordinates": [[[75.55817, 22.50871], [75.55407, 22.49947], [75.5529, 22.49094], [75.55361, 22.48863], [75.56505, 22.49077], [75.56699, 22.47804], [75.56462, 22.47167], [75.57444, 22.45301], [75.56531, 22.44298], [75.56615, 22.43598], [75.56537, 22.42976], [75.56367, 22.42706], [75.55336, 22.41806], [75.54019, 22.41158], [75.54284, 22.41147], [75.54585, 22.40809], [75.54683, 22.39239], [75.54793, 22.39423], [75.55016, 22.3925], [75.55042, 22.38979], [75.55172, 22.39016], [75.55492, 22.38797], [75.5518, 22.38286], [75.5574, 22.3769], [75.56464, 22.37584], [75.55808, 22.37038], [75.55401, 22.36367], [75.54272, 22.36126], [75.54103, 22.3579], [75.5368, 22.3568], [75.5392, 22.36266], [75.53804, 22.36529], [75.52791, 22.36487], [75.52601, 22.36748], [75.52791, 22.37099], [75.52242, 22.37547], [75.51804, 22.37537], [75.51482, 22.37312], [75.50854, 22.37368], [75.5035, 22.36754], [75.51001, 22.35019], [75.50926, 22.33931], [75.50497, 22.33639], [75.50392, 22.33779], [75.49651, 22.33978], [75.49585, 22.33319], [75.48998, 22.32625], [75.49904, 22.32681], [75.50686, 22.32352], [75.51026, 22.32773], [75.51415, 22.32915], [75.5187, 22.32622], [75.51696, 22.30371], [75.51481, 22.29374], [75.51781, 22.27865], [75.52925, 22.27121], [75.5325, 22.2649], [75.53281, 22.26086], [75.52919, 22.25572], [75.52771, 22.25059], [75.52953, 22.24458], [75.53392, 22.23962], [75.53566, 22.23537], [75.53135, 22.22095], [75.52281, 22.21103], [75.51974, 22.19095], [75.51583, 22.1864], [75.51642, 22.18265], [75.52089, 22.17376], [75.51969, 22.17281], [75.51122, 22.17319], [75.51037, 22.16342], [75.50263, 22.15659], [75.48279, 22.15253], [75.46811, 22.15327], [75.43228, 22.14716], [75.4149, 22.14211], [75.40902, 22.13906], [75.39819, 22.1366], [75.39013, 22.13675], [75.37865, 22.14126], [75.36405, 22.14157], [75.32263, 22.13687], [75.28948, 22.12499], [75.25124, 22.1255], [75.23861, 22.12407], [75.21842, 22.11867], [75.20978, 22.11492], [75.19792, 22.1074], [75.18821, 22.10475], [75.14762, 22.1034], [75.13188, 22.10093], [75.11483, 22.0962], [75.10075, 22.09486], [75.08983, 22.09568], [75.06053, 22.09466], [75.03423, 22.08947], [75.01956, 22.08912], [74.97116, 22.08416], [74.94273, 22.083], [74.91471, 22.08374], [74.89949, 22.08161], [74.88225, 22.0776], [74.85285, 22.06613], [74.83727, 22.06247], [74.8275, 22.0632], [74.79129, 22.07724], [74.78009, 22.07892], [74.7528, 22.06957], [74.73347, 22.05989], [74.69447, 22.04854], [74.68944, 22.0453], [74.68444, 22.03807], [74.67891, 22.03573], [74.66538, 22.03411], [74.63758, 22.03699], [74.61955, 22.02907], [74.58802, 22.02292], [74.57713, 22.02345], [74.56679, 22.02232], [74.56017, 22.02443], [74.55289, 22.02946], [74.54081, 22.04816], [74.53406, 22.0519], [74.5258, 22.05181], [74.51094, 22.04584], [74.50223, 22.04458], [74.49916, 22.05302], [74.49492, 22.05508], [74.49406, 22.06264], [74.49256, 22.06497], [74.49255, 22.07106], [74.49777, 22.07166], [74.49974, 22.07362], [74.50079, 22.07831], [74.50404, 22.07949], [74.50387, 22.08383], [74.50839, 22.08461], [74.50941, 22.08779], [74.51561, 22.08941], [74.51505, 22.10017], [74.50736, 22.09906], [74.49916, 22.10019], [74.47563, 22.09645], [74.47579, 22.10055], [74.47105, 22.11355], [74.48482, 22.11417], [74.48761, 22.11265], [74.49916, 22.11289], [74.54063, 22.11748], [74.5403, 22.12341], [74.53541, 22.1228], [74.53029, 22.12885], [74.52651, 22.1464], [74.50902, 22.14987], [74.50219, 22.15659], [74.49752, 22.16669], [74.49599, 22.17407], [74.4961, 22.17888], [74.49877, 22.18181], [74.50952, 22.18296], [74.50968, 22.18632], [74.50757, 22.18992], [74.51553, 22.19858], [74.51558, 22.2026], [74.51938, 22.20332], [74.52156, 22.20515], [74.52112, 22.2073], [74.51171, 22.21699], [74.51145, 22.21874], [74.51612, 22.22371], [74.52105, 22.2266], [74.52342, 22.23236], [74.5267, 22.23639], [74.54317, 22.2369], [74.55154, 22.22163], [74.55414, 22.21968], [74.55676, 22.21968], [74.56229, 22.22386], [74.56193, 22.23069], [74.55911, 22.24214], [74.56213, 22.24523], [74.56404, 22.24597], [74.56952, 22.24316], [74.57519, 22.24234], [74.58926, 22.24265], [74.59049, 22.24383], [74.58958, 22.2488], [74.59037, 22.25057], [74.59532, 22.25336], [74.60223, 22.25441], [74.60377, 22.2562], [74.60214, 22.25985], [74.5963, 22.2632], [74.59914, 22.26813], [74.60777, 22.27041], [74.61418, 22.26826], [74.61874, 22.27071], [74.628, 22.26946], [74.64051, 22.27089], [74.64896, 22.2742], [74.65265, 22.28032], [74.65359, 22.28586], [74.65824, 22.28901], [74.66124, 22.28793], [74.66198, 22.29861], [74.65996, 22.30395], [74.65588, 22.30459], [74.63954, 22.30275], [74.63596, 22.30601], [74.63791, 22.30804], [74.6379, 22.30983], [74.63253, 22.31053], [74.6332, 22.3161], [74.63175, 22.31933], [74.62289, 22.32868], [74.62162, 22.34625], [74.62968, 22.35037], [74.63234, 22.35308], [74.63038, 22.35887], [74.63131, 22.36598], [74.6345, 22.36749], [74.64363, 22.36797], [74.64825, 22.36961], [74.65401, 22.36976], [74.66087, 22.3679], [74.66452, 22.36933], [74.66868, 22.36698], [74.673, 22.36707], [74.67196, 22.36297], [74.67312, 22.36176], [74.67483, 22.36168], [74.67719, 22.36395], [74.67838, 22.36078], [74.68163, 22.36095], [74.68339, 22.36467], [74.68693, 22.36696], [74.69189, 22.36809], [74.69236, 22.37243], [74.69114, 22.37473], [74.69405, 22.37984], [74.69214, 22.38022], [74.68989, 22.38367], [74.69198, 22.3871], [74.69165, 22.39318], [74.69447, 22.39409], [74.69505, 22.39656], [74.69689, 22.39767], [74.69379, 22.40064], [74.68868, 22.40286], [74.69126, 22.40655], [74.69115, 22.40954], [74.68848, 22.41248], [74.69002, 22.41586], [74.69384, 22.41708], [74.69665, 22.42316], [74.69924, 22.42506], [74.71227, 22.42488], [74.71449, 22.42318], [74.72108, 22.4292], [74.72094, 22.43312], [74.72381, 22.43902], [74.7348, 22.43751], [74.74248, 22.43441], [74.74533, 22.43492], [74.74767, 22.43728], [74.74651, 22.44194], [74.73916, 22.44559], [74.73639, 22.45285], [74.72623, 22.45581], [74.72188, 22.4587], [74.7173, 22.45838], [74.71284, 22.46197], [74.71179, 22.46588], [74.71237, 22.47219], [74.70515, 22.47799], [74.70978, 22.48376], [74.70905, 22.48824], [74.71341, 22.49896], [74.72114, 22.49724], [74.72304, 22.50056], [74.72535, 22.50189], [74.72127, 22.50445], [74.71998, 22.51314], [74.72122, 22.51505], [74.71593, 22.51825], [74.71436, 22.52184], [74.71511, 22.52338], [74.71247, 22.5263], [74.71649, 22.53235], [74.7187, 22.53308], [74.72035, 22.53885], [74.72742, 22.54661], [74.72832, 22.55284], [74.73625, 22.55745], [74.74746, 22.56102], [74.75222, 22.55921], [74.75969, 22.56361], [74.76638, 22.57087], [74.77229, 22.56997], [74.77756, 22.57286], [74.78138, 22.58004], [74.79204, 22.5794], [74.78964, 22.58565], [74.79143, 22.58787], [74.79606, 22.5911], [74.79829, 22.59123], [74.80297, 22.58869], [74.80551, 22.58965], [74.80546, 22.59242], [74.80779, 22.59376], [74.80999, 22.59785], [74.81376, 22.59902], [74.81796, 22.60312], [74.81712, 22.60741], [74.823, 22.61269], [74.82767, 22.61376], [74.83825, 22.61272], [74.8432, 22.61351], [74.84607, 22.61554], [74.85632, 22.61322], [74.85699, 22.6087], [74.85271, 22.60288], [74.85223, 22.59963], [74.85436, 22.59798], [74.85306, 22.59583], [74.85519, 22.59415], [74.85572, 22.5951], [74.85582, 22.5928], [74.86361, 22.58692], [74.87165, 22.58716], [74.87394, 22.58203], [74.87676, 22.58466], [74.87965, 22.58443], [74.88691, 22.58888], [74.89158, 22.5885], [74.89315, 22.5903], [74.90426, 22.58774], [74.90804, 22.58804], [74.91086, 22.58561], [74.91256, 22.5818], [74.91711, 22.58013], [74.92837, 22.57946], [74.93878, 22.58213], [74.94577, 22.58229], [74.94989, 22.57923], [74.95112, 22.57512], [74.95655, 22.57555], [74.97501, 22.56862], [74.98337, 22.57037], [74.98921, 22.5687], [74.99662, 22.56521], [75.00582, 22.5578], [75.00879, 22.55769], [75.009, 22.56221], [75.01312, 22.56365], [75.01666, 22.56883], [75.02167, 22.57067], [75.0364, 22.56581], [75.03821, 22.56788], [75.04386, 22.56742], [75.04565, 22.56947], [75.04916, 22.5678], [75.05866, 22.56744], [75.0605, 22.56902], [75.06036, 22.57131], [75.06568, 22.57604], [75.06832, 22.58036], [75.07357, 22.58116], [75.0823, 22.58604], [75.08678, 22.59134], [75.0913, 22.59336], [75.09211, 22.59743], [75.09535, 22.60321], [75.09793, 22.60491], [75.10167, 22.60382], [75.10439, 22.60022], [75.11332, 22.59879], [75.11606, 22.59606], [75.1262, 22.59976], [75.13081, 22.59779], [75.13827, 22.59712], [75.14086, 22.59526], [75.14239, 22.5971], [75.14543, 22.59595], [75.15584, 22.59788], [75.1592, 22.59694], [75.16111, 22.59804], [75.16643, 22.59655], [75.1762, 22.5909], [75.1865, 22.59219], [75.18935, 22.59561], [75.19901, 22.59586], [75.19998, 22.59363], [75.21088, 22.59204], [75.21557, 22.59025], [75.21915, 22.58595], [75.22755, 22.58454], [75.22918, 22.58258], [75.23142, 22.58527], [75.23699, 22.58318], [75.24101, 22.58636], [75.24475, 22.58626], [75.24748, 22.59037], [75.25857, 22.59451], [75.26248, 22.59828], [75.26334, 22.60216], [75.2673, 22.60388], [75.26837, 22.60634], [75.27675, 22.61174], [75.2771, 22.61408], [75.28981, 22.61378], [75.29678, 22.6111], [75.30057, 22.61132], [75.3049, 22.60035], [75.31673, 22.60682], [75.31916, 22.60364], [75.32293, 22.60325], [75.32256, 22.60047], [75.32416, 22.59697], [75.32926, 22.59536], [75.33333, 22.58364], [75.33778, 22.58182], [75.3444, 22.58359], [75.34426, 22.57855], [75.3489, 22.57603], [75.35505, 22.56877], [75.355, 22.56541], [75.35837, 22.56536], [75.36657, 22.55884], [75.37415, 22.55884], [75.37511, 22.55474], [75.3776, 22.55253], [75.37756, 22.5497], [75.38337, 22.54442], [75.38651, 22.54461], [75.38842, 22.5429], [75.39459, 22.5261], [75.39589, 22.51923], [75.40127, 22.51991], [75.40411, 22.514], [75.41081, 22.5158], [75.40928, 22.51063], [75.41188, 22.50893], [75.41266, 22.50058], [75.41136, 22.49695], [75.41435, 22.49696], [75.41531, 22.49022], [75.41339, 22.48589], [75.41661, 22.47943], [75.42309, 22.47646], [75.42684, 22.47535], [75.42834, 22.47704], [75.43301, 22.47509], [75.43504, 22.4719], [75.44076, 22.47501], [75.44306, 22.481], [75.4521, 22.4794], [75.47221, 22.48179], [75.47458, 22.48308], [75.48971, 22.48375], [75.49097, 22.4865], [75.48953, 22.48822], [75.49166, 22.49619], [75.49833, 22.50786], [75.50542, 22.5071], [75.50813, 22.51135], [75.51564, 22.51133], [75.51795, 22.51634], [75.5218, 22.51536], [75.52431, 22.51956], [75.52611, 22.51946], [75.52951, 22.51619], [75.53258, 22.51962], [75.53504, 22.51947], [75.53662, 22.52124], [75.54337, 22.52281], [75.54807, 22.52736], [75.55334, 22.52265], [75.55817, 22.50871]]]}, "properties": {"district": "Dhar", "state": "Madhya Pradesh", "sub_basin": "Middle", "operational_stp_count": 1, "capacity_mld": 2.0}}, {"type": "Feature", "geometry": {"type": "Polygon", "coordinates": [[[76.78101, 22.34419], [76.79252, 22.34043], [76.7987, 22.3349], [76.80073, 22.33129], [76.81107, 22.33734], [76.81788, 22.33734], [76.82001, 22.33161], [76.82547, 22.33102], [76.82451, 22.31415], [76.83475, 22.31872], [76.83775, 22.31848], [76.83771, 22.3219], [76.84317, 22.32534], [76.84388, 22.32705], [76.85199, 22.33122], [76.85331, 22.32772], [76.86476, 22.32282], [76.86924, 22.32255], [76.86826, 22.31245], [76.86947, 22.30986], [76.87563, 22.30754], [76.88137, 22.3089], [76.88936, 22.29932], [76.89493, 22.29657], [76.89435, 22.29323], [76.88792, 22.29292], [76.88479, 22.28898], [76.88545, 22.28521], [76.87671, 22.28553], [76.8742, 22.28434], [76.87342, 22.28296], [76.87651, 22.27718], [76.87216, 22.26866], [76.868, 22.26788], [76.86491, 22.26378], [76.85844, 22.26121], [76.85832, 22.25512], [76.85463, 22.25476], [76.85343, 22.25681], [76.8432, 22.25438], [76.84356, 22.25064], [76.84584, 22.24728], [76.85547, 22.24464], [76.84707, 22.242], [76.84471, 22.23925], [76.84989, 22.22578], [76.84665, 22.22476], [76.84204, 22.2168], [76.84064, 22.21665], [76.83842, 22.20495], [76.83954, 22.19989], [76.83594, 22.19317], [76.83933, 22.1876], [76.84051, 22.17949], [76.8458, 22.17911], [76.84732, 22.17165], [76.84484, 22.16626], [76.83847, 22.16248], [76.84154, 22.15841], [76.83496, 22.15758], [76.83268, 22.15989], [76.83094, 22.15836], [76.82732, 22.15922], [76.82669, 22.15681], [76.82791, 22.15632], [76.83349, 22.13398], [76.83656, 22.12852], [76.84455, 22.13004], [76.85117, 22.12783], [76.85301, 22.12472], [76.86584, 22.12558], [76.86588, 22.1188], [76.8715, 22.11788], [76.87196, 22.11458], [76.86996, 22.11372], [76.86216, 22.11438], [76.85854, 22.1132], [76.85489, 22.10453], [76.8527, 22.1028], [76.85614, 22.09893], [76.85806, 22.09014], [76.85218, 22.08588], [76.84527, 22.08456], [76.84423, 22.06423], [76.84004, 22.06015], [76.84096, 22.05588], [76.84544, 22.05345], [76.85169, 22.0472], [76.8533, 22.03636], [76.85223, 22.03137], [76.8568, 22.02759], [76.8656, 22.02752], [76.86807, 22.02552], [76.86682, 22.01675], [76.87024, 22.01618], [76.87414, 22.01327], [76.87338, 22.01036], [76.87462, 22.00621], [76.87713, 22.00636], [76.87905, 22.00401], [76.87802, 22.00129], [76.88254, 21.99453], [76.88229, 21.99063], [76.8868, 21.98605], [76.88711, 21.98422], [76.89928, 21.9882], [76.90625, 21.99213], [76.90873, 21.99946], [76.9047, 22.00661], [76.91904, 22.00568], [76.92102, 22.0029], [76.9317, 21.99842], [76.93444, 21.99585], [76.93381, 21.99332], [76.93865, 21.9915], [76.94155, 21.99326], [76.9413, 22.00225], [76.94595, 22.00498], [76.95551, 22.00587], [76.96073, 22.00413], [76.96226, 22.00084], [76.96841, 22.00447], [76.97102, 22.00426], [76.97655, 22.00222], [76.97816, 21.99372], [76.98489, 21.98883], [76.99274, 21.97659], [76.99648, 21.97872], [77.00288, 21.97787], [77.01399, 21.98054], [77.01903, 21.98776], [77.02489, 21.9912], [77.03347, 21.99054], [77.04171, 21.98745], [77.05252, 21.98538], [77.05554, 21.98658], [77.06609, 21.98203], [77.07369, 21.98132], [77.08324, 21.98305], [77.09603, 21.98747], [77.11467, 21.98641], [77.12353, 21.99062], [77.13787, 21.99437], [77.14414, 21.98894], [77.1545, 21.98507], [77.16416, 21.97974], [77.16704, 21.97538], [77.16981, 21.96621], [77.17239, 21.9636], [77.17411, 21.95582], [77.18243, 21.95255], [77.18508, 21.9497], [77.1874, 21.94286], [77.18729, 21.9359], [77.1822, 21.93078], [77.18426, 21.9268], [77.17113, 21.92707], [77.16995, 21.92352], [77.16313, 21.91565], [77.16489, 21.91031], [77.15428, 21.90901], [77.15332, 21.90614], [77.14912, 21.90534], [77.14736, 21.90717], [77.13259, 21.90687], [77.13086, 21.90868], [77.12101, 21.90537], [77.12059, 21.89803], [77.12243, 21.89433], [77.12969, 21.88807], [77.13001, 21.88357], [77.11659, 21.88449], [77.11329, 21.88112], [77.10481, 21.87861], [77.09372, 21.87763], [77.09079, 21.87612], [77.08878, 21.87198], [77.08427, 21.87207], [77.07919, 21.87617], [77.07501, 21.87699], [77.07401, 21.87904], [77.06501, 21.87534], [77.06399, 21.87459], [77.06566, 21.87058], [77.06475, 21.86806], [77.06586, 21.86289], [77.0649, 21.85761], [77.06133, 21.85198], [77.0477, 21.85038], [77.04085, 21.85618], [77.03754, 21.85447], [77.02935, 21.85464], [77.02253, 21.85809], [77.01454, 21.85692], [77.01228, 21.85196], [77.00693, 21.85122], [77.00493, 21.85294], [76.99278, 21.85288], [76.98483, 21.85153], [76.98159, 21.84526], [76.97745, 21.84534], [76.97067, 21.84302], [76.95104, 21.83348], [76.94815, 21.82993], [76.95342, 21.82776], [76.9526, 21.82118], [76.94333, 21.81567], [76.94345, 21.81019], [76.94562, 21.80456], [76.95299, 21.79764], [76.95579, 21.7922], [76.95566, 21.78803], [76.94908, 21.78437], [76.94092, 21.78454], [76.93658, 21.78278], [76.93251, 21.77867], [76.93159, 21.77516], [76.92515, 21.76884], [76.9172, 21.76688], [76.91108, 21.75977], [76.90836, 21.76117], [76.90252, 21.75986], [76.90673, 21.7529], [76.905, 21.74954], [76.90583, 21.73921], [76.89626, 21.7378], [76.89799, 21.73131], [76.87662, 21.72584], [76.8767, 21.72971], [76.87409, 21.73199], [76.86792, 21.73035], [76.86669, 21.72782], [76.85496, 21.72597], [76.85421, 21.72429], [76.85685, 21.71628], [76.85334, 21.71114], [76.84899, 21.70792], [76.85168, 21.70379], [76.84486, 21.70362], [76.84322, 21.69269], [76.84215, 21.69166], [76.83919, 21.69367], [76.83288, 21.69449], [76.83082, 21.69024], [76.81466, 21.68958], [76.81249, 21.69289], [76.80594, 21.69289], [76.80377, 21.69177], [76.80168, 21.69284], [76.79917, 21.69114], [76.78839, 21.69039], [76.78369, 21.68797], [76.77526, 21.69085], [76.76923, 21.6845], [76.76279, 21.68161], [76.76007, 21.67745], [76.75904, 21.67101], [76.75326, 21.6674], [76.75298, 21.66212], [76.7443, 21.65911], [76.74169, 21.66534], [76.73822, 21.66616], [76.73648, 21.66459], [76.73833, 21.66026], [76.73453, 21.65538], [76.73898, 21.64892], [76.74083, 21.64359], [76.73809, 21.64067], [76.73832, 21.63691], [76.73747, 21.63527], [76.73316, 21.63318], [76.72206, 21.62933], [76.71251, 21.62952], [76.70954, 21.62267], [76.7098, 21.61834], [76.70496, 21.61362], [76.70489, 21.60849], [76.70079, 21.60439], [76.70072, 21.59936], [76.69853, 21.59698], [76.70331, 21.58818], [76.70245, 21.58445], [76.69304, 21.57755], [76.6907, 21.57875], [76.68579, 21.57865], [76.67496, 21.57279], [76.67479, 21.56935], [76.66919, 21.56616], [76.6636, 21.56535], [76.66252, 21.56867], [76.65489, 21.56874], [76.65125, 21.57136], [76.64877, 21.57515], [76.64086, 21.5712], [76.63975, 21.56893], [76.62961, 21.56467], [76.62524, 21.56582], [76.6213, 21.57128], [76.61823, 21.57292], [76.61154, 21.57333], [76.59976, 21.56913], [76.59302, 21.57038], [76.58607, 21.56524], [76.5809, 21.56447], [76.57267, 21.56571], [76.5596, 21.56543], [76.55405, 21.56759], [76.53748, 21.56347], [76.51988, 21.56106], [76.51284, 21.5613], [76.50192, 21.56469], [76.4932, 21.57224], [76.48645, 21.57405], [76.48544, 21.5779], [76.46468, 21.58138], [76.46222, 21.57777], [76.45992, 21.58226], [76.4562, 21.58099], [76.45187, 21.58212], [76.44903, 21.58754], [76.44616, 21.58792], [76.44011, 21.59449], [76.43552, 21.59701], [76.43399, 21.58947], [76.42821, 21.58368], [76.41941, 21.58984], [76.41877, 21.59653], [76.40693, 21.59902], [76.37708, 21.59804], [76.37247, 21.59487], [76.37207, 21.59162], [76.36851, 21.58777], [76.36454, 21.58881], [76.36085, 21.58697], [76.35768, 21.58865], [76.35628, 21.58326], [76.35744, 21.57716], [76.35885, 21.57721], [76.35802, 21.57022], [76.34552, 21.56726], [76.33949, 21.56744], [76.33833, 21.57233], [76.32936, 21.5793], [76.32834, 21.58465], [76.32272, 21.58442], [76.31793, 21.58731], [76.31494, 21.58525], [76.30448, 21.58444], [76.30266, 21.5793], [76.30629, 21.57582], [76.30285, 21.57382], [76.29201, 21.57699], [76.29041, 21.58076], [76.29292, 21.58792], [76.29562, 21.59101], [76.29505, 21.59616], [76.28555, 21.59545], [76.28598, 21.59324], [76.28895, 21.59018], [76.2864, 21.58498], [76.27115, 21.58363], [76.26629, 21.58552], [76.26029, 21.5852], [76.25075, 21.58191], [76.2444, 21.58246], [76.23594, 21.57598], [76.22732, 21.57357], [76.2217, 21.57402], [76.21266, 21.57098], [76.21443, 21.56391], [76.21312, 21.56168], [76.20814, 21.55939], [76.20404, 21.55907], [76.19665, 21.56053], [76.19585, 21.558], [76.19835, 21.55257], [76.19769, 21.55044], [76.19276, 21.55001], [76.17678, 21.54169], [76.16495, 21.54787], [76.15483, 21.54819], [76.15285, 21.55431], [76.14744, 21.55918], [76.14586, 21.56345], [76.14807, 21.57472], [76.15011, 21.57848], [76.14519, 21.57798], [76.13879, 21.57542], [76.13898, 21.57213], [76.14472, 21.57031], [76.1425, 21.56808], [76.13885, 21.56696], [76.1386, 21.56204], [76.13574, 21.56083], [76.13413, 21.56254], [76.12645, 21.56174], [76.13048, 21.56565], [76.12654, 21.57008], [76.12007, 21.56902], [76.11781, 21.57109], [76.11501, 21.57092], [76.11248, 21.57802], [76.10492, 21.57687], [76.10142, 21.57492], [76.0769, 21.57214], [76.0749, 21.58702], [76.0773, 21.59364], [76.07662, 21.59685], [76.07878, 21.61494], [76.0758, 21.62327], [76.06945, 21.66337], [76.07714, 21.66485], [76.0816, 21.67159], [76.08757, 21.67223], [76.08707, 21.67417], [76.09189, 21.67974], [76.09582, 21.67932], [76.09749, 21.68076], [76.09849, 21.68495], [76.10784, 21.69111], [76.11083, 21.68984], [76.11621, 21.69107], [76.13306, 21.69119], [76.13526, 21.68592], [76.13978, 21.68161], [76.14722, 21.67873], [76.1474, 21.67741], [76.15185, 21.67722], [76.15204, 21.69433], [76.1644, 21.69602], [76.16954, 21.69774], [76.16963, 21.69923], [76.17129, 21.6999], [76.16746, 21.70282], [76.17, 21.72105], [76.16455, 21.72138], [76.16581, 21.72453], [76.15484, 21.73273], [76.14986, 21.73493], [76.14507, 21.73502], [76.14488, 21.7337], [76.1382, 21.73266], [76.13351, 21.72469], [76.12654, 21.72129], [76.1122, 21.72003], [76.11167, 21.72201], [76.10719, 21.72381], [76.10459, 21.7234], [76.10705, 21.73106], [76.10153, 21.73033], [76.09973, 21.74068], [76.10147, 21.74643], [76.10806, 21.74983], [76.11572, 21.74898], [76.12407, 21.74985], [76.12682, 21.76026], [76.12396, 21.76068], [76.12352, 21.76609], [76.11842, 21.76544], [76.1162, 21.76893], [76.11435, 21.77354], [76.11282, 21.78868], [76.10612, 21.78937], [76.10653, 21.79121], [76.11104, 21.7955], [76.11021, 21.79989], [76.10751, 21.80323], [76.10568, 21.82276], [76.10099, 21.8368], [76.10063, 21.85503], [76.11528, 21.8582], [76.11852, 21.85542], [76.12457, 21.8548], [76.12239, 21.85846], [76.12165, 21.8634], [76.12256, 21.86695], [76.1254, 21.87061], [76.14596, 21.88351], [76.15573, 21.88813], [76.16905, 21.88567], [76.16963, 21.88656], [76.16878, 21.8929], [76.167, 21.89337], [76.16639, 21.90013], [76.16233, 21.91016], [76.1601, 21.92332], [76.1559, 21.92782], [76.15473, 21.93452], [76.15273, 21.93658], [76.15425, 21.94136], [76.1486, 21.94678], [76.14884, 21.95009], [76.15468, 21.95066], [76.15543, 21.95302], [76.15007, 21.96158], [76.16044, 21.96451], [76.16049, 21.96818], [76.15701, 21.97109], [76.15269, 21.97033], [76.14979, 21.9682], [76.14677, 21.96909], [76.14615, 21.96994], [76.14855, 21.973], [76.14659, 21.97565], [76.14249, 21.97717], [76.14304, 21.97835], [76.14779, 21.97903], [76.14883, 21.98825], [76.15348, 21.98665], [76.15641, 21.98782], [76.15689, 21.99117], [76.16087, 21.99832], [76.15975, 22.00563], [76.16165, 22.00945], [76.16506, 22.0124], [76.16427, 22.01655], [76.15485, 22.02112], [76.15297, 22.02319], [76.15225, 22.03202], [76.15902, 22.03574], [76.16025, 22.03795], [76.1592, 22.04076], [76.16439, 22.04274], [76.16881, 22.04164], [76.17716, 22.04263], [76.18073, 22.03793], [76.19357, 22.0405], [76.19871, 22.04447], [76.19989, 22.04948], [76.19875, 22.05919], [76.20023, 22.06713], [76.22493, 22.07197], [76.22467, 22.07492], [76.22283, 22.083], [76.21909, 22.08362], [76.21567, 22.08837], [76.21701, 22.09628], [76.21969, 22.09972], [76.19864, 22.09722], [76.19027, 22.11543], [76.17377, 22.12215], [76.17313, 22.11959], [76.16454, 22.1195], [76.15871, 22.11703], [76.15441, 22.11717], [76.15335, 22.10874], [76.15146, 22.10501], [76.14825, 22.10471], [76.14841, 22.10126], [76.13549, 22.10005], [76.13417, 22.09764], [76.13361, 22.09304], [76.13728, 22.08083], [76.15397, 22.07721], [76.15444, 22.07013], [76.15164, 22.06528], [76.1388, 22.05547], [76.12514, 22.05637], [76.10608, 22.05298], [76.10318, 22.05447], [76.09588, 22.05348], [76.09553, 22.05577], [76.09695, 22.05767], [76.09683, 22.07926], [76.09315, 22.08992], [76.09546, 22.09291], [76.10151, 22.09259], [76.10547, 22.09407], [76.11454, 22.09454], [76.11524, 22.10376], [76.13544, 22.10539], [76.13525, 22.10761], [76.13689, 22.10776], [76.13811, 22.11007], [76.13838, 22.11442], [76.13568, 22.12482], [76.13284, 22.12804], [76.12718, 22.1308], [76.12476, 22.13389], [76.12447, 22.15292], [76.12143, 22.15436], [76.11688, 22.1532], [76.1172, 22.15896], [76.11841, 22.16487], [76.12177, 22.17082], [76.12756, 22.17157], [76.13386, 22.17566], [76.1472, 22.1744], [76.15053, 22.17843], [76.15728, 22.18938], [76.156, 22.20076], [76.15738, 22.20236], [76.1528, 22.20899], [76.15364, 22.21301], [76.13412, 22.21274], [76.12603, 22.20833], [76.12296, 22.20799], [76.12299, 22.21294], [76.11878, 22.2119], [76.11189, 22.21367], [76.10213, 22.21301], [76.09948, 22.21152], [76.09872, 22.19978], [76.09436, 22.19857], [76.09356, 22.19254], [76.08792, 22.18729], [76.08259, 22.18561], [76.08169, 22.18815], [76.07871, 22.18764], [76.07949, 22.18945], [76.07854, 22.19006], [76.06952, 22.18823], [76.06752, 22.19137], [76.06437, 22.1917], [76.04742, 22.19], [76.03997, 22.19464], [76.03191, 22.19435], [76.03052, 22.19711], [76.02488, 22.19686], [76.02135, 22.20189], [76.02101, 22.20467], [76.01755, 22.20374], [76.01253, 22.2117], [76.01711, 22.21845], [76.02252, 22.223], [76.03093, 22.22504], [76.0607, 22.22656], [76.09742, 22.24904], [76.10265, 22.25062], [76.11227, 22.25213], [76.15008, 22.25345], [76.15872, 22.25557], [76.18163, 22.27577], [76.18298, 22.28247], [76.19354, 22.30331], [76.20501, 22.32522], [76.20923, 22.32961], [76.20853, 22.32771], [76.21159, 22.32275], [76.21936, 22.31592], [76.22919, 22.31299], [76.23222, 22.30668], [76.2357, 22.30386], [76.23903, 22.29788], [76.25161, 22.28981], [76.26926, 22.2925], [76.30607, 22.29431], [76.32668, 22.29836], [76.34179, 22.30377], [76.34623, 22.30657], [76.35453, 22.31657], [76.37924, 22.32563], [76.39971, 22.33736], [76.4189, 22.33792], [76.41983, 22.34004], [76.4232, 22.34153], [76.43002, 22.34103], [76.4444, 22.34281], [76.4455, 22.34488], [76.44339, 22.35142], [76.43736, 22.3576], [76.43604, 22.36379], [76.4383, 22.37171], [76.44216, 22.37592], [76.44354, 22.38282], [76.45982, 22.39261], [76.48219, 22.40332], [76.49501, 22.41168], [76.5245, 22.41216], [76.5485, 22.4043], [76.55385, 22.39874], [76.56856, 22.40562], [76.57157, 22.40489], [76.57333, 22.40296], [76.57865, 22.4027], [76.58431, 22.40499], [76.58483, 22.40772], [76.58679, 22.40594], [76.59125, 22.40696], [76.60378, 22.40537], [76.60748, 22.40241], [76.60934, 22.39857], [76.61257, 22.39752], [76.61653, 22.39311], [76.61664, 22.39071], [76.61859, 22.3898], [76.62128, 22.37801], [76.62007, 22.37554], [76.62225, 22.37305], [76.63195, 22.37116], [76.63433, 22.36729], [76.63926, 22.36582], [76.64482, 22.36104], [76.64569, 22.36306], [76.64931, 22.36421], [76.65273, 22.36347], [76.65529, 22.3607], [76.65348, 22.35799], [76.65414, 22.35345], [76.66459, 22.34559], [76.66069, 22.34036], [76.66097, 22.33526], [76.65509, 22.3305], [76.68298, 22.29642], [76.68473, 22.2985], [76.69617, 22.29978], [76.70116, 22.30474], [76.70637, 22.3055], [76.71505, 22.30996], [76.71716, 22.30899], [76.71921, 22.31025], [76.72511, 22.30925], [76.72605, 22.30291], [76.72827, 22.3007], [76.73396, 22.30338], [76.73561, 22.29973], [76.73542, 22.29461], [76.73782, 22.29234], [76.74215, 22.29196], [76.74889, 22.30223], [76.75658, 22.30927], [76.76862, 22.31631], [76.77651, 22.33319], [76.77784, 22.34024], [76.78101, 22.34419]]]}, "properties": {"district": "Khandwa", "state": "Madhya Pradesh", "sub_basin": "Middle", "operational_stp_count": 2, "capacity_mld": 1.0}}, {"type": "Feature", "geometry": {"type": "Polygon", "coordinates": [[[80.49331, 23.39027], [80.50001, 23.38783], [80.50097, 23.38388], [80.50395, 23.38103], [80.49881, 23.3749], [80.48551, 23.37097], [80.48667, 23.36769], [80.48419, 23.36186], [80.48001, 23.35784], [80.47865, 23.35297], [80.46751, 23.34367], [80.46584, 23.33533], [80.46846, 23.32996], [80.46749, 23.32781], [80.46069, 23.32696], [80.45577, 23.32447], [80.45588, 23.31922], [80.45188, 23.3166], [80.45362, 23.30645], [80.46434, 23.30978], [80.46837, 23.30578], [80.46839, 23.30191], [80.47011, 23.29981], [80.46889, 23.29556], [80.46417, 23.29326], [80.46291, 23.28741], [80.46531, 23.27893], [80.45916, 23.27272], [80.45903, 23.27105], [80.46364, 23.26415], [80.4552, 23.25998], [80.4508, 23.25155], [80.44334, 23.25034], [80.42348, 23.23785], [80.42693, 23.23314], [80.43028, 23.23311], [80.42914, 23.22598], [80.43187, 23.21596], [80.43504, 23.21442], [80.43578, 23.211], [80.43386, 23.20597], [80.43078, 23.20448], [80.42751, 23.20117], [80.42669, 23.19782], [80.4225, 23.19507], [80.42249, 23.19187], [80.42076, 23.18851], [80.42087, 23.18285], [80.41917, 23.18033], [80.42022, 23.17797], [80.41827, 23.17611], [80.40873, 23.17615], [80.4075, 23.17219], [80.39131, 23.17128], [80.39417, 23.16713], [80.38969, 23.15754], [80.38966, 23.14445], [80.39282, 23.14211], [80.35952, 23.1393], [80.35718, 23.13656], [80.356, 23.13145], [80.35061, 23.12087], [80.33692, 23.11657], [80.33758, 23.11096], [80.32929, 23.09693], [80.31165, 23.0977], [80.30879, 23.09633], [80.30179, 23.09842], [80.30008, 23.10583], [80.29557, 23.10779], [80.29713, 23.11301], [80.2962, 23.12545], [80.29353, 23.12996], [80.2915, 23.12963], [80.28951, 23.13332], [80.28366, 23.13419], [80.28097, 23.13627], [80.27628, 23.13538], [80.27908, 23.14172], [80.27633, 23.14598], [80.26591, 23.14548], [80.2607, 23.14841], [80.24809, 23.15152], [80.24396, 23.14727], [80.24364, 23.14355], [80.24173, 23.14161], [80.2382, 23.14005], [80.23267, 23.14267], [80.22823, 23.14278], [80.21776, 23.13233], [80.21022, 23.13094], [80.20504, 23.13233], [80.1926, 23.1312], [80.1861, 23.12868], [80.17965, 23.12211], [80.18165, 23.11089], [80.19004, 23.10455], [80.19024, 23.09829], [80.18873, 23.09201], [80.20274, 23.08636], [80.20422, 23.06857], [80.2041, 23.06753], [80.19729, 23.06685], [80.19326, 23.0685], [80.19091, 23.06721], [80.18687, 23.06724], [80.18213, 23.06273], [80.18086, 23.05658], [80.18138, 23.05503], [80.18522, 23.05358], [80.18787, 23.0436], [80.18738, 23.04142], [80.18924, 23.03976], [80.19182, 23.03331], [80.19095, 23.02815], [80.18645, 23.02276], [80.17664, 23.02419], [80.16984, 23.03809], [80.16919, 23.04265], [80.1637, 23.04765], [80.15785, 23.04865], [80.14826, 23.04541], [80.14442, 23.04924], [80.14175, 23.04483], [80.14064, 23.04998], [80.14186, 23.05657], [80.13823, 23.05631], [80.13482, 23.05941], [80.13126, 23.05861], [80.12926, 23.05976], [80.12486, 23.0544], [80.11011, 23.0516], [80.10844, 23.05271], [80.10744, 23.05934], [80.10878, 23.07574], [80.09742, 23.07937], [80.09101, 23.07755], [80.0812, 23.07723], [80.08291, 23.07495], [80.07965, 23.06596], [80.0711, 23.06653], [80.06643, 23.0629], [80.05775, 23.05889], [80.05396, 23.05393], [80.04724, 23.05159], [80.04241, 23.04674], [80.04016, 23.04185], [80.0366, 23.03937], [80.03087, 23.03835], [80.01467, 23.03161], [80.00528, 23.03049], [80.00072, 23.03115], [79.99248, 23.02868], [79.99531, 23.02116], [79.99287, 23.01567], [79.99034, 23.01381], [79.99823, 23.0165], [80.00534, 23.00653], [80.00451, 23.00289], [79.99802, 23.00352], [79.99121, 22.99826], [79.99472, 22.99211], [79.99849, 22.99063], [80.00156, 22.98731], [80.00507, 22.98237], [80.00557, 22.97935], [79.99919, 22.97945], [79.9974, 22.9755], [79.99382, 22.97406], [79.98964, 22.96966], [79.98444, 22.96923], [79.98213, 22.9662], [79.96989, 22.96129], [79.96596, 22.95826], [79.96698, 22.95549], [79.96188, 22.95394], [79.96077, 22.95153], [79.95291, 22.94823], [79.95135, 22.94599], [79.95481, 22.94414], [79.95529, 22.94225], [79.95355, 22.93974], [79.95483, 22.938], [79.9542, 22.93687], [79.96233, 22.9318], [79.97081, 22.92393], [79.9745, 22.9174], [79.96942, 22.91554], [79.96823, 22.90818], [79.97012, 22.90088], [79.97034, 22.8919], [79.96897, 22.88953], [79.97277, 22.88616], [79.97557, 22.88539], [79.96873, 22.87955], [79.9623, 22.87098], [79.96524, 22.87173], [79.96661, 22.86633], [79.96519, 22.86038], [79.9655, 22.854], [79.96437, 22.85199], [79.95836, 22.85617], [79.95096, 22.8569], [79.94655, 22.85961], [79.94104, 22.86079], [79.93127, 22.8572], [79.92519, 22.85714], [79.90671, 22.84526], [79.90406, 22.86049], [79.90255, 22.86378], [79.90041, 22.86359], [79.88637, 22.86036], [79.88461, 22.8528], [79.88283, 22.85059], [79.88188, 22.85207], [79.87691, 22.85254], [79.87037, 22.85571], [79.86383, 22.85177], [79.85452, 22.83345], [79.84682, 22.83084], [79.83978, 22.83096], [79.83438, 22.83254], [79.83301, 22.83522], [79.82822, 22.83827], [79.82649, 22.84202], [79.82697, 22.84476], [79.81862, 22.8484], [79.81798, 22.86056], [79.8208, 22.8669], [79.82059, 22.87119], [79.80064, 22.86343], [79.79345, 22.85632], [79.78984, 22.84931], [79.78752, 22.8492], [79.78481, 22.8466], [79.7653, 22.84474], [79.76295, 22.84719], [79.75919, 22.86023], [79.76467, 22.86391], [79.7708, 22.87309], [79.78132, 22.87933], [79.77266, 22.88306], [79.76781, 22.88783], [79.76356, 22.88833], [79.75523, 22.89263], [79.74974, 22.89914], [79.74407, 22.89685], [79.75134, 22.91349], [79.75124, 22.91614], [79.74846, 22.92062], [79.74527, 22.91931], [79.74101, 22.92091], [79.73016, 22.91973], [79.72364, 22.92232], [79.7179, 22.92267], [79.71614, 22.92423], [79.70692, 22.9237], [79.70086, 22.92549], [79.69473, 22.9238], [79.69082, 22.92473], [79.68537, 22.92392], [79.68692, 22.92987], [79.67884, 22.92674], [79.67277, 22.92811], [79.66908, 22.92433], [79.66499, 22.92339], [79.65644, 22.92342], [79.65444, 22.92514], [79.6488, 22.92643], [79.6395, 22.94459], [79.63187, 22.94411], [79.62985, 22.94578], [79.62952, 22.94908], [79.6274, 22.94985], [79.62609, 22.95389], [79.62247, 22.95555], [79.6243, 22.96046], [79.6227, 22.96784], [79.63181, 22.96873], [79.63824, 22.9708], [79.63785, 22.97314], [79.64046, 22.97283], [79.64307, 22.97897], [79.63511, 22.98464], [79.63267, 22.98852], [79.6283, 22.98977], [79.6274, 22.99328], [79.6229, 22.99458], [79.61835, 22.99243], [79.61512, 22.99258], [79.61646, 23.00319], [79.61515, 23.00469], [79.61354, 23.00399], [79.60901, 23.00519], [79.60564, 23.00996], [79.60618, 23.01362], [79.60935, 23.01713], [79.60886, 23.01956], [79.6044, 23.0196], [79.60129, 23.02211], [79.59309, 23.02039], [79.59036, 23.02252], [79.59207, 23.02661], [79.59727, 23.03063], [79.59888, 23.03403], [79.59842, 23.03874], [79.59391, 23.04337], [79.59485, 23.04769], [79.59972, 23.05288], [79.5964, 23.05944], [79.60109, 23.06478], [79.60621, 23.06572], [79.60821, 23.06774], [79.60641, 23.07616], [79.60844, 23.08826], [79.60583, 23.08724], [79.60538, 23.08441], [79.60242, 23.08341], [79.60029, 23.09187], [79.60323, 23.09284], [79.60613, 23.09125], [79.6136, 23.09044], [79.61351, 23.09482], [79.60816, 23.09715], [79.60765, 23.09865], [79.60924, 23.1009], [79.61495, 23.10321], [79.6157, 23.10535], [79.60503, 23.10706], [79.59583, 23.11075], [79.58813, 23.11061], [79.58173, 23.11206], [79.5799, 23.11436], [79.57756, 23.12635], [79.57434, 23.13241], [79.5714, 23.13446], [79.54445, 23.13966], [79.53507, 23.13976], [79.52006, 23.1435], [79.51427, 23.1428], [79.50691, 23.13859], [79.49853, 23.13002], [79.48077, 23.11876], [79.46983, 23.10623], [79.46273, 23.10019], [79.45815, 23.0983], [79.45313, 23.09877], [79.44119, 23.10664], [79.43485, 23.10818], [79.41845, 23.10496], [79.40585, 23.1001], [79.40348, 23.1002], [79.39855, 23.10187], [79.38815, 23.11116], [79.38176, 23.11302], [79.37806, 23.11282], [79.36186, 23.10601], [79.34682, 23.10735], [79.35204, 23.11382], [79.35365, 23.12684], [79.35792, 23.13047], [79.35243, 23.13544], [79.35154, 23.13868], [79.35514, 23.14305], [79.36469, 23.14808], [79.37356, 23.15647], [79.37342, 23.16392], [79.37088, 23.16743], [79.39142, 23.17647], [79.42093, 23.19248], [79.42784, 23.19822], [79.42867, 23.20134], [79.44544, 23.21195], [79.44639, 23.21522], [79.45167, 23.2194], [79.45716, 23.22655], [79.4753, 23.2379], [79.47863, 23.24386], [79.48728, 23.24969], [79.48892, 23.25696], [79.49298, 23.26185], [79.48828, 23.26402], [79.49197, 23.26412], [79.49857, 23.26158], [79.51122, 23.2682], [79.51578, 23.26834], [79.53144, 23.26578], [79.53265, 23.26339], [79.53087, 23.26025], [79.5321, 23.25959], [79.54533, 23.26691], [79.55538, 23.27063], [79.56149, 23.27587], [79.56633, 23.27622], [79.56707, 23.27892], [79.56944, 23.28091], [79.5931, 23.29505], [79.59464, 23.295], [79.59505, 23.29632], [79.61497, 23.30918], [79.63332, 23.31784], [79.65561, 23.33132], [79.66264, 23.33418], [79.6649, 23.3365], [79.66843, 23.33515], [79.6745, 23.33822], [79.67484, 23.34337], [79.68755, 23.34979], [79.70285, 23.36153], [79.70633, 23.36801], [79.70348, 23.37511], [79.70448, 23.37595], [79.71248, 23.37168], [79.71562, 23.37788], [79.71611, 23.38246], [79.71943, 23.38581], [79.71964, 23.38894], [79.71727, 23.3922], [79.72246, 23.39381], [79.71974, 23.39841], [79.725, 23.39965], [79.73318, 23.40928], [79.7329, 23.4116], [79.7306, 23.41283], [79.73312, 23.41968], [79.72986, 23.42065], [79.72479, 23.4188], [79.72295, 23.42274], [79.72487, 23.4224], [79.72659, 23.4244], [79.72435, 23.42539], [79.7292, 23.42825], [79.73547, 23.42625], [79.73482, 23.43114], [79.73706, 23.43294], [79.73777, 23.43659], [79.74084, 23.43407], [79.74133, 23.42982], [79.74557, 23.43154], [79.74718, 23.43014], [79.75555, 23.43304], [79.75843, 23.43197], [79.76657, 23.43827], [79.76765, 23.44533], [79.77154, 23.44598], [79.77141, 23.44261], [79.77513, 23.43927], [79.78216, 23.44111], [79.78334, 23.44323], [79.789, 23.44646], [79.78596, 23.44653], [79.78556, 23.44867], [79.79357, 23.45551], [79.78738, 23.45985], [79.79276, 23.46495], [79.7965, 23.46321], [79.80214, 23.46584], [79.80202, 23.46815], [79.80784, 23.4816], [79.81467, 23.49055], [79.81572, 23.49528], [79.80998, 23.49884], [79.81275, 23.50183], [79.81543, 23.50201], [79.81962, 23.50853], [79.82016, 23.51051], [79.81531, 23.51268], [79.83642, 23.51121], [79.84319, 23.50536], [79.84732, 23.50417], [79.87324, 23.54042], [79.87446, 23.54995], [79.87632, 23.55148], [79.87547, 23.55283], [79.87824, 23.55439], [79.87664, 23.55624], [79.8782, 23.55644], [79.87912, 23.55836], [79.87998, 23.55702], [79.88336, 23.55966], [79.88489, 23.55898], [79.88599, 23.56224], [79.88728, 23.56155], [79.88802, 23.56415], [79.89213, 23.56581], [79.89201, 23.56773], [79.89369, 23.56785], [79.89164, 23.56941], [79.89295, 23.5706], [79.89256, 23.57292], [79.89544, 23.57256], [79.89869, 23.57495], [79.90101, 23.57479], [79.90086, 23.57911], [79.90348, 23.5813], [79.9024, 23.58403], [79.90341, 23.58583], [79.90616, 23.58638], [79.90907, 23.58504], [79.91004, 23.58635], [79.91119, 23.58508], [79.91216, 23.587], [79.91742, 23.58664], [79.92658, 23.59429], [79.92969, 23.59519], [79.93288, 23.59891], [79.96637, 23.61544], [79.96823, 23.61576], [79.97388, 23.6065], [79.97108, 23.6036], [79.97496, 23.59696], [79.96946, 23.59693], [79.97042, 23.59122], [79.96623, 23.58512], [79.96376, 23.58501], [79.9642, 23.58662], [79.96047, 23.58613], [79.96187, 23.58502], [79.95935, 23.58334], [79.96039, 23.58127], [79.95775, 23.58175], [79.95421, 23.57867], [79.95703, 23.56946], [79.95979, 23.56771], [79.98541, 23.58116], [79.99356, 23.58342], [79.99675, 23.57766], [79.99781, 23.57078], [80.01024, 23.57025], [80.01234, 23.57333], [80.02378, 23.57122], [80.03184, 23.57143], [80.03308, 23.57324], [80.03662, 23.57369], [80.04233, 23.57308], [80.04401, 23.56996], [80.04248, 23.56811], [80.04674, 23.56796], [80.04938, 23.57219], [80.05255, 23.57194], [80.05462, 23.57466], [80.05687, 23.5751], [80.05905, 23.57353], [80.06643, 23.57658], [80.06967, 23.57485], [80.07205, 23.57021], [80.07376, 23.57334], [80.07819, 23.57384], [80.08588, 23.57752], [80.0862, 23.58202], [80.09081, 23.58681], [80.09103, 23.5934], [80.10165, 23.59289], [80.11385, 23.58955], [80.1157, 23.58883], [80.11407, 23.58584], [80.11861, 23.58469], [80.13556, 23.58996], [80.1399, 23.59019], [80.14239, 23.58527], [80.13897, 23.5786], [80.13958, 23.57239], [80.14908, 23.57996], [80.15837, 23.58202], [80.16359, 23.58019], [80.16583, 23.57491], [80.17069, 23.57147], [80.17031, 23.56955], [80.17323, 23.56365], [80.17806, 23.56777], [80.17968, 23.56744], [80.17938, 23.57015], [80.18602, 23.57824], [80.19147, 23.57936], [80.19319, 23.58773], [80.19707, 23.58971], [80.2064, 23.58308], [80.20906, 23.57559], [80.22184, 23.57476], [80.23305, 23.57581], [80.23615, 23.57444], [80.23831, 23.56841], [80.23667, 23.56213], [80.23312, 23.55726], [80.22015, 23.56001], [80.2199, 23.55556], [80.22527, 23.55484], [80.22576, 23.55218], [80.23769, 23.55139], [80.23738, 23.54719], [80.2341, 23.54696], [80.2335, 23.54256], [80.23087, 23.54179], [80.22999, 23.53986], [80.22612, 23.53966], [80.22546, 23.53425], [80.22743, 23.53081], [80.22437, 23.53117], [80.22017, 23.52961], [80.21901, 23.52332], [80.21089, 23.52342], [80.21208, 23.53395], [80.20695, 23.53549], [80.20581, 23.5376], [80.19395, 23.53555], [80.20017, 23.51612], [80.19358, 23.51172], [80.1916, 23.5118], [80.18998, 23.50781], [80.1922, 23.50399], [80.19564, 23.5016], [80.20009, 23.49408], [80.20012, 23.48651], [80.2052, 23.48605], [80.20966, 23.49042], [80.2159, 23.48882], [80.21889, 23.49055], [80.22111, 23.48938], [80.22568, 23.49048], [80.22763, 23.48929], [80.22873, 23.49032], [80.23108, 23.48851], [80.22846, 23.48639], [80.23573, 23.48634], [80.23734, 23.4837], [80.24045, 23.4845], [80.24158, 23.48633], [80.24724, 23.48643], [80.25937, 23.48176], [80.26345, 23.48202], [80.26825, 23.48045], [80.26902, 23.47378], [80.26662, 23.46521], [80.26662, 23.45607], [80.26322, 23.45563], [80.26155, 23.45768], [80.2579, 23.45719], [80.25485, 23.45031], [80.25844, 23.44887], [80.26, 23.4449], [80.26384, 23.4478], [80.26387, 23.44207], [80.26526, 23.43977], [80.26868, 23.43769], [80.27112, 23.43903], [80.27328, 23.43645], [80.28759, 23.43392], [80.28846, 23.44094], [80.29062, 23.44423], [80.29218, 23.44548], [80.29648, 23.44113], [80.29705, 23.43932], [80.2958, 23.43812], [80.29703, 23.43768], [80.29838, 23.43318], [80.29721, 23.42781], [80.29771, 23.42625], [80.29888, 23.42659], [80.29884, 23.42239], [80.3012, 23.42191], [80.3007, 23.42024], [80.30339, 23.4196], [80.30384, 23.41748], [80.3102, 23.41753], [80.31142, 23.41369], [80.31474, 23.4136], [80.31486, 23.4115], [80.31744, 23.40987], [80.30859, 23.39771], [80.30622, 23.39091], [80.3026, 23.38616], [80.3011, 23.38512], [80.29476, 23.38565], [80.29183, 23.38407], [80.29371, 23.36935], [80.297, 23.35935], [80.29595, 23.35788], [80.29709, 23.35543], [80.29638, 23.35355], [80.29785, 23.35243], [80.30045, 23.3546], [80.30137, 23.35314], [80.29978, 23.35078], [80.30111, 23.3505], [80.3007, 23.34857], [80.29821, 23.34707], [80.29908, 23.34413], [80.29738, 23.34355], [80.29886, 23.34042], [80.29674, 23.33876], [80.29804, 23.33741], [80.30177, 23.33764], [80.30083, 23.3346], [80.3041, 23.33179], [80.3055, 23.32679], [80.31449, 23.32205], [80.31535, 23.32052], [80.32114, 23.31935], [80.32273, 23.31551], [80.32393, 23.31629], [80.32811, 23.31463], [80.3296, 23.31041], [80.32646, 23.30546], [80.34199, 23.30344], [80.35511, 23.30722], [80.36715, 23.30524], [80.36763, 23.30736], [80.36589, 23.30892], [80.36956, 23.31181], [80.36792, 23.31334], [80.36853, 23.31748], [80.3639, 23.32493], [80.36421, 23.32885], [80.3761, 23.33109], [80.3762, 23.33384], [80.37904, 23.33687], [80.38125, 23.33602], [80.38655, 23.33911], [80.39083, 23.33852], [80.39066, 23.34584], [80.39157, 23.34694], [80.39005, 23.34824], [80.39466, 23.35134], [80.40278, 23.34937], [80.40579, 23.34592], [80.40618, 23.3418], [80.41012, 23.341], [80.42165, 23.3459], [80.42193, 23.34719], [80.42251, 23.34618], [80.43228, 23.34505], [80.43589, 23.34808], [80.43782, 23.34767], [80.4408, 23.34359], [80.45845, 23.34406], [80.46296, 23.34723], [80.46376, 23.36451], [80.46714, 23.36778], [80.46763, 23.36996], [80.47016, 23.37143], [80.4781, 23.37121], [80.48211, 23.37393], [80.48325, 23.38007], [80.48128, 23.38132], [80.4809, 23.38377], [80.48294, 23.38668], [80.48419, 23.39216], [80.49331, 23.39027]]]}, "properties": {"district": "Jabalpur", "state": "Madhya Pradesh", "sub_basin": "Upper", "operational_stp_count": 11, "capacity_mld": 146.94}}, {"type": "Feature", "geometry": {"type": "Polygon", "coordinates": [[[80.4075, 23.17219], [80.40947, 23.16879], [80.40677, 23.16748], [80.40569, 23.16198], [80.40417, 23.16201], [80.40141, 23.15758], [80.40002, 23.14805], [80.40681, 23.14561], [80.40854, 23.14133], [80.40667, 23.13954], [80.40671, 23.13776], [80.41265, 23.12889], [80.41834, 23.12901], [80.42096, 23.12649], [80.41896, 23.12241], [80.41993, 23.1202], [80.4177, 23.11738], [80.41737, 23.11469], [80.41908, 23.11178], [80.41826, 23.10939], [80.42254, 23.0995], [80.42428, 23.08897], [80.43421, 23.08398], [80.43417, 23.08191], [80.43081, 23.07861], [80.42251, 23.07367], [80.42089, 23.07033], [80.41598, 23.06779], [80.4168, 23.06559], [80.42174, 23.06442], [80.42314, 23.05281], [80.42, 23.04699], [80.42424, 23.04509], [80.4257, 23.03909], [80.42907, 23.03735], [80.43836, 23.03736], [80.44049, 23.03043], [80.44762, 23.03229], [80.45251, 23.02898], [80.46014, 23.03061], [80.46286, 23.02968], [80.46936, 23.03074], [80.47211, 23.03338], [80.47078, 23.03627], [80.47291, 23.0384], [80.47893, 23.03633], [80.48053, 23.02978], [80.49178, 23.03141], [80.49593, 23.03355], [80.50279, 23.03228], [80.50296, 23.03074], [80.50082, 23.02869], [80.5009, 23.0232], [80.50981, 23.0168], [80.51263, 23.02144], [80.51657, 23.02272], [80.51884, 23.02618], [80.52255, 23.02809], [80.52591, 23.02478], [80.52839, 23.02534], [80.53045, 23.02878], [80.53479, 23.03018], [80.5393, 23.03471], [80.54054, 23.03853], [80.54703, 23.04609], [80.55391, 23.04777], [80.556, 23.04978], [80.5567, 23.05477], [80.55975, 23.03041], [80.5718, 23.0214], [80.57181, 23.01493], [80.57, 23.01417], [80.56693, 23.00526], [80.56509, 22.99448], [80.55939, 22.99521], [80.55739, 22.99428], [80.55529, 22.99561], [80.55569, 22.9929], [80.55897, 22.98969], [80.55915, 22.98722], [80.56937, 22.98571], [80.57156, 22.97835], [80.57639, 22.97637], [80.57443, 22.96759], [80.57048, 22.95982], [80.56796, 22.95778], [80.56278, 22.9572], [80.54555, 22.96346], [80.54272, 22.96106], [80.53832, 22.94808], [80.53559, 22.94577], [80.53165, 22.94521], [80.51663, 22.95226], [80.51279, 22.95099], [80.50933, 22.94726], [80.5132, 22.94202], [80.51869, 22.93845], [80.52962, 22.93696], [80.53151, 22.93572], [80.53664, 22.92762], [80.53967, 22.91946], [80.53801, 22.90307], [80.52601, 22.8745], [80.52343, 22.87189], [80.53113, 22.87231], [80.54419, 22.86825], [80.55234, 22.86955], [80.55609, 22.87184], [80.56029, 22.88047], [80.56832, 22.87603], [80.5681, 22.86992], [80.58228, 22.86562], [80.5825, 22.86309], [80.58895, 22.86022], [80.58854, 22.85668], [80.6122, 22.85785], [80.63066, 22.85522], [80.64826, 22.84865], [80.64811, 22.84506], [80.651, 22.83948], [80.65525, 22.84281], [80.65923, 22.84214], [80.66201, 22.84311], [80.66523, 22.84163], [80.66709, 22.84225], [80.66803, 22.84098], [80.66718, 22.83997], [80.67027, 22.83633], [80.67376, 22.83821], [80.67904, 22.83653], [80.68181, 22.83919], [80.68336, 22.84317], [80.68195, 22.84931], [80.68388, 22.8513], [80.68752, 22.8476], [80.68857, 22.8443], [80.69268, 22.85634], [80.6961, 22.85241], [80.70034, 22.85065], [80.70887, 22.85071], [80.71149, 22.85713], [80.71654, 22.86231], [80.71846, 22.86258], [80.73637, 22.85645], [80.73808, 22.84963], [80.74083, 22.8468], [80.74275, 22.84119], [80.73802, 22.84196], [80.73726, 22.83857], [80.73446, 22.8357], [80.72871, 22.83705], [80.72676, 22.8329], [80.73188, 22.83261], [80.73025, 22.83017], [80.72937, 22.82465], [80.72997, 22.81176], [80.74358, 22.8159], [80.7638, 22.81343], [80.77514, 22.81472], [80.77751, 22.81767], [80.77967, 22.8182], [80.78087, 22.82076], [80.78325, 22.81965], [80.78501, 22.82153], [80.78561, 22.82034], [80.78772, 22.82099], [80.79158, 22.81898], [80.8165, 22.83143], [80.82662, 22.83299], [80.83051, 22.84964], [80.84556, 22.85086], [80.87012, 22.84859], [80.8711, 22.84662], [80.86735, 22.8399], [80.86718, 22.83439], [80.85775, 22.8254], [80.85445, 22.80732], [80.85462, 22.80597], [80.86912, 22.80458], [80.87031, 22.80174], [80.87212, 22.78878], [80.86995, 22.78017], [80.87088, 22.77394], [80.87017, 22.76671], [80.86761, 22.75811], [80.87243, 22.75868], [80.87651, 22.75758], [80.89858, 22.76012], [80.91144, 22.75628], [80.92489, 22.75501], [80.94264, 22.74434], [80.92687, 22.73065], [80.91649, 22.71413], [80.91659, 22.71133], [80.91909, 22.70898], [80.92789, 22.70976], [80.92912, 22.70798], [80.92937, 22.7061], [80.92297, 22.69219], [80.92396, 22.68444], [80.92283, 22.67944], [80.9317, 22.67798], [80.94044, 22.68004], [80.94371, 22.67379], [80.94389, 22.66869], [80.95004, 22.66413], [80.95456, 22.65619], [80.95392, 22.65069], [80.9509, 22.6512], [80.94867, 22.64736], [80.95528, 22.64366], [80.95571, 22.64112], [80.95941, 22.63785], [80.96314, 22.63742], [80.96482, 22.64202], [80.96229, 22.64734], [80.96533, 22.65008], [80.97138, 22.64401], [80.97585, 22.6487], [80.98663, 22.64906], [80.99106, 22.64848], [80.99715, 22.64522], [81.00464, 22.64392], [81.01152, 22.64084], [81.00948, 22.63897], [81.00611, 22.63019], [81.00603, 22.62606], [81.00891, 22.62369], [81.00783, 22.62154], [81.00452, 22.62237], [81.00249, 22.6179], [80.99836, 22.61759], [80.99368, 22.61388], [80.99329, 22.61176], [80.99022, 22.61101], [80.98716, 22.61438], [80.98451, 22.61494], [80.98155, 22.60815], [80.98002, 22.60713], [80.97329, 22.61166], [80.96746, 22.61151], [80.96269, 22.60597], [80.95725, 22.60451], [80.95563, 22.59699], [80.96695, 22.59441], [80.96723, 22.59188], [80.96535, 22.5896], [80.95975, 22.59056], [80.95683, 22.58717], [80.95272, 22.59116], [80.95096, 22.58833], [80.94287, 22.58294], [80.94024, 22.58323], [80.93941, 22.58652], [80.93607, 22.58774], [80.93662, 22.58396], [80.93432, 22.58089], [80.93443, 22.57375], [80.93554, 22.57169], [80.94467, 22.56519], [80.94575, 22.55816], [80.94923, 22.55526], [80.96123, 22.56087], [80.96471, 22.56079], [80.96578, 22.5587], [80.96538, 22.54995], [80.97022, 22.54295], [80.9803, 22.54453], [80.98235, 22.54351], [80.98354, 22.54095], [80.98487, 22.54099], [80.98754, 22.54207], [80.99073, 22.54568], [81.00783, 22.54819], [81.0098, 22.55429], [81.0248, 22.56133], [81.02536, 22.56603], [81.02404, 22.56986], [81.01609, 22.57045], [81.01646, 22.57353], [81.02115, 22.58282], [81.0206, 22.588], [81.01786, 22.58975], [81.01709, 22.59182], [81.02096, 22.59574], [81.02265, 22.60202], [81.02832, 22.6019], [81.03293, 22.60404], [81.03126, 22.61333], [81.03161, 22.61519], [81.03409, 22.61653], [81.04362, 22.61339], [81.04348, 22.60882], [81.04523, 22.60605], [81.05263, 22.60811], [81.06299, 22.60754], [81.06653, 22.60981], [81.06808, 22.61426], [81.07547, 22.60909], [81.08038, 22.60985], [81.08148, 22.61263], [81.08421, 22.61323], [81.08938, 22.61031], [81.08911, 22.6027], [81.09378, 22.5973], [81.09674, 22.59629], [81.10135, 22.59837], [81.10763, 22.59598], [81.11005, 22.59751], [81.11025, 22.59954], [81.11174, 22.59976], [81.11402, 22.59864], [81.11368, 22.59508], [81.11477, 22.59381], [81.12317, 22.59409], [81.12631, 22.58994], [81.12581, 22.58791], [81.1314, 22.58651], [81.13632, 22.58053], [81.13507, 22.57716], [81.13642, 22.57466], [81.13584, 22.57288], [81.13745, 22.57114], [81.14045, 22.5699], [81.14259, 22.57128], [81.14384, 22.56715], [81.14962, 22.56597], [81.14816, 22.56224], [81.15248, 22.5621], [81.15494, 22.55933], [81.15802, 22.55951], [81.15754, 22.5575], [81.15938, 22.55566], [81.15566, 22.55518], [81.1554, 22.55409], [81.15712, 22.5469], [81.16204, 22.54209], [81.15979, 22.5414], [81.15991, 22.54037], [81.16225, 22.53938], [81.16531, 22.54095], [81.16791, 22.54054], [81.16905, 22.5385], [81.16782, 22.53675], [81.16833, 22.53388], [81.17249, 22.52852], [81.17359, 22.52877], [81.17398, 22.52608], [81.17816, 22.52636], [81.17839, 22.52274], [81.1838, 22.51734], [81.18481, 22.5143], [81.18939, 22.51126], [81.18868, 22.51014], [81.18995, 22.50601], [81.19505, 22.49993], [81.19749, 22.49283], [81.18697, 22.48884], [81.17221, 22.48776], [81.16724, 22.47797], [81.16282, 22.47455], [81.15512, 22.45491], [81.1497, 22.45313], [81.14103, 22.45423], [81.12701, 22.44923], [81.12053, 22.4458], [81.11006, 22.43553], [81.10882, 22.42876], [81.11034, 22.41744], [81.10598, 22.38769], [81.1037, 22.38267], [81.10867, 22.37382], [81.11181, 22.36318], [81.11312, 22.35327], [81.12121, 22.3426], [81.11973, 22.33857], [81.1081, 22.33545], [81.11009, 22.32409], [81.11545, 22.31946], [81.11798, 22.30873], [81.11634, 22.30406], [81.11918, 22.30272], [81.11872, 22.29126], [81.11589, 22.2883], [81.10799, 22.2845], [81.10185, 22.2783], [81.09731, 22.26898], [81.09153, 22.249], [81.08284, 22.24494], [81.07936, 22.23926], [81.07771, 22.23904], [81.07604, 22.24465], [81.07261, 22.24837], [81.05961, 22.24429], [81.04842, 22.24385], [81.04495, 22.25436], [81.0423, 22.25778], [81.03617, 22.2611], [81.0324, 22.26507], [81.03088, 22.27212], [81.02734, 22.27457], [81.02398, 22.27482], [81.01891, 22.27744], [81.01113, 22.28555], [81.00398, 22.2859], [80.99837, 22.28434], [80.98755, 22.28655], [80.98266, 22.28282], [80.98087, 22.27799], [80.97447, 22.27636], [80.96543, 22.28106], [80.96281, 22.281], [80.96062, 22.28041], [80.95825, 22.27516], [80.95424, 22.27723], [80.94529, 22.28635], [80.93807, 22.28757], [80.93711, 22.28663], [80.93665, 22.27786], [80.92217, 22.27691], [80.92177, 22.27856], [80.91912, 22.27948], [80.91497, 22.27904], [80.91355, 22.28053], [80.91302, 22.29014], [80.9057, 22.29325], [80.90375, 22.29765], [80.9046, 22.30069], [80.90991, 22.30605], [80.91021, 22.30801], [80.91313, 22.30946], [80.90991, 22.31424], [80.90965, 22.3177], [80.91405, 22.32008], [80.91687, 22.32923], [80.92006, 22.32939], [80.92866, 22.32671], [80.93119, 22.32782], [80.93228, 22.33009], [80.9315, 22.33117], [80.92436, 22.33715], [80.90888, 22.34286], [80.9042, 22.34249], [80.90227, 22.34089], [80.89902, 22.33374], [80.88147, 22.33374], [80.88056, 22.3383], [80.88284, 22.34733], [80.89171, 22.34899], [80.89007, 22.35166], [80.89373, 22.35043], [80.87893, 22.35896], [80.87204, 22.35963], [80.86537, 22.36478], [80.86571, 22.3789], [80.85682, 22.3811], [80.85233, 22.38563], [80.84943, 22.38561], [80.84458, 22.38906], [80.8422, 22.38779], [80.84536, 22.38295], [80.84433, 22.38223], [80.83417, 22.38367], [80.82406, 22.38837], [80.82308, 22.38996], [80.82062, 22.38987], [80.82005, 22.39107], [80.81772, 22.38973], [80.81477, 22.3901], [80.81129, 22.39462], [80.81127, 22.39698], [80.81293, 22.39912], [80.81091, 22.3996], [80.81127, 22.40197], [80.80655, 22.39919], [80.79823, 22.40146], [80.79536, 22.40005], [80.80148, 22.3872], [80.8009, 22.38491], [80.79503, 22.37919], [80.79403, 22.37578], [80.80223, 22.36639], [80.79413, 22.35505], [80.79211, 22.34151], [80.79505, 22.32887], [80.79465, 22.32753], [80.79072, 22.32546], [80.79043, 22.32319], [80.79207, 22.32106], [80.78791, 22.31372], [80.78495, 22.31362], [80.7825, 22.31691], [80.77887, 22.31742], [80.77653, 22.31512], [80.7737, 22.31725], [80.77209, 22.31255], [80.76978, 22.31416], [80.76577, 22.31207], [80.7659, 22.30891], [80.76176, 22.30921], [80.75959, 22.30648], [80.75737, 22.30576], [80.7548, 22.30122], [80.75252, 22.30122], [80.75036, 22.2969], [80.74909, 22.29741], [80.74623, 22.29259], [80.74686, 22.29055], [80.74542, 22.29057], [80.74341, 22.28711], [80.74481, 22.28449], [80.72318, 22.27745], [80.7188, 22.27144], [80.71661, 22.27235], [80.71113, 22.27166], [80.70857, 22.27503], [80.70395, 22.27049], [80.70529, 22.25701], [80.70347, 22.25462], [80.71777, 22.23535], [80.72425, 22.23491], [80.72856, 22.22027], [80.72803, 22.21733], [80.72089, 22.21632], [80.71317, 22.20558], [80.70625, 22.20216], [80.69983, 22.20358], [80.69115, 22.2126], [80.68161, 22.213], [80.66419, 22.22207], [80.66171, 22.22174], [80.65914, 22.2195], [80.64589, 22.22747], [80.63733, 22.2262], [80.60785, 22.22789], [80.59825, 22.23228], [80.5957, 22.23058], [80.57992, 22.22651], [80.53221, 22.24057], [80.52514, 22.2494], [80.52628, 22.26463], [80.52392, 22.26478], [80.52092, 22.26229], [80.51919, 22.26248], [80.51818, 22.26451], [80.51741, 22.26227], [80.51564, 22.26231], [80.50785, 22.27567], [80.50231, 22.27134], [80.49448, 22.27156], [80.48745, 22.27007], [80.48517, 22.27167], [80.48318, 22.27801], [80.46694, 22.27908], [80.46229, 22.28082], [80.46049, 22.27709], [80.46499, 22.26437], [80.45107, 22.26332], [80.44856, 22.24788], [80.44682, 22.24609], [80.42598, 22.24641], [80.42227, 22.2444], [80.41552, 22.24418], [80.41765, 22.25804], [80.42112, 22.26975], [80.42145, 22.27256], [80.41977, 22.27575], [80.42111, 22.2782], [80.40341, 22.29312], [80.40011, 22.30055], [80.39975, 22.30446], [80.38729, 22.30638], [80.38492, 22.30925], [80.3711, 22.30097], [80.36265, 22.29956], [80.35807, 22.30073], [80.33606, 22.29894], [80.33407, 22.30557], [80.33665, 22.31168], [80.34124, 22.31592], [80.34089, 22.31857], [80.34278, 22.32399], [80.34628, 22.3271], [80.34409, 22.32985], [80.33384, 22.33412], [80.33317, 22.33662], [80.33521, 22.33917], [80.32773, 22.34185], [80.32213, 22.34632], [80.31898, 22.3461], [80.30086, 22.33738], [80.28826, 22.32412], [80.28005, 22.32344], [80.27871, 22.32614], [80.28038, 22.33366], [80.28205, 22.33521], [80.28075, 22.33945], [80.27708, 22.33945], [80.27319, 22.34138], [80.276, 22.34859], [80.28036, 22.35262], [80.28161, 22.35659], [80.28374, 22.3587], [80.28958, 22.35863], [80.29133, 22.36121], [80.29459, 22.36698], [80.29276, 22.36964], [80.29571, 22.37744], [80.29125, 22.38187], [80.28771, 22.3939], [80.28344, 22.40107], [80.28532, 22.41029], [80.29038, 22.41355], [80.29083, 22.41628], [80.28788, 22.4178], [80.28804, 22.42194], [80.28579, 22.42483], [80.29368, 22.43103], [80.29377, 22.4335], [80.29185, 22.43758], [80.2813, 22.43853], [80.27657, 22.44227], [80.28063, 22.45592], [80.2798, 22.46017], [80.27578, 22.46153], [80.26965, 22.46843], [80.26949, 22.47252], [80.27186, 22.47729], [80.27446, 22.47867], [80.28375, 22.47946], [80.28353, 22.48485], [80.28658, 22.49093], [80.28375, 22.49533], [80.2791, 22.49644], [80.27045, 22.50677], [80.27022, 22.51269], [80.28113, 22.51418], [80.28288, 22.52086], [80.27455, 22.53196], [80.27353, 22.53517], [80.26807, 22.53576], [80.26486, 22.53352], [80.25407, 22.53427], [80.25, 22.53111], [80.24169, 22.53098], [80.24205, 22.53533], [80.24584, 22.54153], [80.24723, 22.5488], [80.25201, 22.55105], [80.25191, 22.5596], [80.26538, 22.56222], [80.26226, 22.56703], [80.26607, 22.57789], [80.26306, 22.58113], [80.25878, 22.57932], [80.25731, 22.57456], [80.25373, 22.57404], [80.24371, 22.57613], [80.2378, 22.5799], [80.23791, 22.58283], [80.23427, 22.5862], [80.23621, 22.59175], [80.23103, 22.59494], [80.23031, 22.59872], [80.23291, 22.60113], [80.23396, 22.60772], [80.23875, 22.60863], [80.24072, 22.61338], [80.23801, 22.61589], [80.23658, 22.61996], [80.23875, 22.62197], [80.23797, 22.62766], [80.23288, 22.62863], [80.23205, 22.63039], [80.22855, 22.63038], [80.22738, 22.63196], [80.22739, 22.63502], [80.22245, 22.64003], [80.2241, 22.64561], [80.22291, 22.64866], [80.21991, 22.65008], [80.21875, 22.65616], [80.21365, 22.66204], [80.21378, 22.66526], [80.20471, 22.66512], [80.20882, 22.67091], [80.21337, 22.67464], [80.21923, 22.67044], [80.23606, 22.67417], [80.24104, 22.69047], [80.23676, 22.69742], [80.2346, 22.69779], [80.23365, 22.70001], [80.23582, 22.70082], [80.23845, 22.70643], [80.23767, 22.71074], [80.23939, 22.71515], [80.24509, 22.72101], [80.26331, 22.72016], [80.27229, 22.71753], [80.2777, 22.71876], [80.28942, 22.72633], [80.28499, 22.73544], [80.28309, 22.75208], [80.27874, 22.76492], [80.28157, 22.78056], [80.27987, 22.78643], [80.26816, 22.79321], [80.25461, 22.796], [80.23555, 22.79698], [80.22594, 22.80019], [80.21812, 22.8005], [80.20994, 22.79817], [80.20338, 22.79203], [80.20628, 22.78009], [80.20554, 22.77811], [80.20324, 22.77671], [80.19035, 22.77488], [80.18284, 22.76508], [80.17971, 22.76292], [80.16242, 22.76659], [80.13028, 22.76611], [80.10045, 22.76924], [80.08839, 22.76635], [80.0708, 22.7582], [80.06095, 22.76012], [80.04172, 22.7819], [80.02389, 22.79002], [80.01676, 22.79523], [80.00655, 22.82188], [80.0008, 22.82598], [79.99145, 22.82791], [79.97903, 22.8326], [79.97411, 22.83734], [79.96437, 22.85199], [79.9655, 22.854], [79.96519, 22.86038], [79.96661, 22.86633], [79.96524, 22.87173], [79.9623, 22.87098], [79.96873, 22.87955], [79.97557, 22.88539], [79.97277, 22.88616], [79.96897, 22.88953], [79.97034, 22.8919], [79.97012, 22.90088], [79.96823, 22.90818], [79.96942, 22.91554], [79.9745, 22.9174], [79.97081, 22.92393], [79.96233, 22.9318], [79.9542, 22.93687], [79.95483, 22.938], [79.95355, 22.93974], [79.95529, 22.94225], [79.95481, 22.94414], [79.95135, 22.94599], [79.95291, 22.94823], [79.96077, 22.95153], [79.96188, 22.95394], [79.96698, 22.95549], [79.96596, 22.95826], [79.96989, 22.96129], [79.98213, 22.9662], [79.98444, 22.96923], [79.98964, 22.96966], [79.99382, 22.97406], [79.9974, 22.9755], [79.99919, 22.97945], [80.00557, 22.97935], [80.00507, 22.98237], [80.00156, 22.98731], [79.99849, 22.99063], [79.99472, 22.99211], [79.99121, 22.99826], [79.99802, 23.00352], [80.00451, 23.00289], [80.00534, 23.00653], [79.99823, 23.0165], [79.99034, 23.01381], [79.99287, 23.01567], [79.99531, 23.02116], [79.99248, 23.02868], [80.00072, 23.03115], [80.00528, 23.03049], [80.01467, 23.03161], [80.03087, 23.03835], [80.03679, 23.03948], [80.04016, 23.04185], [80.04241, 23.04674], [80.04724, 23.05159], [80.05396, 23.05393], [80.05775, 23.05889], [80.06643, 23.0629], [80.0711, 23.06653], [80.07965, 23.06596], [80.08291, 23.07495], [80.0812, 23.07723], [80.09101, 23.07755], [80.09742, 23.07937], [80.10868, 23.07585], [80.10744, 23.05934], [80.10844, 23.05271], [80.11057, 23.05142], [80.12366, 23.0539], [80.12926, 23.05976], [80.13126, 23.05861], [80.13413, 23.05956], [80.13823, 23.05631], [80.14186, 23.05657], [80.14064, 23.04998], [80.14193, 23.04474], [80.14442, 23.04924], [80.14826, 23.04541], [80.15785, 23.04865], [80.1637, 23.04765], [80.16919, 23.04265], [80.16984, 23.03809], [80.17664, 23.02419], [80.18645, 23.02276], [80.19095, 23.02815], [80.19182, 23.03331], [80.18924, 23.03976], [80.18738, 23.04142], [80.18787, 23.0436], [80.18522, 23.05358], [80.18138, 23.05503], [80.18086, 23.05658], [80.18213, 23.06273], [80.18687, 23.06724], [80.19091, 23.06721], [80.19326, 23.0685], [80.19729, 23.06685], [80.2041, 23.06753], [80.20422, 23.06857], [80.20274, 23.08636], [80.18873, 23.09201], [80.19024, 23.09829], [80.19004, 23.10455], [80.18165, 23.11089], [80.17965, 23.12211], [80.1861, 23.12868], [80.1926, 23.1312], [80.20504, 23.13233], [80.21022, 23.13094], [80.21776, 23.13233], [80.22823, 23.14278], [80.23267, 23.14267], [80.2382, 23.14005], [80.24173, 23.14161], [80.24364, 23.14355], [80.24396, 23.14727], [80.24809, 23.15152], [80.2607, 23.14841], [80.26591, 23.14548], [80.27633, 23.14598], [80.27908, 23.14172], [80.27628, 23.13538], [80.28097, 23.13627], [80.28366, 23.13419], [80.28951, 23.13332], [80.2915, 23.12963], [80.29353, 23.12996], [80.2962, 23.12545], [80.29713, 23.11301], [80.29557, 23.10779], [80.30008, 23.10583], [80.30179, 23.09842], [80.30879, 23.09633], [80.31165, 23.0977], [80.32929, 23.09693], [80.33758, 23.11096], [80.33692, 23.11657], [80.35061, 23.12087], [80.356, 23.13145], [80.35718, 23.13656], [80.35952, 23.1393], [80.39282, 23.14211], [80.38966, 23.14445], [80.38969, 23.15754], [80.39417, 23.16713], [80.39131, 23.17128], [80.4075, 23.17219]]]}, "properties": {"district": "Mandla", "state": "Madhya Pradesh", "sub_basin": "Upper", "operational_stp_count": 1, "capacity_mld": 0.5}}, {"type": "Feature", "geometry": {"type": "MultiPolygon", "coordinates": [[[[76.77671, 22.82712], [76.77649, 22.82707], [76.77598, 22.82719], [76.77651, 22.82779], [76.77745, 22.82822], [76.77737, 22.82816], [76.77724, 22.82803], [76.77697, 22.82752], [76.77684, 22.82726], [76.77671, 22.82712]]], [[[76.7969, 22.83268], [76.79435, 22.83144], [76.79273, 22.83193], [76.79336, 22.8328], [76.79136, 22.83267], [76.7914, 22.8341], [76.78775, 22.83304], [76.78899, 22.83211], [76.78693, 22.82996], [76.78589, 22.83174], [76.78363, 22.82948], [76.77946, 22.8289], [76.7827, 22.82667], [76.78511, 22.82717], [76.78204, 22.826], [76.78296, 22.82523], [76.78237, 22.82353], [76.78118, 22.82553], [76.77927, 22.82551], [76.77974, 22.82738], [76.77809, 22.8269], [76.77753, 22.82825], [76.79156, 22.83469], [76.79489, 22.83254], [76.79805, 22.83643], [76.79847, 22.83488], [76.79663, 22.8342], [76.79776, 22.83345], [76.7969, 22.83268]]], [[[76.69583, 22.84281], [76.70172, 22.83719], [76.70176, 22.83384], [76.69903, 22.83122], [76.7018, 22.82946], [76.70178, 22.82578], [76.70544, 22.82035], [76.71277, 22.82232], [76.71423, 22.8255], [76.72135, 22.82668], [76.73396, 22.82325], [76.73586, 22.82026], [76.73825, 22.8204], [76.74249, 22.82369], [76.74774, 22.82549], [76.75538, 22.82528], [76.75666, 22.82114], [76.7641, 22.81619], [76.76669, 22.82292], [76.77559, 22.82675], [76.77651, 22.82605], [76.77169, 22.82357], [76.77182, 22.8225], [76.76817, 22.82259], [76.77015, 22.82125], [76.76795, 22.82096], [76.76604, 22.81896], [76.76724, 22.81825], [76.7665, 22.81698], [76.77045, 22.81552], [76.77134, 22.81664], [76.7709, 22.81457], [76.77363, 22.81602], [76.77486, 22.81835], [76.77496, 22.81618], [76.77742, 22.81606], [76.7701, 22.81372], [76.76858, 22.8164], [76.76546, 22.81608], [76.76293, 22.81385], [76.75815, 22.81652], [76.75884, 22.81747], [76.7571, 22.81933], [76.75364, 22.81992], [76.75499, 22.82116], [76.75343, 22.82448], [76.74257, 22.82336], [76.73709, 22.81867], [76.73955, 22.81691], [76.74383, 22.81935], [76.74107, 22.8156], [76.73616, 22.81498], [76.73489, 22.81601], [76.72047, 22.81239], [76.71542, 22.81382], [76.73149, 22.81571], [76.72397, 22.81699], [76.72054, 22.81904], [76.73004, 22.81916], [76.73317, 22.81787], [76.73276, 22.82016], [76.72653, 22.8229], [76.71898, 22.82361], [76.71466, 22.82275], [76.71381, 22.8202], [76.70343, 22.81967], [76.69664, 22.81649], [76.69797, 22.81234], [76.7002, 22.81304], [76.70004, 22.81422], [76.70396, 22.81382], [76.70264, 22.81319], [76.70356, 22.81218], [76.69894, 22.81174], [76.69911, 22.80984], [76.70456, 22.80796], [76.70886, 22.80853], [76.71055, 22.79282], [76.69102, 22.78989], [76.6898, 22.79231], [76.68696, 22.79392], [76.68457, 22.79025], [76.68383, 22.7817], [76.67978, 22.78539], [76.67566, 22.78449], [76.6714, 22.78653], [76.66755, 22.78592], [76.66521, 22.78735], [76.66154, 22.78114], [76.66115, 22.78579], [76.6584, 22.78554], [76.6532, 22.78751], [76.65528, 22.79134], [76.65462, 22.79717], [76.65206, 22.79601], [76.6522, 22.80068], [76.64617, 22.8048], [76.64763, 22.80062], [76.64636, 22.79859], [76.6428, 22.79996], [76.64043, 22.79619], [76.63882, 22.79731], [76.63778, 22.79613], [76.63618, 22.79686], [76.63377, 22.79592], [76.62772, 22.79685], [76.63223, 22.79282], [76.62617, 22.79166], [76.62547, 22.7936], [76.62285, 22.79486], [76.62334, 22.78918], [76.61863, 22.78992], [76.61645, 22.78896], [76.61962, 22.78651], [76.61843, 22.78466], [76.62145, 22.7845], [76.62166, 22.78271], [76.62815, 22.78605], [76.63284, 22.78661], [76.6281, 22.78289], [76.61981, 22.78091], [76.61641, 22.78112], [76.61471, 22.7829], [76.61241, 22.78102], [76.61276, 22.77824], [76.61104, 22.77876], [76.60931, 22.7771], [76.60785, 22.77757], [76.60653, 22.78056], [76.59338, 22.77747], [76.59161, 22.77468], [76.58221, 22.76957], [76.58288, 22.76658], [76.5788, 22.76436], [76.57332, 22.7587], [76.57046, 22.75946], [76.56786, 22.76367], [76.57127, 22.75995], [76.57348, 22.75973], [76.57676, 22.76405], [76.575, 22.76637], [76.57699, 22.76909], [76.57579, 22.77161], [76.56989, 22.77337], [76.56558, 22.77897], [76.56246, 22.77974], [76.56039, 22.77889], [76.55828, 22.77399], [76.5555, 22.77106], [76.55486, 22.77242], [76.55999, 22.77909], [76.56677, 22.78293], [76.56652, 22.78483], [76.55929, 22.78499], [76.55793, 22.78804], [76.55581, 22.78771], [76.55223, 22.78465], [76.5529, 22.78792], [76.55143, 22.78879], [76.55248, 22.79083], [76.55026, 22.79255], [76.55308, 22.79446], [76.54975, 22.79583], [76.54903, 22.79785], [76.54491, 22.79902], [76.54086, 22.79842], [76.5389, 22.79724], [76.53851, 22.79457], [76.5361, 22.7965], [76.53359, 22.79373], [76.53092, 22.80045], [76.52906, 22.79945], [76.52724, 22.80042], [76.52575, 22.79879], [76.52673, 22.80212], [76.52877, 22.80325], [76.53297, 22.80099], [76.53641, 22.79702], [76.54065, 22.79998], [76.54992, 22.79943], [76.55439, 22.79596], [76.55426, 22.78946], [76.56744, 22.78605], [76.5693, 22.7843], [76.56688, 22.78073], [76.56839, 22.77766], [76.57123, 22.77512], [76.58252, 22.77137], [76.59073, 22.77583], [76.5948, 22.77985], [76.60614, 22.78233], [76.61018, 22.7812], [76.61421, 22.78531], [76.61499, 22.79202], [76.62623, 22.79896], [76.63554, 22.79841], [76.63853, 22.8005], [76.63828, 22.80523], [76.64172, 22.82029], [76.6511, 22.82869], [76.65581, 22.82985], [76.66539, 22.83689], [76.67421, 22.83864], [76.68125, 22.84215], [76.69241, 22.84266], [76.69434, 22.84447], [76.69583, 22.84281]]], [[[77.25752, 23.12122], [77.25929, 23.11844], [77.26396, 23.11969], [77.26668, 23.11779], [77.27113, 23.12004], [77.27214, 23.11518], [77.27483, 23.11154], [77.27618, 23.10405], [77.27121, 23.09403], [77.27627, 23.09486], [77.28105, 23.09387], [77.28645, 23.09554], [77.29107, 23.09952], [77.29593, 23.10109], [77.31581, 23.09975], [77.32143, 23.10072], [77.31946, 23.08966], [77.32159, 23.08535], [77.32343, 23.08464], [77.321, 23.07048], [77.32588, 23.05702], [77.32599, 23.05257], [77.3278, 23.05096], [77.33171, 23.05119], [77.33341, 23.04186], [77.33933, 23.03742], [77.34099, 23.03832], [77.3509, 23.03651], [77.35324, 23.03359], [77.35356, 23.02978], [77.35692, 23.02623], [77.35764, 23.02234], [77.36415, 23.01906], [77.36823, 23.01468], [77.36952, 23.01098], [77.37517, 23.00789], [77.37906, 23.0034], [77.39007, 22.99494], [77.39165, 22.98864], [77.39875, 22.98337], [77.40107, 22.97828], [77.40477, 22.97514], [77.40622, 22.9713], [77.40502, 22.96328], [77.40626, 22.96083], [77.42031, 22.96884], [77.42435, 22.96645], [77.42834, 22.95918], [77.43558, 22.95911], [77.43792, 22.95733], [77.43155, 22.95324], [77.43091, 22.95101], [77.43278, 22.94881], [77.43943, 22.94718], [77.44124, 22.94519], [77.44211, 22.94165], [77.43613, 22.93416], [77.43592, 22.93045], [77.44505, 22.92036], [77.44302, 22.91704], [77.43657, 22.9119], [77.43601, 22.90915], [77.43897, 22.90748], [77.44398, 22.9071], [77.44664, 22.91078], [77.44444, 22.91433], [77.45381, 22.91931], [77.45644, 22.91772], [77.45874, 22.91903], [77.4635, 22.91885], [77.46858, 22.91541], [77.47271, 22.915], [77.47916, 22.9115], [77.47843, 22.90875], [77.48136, 22.9028], [77.49191, 22.89318], [77.50971, 22.88827], [77.51874, 22.88881], [77.52786, 22.88604], [77.52456, 22.88325], [77.52425, 22.87928], [77.52773, 22.87605], [77.53653, 22.87751], [77.5369, 22.87359], [77.54094, 22.87109], [77.53728, 22.86965], [77.53592, 22.86494], [77.53804, 22.86156], [77.53982, 22.86115], [77.54183, 22.85694], [77.55091, 22.85936], [77.55586, 22.86649], [77.55904, 22.87762], [77.56297, 22.88099], [77.5647, 22.88454], [77.57124, 22.88059], [77.57476, 22.87487], [77.58142, 22.87465], [77.58654, 22.87633], [77.58994, 22.87205], [77.59847, 22.86534], [77.60846, 22.86139], [77.62368, 22.85173], [77.63223, 22.84603], [77.63896, 22.83882], [77.64352, 22.84299], [77.64722, 22.84393], [77.65077, 22.84822], [77.65784, 22.84695], [77.6801, 22.85296], [77.68518, 22.85329], [77.69278, 22.84798], [77.70529, 22.84683], [77.70634, 22.84882], [77.70558, 22.84934], [77.68985, 22.85204], [77.68326, 22.86064], [77.68256, 22.86369], [77.68376, 22.86987], [77.68786, 22.87324], [77.68774, 22.87623], [77.68972, 22.87762], [77.69004, 22.88436], [77.70397, 22.89155], [77.72384, 22.89729], [77.72345, 22.90008], [77.75004, 22.90909], [77.76687, 22.91324], [77.77194, 22.91056], [77.77505, 22.91112], [77.77801, 22.90707], [77.78924, 22.90678], [77.79973, 22.9132], [77.80407, 22.91353], [77.82897, 22.92695], [77.83179, 22.93263], [77.85338, 22.94402], [77.85552, 22.94915], [77.87052, 22.9512], [77.88136, 22.95607], [77.89936, 22.95992], [77.9205, 22.96671], [77.92677, 22.9639], [77.93034, 22.96661], [77.96104, 22.96856], [77.9649, 22.96377], [77.96746, 22.95701], [77.96501, 22.94182], [77.96216, 22.9395], [77.96551, 22.93578], [77.96494, 22.93049], [77.96633, 22.92746], [77.96444, 22.92518], [77.96679, 22.92181], [77.96517, 22.91594], [77.95943, 22.91236], [77.96247, 22.91075], [77.96657, 22.91119], [77.96854, 22.91003], [77.96937, 22.91166], [77.97234, 22.91157], [77.97271, 22.91285], [77.97903, 22.91131], [77.97887, 22.9127], [77.98301, 22.91743], [77.98966, 22.91985], [77.98909, 22.92261], [77.99054, 22.9252], [78.00157, 22.92493], [78.00543, 22.92997], [78.01296, 22.9298], [78.01435, 22.92712], [78.01347, 22.92305], [78.02215, 22.92165], [78.02356, 22.91269], [78.03459, 22.91207], [78.03096, 22.88538], [78.02732, 22.88256], [78.01863, 22.88199], [78.01865, 22.8734], [78.0146, 22.86984], [78.0093, 22.86176], [78.00898, 22.85491], [78.02609, 22.85265], [78.02567, 22.8477], [78.03143, 22.84194], [78.02555, 22.83829], [78.02129, 22.83319], [78.02182, 22.83115], [78.02642, 22.82846], [78.02742, 22.82407], [78.0321, 22.8215], [78.03128, 22.81569], [78.02852, 22.81374], [78.02974, 22.81062], [78.0324, 22.81025], [78.03033, 22.80816], [78.03126, 22.80655], [78.02836, 22.805], [78.02814, 22.80191], [78.02588, 22.80287], [78.0034, 22.82056], [77.99334, 22.82393], [77.97322, 22.82638], [77.95708, 22.82319], [77.93712, 22.81045], [77.93919, 22.80366], [77.94241, 22.79836], [77.9439, 22.79052], [77.94179, 22.78356], [77.93905, 22.77937], [77.92774, 22.77039], [77.92394, 22.76947], [77.91991, 22.77029], [77.91129, 22.7754], [77.90904, 22.77549], [77.90639, 22.7864], [77.91098, 22.79358], [77.91199, 22.79633], [77.91101, 22.79706], [77.91301, 22.79954], [77.91094, 22.80984], [77.9091, 22.81248], [77.91002, 22.81826], [77.91347, 22.82293], [77.9183, 22.82482], [77.92847, 22.83992], [77.93003, 22.84731], [77.92778, 22.85139], [77.92083, 22.85717], [77.91548, 22.85803], [77.91049, 22.85624], [77.90083, 22.84867], [77.8834, 22.83054], [77.88071, 22.82934], [77.87411, 22.82923], [77.86646, 22.8324], [77.86181, 22.83961], [77.86308, 22.84672], [77.87058, 22.85891], [77.87076, 22.86353], [77.86622, 22.86751], [77.85996, 22.87016], [77.85287, 22.87255], [77.84697, 22.87234], [77.84059, 22.86934], [77.82934, 22.85744], [77.82012, 22.85066], [77.79869, 22.84194], [77.78266, 22.81487], [77.77958, 22.806], [77.78061, 22.7942], [77.77883, 22.79073], [77.7676, 22.78199], [77.75265, 22.77282], [77.74142, 22.76045], [77.72905, 22.7582], [77.71136, 22.76654], [77.69929, 22.76713], [77.6886, 22.76205], [77.6846, 22.7573], [77.67719, 22.7394], [77.67229, 22.73485], [77.66498, 22.73204], [77.6619, 22.73164], [77.65706, 22.73318], [77.64528, 22.74164], [77.63697, 22.74516], [77.62888, 22.74581], [77.62389, 22.74471], [77.61753, 22.73975], [77.6109, 22.7275], [77.59247, 22.70344], [77.58903, 22.6851], [77.58281, 22.6771], [77.56805, 22.66985], [77.53024, 22.66815], [77.52059, 22.66236], [77.51246, 22.6496], [77.50192, 22.64395], [77.49451, 22.64239], [77.48337, 22.64679], [77.46566, 22.64738], [77.44551, 22.63703], [77.43635, 22.62537], [77.4233, 22.62426], [77.41392, 22.61725], [77.39516, 22.60701], [77.37541, 22.60954], [77.36469, 22.60718], [77.35675, 22.60128], [77.35305, 22.59579], [77.34434, 22.56999], [77.33092, 22.56205], [77.32221, 22.55869], [77.31259, 22.55894], [77.30401, 22.5609], [77.29286, 22.56548], [77.28276, 22.58151], [77.27707, 22.60032], [77.27266, 22.60454], [77.26577, 22.60644], [77.26121, 22.60539], [77.25645, 22.60225], [77.22702, 22.57224], [77.21822, 22.56689], [77.21291, 22.56563], [77.208, 22.56647], [77.17675, 22.5787], [77.16065, 22.57917], [77.15171, 22.57531], [77.14522, 22.57003], [77.13585, 22.55911], [77.13004, 22.55542], [77.12276, 22.56335], [77.13263, 22.57683], [77.13011, 22.57807], [77.13158, 22.58073], [77.13118, 22.58315], [77.12661, 22.58553], [77.12703, 22.5885], [77.12581, 22.58994], [77.12683, 22.59333], [77.12482, 22.59422], [77.12426, 22.59628], [77.12683, 22.59737], [77.12268, 22.59852], [77.12039, 22.5977], [77.11688, 22.59872], [77.11634, 22.59784], [77.1137, 22.60237], [77.11066, 22.60221], [77.10861, 22.60373], [77.10934, 22.6053], [77.10274, 22.60849], [77.10168, 22.61441], [77.09703, 22.61518], [77.09362, 22.61825], [77.09123, 22.61715], [77.08885, 22.62019], [77.08728, 22.6195], [77.0876, 22.62723], [77.08927, 22.62984], [77.08714, 22.63645], [77.09106, 22.64169], [77.09102, 22.64435], [77.08992, 22.64393], [77.08936, 22.64543], [77.09245, 22.64709], [77.09041, 22.65067], [77.0881, 22.65275], [77.08169, 22.65433], [77.07747, 22.65817], [77.06947, 22.65793], [77.06886, 22.66117], [77.06495, 22.66177], [77.06364, 22.66382], [77.06167, 22.66421], [77.06166, 22.66656], [77.05998, 22.66688], [77.05943, 22.66915], [77.06014, 22.67602], [77.05544, 22.67841], [77.05072, 22.67375], [77.04634, 22.67187], [77.0461, 22.66725], [77.04476, 22.66506], [77.04135, 22.67048], [77.04075, 22.67436], [77.038, 22.67652], [77.0366, 22.68109], [77.03395, 22.68329], [77.034, 22.68496], [77.03135, 22.6858], [77.03059, 22.68999], [77.03347, 22.69417], [77.03721, 22.6948], [77.03759, 22.69312], [77.03966, 22.6928], [77.04183, 22.69623], [77.04507, 22.69577], [77.04518, 22.69932], [77.04061, 22.70497], [77.03891, 22.71843], [77.03958, 22.72357], [77.03724, 22.72741], [77.0216, 22.72956], [77.02106, 22.7424], [77.02044, 22.7447], [77.01718, 22.74651], [77.01811, 22.75231], [77.02145, 22.75205], [77.02587, 22.75438], [77.02616, 22.75626], [77.02833, 22.75752], [77.02938, 22.77075], [77.02458, 22.78352], [77.01813, 22.78923], [77.01465, 22.78917], [77.01176, 22.79217], [77.0112, 22.79409], [77.01346, 22.79991], [77.00991, 22.80342], [77.01168, 22.80662], [77.0093, 22.81155], [77.00576, 22.81432], [77.00772, 22.81619], [77.00633, 22.82155], [77.0106, 22.82839], [77.01078, 22.83236], [77.00771, 22.83353], [77.00555, 22.83627], [77.00746, 22.84138], [77.00387, 22.84413], [77.0069, 22.85473], [77.00558, 22.85664], [77.00712, 22.85971], [77.0053, 22.86171], [77.00661, 22.86453], [77.00606, 22.86881], [77.00215, 22.87344], [77.00392, 22.87892], [76.99991, 22.87683], [76.99171, 22.87769], [76.99436, 22.8727], [76.99363, 22.86892], [76.98488, 22.87465], [76.97864, 22.86943], [76.97888, 22.86603], [76.97234, 22.86487], [76.97185, 22.86208], [76.97012, 22.86421], [76.96753, 22.86374], [76.96782, 22.85915], [76.96525, 22.86069], [76.96731, 22.86475], [76.96213, 22.86567], [76.96144, 22.86356], [76.96091, 22.86645], [76.95776, 22.8688], [76.95496, 22.86293], [76.95538, 22.8603], [76.95211, 22.86152], [76.95138, 22.86739], [76.95473, 22.87229], [76.95645, 22.87241], [76.95625, 22.87417], [76.95365, 22.87556], [76.95181, 22.87096], [76.94861, 22.87759], [76.94865, 22.87377], [76.94693, 22.87384], [76.94636, 22.87015], [76.94501, 22.86926], [76.94295, 22.8701], [76.94294, 22.86511], [76.94431, 22.86218], [76.9393, 22.86848], [76.94203, 22.87119], [76.94083, 22.87329], [76.93859, 22.8719], [76.93854, 22.87503], [76.93447, 22.87304], [76.93457, 22.87079], [76.93187, 22.87045], [76.92869, 22.86749], [76.93063, 22.86697], [76.93643, 22.86086], [76.93376, 22.86084], [76.92796, 22.86477], [76.93167, 22.85826], [76.93182, 22.85348], [76.93019, 22.85432], [76.92802, 22.85166], [76.92696, 22.8527], [76.92851, 22.85915], [76.92704, 22.86003], [76.92695, 22.85785], [76.92438, 22.85629], [76.92376, 22.85126], [76.91933, 22.84121], [76.92171, 22.8395], [76.92149, 22.83801], [76.926, 22.83519], [76.92636, 22.83275], [76.93006, 22.82834], [76.92881, 22.82466], [76.93028, 22.82287], [76.92945, 22.82218], [76.92661, 22.82469], [76.92555, 22.82353], [76.92478, 22.82627], [76.92266, 22.82748], [76.91456, 22.8256], [76.91065, 22.82933], [76.92113, 22.83076], [76.92175, 22.83248], [76.92066, 22.83426], [76.91757, 22.83593], [76.91772, 22.83787], [76.91583, 22.83998], [76.91403, 22.84039], [76.91936, 22.84654], [76.91893, 22.85135], [76.92077, 22.857], [76.92302, 22.8597], [76.92289, 22.86226], [76.92489, 22.86439], [76.92236, 22.86703], [76.92024, 22.86539], [76.92052, 22.86367], [76.91767, 22.8624], [76.91867, 22.85982], [76.91772, 22.85773], [76.91572, 22.85674], [76.91588, 22.86197], [76.91277, 22.85802], [76.91205, 22.86287], [76.91005, 22.86022], [76.90713, 22.85919], [76.91053, 22.86324], [76.91458, 22.86193], [76.91452, 22.86866], [76.91578, 22.86949], [76.91675, 22.87463], [76.90071, 22.86678], [76.89536, 22.86697], [76.90102, 22.87054], [76.90636, 22.87066], [76.90083, 22.87753], [76.90079, 22.88166], [76.90349, 22.88436], [76.9031, 22.88788], [76.89805, 22.88971], [76.89809, 22.88521], [76.89598, 22.88243], [76.89488, 22.87629], [76.8939, 22.87759], [76.89512, 22.87987], [76.89412, 22.88048], [76.89007, 22.8783], [76.88824, 22.88112], [76.88698, 22.87999], [76.88699, 22.87588], [76.88479, 22.87957], [76.88647, 22.88521], [76.886, 22.89006], [76.88361, 22.8908], [76.88456, 22.88798], [76.88346, 22.88415], [76.88219, 22.88312], [76.88059, 22.88506], [76.87916, 22.88212], [76.87938, 22.88018], [76.88218, 22.87733], [76.87753, 22.8789], [76.88521, 22.87099], [76.88495, 22.86806], [76.88094, 22.86974], [76.87691, 22.86384], [76.87132, 22.88058], [76.86838, 22.88412], [76.86664, 22.87768], [76.86855, 22.87503], [76.86557, 22.87559], [76.86275, 22.87408], [76.86475, 22.87237], [76.86654, 22.87277], [76.86587, 22.87186], [76.86766, 22.87112], [76.86603, 22.8702], [76.86797, 22.86399], [76.86425, 22.86961], [76.86323, 22.86746], [76.86225, 22.86865], [76.86113, 22.86658], [76.86103, 22.87279], [76.85869, 22.87147], [76.85666, 22.87694], [76.85192, 22.87381], [76.85661, 22.86979], [76.85682, 22.86719], [76.85228, 22.86923], [76.84957, 22.86849], [76.85651, 22.86252], [76.8529, 22.86088], [76.84477, 22.86283], [76.84063, 22.86539], [76.84097, 22.86889], [76.83877, 22.87187], [76.83711, 22.86841], [76.83247, 22.86459], [76.83186, 22.86185], [76.83368, 22.85572], [76.83138, 22.85894], [76.83061, 22.86415], [76.82804, 22.85807], [76.82573, 22.85966], [76.8253, 22.86257], [76.8205, 22.86219], [76.81988, 22.86066], [76.82169, 22.85914], [76.81949, 22.85819], [76.81888, 22.86003], [76.81558, 22.86106], [76.81383, 22.85722], [76.81541, 22.8571], [76.81463, 22.8543], [76.81806, 22.85375], [76.81823, 22.8523], [76.81619, 22.85178], [76.81448, 22.85385], [76.81083, 22.85153], [76.81045, 22.84975], [76.80731, 22.85078], [76.80447, 22.84989], [76.80492, 22.84775], [76.80262, 22.84519], [76.80689, 22.8463], [76.8078, 22.84471], [76.80647, 22.84543], [76.8059, 22.84229], [76.80367, 22.84332], [76.80053, 22.83939], [76.80132, 22.83698], [76.79857, 22.83737], [76.80168, 22.84182], [76.80449, 22.85142], [76.80929, 22.85113], [76.81254, 22.85364], [76.8135, 22.86084], [76.82541, 22.86455], [76.82283, 22.86741], [76.82891, 22.87552], [76.83112, 22.87432], [76.83971, 22.87554], [76.84347, 22.87453], [76.8439, 22.88302], [76.85129, 22.88258], [76.85342, 22.88374], [76.85332, 22.88535], [76.85671, 22.88614], [76.85769, 22.88932], [76.86095, 22.89033], [76.86323, 22.8953], [76.876, 22.90031], [76.87807, 22.89799], [76.88155, 22.90283], [76.88921, 22.90531], [76.89321, 22.90959], [76.89925, 22.90604], [76.9067, 22.90649], [76.91127, 22.90485], [76.91646, 22.90672], [76.91793, 22.90352], [76.92334, 22.90359], [76.92583, 22.90785], [76.93087, 22.90957], [76.93845, 22.91037], [76.94004, 22.90859], [76.94501, 22.90854], [76.94583, 22.91119], [76.95088, 22.91197], [76.95187, 22.9223], [76.95587, 22.92781], [76.95838, 22.93961], [76.96171, 22.94114], [76.96644, 22.94697], [76.97049, 22.94791], [76.9767, 22.94697], [76.97777, 22.94816], [76.9857, 22.94711], [76.98856, 22.94556], [76.99078, 22.9504], [76.99317, 22.95254], [76.99499, 22.96035], [76.99812, 22.96439], [77.00715, 22.97184], [77.01337, 22.97281], [77.01666, 22.97619], [77.01972, 22.97713], [77.02456, 22.9754], [77.03254, 22.98281], [77.03411, 22.992], [77.03686, 22.99392], [77.03675, 23.00435], [77.0411, 23.00536], [77.04333, 23.00786], [77.04546, 23.00773], [77.04865, 23.01416], [77.05092, 23.01619], [77.05082, 23.01794], [77.05429, 23.02143], [77.0558, 23.02913], [77.05842, 23.03033], [77.05821, 23.03395], [77.05062, 23.04644], [77.05416, 23.05425], [77.05109, 23.06302], [77.05588, 23.06864], [77.05564, 23.07254], [77.06252, 23.07452], [77.06615, 23.07431], [77.06891, 23.07202], [77.07508, 23.07633], [77.07507, 23.08082], [77.08213, 23.08311], [77.08344, 23.09013], [77.08683, 23.09118], [77.09336, 23.09606], [77.09416, 23.09952], [77.09791, 23.10191], [77.0996, 23.10825], [77.10359, 23.10771], [77.11035, 23.10147], [77.12065, 23.09987], [77.12463, 23.09683], [77.12752, 23.09786], [77.12919, 23.09696], [77.13016, 23.09804], [77.13527, 23.09668], [77.13734, 23.09216], [77.1481, 23.09137], [77.15118, 23.09304], [77.16116, 23.08929], [77.16798, 23.08945], [77.16946, 23.09267], [77.17601, 23.08869], [77.17793, 23.09085], [77.18106, 23.0886], [77.18706, 23.08857], [77.19176, 23.08697], [77.19179, 23.08439], [77.19848, 23.08283], [77.20012, 23.081], [77.20504, 23.08119], [77.20681, 23.07921], [77.21421, 23.0803], [77.21742, 23.08314], [77.22166, 23.09786], [77.23351, 23.09787], [77.23719, 23.10149], [77.24014, 23.10479], [77.23837, 23.10999], [77.24266, 23.11291], [77.24447, 23.11686], [77.24839, 23.11876], [77.25028, 23.11665], [77.25752, 23.12122]]]]}, "properties": {"district": "Sehore", "state": "Madhya Pradesh", "sub_basin": "Middle", "operational_stp_count": 3, "capacity_mld": 15.28}}, {"type": "Feature", "geometry": {"type": "Polygon", "coordinates": [[[76.20923, 22.32961], [76.20501, 22.32522], [76.19354, 22.30331], [76.18298, 22.28247], [76.18163, 22.27577], [76.15872, 22.25557], [76.15008, 22.25345], [76.11227, 22.25213], [76.09931, 22.24964], [76.0607, 22.22656], [76.03652, 22.22558], [76.02252, 22.223], [76.01711, 22.21845], [76.01253, 22.2117], [76.01755, 22.20374], [76.02101, 22.20467], [76.02135, 22.20189], [76.02488, 22.19686], [76.03052, 22.19711], [76.03191, 22.19435], [76.03997, 22.19464], [76.04742, 22.19], [76.06437, 22.1917], [76.06752, 22.19137], [76.06952, 22.18823], [76.07854, 22.19006], [76.07949, 22.18945], [76.07871, 22.18764], [76.08169, 22.18815], [76.08259, 22.18561], [76.08792, 22.18729], [76.09356, 22.19254], [76.09436, 22.19857], [76.09872, 22.19978], [76.09948, 22.21152], [76.10213, 22.21301], [76.11189, 22.21367], [76.11878, 22.2119], [76.12299, 22.21294], [76.12296, 22.20799], [76.12603, 22.20833], [76.13412, 22.21274], [76.15364, 22.21301], [76.1528, 22.20899], [76.15738, 22.20236], [76.156, 22.20076], [76.15728, 22.18938], [76.15053, 22.17843], [76.1472, 22.1744], [76.13386, 22.17566], [76.12756, 22.17157], [76.12177, 22.17082], [76.11841, 22.16487], [76.1172, 22.15896], [76.11688, 22.1532], [76.12143, 22.15436], [76.12447, 22.15292], [76.12476, 22.13389], [76.12718, 22.1308], [76.13284, 22.12804], [76.13568, 22.12482], [76.13838, 22.11442], [76.13811, 22.11007], [76.13689, 22.10776], [76.13525, 22.10761], [76.13544, 22.10539], [76.11524, 22.10376], [76.11454, 22.09454], [76.10547, 22.09407], [76.10151, 22.09259], [76.09546, 22.09291], [76.09315, 22.08992], [76.09683, 22.07926], [76.09695, 22.05767], [76.09553, 22.05577], [76.09588, 22.05348], [76.10318, 22.05447], [76.10608, 22.05298], [76.12514, 22.05637], [76.1388, 22.05547], [76.15164, 22.06528], [76.15444, 22.07013], [76.15397, 22.07721], [76.13728, 22.08083], [76.13361, 22.09304], [76.13417, 22.09764], [76.13549, 22.10005], [76.14841, 22.10126], [76.14825, 22.10471], [76.15146, 22.10501], [76.15335, 22.10874], [76.15441, 22.11717], [76.15871, 22.11703], [76.16454, 22.1195], [76.17313, 22.11959], [76.17377, 22.12215], [76.19027, 22.11543], [76.19864, 22.09722], [76.21969, 22.09972], [76.21701, 22.09628], [76.21567, 22.08837], [76.21909, 22.08362], [76.22283, 22.083], [76.22493, 22.07197], [76.20023, 22.06713], [76.19875, 22.05919], [76.19989, 22.04948], [76.19871, 22.04447], [76.19357, 22.0405], [76.18073, 22.03793], [76.17716, 22.04263], [76.16881, 22.04164], [76.16439, 22.04274], [76.1592, 22.04076], [76.16025, 22.03795], [76.15902, 22.03574], [76.15225, 22.03202], [76.15297, 22.02319], [76.15485, 22.02112], [76.16427, 22.01655], [76.16506, 22.0124], [76.16165, 22.00945], [76.15975, 22.00563], [76.16087, 21.99832], [76.15689, 21.99117], [76.15641, 21.98782], [76.15348, 21.98665], [76.14883, 21.98825], [76.14779, 21.97903], [76.14304, 21.97835], [76.14249, 21.97717], [76.14659, 21.97565], [76.14855, 21.973], [76.14615, 21.96994], [76.14677, 21.96909], [76.14979, 21.9682], [76.15269, 21.97033], [76.15701, 21.97109], [76.16049, 21.96818], [76.16044, 21.96451], [76.15007, 21.96158], [76.15543, 21.95302], [76.15468, 21.95066], [76.14884, 21.95009], [76.1486, 21.94678], [76.15425, 21.94136], [76.15273, 21.93658], [76.15473, 21.93452], [76.1559, 21.92782], [76.1601, 21.92332], [76.16233, 21.91016], [76.16639, 21.90013], [76.16689, 21.89374], [76.16854, 21.89321], [76.16926, 21.89101], [76.16938, 21.88595], [76.15573, 21.88813], [76.14596, 21.88351], [76.1254, 21.87061], [76.12256, 21.86695], [76.12165, 21.8634], [76.12239, 21.85846], [76.12457, 21.8548], [76.11852, 21.85542], [76.11528, 21.8582], [76.10063, 21.85503], [76.10099, 21.8368], [76.10568, 21.82276], [76.10751, 21.80323], [76.11021, 21.79989], [76.11104, 21.7955], [76.10653, 21.79121], [76.10612, 21.78937], [76.11282, 21.78868], [76.11435, 21.77354], [76.1162, 21.76893], [76.11842, 21.76544], [76.12352, 21.76609], [76.12396, 21.76068], [76.12682, 21.76026], [76.12407, 21.74985], [76.11572, 21.74898], [76.10853, 21.74999], [76.1004, 21.7452], [76.09973, 21.74068], [76.10153, 21.73033], [76.10705, 21.73106], [76.10459, 21.7234], [76.10719, 21.72381], [76.11167, 21.72201], [76.1122, 21.72003], [76.12654, 21.72129], [76.13351, 21.72469], [76.1382, 21.73266], [76.14488, 21.7337], [76.14507, 21.73502], [76.14986, 21.73493], [76.15622, 21.73185], [76.16581, 21.72453], [76.16455, 21.72138], [76.17, 21.72105], [76.16746, 21.70282], [76.17129, 21.6999], [76.16963, 21.69923], [76.16954, 21.69774], [76.1644, 21.69602], [76.15204, 21.69433], [76.15185, 21.67722], [76.1474, 21.67741], [76.14722, 21.67873], [76.13978, 21.68161], [76.13526, 21.68592], [76.13306, 21.69119], [76.11621, 21.69107], [76.11083, 21.68984], [76.10784, 21.69111], [76.09849, 21.68495], [76.09749, 21.68076], [76.09582, 21.67932], [76.09189, 21.67974], [76.08707, 21.67417], [76.08757, 21.67223], [76.0816, 21.67159], [76.07714, 21.66485], [76.06945, 21.66337], [76.0758, 21.62327], [76.07878, 21.61494], [76.07662, 21.59685], [76.0773, 21.59364], [76.0749, 21.58702], [76.0769, 21.57214], [76.06843, 21.57029], [76.06147, 21.57326], [76.04968, 21.56438], [76.03767, 21.5607], [76.02555, 21.55005], [76.02308, 21.54929], [76.02054, 21.54891], [76.01756, 21.55305], [76.01331, 21.55275], [76.00776, 21.55499], [76.00776, 21.55359], [75.96384, 21.55462], [75.9522, 21.55207], [75.95007, 21.54791], [75.94877, 21.51764], [75.95054, 21.5094], [75.94804, 21.49005], [75.9541, 21.48745], [75.9581, 21.48911], [75.96242, 21.48438], [75.96961, 21.48527], [75.9708, 21.48778], [75.97564, 21.49027], [75.97839, 21.48689], [75.98146, 21.48835], [75.99041, 21.48859], [75.99747, 21.48055], [76.0071, 21.47241], [76.00946, 21.46167], [76.00351, 21.45101], [76.00083, 21.45031], [76.00003, 21.45618], [75.99509, 21.46781], [75.99147, 21.45971], [75.97591, 21.45548], [75.97093, 21.45528], [75.96775, 21.45857], [75.95619, 21.4603], [75.95333, 21.46041], [75.95102, 21.45792], [75.94753, 21.45778], [75.9433, 21.45949], [75.94343, 21.46282], [75.93641, 21.46633], [75.92808, 21.466], [75.92393, 21.46732], [75.92003, 21.47201], [75.91599, 21.47444], [75.90756, 21.47639], [75.90764, 21.48136], [75.89702, 21.48439], [75.89101, 21.48228], [75.88722, 21.48429], [75.88262, 21.48118], [75.87742, 21.48277], [75.8648, 21.49214], [75.8544, 21.49173], [75.85234, 21.49395], [75.84836, 21.49535], [75.84375, 21.49516], [75.84167, 21.49957], [75.8322, 21.50585], [75.83027, 21.50993], [75.8238, 21.51299], [75.82349, 21.52515], [75.82086, 21.52773], [75.81975, 21.53123], [75.81668, 21.53285], [75.80981, 21.52902], [75.81317, 21.52387], [75.81425, 21.51786], [75.81048, 21.5113], [75.81066, 21.50682], [75.80687, 21.50294], [75.7975, 21.49951], [75.78754, 21.49384], [75.78736, 21.49015], [75.78556, 21.4881], [75.78811, 21.48573], [75.78268, 21.47774], [75.78721, 21.47306], [75.79599, 21.47221], [75.79237, 21.46359], [75.78676, 21.46381], [75.78455, 21.45836], [75.78684, 21.45608], [75.77982, 21.45014], [75.78061, 21.44388], [75.78443, 21.43813], [75.78827, 21.43722], [75.78532, 21.43267], [75.78714, 21.42923], [75.78262, 21.42535], [75.77732, 21.42713], [75.76949, 21.42177], [75.77286, 21.41756], [75.76999, 21.41528], [75.76357, 21.41519], [75.7607, 21.41671], [75.75647, 21.4124], [75.75865, 21.40712], [75.7517, 21.40198], [75.7417, 21.39873], [75.74135, 21.39489], [75.74264, 21.39246], [75.71777, 21.39253], [75.71417, 21.39531], [75.71337, 21.40118], [75.71113, 21.40443], [75.70664, 21.40621], [75.70157, 21.40619], [75.69253, 21.41118], [75.68765, 21.41105], [75.68655, 21.41797], [75.67373, 21.42405], [75.67113, 21.42664], [75.665, 21.42781], [75.66388, 21.4313], [75.66506, 21.43353], [75.66489, 21.43804], [75.66253, 21.44118], [75.65901, 21.44229], [75.65245, 21.44733], [75.65676, 21.45041], [75.6568, 21.45782], [75.65417, 21.45865], [75.6522, 21.46338], [75.645, 21.46948], [75.6448, 21.47233], [75.64672, 21.4745], [75.644, 21.48131], [75.63954, 21.48113], [75.63577, 21.47595], [75.62252, 21.47695], [75.62184, 21.47787], [75.62394, 21.4845], [75.62074, 21.48531], [75.61771, 21.48204], [75.61236, 21.48025], [75.60762, 21.48044], [75.59835, 21.4753], [75.5898, 21.47724], [75.58644, 21.47606], [75.57691, 21.47596], [75.57154, 21.47954], [75.5633, 21.47952], [75.56249, 21.48784], [75.56647, 21.48972], [75.56728, 21.49143], [75.56967, 21.49017], [75.57098, 21.494], [75.57079, 21.49903], [75.5764, 21.50459], [75.57579, 21.51389], [75.5607, 21.51622], [75.5609, 21.52115], [75.55719, 21.52659], [75.5508, 21.52862], [75.54716, 21.53447], [75.53989, 21.52663], [75.53294, 21.52433], [75.52106, 21.52442], [75.5164, 21.52564], [75.51016, 21.52464], [75.50473, 21.52023], [75.49701, 21.5193], [75.49246, 21.52171], [75.48659, 21.52283], [75.48503, 21.52621], [75.47784, 21.52627], [75.4767, 21.52868], [75.47241, 21.52948], [75.47046, 21.52738], [75.46419, 21.5254], [75.46282, 21.52339], [75.45964, 21.53258], [75.46014, 21.54386], [75.46473, 21.55048], [75.46471, 21.55622], [75.46781, 21.56123], [75.47007, 21.56194], [75.47174, 21.56627], [75.4765, 21.5667], [75.47798, 21.56805], [75.47939, 21.57464], [75.47903, 21.58535], [75.48571, 21.59903], [75.49107, 21.59932], [75.49442, 21.61017], [75.5021, 21.61364], [75.49836, 21.61721], [75.47986, 21.62063], [75.4723, 21.6247], [75.47161, 21.62253], [75.46926, 21.62313], [75.4672, 21.62699], [75.46394, 21.62829], [75.46297, 21.63356], [75.45869, 21.63531], [75.45662, 21.63867], [75.45223, 21.63897], [75.4472, 21.6414], [75.4488, 21.64449], [75.44699, 21.64857], [75.44352, 21.65236], [75.44012, 21.65323], [75.44116, 21.65458], [75.4391, 21.65441], [75.43724, 21.65648], [75.4372, 21.65996], [75.44042, 21.66315], [75.43954, 21.66633], [75.44125, 21.66623], [75.43849, 21.67577], [75.4167, 21.67977], [75.40025, 21.677], [75.39143, 21.68153], [75.38375, 21.67714], [75.38084, 21.67675], [75.37812, 21.6782], [75.37449, 21.67612], [75.37225, 21.67649], [75.3506, 21.67093], [75.33269, 21.66412], [75.32203, 21.66196], [75.303, 21.63894], [75.29697, 21.63565], [75.2907, 21.63503], [75.2888, 21.63573], [75.28778, 21.63834], [75.28652, 21.65172], [75.28428, 21.65134], [75.27998, 21.65403], [75.27066, 21.6557], [75.27205, 21.67008], [75.27391, 21.67527], [75.26445, 21.67339], [75.26263, 21.67475], [75.26671, 21.6803], [75.26708, 21.68747], [75.23054, 21.69111], [75.22982, 21.69249], [75.21742, 21.69475], [75.20894, 21.70849], [75.20989, 21.71316], [75.20738, 21.72361], [75.20772, 21.72848], [75.20958, 21.73215], [75.22222, 21.74231], [75.23086, 21.74254], [75.24128, 21.74507], [75.25142, 21.74131], [75.25658, 21.73801], [75.25723, 21.74459], [75.26272, 21.74546], [75.27124, 21.73802], [75.27603, 21.73848], [75.27359, 21.75412], [75.27141, 21.75581], [75.27052, 21.76514], [75.27287, 21.76651], [75.27249, 21.7693], [75.27499, 21.76977], [75.27684, 21.77236], [75.2822, 21.7722], [75.28003, 21.78294], [75.28088, 21.78758], [75.2764, 21.78994], [75.27575, 21.79218], [75.27403, 21.79195], [75.27239, 21.80139], [75.27571, 21.80223], [75.27564, 21.80378], [75.28303, 21.80413], [75.28458, 21.8032], [75.28988, 21.80536], [75.28945, 21.81131], [75.29513, 21.81119], [75.29309, 21.82489], [75.2983, 21.82679], [75.30898, 21.8337], [75.30988, 21.84355], [75.30157, 21.84765], [75.30129, 21.85427], [75.29803, 21.86316], [75.27657, 21.86614], [75.27601, 21.88613], [75.27978, 21.88593], [75.28772, 21.89209], [75.28697, 21.89555], [75.28125, 21.90569], [75.28328, 21.91578], [75.28786, 21.91703], [75.29053, 21.92199], [75.29742, 21.92251], [75.30731, 21.90745], [75.31489, 21.90818], [75.32452, 21.90573], [75.33268, 21.90911], [75.33482, 21.91366], [75.33524, 21.92089], [75.34188, 21.9299], [75.34144, 21.93345], [75.33784, 21.94099], [75.33813, 21.94584], [75.34453, 21.94721], [75.34947, 21.95481], [75.35265, 21.95592], [75.35091, 21.973], [75.35155, 21.97819], [75.35031, 21.98207], [75.35843, 21.98513], [75.39834, 21.98472], [75.3995, 21.99539], [75.405, 22.00232], [75.40943, 22.00397], [75.41604, 22.00387], [75.41863, 22.00667], [75.42589, 22.01034], [75.43043, 22.01575], [75.43507, 22.01763], [75.44346, 22.02593], [75.43734, 22.02635], [75.42625, 22.02374], [75.41392, 22.02284], [75.41615, 22.02756], [75.41296, 22.03209], [75.41358, 22.05881], [75.41437, 22.05974], [75.42591, 22.05896], [75.43328, 22.05997], [75.4457, 22.05618], [75.4506, 22.05845], [75.45668, 22.0593], [75.45594, 22.06359], [75.45149, 22.07267], [75.43724, 22.07064], [75.43344, 22.07834], [75.42982, 22.07643], [75.41421, 22.07297], [75.40465, 22.07289], [75.39897, 22.07895], [75.39338, 22.0809], [75.39314, 22.08406], [75.39639, 22.08876], [75.3892, 22.0897], [75.38443, 22.09424], [75.38102, 22.1021], [75.36805, 22.10176], [75.3575, 22.09833], [75.35781, 22.10253], [75.35486, 22.11276], [75.35195, 22.1139], [75.34586, 22.11289], [75.34347, 22.11992], [75.3405, 22.12146], [75.33196, 22.12315], [75.32802, 22.1215], [75.32166, 22.12287], [75.31579, 22.1343], [75.32263, 22.13687], [75.36849, 22.14186], [75.38104, 22.14079], [75.39013, 22.13675], [75.39819, 22.1366], [75.40902, 22.13906], [75.42806, 22.14633], [75.45589, 22.15165], [75.46811, 22.15327], [75.48641, 22.15314], [75.50352, 22.15711], [75.51037, 22.16342], [75.51122, 22.17319], [75.51969, 22.17281], [75.52089, 22.17376], [75.51566, 22.18548], [75.51974, 22.19095], [75.52281, 22.21103], [75.53079, 22.21993], [75.53512, 22.2314], [75.53526, 22.23719], [75.52953, 22.24458], [75.52771, 22.25059], [75.53301, 22.26336], [75.52925, 22.27121], [75.51881, 22.27739], [75.51749, 22.27974], [75.51481, 22.29374], [75.51696, 22.30371], [75.5187, 22.32622], [75.51415, 22.32915], [75.51026, 22.32773], [75.50686, 22.32352], [75.49904, 22.32681], [75.48998, 22.32625], [75.49585, 22.33319], [75.49651, 22.33978], [75.50392, 22.33779], [75.50497, 22.33639], [75.50926, 22.33931], [75.51001, 22.35019], [75.5035, 22.36754], [75.50854, 22.37368], [75.51482, 22.37312], [75.51804, 22.37537], [75.52242, 22.37547], [75.52791, 22.37099], [75.52601, 22.36748], [75.52791, 22.36487], [75.53804, 22.36529], [75.5392, 22.36266], [75.5368, 22.3568], [75.54103, 22.3579], [75.54272, 22.36126], [75.55401, 22.36367], [75.55808, 22.37038], [75.56464, 22.37584], [75.56638, 22.37429], [75.57128, 22.37765], [75.57503, 22.37781], [75.57927, 22.37315], [75.57988, 22.37022], [75.58168, 22.37159], [75.58825, 22.37146], [75.59018, 22.36359], [75.59203, 22.36295], [75.59271, 22.36097], [75.59849, 22.3646], [75.5996, 22.36244], [75.5987, 22.35998], [75.60204, 22.36331], [75.6103, 22.36368], [75.60655, 22.35969], [75.61043, 22.35883], [75.61046, 22.35768], [75.60713, 22.35617], [75.60618, 22.3547], [75.60728, 22.35366], [75.60556, 22.3514], [75.61092, 22.34677], [75.6076, 22.34501], [75.60526, 22.34655], [75.60264, 22.34533], [75.59983, 22.34772], [75.59963, 22.34075], [75.60587, 22.34066], [75.608, 22.33919], [75.61569, 22.33772], [75.62066, 22.34299], [75.62549, 22.34289], [75.62901, 22.34477], [75.63506, 22.35288], [75.63514, 22.35518], [75.64095, 22.35619], [75.64228, 22.35509], [75.64238, 22.34897], [75.64232, 22.34702], [75.64067, 22.347], [75.64079, 22.34505], [75.64629, 22.34133], [75.64432, 22.33596], [75.65355, 22.33214], [75.65357, 22.33541], [75.65115, 22.33948], [75.65453, 22.34258], [75.65872, 22.3433], [75.66246, 22.34558], [75.67471, 22.34404], [75.67552, 22.34925], [75.68135, 22.35317], [75.68716, 22.35438], [75.69273, 22.3599], [75.70372, 22.35859], [75.70284, 22.36125], [75.71346, 22.36227], [75.72143, 22.36947], [75.72511, 22.36902], [75.72581, 22.36517], [75.73606, 22.35817], [75.74076, 22.35906], [75.75206, 22.3579], [75.75339, 22.36032], [75.75868, 22.36392], [75.76257, 22.36468], [75.76272, 22.36704], [75.76806, 22.36704], [75.77027, 22.36922], [75.77152, 22.36851], [75.77141, 22.36689], [75.77521, 22.36578], [75.78041, 22.37357], [75.78138, 22.37318], [75.78447, 22.37637], [75.79108, 22.37663], [75.79942, 22.38026], [75.79964, 22.38573], [75.80498, 22.38794], [75.80906, 22.38708], [75.81571, 22.39188], [75.82182, 22.40613], [75.82616, 22.40622], [75.83437, 22.40884], [75.83817, 22.40052], [75.84955, 22.39181], [75.84945, 22.38392], [75.85627, 22.38374], [75.85834, 22.38057], [75.86436, 22.38003], [75.87394, 22.38154], [75.87882, 22.38464], [75.88127, 22.38342], [75.88432, 22.3871], [75.8863, 22.38757], [75.88747, 22.39008], [75.89276, 22.39131], [75.89933, 22.39074], [75.90341, 22.38706], [75.90578, 22.38682], [75.90965, 22.38854], [75.91158, 22.40224], [75.9087, 22.4091], [75.91329, 22.41452], [75.91397, 22.42049], [75.96088, 22.43058], [75.96865, 22.42877], [75.97091, 22.4242], [75.97126, 22.41981], [75.98701, 22.41672], [75.99382, 22.4136], [75.99806, 22.41791], [76.00255, 22.41914], [76.00663, 22.42198], [76.00536, 22.42373], [76.006, 22.42593], [76.00478, 22.42657], [76.00735, 22.42882], [76.00664, 22.43281], [76.01071, 22.43678], [76.01074, 22.43872], [76.01298, 22.44106], [76.00862, 22.4446], [76.02147, 22.44494], [76.0319, 22.43706], [76.03138, 22.44806], [76.04188, 22.45796], [76.04734, 22.45973], [76.05263, 22.4537], [76.05533, 22.46269], [76.05015, 22.47212], [76.05067, 22.47836], [76.04771, 22.48066], [76.04062, 22.48089], [76.03926, 22.48357], [76.03472, 22.48192], [76.03475, 22.48576], [76.02367, 22.49503], [76.02603, 22.4963], [76.02597, 22.49937], [76.02795, 22.50059], [76.02643, 22.5027], [76.03042, 22.51005], [76.03069, 22.51284], [76.02827, 22.51824], [76.02773, 22.52894], [76.02977, 22.53014], [76.03236, 22.52802], [76.03952, 22.52914], [76.04411, 22.53452], [76.05198, 22.53081], [76.06045, 22.53353], [76.06667, 22.53188], [76.07393, 22.52791], [76.07637, 22.5237], [76.0782, 22.53062], [76.08146, 22.53473], [76.08071, 22.53915], [76.08688, 22.54002], [76.08679, 22.53163], [76.09188, 22.52155], [76.09215, 22.50843], [76.09369, 22.5026], [76.0927, 22.49986], [76.0946, 22.49691], [76.09822, 22.48226], [76.09881, 22.47459], [76.10116, 22.47044], [76.11245, 22.46712], [76.11318, 22.46141], [76.11765, 22.46073], [76.12196, 22.45833], [76.13144, 22.45833], [76.14737, 22.44351], [76.15384, 22.44114], [76.16023, 22.43591], [76.16864, 22.43352], [76.17678, 22.42764], [76.18572, 22.4262], [76.19096, 22.42087], [76.20162, 22.4188], [76.20767, 22.41951], [76.21227, 22.41792], [76.23334, 22.39365], [76.23481, 22.38704], [76.23129, 22.38052], [76.22896, 22.37141], [76.2212, 22.36451], [76.22041, 22.35787], [76.21596, 22.35617], [76.20671, 22.35741], [76.20211, 22.35434], [76.20268, 22.35059], [76.2068, 22.34907], [76.20916, 22.3464], [76.21431, 22.33561], [76.21365, 22.33196], [76.20923, 22.32961]]]}, "properties": {"district": "Khargone", "state": "Madhya Pradesh", "sub_basin": "Middle", "operational_stp_count": 1, "capacity_mld": 17.6}}, {"type": "Feature", "geometry": {"type": "MultiPolygon", "coordinates": [[[[72.7367, 21.64487], [72.73986, 21.64459], [72.73625, 21.64375], [72.7367, 21.64487]]], [[[72.74236, 21.64533], [72.74236, 21.64514], [72.74208, 21.64514], [72.74208, 21.64486], [72.74056, 21.64486], [72.74083, 21.64495], [72.74127, 21.64503], [72.74188, 21.64516], [72.74236, 21.64533]]], [[[72.72958, 21.64509], [72.72958, 21.64486], [72.72931, 21.64486], [72.72931, 21.6451], [72.72958, 21.64509]]], [[[72.74652, 21.64812], [72.74541, 21.64625], [72.74262, 21.64542], [72.74652, 21.64812]]], [[[72.7468, 21.64834], [72.7468, 21.6482], [72.74663, 21.6482], [72.7468, 21.64834]]], [[[72.74709, 21.64856], [72.74709, 21.64847], [72.74698, 21.64847], [72.74709, 21.64856]]], [[[72.71614, 21.64765], [72.72903, 21.64486], [72.7218, 21.64319], [72.7168, 21.64459], [72.71542, 21.64597], [72.71614, 21.64765]]], [[[72.75208, 21.65014], [72.75681, 21.65014], [72.76041, 21.64792], [72.77098, 21.64597], [72.78458, 21.64486], [72.8159, 21.65285], [72.82541, 21.63974], [72.82592, 21.63562], [72.81978, 21.62386], [72.81634, 21.62078], [72.79323, 21.60845], [72.77065, 21.60905], [72.76447, 21.60696], [72.75251, 21.60011], [72.74552, 21.59967], [72.73882, 21.59583], [72.72801, 21.58594], [72.72576, 21.58591], [72.72594, 21.58763], [72.72208, 21.58451], [72.7203, 21.58563], [72.71881, 21.59165], [72.71754, 21.58985], [72.7139, 21.59075], [72.70721, 21.58583], [72.70238, 21.5878], [72.70205, 21.59208], [72.70152, 21.58797], [72.69512, 21.58847], [72.69409, 21.58328], [72.69242, 21.58139], [72.67844, 21.57522], [72.67325, 21.57529], [72.67055, 21.57308], [72.66525, 21.56663], [72.65976, 21.55691], [72.64692, 21.54758], [72.64461, 21.54217], [72.64647, 21.53713], [72.64417, 21.53386], [72.63693, 21.53592], [72.63443, 21.53861], [72.6307, 21.53904], [72.61418, 21.55463], [72.61262, 21.55743], [72.61262, 21.57146], [72.60792, 21.58319], [72.61514, 21.59264], [72.61681, 21.59292], [72.61764, 21.59542], [72.6207, 21.59625], [72.62209, 21.6032], [72.62625, 21.60875], [72.6293, 21.61765], [72.63513, 21.62042], [72.63847, 21.62042], [72.64403, 21.61736], [72.64792, 21.61708], [72.65236, 21.62375], [72.65542, 21.62375], [72.6582, 21.62542], [72.65708, 21.62625], [72.65792, 21.62764], [72.67264, 21.62792], [72.67514, 21.62903], [72.67847, 21.63265], [72.69237, 21.64069], [72.69346, 21.64403], [72.69533, 21.64469], [72.71098, 21.64676], [72.71542, 21.64097], [72.71819, 21.63958], [72.73486, 21.63931], [72.74042, 21.64208], [72.74792, 21.64264], [72.74958, 21.64765], [72.75208, 21.65014]]], [[[73.25688, 21.93556], [73.26497, 21.9284], [73.26791, 21.92318], [73.27743, 21.91384], [73.27886, 21.90508], [73.29747, 21.89086], [73.30383, 21.88751], [73.30225, 21.88617], [73.30215, 21.88299], [73.29974, 21.87897], [73.29984, 21.87436], [73.30184, 21.86741], [73.30166, 21.86176], [73.30417, 21.86204], [73.30381, 21.85814], [73.30591, 21.85917], [73.30659, 21.85416], [73.30795, 21.85375], [73.30852, 21.85141], [73.30243, 21.85013], [73.30299, 21.84147], [73.30099, 21.83701], [73.29947, 21.83585], [73.29694, 21.83626], [73.2971, 21.83373], [73.30167, 21.83285], [73.29942, 21.83078], [73.29935, 21.82749], [73.30216, 21.82504], [73.30407, 21.82565], [73.30579, 21.82237], [73.30857, 21.82229], [73.3114, 21.82337], [73.31159, 21.8252], [73.31633, 21.82682], [73.31491, 21.83014], [73.31924, 21.82964], [73.31953, 21.83131], [73.32139, 21.83053], [73.3208, 21.83142], [73.32418, 21.83392], [73.32728, 21.83523], [73.32918, 21.83471], [73.33486, 21.83138], [73.33684, 21.81749], [73.33236, 21.81602], [73.3334, 21.81379], [73.33502, 21.81336], [73.33599, 21.81035], [73.34759, 21.81438], [73.3515, 21.81058], [73.35588, 21.81034], [73.35587, 21.80825], [73.35901, 21.80756], [73.35787, 21.80541], [73.35989, 21.80609], [73.36016, 21.80248], [73.36443, 21.80192], [73.36694, 21.79927], [73.36933, 21.79327], [73.37102, 21.79202], [73.37136, 21.78822], [73.37396, 21.78694], [73.37418, 21.78041], [73.3826, 21.78127], [73.38691, 21.77764], [73.39269, 21.77745], [73.39542, 21.77581], [73.39629, 21.76825], [73.39432, 21.76027], [73.39713, 21.75856], [73.40078, 21.75885], [73.40972, 21.74972], [73.40781, 21.74833], [73.40692, 21.7445], [73.40663, 21.73989], [73.40822, 21.73744], [73.40444, 21.73502], [73.404, 21.72989], [73.40203, 21.72953], [73.4006, 21.72696], [73.39486, 21.72483], [73.39326, 21.72206], [73.39512, 21.72073], [73.39548, 21.71708], [73.40296, 21.71807], [73.40698, 21.70928], [73.43156, 21.71791], [73.4315, 21.71478], [73.43968, 21.70943], [73.44722, 21.71174], [73.44947, 21.71378], [73.44893, 21.71669], [73.45322, 21.71925], [73.46207, 21.71838], [73.46912, 21.7209], [73.47176, 21.71336], [73.47497, 21.7114], [73.47806, 21.70402], [73.48768, 21.70399], [73.48759, 21.69354], [73.49985, 21.68123], [73.49962, 21.68], [73.49603, 21.67838], [73.48703, 21.67779], [73.47779, 21.667], [73.47428, 21.66016], [73.47387, 21.65441], [73.47698, 21.64736], [73.48072, 21.64356], [73.48436, 21.64188], [73.48576, 21.6389], [73.48476, 21.63604], [73.48001, 21.63389], [73.47839, 21.63187], [73.48034, 21.6271], [73.48224, 21.61089], [73.47437, 21.61131], [73.47076, 21.60901], [73.47412, 21.59802], [73.47349, 21.59381], [73.47263, 21.59287], [73.47035, 21.59386], [73.46616, 21.58889], [73.46517, 21.58469], [73.45794, 21.57808], [73.45023, 21.57537], [73.44977, 21.57129], [73.44625, 21.56911], [73.44703, 21.56456], [73.44404, 21.56219], [73.44351, 21.55927], [73.44147, 21.55721], [73.4399, 21.54871], [73.44162, 21.54775], [73.44056, 21.54555], [73.44289, 21.54236], [73.4416, 21.53853], [73.4528, 21.52795], [73.44284, 21.52453], [73.43217, 21.52353], [73.42585, 21.52426], [73.42569, 21.52755], [73.42247, 21.52903], [73.41579, 21.54221], [73.4159, 21.54415], [73.42754, 21.54781], [73.42866, 21.5526], [73.42487, 21.55791], [73.42337, 21.56294], [73.42671, 21.56447], [73.42749, 21.56819], [73.42333, 21.56947], [73.41901, 21.57369], [73.41947, 21.58132], [73.42453, 21.58102], [73.42741, 21.5778], [73.42898, 21.57789], [73.42999, 21.58119], [73.43754, 21.58864], [73.43861, 21.59325], [73.4376, 21.59883], [73.44264, 21.59875], [73.44255, 21.60378], [73.44754, 21.60697], [73.44931, 21.61132], [73.45254, 21.61281], [73.45341, 21.61471], [73.45128, 21.62017], [73.44916, 21.62114], [73.44914, 21.62404], [73.44508, 21.62662], [73.4431, 21.6351], [73.43749, 21.63947], [73.43587, 21.64369], [73.43416, 21.64447], [73.43286, 21.65007], [73.43087, 21.65203], [73.41681, 21.64739], [73.41842, 21.64443], [73.41499, 21.64285], [73.41414, 21.64008], [73.40516, 21.63841], [73.40131, 21.63111], [73.38894, 21.62869], [73.38671, 21.63119], [73.38039, 21.63237], [73.37893, 21.63399], [73.37076, 21.63225], [73.36989, 21.62943], [73.3594, 21.62944], [73.35586, 21.62696], [73.35134, 21.62817], [73.34663, 21.62526], [73.33977, 21.62529], [73.33808, 21.61623], [73.33952, 21.61084], [73.33507, 21.60879], [73.32697, 21.60007], [73.31977, 21.60364], [73.31654, 21.60188], [73.30341, 21.60104], [73.30176, 21.60289], [73.29918, 21.60197], [73.29179, 21.60481], [73.28984, 21.60188], [73.28596, 21.60211], [73.2833, 21.60026], [73.27866, 21.60054], [73.26955, 21.59756], [73.26725, 21.59499], [73.26217, 21.5975], [73.25784, 21.59595], [73.25578, 21.59707], [73.25004, 21.59197], [73.24653, 21.59089], [73.23793, 21.59393], [73.23538, 21.59254], [73.23247, 21.59457], [73.22083, 21.59447], [73.21693, 21.59587], [73.20745, 21.59026], [73.20584, 21.59206], [73.20239, 21.58689], [73.19416, 21.58535], [73.18365, 21.57801], [73.18002, 21.57999], [73.17283, 21.57754], [73.17062, 21.57408], [73.16337, 21.57056], [73.16251, 21.56686], [73.15336, 21.55473], [73.14666, 21.55369], [73.14415, 21.55127], [73.14425, 21.54967], [73.13185, 21.54099], [73.12561, 21.54531], [73.12033, 21.54263], [73.11583, 21.54447], [73.11071, 21.54874], [73.1092, 21.55204], [73.09666, 21.55035], [73.09173, 21.5482], [73.08084, 21.54613], [73.07912, 21.54707], [73.07672, 21.54625], [73.07371, 21.55587], [73.06812, 21.56375], [73.06506, 21.56567], [73.05883, 21.56612], [73.05447, 21.5691], [73.05295, 21.56685], [73.04688, 21.56344], [73.04799, 21.55983], [73.04694, 21.55796], [73.04808, 21.54913], [73.04686, 21.54433], [73.04844, 21.54214], [73.03992, 21.53867], [73.0366, 21.53467], [73.03966, 21.52355], [73.03399, 21.52223], [73.03027, 21.51639], [73.02231, 21.5136], [73.01827, 21.51358], [73.02085, 21.52086], [73.01964, 21.52232], [73.01781, 21.52169], [73.01613, 21.52555], [73.00786, 21.52401], [73.00549, 21.53057], [73.00416, 21.53042], [72.99579, 21.54185], [72.9916, 21.54302], [72.98632, 21.54138], [72.98472, 21.53989], [72.98659, 21.53639], [72.98702, 21.53009], [72.98379, 21.52284], [72.95713, 21.51899], [72.94128, 21.51247], [72.94278, 21.50193], [72.94421, 21.50159], [72.95107, 21.49092], [72.95285, 21.48397], [72.93827, 21.47358], [72.9276, 21.47102], [72.92332, 21.46938], [72.92339, 21.46799], [72.91942, 21.47151], [72.91309, 21.47122], [72.90977, 21.47403], [72.90657, 21.47462], [72.90641, 21.47758], [72.89846, 21.47795], [72.89755, 21.48013], [72.89194, 21.48135], [72.89245, 21.48657], [72.89087, 21.48649], [72.88916, 21.48864], [72.88968, 21.49385], [72.88809, 21.49378], [72.88619, 21.49963], [72.88378, 21.50025], [72.88445, 21.50251], [72.88188, 21.5061], [72.87322, 21.50495], [72.86994, 21.50702], [72.86681, 21.50613], [72.86673, 21.50761], [72.86511, 21.50827], [72.86523, 21.50605], [72.8629, 21.5052], [72.86306, 21.50224], [72.86069, 21.50213], [72.86085, 21.49917], [72.85456, 21.49813], [72.85369, 21.49957], [72.85132, 21.49946], [72.85144, 21.49724], [72.84752, 21.49631], [72.84136, 21.49305], [72.84065, 21.49153], [72.83669, 21.49134], [72.83598, 21.48982], [72.83203, 21.48963], [72.83132, 21.48812], [72.82895, 21.488], [72.8299, 21.48508], [72.82757, 21.48423], [72.82744, 21.48645], [72.82578, 21.48785], [72.8227, 21.48622], [72.8195, 21.48681], [72.81779, 21.48896], [72.81538, 21.48958], [72.8153, 21.49106], [72.81289, 21.49169], [72.81281, 21.49317], [72.81044, 21.49306], [72.80948, 21.49598], [72.80553, 21.49579], [72.80458, 21.49871], [72.80054, 21.5], [72.80042, 21.50222], [72.79884, 21.50215], [72.79785, 21.50581], [72.79464, 21.5064], [72.79231, 21.50555], [72.79239, 21.50407], [72.79081, 21.50399], [72.7901, 21.50247], [72.78852, 21.5024], [72.78994, 21.50543], [72.78448, 21.50369], [72.78357, 21.50587], [72.77795, 21.50708], [72.77637, 21.50701], [72.7757, 21.50475], [72.77341, 21.50315], [72.76625, 21.50355], [72.76538, 21.50499], [72.76301, 21.50488], [72.76126, 21.50776], [72.75818, 21.50613], [72.75652, 21.50754], [72.75335, 21.50738], [72.75344, 21.5059], [72.7511, 21.50505], [72.74944, 21.50645], [72.75011, 21.50871], [72.74761, 21.51082], [72.74441, 21.51141], [72.74421, 21.51511], [72.73468, 21.51539], [72.73163, 21.51301], [72.72922, 21.51364], [72.7293, 21.51216], [72.72776, 21.51134], [72.72452, 21.51267], [72.72056, 21.51248], [72.72068, 21.51026], [72.7191, 21.51018], [72.71839, 21.50866], [72.71927, 21.50722], [72.71464, 21.50477], [72.71473, 21.50329], [72.71244, 21.5017], [72.71256, 21.49948], [72.7086, 21.49929], [72.70794, 21.49703], [72.70631, 21.49769], [72.70644, 21.49547], [72.70481, 21.49613], [72.70498, 21.49317], [72.70344, 21.49236], [72.69711, 21.49205], [72.69545, 21.49345], [72.69158, 21.49178], [72.68979, 21.4954], [72.68659, 21.49599], [72.68683, 21.49155], [72.68375, 21.48992], [72.68392, 21.48696], [72.68242, 21.4854], [72.68329, 21.48396], [72.68649, 21.48337], [72.68662, 21.48115], [72.68921, 21.481], [72.68039, 21.47233], [72.66661, 21.46532], [72.66077, 21.45755], [72.65689, 21.45471], [72.65125, 21.45366], [72.65236, 21.46208], [72.65626, 21.46486], [72.65208, 21.46542], [72.65764, 21.46958], [72.6582, 21.47181], [72.66319, 21.47764], [72.66485, 21.47792], [72.66681, 21.4876], [72.67233, 21.49745], [72.67704, 21.50303], [72.68698, 21.50142], [72.69023, 21.50838], [72.70283, 21.52567], [72.70616, 21.52628], [72.70787, 21.52844], [72.71064, 21.52384], [72.71076, 21.52123], [72.71216, 21.52315], [72.71489, 21.52201], [72.71197, 21.52725], [72.71459, 21.52794], [72.71523, 21.526], [72.71682, 21.52914], [72.71892, 21.52799], [72.72216, 21.52969], [72.72255, 21.52613], [72.72387, 21.52874], [72.72582, 21.52739], [72.72998, 21.52714], [72.72991, 21.52829], [72.72561, 21.52978], [72.73077, 21.53279], [72.73098, 21.53029], [72.7323, 21.53036], [72.73875, 21.53403], [72.7403, 21.53262], [72.73711, 21.53047], [72.73929, 21.53088], [72.74018, 21.52935], [72.74185, 21.53043], [72.74273, 21.52859], [72.74628, 21.52897], [72.74768, 21.52718], [72.74937, 21.5284], [72.75, 21.52752], [72.75007, 21.54171], [72.76034, 21.54781], [72.76064, 21.55001], [72.76277, 21.54887], [72.76247, 21.55146], [72.76723, 21.55626], [72.77022, 21.56252], [72.76851, 21.56499], [72.76133, 21.56458], [72.75988, 21.56292], [72.76006, 21.56033], [72.75477, 21.56434], [72.75445, 21.56628], [72.75627, 21.56557], [72.7584, 21.56813], [72.7589, 21.566], [72.76211, 21.56678], [72.75942, 21.56949], [72.76261, 21.5733], [72.76357, 21.56888], [72.76759, 21.5694], [72.76629, 21.5707], [72.76689, 21.57398], [72.76878, 21.57041], [72.77154, 21.57008], [72.77388, 21.57146], [72.77909, 21.58037], [72.78509, 21.58735], [72.79084, 21.58854], [72.80224, 21.58721], [72.79772, 21.5956], [72.80185, 21.60062], [72.80956, 21.60339], [72.82033, 21.61111], [72.83015, 21.62845], [72.83179, 21.64105], [72.82846, 21.65091], [72.84168, 21.65582], [72.85359, 21.64825], [72.86692, 21.64355], [72.86791, 21.64222], [72.87334, 21.64492], [72.87284, 21.66348], [72.87403, 21.66917], [72.87724, 21.67256], [72.89498, 21.67505], [72.90721, 21.6668], [72.90683, 21.6649], [72.91993, 21.66731], [72.94103, 21.66906], [72.96298, 21.67403], [72.96114, 21.68189], [72.93819, 21.67671], [72.93072, 21.67753], [72.93037, 21.67637], [72.92777, 21.67621], [72.92772, 21.67826], [72.92526, 21.67866], [72.92278, 21.67598], [72.88052, 21.68632], [72.86313, 21.68632], [72.86191, 21.68759], [72.84951, 21.68353], [72.83653, 21.67441], [72.83374, 21.671], [72.83236, 21.6732], [72.79819, 21.66153], [72.77658, 21.66535], [72.76221, 21.67002], [72.75475, 21.67576], [72.75263, 21.68149], [72.7498, 21.68129], [72.74591, 21.68846], [72.73697, 21.69113], [72.7322, 21.68787], [72.72275, 21.68505], [72.71291, 21.67958], [72.70791, 21.68026], [72.69814, 21.68438], [72.69224, 21.68131], [72.68534, 21.68147], [72.67496, 21.68446], [72.67396, 21.68512], [72.67568, 21.68507], [72.67489, 21.68641], [72.67177, 21.68744], [72.67134, 21.68904], [72.66626, 21.68775], [72.6666, 21.68564], [72.66889, 21.68482], [72.66014, 21.68107], [72.6571, 21.68209], [72.65586, 21.68083], [72.64836, 21.6824], [72.64476, 21.68172], [72.63897, 21.68391], [72.63801, 21.68214], [72.63927, 21.68174], [72.63762, 21.68077], [72.62156, 21.68225], [72.61209, 21.684], [72.60986, 21.68495], [72.60881, 21.68802], [72.6054, 21.68773], [72.60063, 21.68586], [72.60317, 21.68397], [72.60491, 21.68444], [72.60517, 21.68327], [72.59574, 21.68024], [72.58294, 21.67293], [72.56431, 21.66475], [72.55839, 21.65986], [72.55375, 21.65877], [72.54831, 21.65872], [72.54355, 21.66051], [72.53726, 21.66596], [72.53431, 21.67153], [72.53762, 21.67179], [72.54053, 21.67481], [72.55159, 21.67732], [72.55427, 21.67985], [72.55421, 21.68696], [72.55561, 21.68785], [72.57705, 21.69412], [72.58847, 21.70008], [72.5887, 21.70322], [72.59958, 21.71381], [72.60211, 21.72043], [72.63753, 21.75184], [72.67733, 21.77552], [72.68589, 21.7795], [72.68824, 21.77823], [72.70097, 21.78125], [72.73516, 21.79835], [72.75171, 21.80133], [72.77753, 21.81615], [72.81473, 21.82971], [72.83258, 21.84142], [72.83327, 21.84337], [72.83201, 21.84667], [72.83713, 21.85691], [72.84241, 21.85867], [72.85539, 21.85881], [72.85857, 21.8601], [72.86266, 21.86512], [72.86536, 21.86582], [72.87604, 21.86727], [72.88529, 21.86725], [72.88631, 21.86556], [72.89, 21.8666], [72.89098, 21.86578], [72.89461, 21.86769], [72.89653, 21.86691], [72.90394, 21.86813], [72.9038, 21.87074], [72.90664, 21.87], [72.90655, 21.87175], [72.90832, 21.87357], [72.91112, 21.87371], [72.91121, 21.87196], [72.91774, 21.87227], [72.91951, 21.8741], [72.92236, 21.87336], [72.92259, 21.86901], [72.91989, 21.86714], [72.92003, 21.86452], [72.92199, 21.86287], [72.92124, 21.85934], [72.92218, 21.85939], [72.92241, 21.85504], [72.92442, 21.85251], [72.92367, 21.84899], [72.9246, 21.84903], [72.92474, 21.84642], [72.92666, 21.84563], [72.92689, 21.84128], [72.9288, 21.8405], [72.92794, 21.8391], [72.93117, 21.84278], [72.93877, 21.84396], [72.94062, 21.84688], [72.94044, 21.84993], [72.94303, 21.85253], [72.93948, 21.86135], [72.9405, 21.86582], [72.94698, 21.86636], [72.95038, 21.87015], [72.95792, 21.87381], [72.96043, 21.88241], [72.96222, 21.88345], [72.96327, 21.88624], [72.96546, 21.88692], [72.96817, 21.88418], [72.97129, 21.88488], [72.97494, 21.88192], [72.97926, 21.88124], [72.98233, 21.87924], [72.98474, 21.88253], [72.98805, 21.88178], [72.99046, 21.87829], [72.99731, 21.88022], [72.99837, 21.88232], [73.0021, 21.88408], [73.00486, 21.88327], [73.00672, 21.88104], [73.00884, 21.88126], [73.01026, 21.88529], [73.01396, 21.8817], [73.01563, 21.88365], [73.02044, 21.88562], [73.02748, 21.88412], [73.03172, 21.88571], [73.0381, 21.88506], [73.04032, 21.88684], [73.03878, 21.88822], [73.03817, 21.89195], [73.04246, 21.89459], [73.04701, 21.89287], [73.05406, 21.89691], [73.05581, 21.90036], [73.06236, 21.90197], [73.05889, 21.88897], [73.05924, 21.8823], [73.07181, 21.87708], [73.0776, 21.87956], [73.08591, 21.88069], [73.0912, 21.87225], [73.10457, 21.87714], [73.11536, 21.87821], [73.12536, 21.87763], [73.12682, 21.87038], [73.13051, 21.87113], [73.13193, 21.86617], [73.13728, 21.86701], [73.14212, 21.86434], [73.1418, 21.85462], [73.14799, 21.85387], [73.14846, 21.85663], [73.15825, 21.85439], [73.15919, 21.85577], [73.1816, 21.83323], [73.18727, 21.82919], [73.2015, 21.82239], [73.21665, 21.82361], [73.22475, 21.8275], [73.23741, 21.83718], [73.2405, 21.83566], [73.24629, 21.84065], [73.24374, 21.8424], [73.24704, 21.85021], [73.24899, 21.85963], [73.24766, 21.86677], [73.23323, 21.88061], [73.22416, 21.89441], [73.22057, 21.9089], [73.22201, 21.91592], [73.22967, 21.92543], [73.24236, 21.93398], [73.25688, 21.93556]]], [[[73.09044, 21.92963], [73.09155, 21.9213], [73.08711, 21.91782], [73.0796, 21.91573], [73.0771, 21.92241], [73.07877, 21.92575], [73.08151, 21.92867], [73.09044, 21.92963]]]]}, "properties": {"district": "Bharuch", "state": "Gujarat", "operational_stp_count": 0, "capacity_mld": 0}}, {"type": "Feature", "geometry": {"type": "MultiPolygon", "coordinates": [[[[73.45513, 21.52528], [73.45842, 21.52242], [73.46535, 21.51992], [73.46834, 21.50829], [73.48802, 21.51538], [73.48926, 21.51386], [73.48488, 21.50459], [73.48608, 21.49447], [73.48953, 21.49062], [73.49361, 21.49087], [73.49445, 21.48565], [73.50191, 21.48732], [73.51073, 21.48745], [73.51566, 21.48322], [73.52392, 21.4833], [73.52788, 21.47943], [73.53656, 21.4785], [73.5481, 21.4803], [73.54996, 21.4771], [73.55505, 21.47453], [73.56472, 21.47483], [73.58043, 21.48083], [73.59495, 21.48465], [73.59909, 21.48466], [73.6009, 21.48445], [73.60352, 21.47919], [73.60592, 21.47716], [73.60693, 21.47251], [73.60952, 21.47374], [73.62866, 21.47288], [73.63524, 21.47745], [73.64265, 21.47723], [73.64475, 21.47932], [73.64948, 21.48057], [73.65574, 21.47905], [73.66689, 21.4724], [73.66605, 21.47125], [73.66777, 21.46701], [73.66249, 21.46619], [73.65394, 21.46062], [73.6564, 21.45605], [73.65286, 21.44954], [73.65305, 21.44145], [73.65496, 21.43871], [73.65217, 21.43209], [73.65153, 21.42232], [73.64183, 21.42006], [73.64082, 21.41692], [73.63623, 21.41432], [73.63065, 21.40655], [73.63087, 21.40184], [73.63383, 21.39802], [73.63326, 21.39021], [73.6239, 21.38771], [73.61761, 21.38321], [73.6148, 21.38815], [73.61137, 21.38947], [73.60401, 21.387], [73.60252, 21.38526], [73.60164, 21.39293], [73.59677, 21.39254], [73.59549, 21.39539], [73.58915, 21.3978], [73.58657, 21.40319], [73.58091, 21.40274], [73.57398, 21.40658], [73.56443, 21.40582], [73.56081, 21.41238], [73.55696, 21.41479], [73.56081, 21.42054], [73.55745, 21.42343], [73.55153, 21.41953], [73.54846, 21.42447], [73.54734, 21.41262], [73.54415, 21.4112], [73.54306, 21.40874], [73.53887, 21.40786], [73.53195, 21.41071], [73.53088, 21.40946], [73.52609, 21.40985], [73.52398, 21.40786], [73.52088, 21.41203], [73.5151, 21.41229], [73.51167, 21.40882], [73.51073, 21.4058], [73.50705, 21.40615], [73.50516, 21.42625], [73.49892, 21.42732], [73.49947, 21.43104], [73.48921, 21.43278], [73.48238, 21.42963], [73.4783, 21.43694], [73.47746, 21.44183], [73.47179, 21.44099], [73.4658, 21.44361], [73.46507, 21.44623], [73.46333, 21.44598], [73.46257, 21.44873], [73.46006, 21.44836], [73.45924, 21.45038], [73.45722, 21.45121], [73.45778, 21.45837], [73.45513, 21.46487], [73.45881, 21.466], [73.45996, 21.47123], [73.45545, 21.47471], [73.45556, 21.48518], [73.45136, 21.48691], [73.45181, 21.48991], [73.45129, 21.49342], [73.44984, 21.49454], [73.44959, 21.49945], [73.44639, 21.50034], [73.44374, 21.50307], [73.43905, 21.50316], [73.43981, 21.50833], [73.43554, 21.50951], [73.43746, 21.51839], [73.43404, 21.51632], [73.42979, 21.51799], [73.42627, 21.51741], [73.4266, 21.52462], [73.43217, 21.52353], [73.44284, 21.52453], [73.4528, 21.52795], [73.45513, 21.52528]]], [[[72.99462, 21.54243], [72.99796, 21.53985], [73.00416, 21.53042], [73.00549, 21.53057], [73.00786, 21.52401], [73.01613, 21.52555], [73.01781, 21.52169], [73.01964, 21.52232], [73.02066, 21.52125], [73.01827, 21.51358], [73.00914, 21.51355], [73.00847, 21.51129], [73.00617, 21.5097], [73.00708, 21.50752], [73.00396, 21.50663], [73.00411, 21.50367], [72.99854, 21.50416], [72.99782, 21.50264], [72.99545, 21.50253], [72.99533, 21.50475], [72.99383, 21.50319], [72.99146, 21.50308], [72.98818, 21.50516], [72.98746, 21.50364], [72.97971, 21.50031], [72.979, 21.49879], [72.97497, 21.50009], [72.9743, 21.49783], [72.97121, 21.4962], [72.97212, 21.49402], [72.9667, 21.49154], [72.96528, 21.48851], [72.96548, 21.48481], [72.95927, 21.48229], [72.95947, 21.47859], [72.95796, 21.47703], [72.9461, 21.47648], [72.94152, 21.4733], [72.93365, 21.47218], [72.93377, 21.46996], [72.9314, 21.46985], [72.93069, 21.46833], [72.92339, 21.46799], [72.92332, 21.46938], [72.9276, 21.47102], [72.93827, 21.47358], [72.95285, 21.48397], [72.95107, 21.49092], [72.94421, 21.50159], [72.94278, 21.50193], [72.94128, 21.51247], [72.95713, 21.51899], [72.98379, 21.52284], [72.98673, 21.52798], [72.9871, 21.53168], [72.98472, 21.54013], [72.99123, 21.54298], [72.99462, 21.54243]]], [[[73.06214, 21.56544], [73.06506, 21.56567], [73.06869, 21.563], [73.07371, 21.55587], [73.07672, 21.54625], [73.07249, 21.54452], [73.06984, 21.53988], [73.06204, 21.53454], [73.05639, 21.53348], [73.05104, 21.5278], [73.03966, 21.52355], [73.03687, 21.53148], [73.03698, 21.53554], [73.03992, 21.53867], [73.04844, 21.54214], [73.04686, 21.54433], [73.04808, 21.54913], [73.04694, 21.55796], [73.04799, 21.55983], [73.04688, 21.56344], [73.04916, 21.56405], [73.05506, 21.56926], [73.05883, 21.56612], [73.06214, 21.56544]]]]}, "properties": {"district": "Surat", "state": "Gujarat", "operational_stp_count": 0, "capacity_mld": 0}}, {"type": "Feature", "geometry": {"type": "MultiPolygon", "coordinates": [[[[74.17214, 22.41875], [74.17523, 22.41806], [74.17475, 22.40814], [74.17637, 22.40554], [74.17545, 22.40156], [74.17673, 22.39865], [74.17966, 22.39684], [74.17916, 22.38799], [74.16515, 22.39725], [74.16504, 22.40587], [74.15712, 22.41233], [74.15811, 22.41428], [74.16068, 22.41363], [74.16292, 22.4157], [74.17214, 22.41875]]], [[[74.33932, 22.62052], [74.34043, 22.62241], [74.34875, 22.62293], [74.36076, 22.61798], [74.36818, 22.61659], [74.37499, 22.61197], [74.38087, 22.61119], [74.38212, 22.60979], [74.39293, 22.60908], [74.39227, 22.59894], [74.39344, 22.59772], [74.40082, 22.59787], [74.40081, 22.59208], [74.40415, 22.58379], [74.4024, 22.56919], [74.40826, 22.56617], [74.41921, 22.56534], [74.41916, 22.56283], [74.42488, 22.55785], [74.42865, 22.55694], [74.43195, 22.55143], [74.43572, 22.54844], [74.43665, 22.54342], [74.43834, 22.54116], [74.45062, 22.53757], [74.45173, 22.53873], [74.45365, 22.53593], [74.46585, 22.52865], [74.47006, 22.52954], [74.47025, 22.53109], [74.47911, 22.53119], [74.48106, 22.53024], [74.48266, 22.52203], [74.48591, 22.52371], [74.49164, 22.52372], [74.49834, 22.51949], [74.51482, 22.51729], [74.51909, 22.51949], [74.52704, 22.51657], [74.53171, 22.51112], [74.54143, 22.51109], [74.54544, 22.51239], [74.54942, 22.51942], [74.55409, 22.51701], [74.55634, 22.51843], [74.55623, 22.52398], [74.55754, 22.52537], [74.56419, 22.52616], [74.56946, 22.52876], [74.5722, 22.53604], [74.57787, 22.53966], [74.57798, 22.54825], [74.57654, 22.55155], [74.57921, 22.54853], [74.57804, 22.54581], [74.59033, 22.54201], [74.59765, 22.53686], [74.60549, 22.55629], [74.60818, 22.55815], [74.61127, 22.55629], [74.62002, 22.55702], [74.62019, 22.55613], [74.62904, 22.55597], [74.63208, 22.55473], [74.63486, 22.55781], [74.63858, 22.55502], [74.64615, 22.55547], [74.6476, 22.5508], [74.65737, 22.55138], [74.65903, 22.54952], [74.66266, 22.55231], [74.66978, 22.55189], [74.67237, 22.55847], [74.67641, 22.56067], [74.68395, 22.56022], [74.6867, 22.56447], [74.68386, 22.5698], [74.68376, 22.57485], [74.68796, 22.57895], [74.68886, 22.58539], [74.69129, 22.58452], [74.69535, 22.58636], [74.70001, 22.58279], [74.70676, 22.58323], [74.71348, 22.58618], [74.71735, 22.58518], [74.7189, 22.58273], [74.72717, 22.58046], [74.72936, 22.5763], [74.72633, 22.57145], [74.74033, 22.56356], [74.7412, 22.55891], [74.72832, 22.55284], [74.72742, 22.54661], [74.7199, 22.53815], [74.7187, 22.53308], [74.71649, 22.53235], [74.71263, 22.52667], [74.71278, 22.52511], [74.71511, 22.52338], [74.71436, 22.52184], [74.71593, 22.51825], [74.72122, 22.51505], [74.71998, 22.51314], [74.72127, 22.50445], [74.72535, 22.50189], [74.72304, 22.50056], [74.72114, 22.49724], [74.71341, 22.49896], [74.70905, 22.48824], [74.70978, 22.48376], [74.70509, 22.47816], [74.70761, 22.475], [74.71237, 22.47219], [74.71179, 22.46588], [74.71284, 22.46197], [74.7173, 22.45838], [74.72188, 22.4587], [74.72623, 22.45581], [74.73639, 22.45285], [74.73916, 22.44559], [74.74651, 22.44194], [74.74767, 22.43728], [74.74533, 22.43492], [74.74248, 22.43441], [74.7348, 22.43751], [74.72381, 22.43902], [74.72094, 22.43312], [74.72108, 22.4292], [74.71449, 22.42318], [74.71227, 22.42488], [74.69924, 22.42506], [74.69665, 22.42316], [74.69384, 22.41708], [74.69002, 22.41586], [74.68848, 22.41248], [74.69115, 22.40954], [74.69126, 22.40655], [74.68868, 22.40286], [74.69379, 22.40064], [74.69689, 22.39767], [74.69505, 22.39656], [74.69447, 22.39409], [74.69165, 22.39318], [74.69198, 22.3871], [74.68989, 22.38367], [74.69214, 22.38022], [74.69405, 22.37984], [74.69114, 22.37473], [74.69236, 22.37243], [74.69189, 22.36809], [74.68693, 22.36696], [74.68339, 22.36467], [74.68163, 22.36095], [74.67838, 22.36078], [74.67719, 22.36395], [74.67483, 22.36168], [74.67312, 22.36176], [74.67196, 22.36297], [74.673, 22.36707], [74.66868, 22.36698], [74.66452, 22.36933], [74.66087, 22.3679], [74.65401, 22.36976], [74.64825, 22.36961], [74.64363, 22.36797], [74.6345, 22.36749], [74.63131, 22.36598], [74.63038, 22.35887], [74.63234, 22.35308], [74.62968, 22.35037], [74.62162, 22.34625], [74.62289, 22.32868], [74.63175, 22.31933], [74.6332, 22.3161], [74.63253, 22.31053], [74.6379, 22.30983], [74.63791, 22.30804], [74.63596, 22.30601], [74.63954, 22.30275], [74.65799, 22.30451], [74.65996, 22.30395], [74.66186, 22.29968], [74.66144, 22.28825], [74.65824, 22.28901], [74.65359, 22.28586], [74.65265, 22.28032], [74.64896, 22.2742], [74.63493, 22.26988], [74.61874, 22.27071], [74.61418, 22.26826], [74.60777, 22.27041], [74.59914, 22.26813], [74.5963, 22.2632], [74.60214, 22.25985], [74.60377, 22.2562], [74.60223, 22.25441], [74.59532, 22.25336], [74.59037, 22.25057], [74.59026, 22.24325], [74.57519, 22.24234], [74.56952, 22.24316], [74.56404, 22.24597], [74.55952, 22.24301], [74.56229, 22.22386], [74.55676, 22.21968], [74.55414, 22.21968], [74.55154, 22.22163], [74.54705, 22.23138], [74.54263, 22.23695], [74.5267, 22.23639], [74.52342, 22.23236], [74.52105, 22.2266], [74.51207, 22.22021], [74.51171, 22.21699], [74.52167, 22.20545], [74.51938, 22.20332], [74.51558, 22.2026], [74.51553, 22.19858], [74.50757, 22.18992], [74.50968, 22.18632], [74.50952, 22.18296], [74.49916, 22.18206], [74.49635, 22.17947], [74.49599, 22.17407], [74.49752, 22.16669], [74.50219, 22.15659], [74.50902, 22.14987], [74.52651, 22.1464], [74.53029, 22.12885], [74.53541, 22.1228], [74.5403, 22.12341], [74.54063, 22.11748], [74.49916, 22.11289], [74.48761, 22.11265], [74.48482, 22.11417], [74.47105, 22.11355], [74.47579, 22.10055], [74.47563, 22.09645], [74.49916, 22.10019], [74.50736, 22.09906], [74.51505, 22.10017], [74.51561, 22.08941], [74.50941, 22.08779], [74.50839, 22.08461], [74.50387, 22.08383], [74.50404, 22.07949], [74.50079, 22.07831], [74.49974, 22.07362], [74.49777, 22.07166], [74.49255, 22.07106], [74.49256, 22.06497], [74.49406, 22.06264], [74.49492, 22.05508], [74.49916, 22.05302], [74.50223, 22.04458], [74.48601, 22.04386], [74.47657, 22.04206], [74.43275, 22.03069], [74.4202, 22.02612], [74.38926, 22.02123], [74.38409, 22.01725], [74.38093, 22.00902], [74.37582, 22.00059], [74.36085, 21.99031], [74.35373, 21.98032], [74.3507, 21.97812], [74.33871, 21.97376], [74.31237, 21.97353], [74.30089, 21.96713], [74.29471, 21.95948], [74.29242, 21.94681], [74.28952, 21.93997], [74.28577, 21.93551], [74.28118, 21.93311], [74.26248, 21.93402], [74.24636, 21.93086], [74.20543, 21.92611], [74.1915, 21.92626], [74.18184, 21.92942], [74.1783, 21.93197], [74.17002, 21.94298], [74.16397, 21.94713], [74.15552, 21.9515], [74.14462, 21.9529], [74.14207, 21.95537], [74.14301, 21.9584], [74.14566, 21.95883], [74.14755, 21.96072], [74.1458, 21.96207], [74.14335, 21.96124], [74.14276, 21.96362], [74.1413, 21.96384], [74.13984, 21.96764], [74.14178, 21.9702], [74.14034, 21.97267], [74.14421, 21.9754], [74.14754, 21.97415], [74.14989, 21.97517], [74.14869, 21.97872], [74.14869, 21.98363], [74.15071, 21.98627], [74.14966, 21.98738], [74.14791, 21.98849], [74.1455, 21.98774], [74.14347, 21.98966], [74.14374, 21.99085], [74.14022, 21.99048], [74.12731, 21.99557], [74.12044, 21.9957], [74.11843, 21.99893], [74.11491, 21.9979], [74.1128, 21.99945], [74.10444, 21.99852], [74.09926, 21.99949], [74.09801, 21.99831], [74.09693, 21.99927], [74.09991, 22.0], [74.09968, 22.00142], [74.09638, 22.00989], [74.09205, 22.01369], [74.09466, 22.01873], [74.11398, 22.02427], [74.11566, 22.02548], [74.11535, 22.02978], [74.12123, 22.03219], [74.12272, 22.03554], [74.14015, 22.04032], [74.13899, 22.0434], [74.13144, 22.04622], [74.13141, 22.04783], [74.13359, 22.04893], [74.13629, 22.05293], [74.15502, 22.05781], [74.15444, 22.05894], [74.16008, 22.05882], [74.16104, 22.06024], [74.15862, 22.06971], [74.16395, 22.07344], [74.16472, 22.08285], [74.17865, 22.08548], [74.17594, 22.0897], [74.17339, 22.09161], [74.17034, 22.09181], [74.16936, 22.09694], [74.16714, 22.09735], [74.16929, 22.1006], [74.16285, 22.1018], [74.15694, 22.09962], [74.15371, 22.1004], [74.15256, 22.10601], [74.14117, 22.10058], [74.14078, 22.09941], [74.12849, 22.09465], [74.12627, 22.0984], [74.12446, 22.09791], [74.12885, 22.12104], [74.12833, 22.12449], [74.12335, 22.12761], [74.12278, 22.13568], [74.12456, 22.13608], [74.1269, 22.1431], [74.13055, 22.14443], [74.13017, 22.1547], [74.13145, 22.15897], [74.13386, 22.16054], [74.13178, 22.1631], [74.12486, 22.16413], [74.12144, 22.1674], [74.12265, 22.17206], [74.12022, 22.179], [74.1208, 22.18224], [74.11883, 22.18298], [74.11813, 22.18535], [74.12165, 22.19474], [74.11738, 22.20647], [74.1222, 22.21043], [74.12233, 22.2124], [74.11708, 22.21612], [74.11273, 22.21404], [74.11105, 22.2181], [74.10621, 22.22025], [74.09721, 22.21835], [74.09633, 22.21996], [74.09204, 22.2205], [74.07224, 22.21906], [74.06933, 22.23272], [74.07404, 22.23819], [74.07764, 22.23816], [74.08036, 22.23976], [74.0839, 22.23924], [74.08718, 22.24279], [74.08388, 22.24694], [74.07504, 22.24756], [74.07402, 22.25046], [74.07522, 22.25734], [74.07448, 22.26564], [74.06777, 22.26541], [74.06592, 22.26889], [74.06289, 22.27036], [74.05621, 22.27851], [74.05465, 22.28333], [74.05597, 22.28992], [74.05238, 22.29409], [74.05432, 22.29748], [74.05376, 22.30375], [74.05906, 22.30577], [74.05958, 22.3037], [74.06219, 22.3044], [74.06305, 22.30707], [74.06144, 22.31168], [74.06284, 22.31686], [74.0631, 22.32709], [74.06458, 22.33186], [74.07157, 22.33599], [74.07114, 22.34174], [74.0722, 22.34348], [74.07074, 22.34429], [74.06964, 22.34885], [74.06665, 22.35], [74.06483, 22.3533], [74.06768, 22.3596], [74.06996, 22.36109], [74.0767, 22.36187], [74.08261, 22.36171], [74.088, 22.3598], [74.09207, 22.36085], [74.09567, 22.37111], [74.10507, 22.37181], [74.11209, 22.36688], [74.11367, 22.35715], [74.11776, 22.35616], [74.12123, 22.35767], [74.12512, 22.3561], [74.12739, 22.3415], [74.12531, 22.33742], [74.12786, 22.33274], [74.13411, 22.3326], [74.13815, 22.33091], [74.14214, 22.32712], [74.14448, 22.32819], [74.1506, 22.32684], [74.15408, 22.3296], [74.1562, 22.32726], [74.16458, 22.3243], [74.17497, 22.3236], [74.18638, 22.31995], [74.19033, 22.32026], [74.19192, 22.32378], [74.19129, 22.32696], [74.19283, 22.3324], [74.19147, 22.34138], [74.1922, 22.34633], [74.19342, 22.34891], [74.1943, 22.3484], [74.19561, 22.34741], [74.19614, 22.34319], [74.19793, 22.34265], [74.20277, 22.34852], [74.20245, 22.35121], [74.20404, 22.35483], [74.20315, 22.36429], [74.20404, 22.36671], [74.20783, 22.36466], [74.21057, 22.36068], [74.22388, 22.35637], [74.22451, 22.36051], [74.22214, 22.36463], [74.22495, 22.36875], [74.22236, 22.37505], [74.22282, 22.37744], [74.22411, 22.37789], [74.22371, 22.37994], [74.22865, 22.37797], [74.23126, 22.37864], [74.24329, 22.37605], [74.24276, 22.38242], [74.25103, 22.38262], [74.25429, 22.38583], [74.25463, 22.39241], [74.25643, 22.39525], [74.25521, 22.39643], [74.25674, 22.39965], [74.2707, 22.39269], [74.27483, 22.39209], [74.27941, 22.3948], [74.28906, 22.39229], [74.29118, 22.39401], [74.26746, 22.40555], [74.27059, 22.41315], [74.26261, 22.41816], [74.26248, 22.4236], [74.2532, 22.43096], [74.25279, 22.43295], [74.23628, 22.4352], [74.2274, 22.43892], [74.22623, 22.43762], [74.22159, 22.43776], [74.21524, 22.4413], [74.21338, 22.43151], [74.20162, 22.43451], [74.20078, 22.43543], [74.20422, 22.45142], [74.20246, 22.45638], [74.2039, 22.46248], [74.20323, 22.46704], [74.19898, 22.47297], [74.1934, 22.47548], [74.1879, 22.47551], [74.18706, 22.4721], [74.18227, 22.46775], [74.17993, 22.46222], [74.18058, 22.45464], [74.18534, 22.45096], [74.18413, 22.44154], [74.1695, 22.43926], [74.16975, 22.43183], [74.16528, 22.43021], [74.16045, 22.43121], [74.15553, 22.43633], [74.15254, 22.44306], [74.15526, 22.4541], [74.15115, 22.45611], [74.14921, 22.45566], [74.14276, 22.44687], [74.13585, 22.44717], [74.13395, 22.44592], [74.13056, 22.43958], [74.1311, 22.43777], [74.12903, 22.43606], [74.13016, 22.43504], [74.1282, 22.43522], [74.12796, 22.42691], [74.12629, 22.42667], [74.12773, 22.42643], [74.12775, 22.42204], [74.12474, 22.41733], [74.12371, 22.41848], [74.11911, 22.41876], [74.11667, 22.42445], [74.1093, 22.42638], [74.10684, 22.42971], [74.10491, 22.42951], [74.10445, 22.43627], [74.10341, 22.43727], [74.10132, 22.43527], [74.09975, 22.43804], [74.09776, 22.44592], [74.09841, 22.44872], [74.09697, 22.45027], [74.1004, 22.45146], [74.10156, 22.45555], [74.1034, 22.45574], [74.10415, 22.46453], [74.09544, 22.46818], [74.09064, 22.46634], [74.08566, 22.46991], [74.07533, 22.4643], [74.07492, 22.46828], [74.076, 22.46941], [74.07353, 22.47765], [74.07646, 22.48358], [74.07885, 22.48527], [74.08217, 22.48444], [74.08601, 22.47681], [74.08754, 22.48222], [74.0852, 22.48799], [74.08619, 22.49158], [74.08253, 22.49571], [74.08252, 22.50678], [74.07742, 22.50606], [74.07196, 22.50821], [74.05298, 22.50893], [74.05271, 22.50411], [74.05063, 22.50239], [74.05017, 22.50011], [74.04642, 22.49921], [74.0438, 22.49658], [74.0408, 22.48655], [74.0367, 22.48694], [74.03253, 22.49133], [74.02938, 22.50795], [74.03851, 22.51584], [74.03902, 22.52151], [74.03678, 22.52581], [74.03789, 22.53451], [74.04149, 22.54225], [74.05656, 22.55007], [74.07464, 22.5514], [74.08011, 22.54837], [74.08083, 22.54531], [74.09489, 22.5395], [74.10248, 22.53103], [74.12258, 22.52165], [74.12925, 22.51685], [74.13228, 22.51683], [74.13361, 22.51834], [74.14064, 22.51765], [74.14732, 22.51369], [74.15242, 22.52006], [74.15254, 22.52447], [74.16253, 22.52447], [74.1659, 22.52568], [74.16578, 22.52202], [74.16821, 22.5195], [74.17849, 22.51608], [74.18035, 22.51203], [74.19952, 22.50715], [74.20083, 22.50953], [74.21074, 22.50647], [74.21277, 22.50348], [74.22, 22.50457], [74.22606, 22.50235], [74.23061, 22.50444], [74.2369, 22.49928], [74.24078, 22.51375], [74.24601, 22.51027], [74.25298, 22.51074], [74.25411, 22.51657], [74.26301, 22.51495], [74.26749, 22.52285], [74.27529, 22.52648], [74.27556, 22.53323], [74.27211, 22.53407], [74.27123, 22.54448], [74.27984, 22.54946], [74.27736, 22.55298], [74.2787, 22.56328], [74.28047, 22.56487], [74.28231, 22.57342], [74.28109, 22.5782], [74.2849, 22.57942], [74.28182, 22.5854], [74.28261, 22.58649], [74.28728, 22.59072], [74.29088, 22.59027], [74.29493, 22.59351], [74.30297, 22.59284], [74.30303, 22.59834], [74.30883, 22.59762], [74.30979, 22.60228], [74.30789, 22.6041], [74.30795, 22.61471], [74.31348, 22.61722], [74.31815, 22.61708], [74.32, 22.61956], [74.323, 22.61788], [74.33002, 22.62029], [74.33305, 22.62351], [74.33932, 22.62052]]]]}, "properties": {"district": "Alirajpur", "state": "Madhya Pradesh", "operational_stp_count": 0, "capacity_mld": 0}}, {"type": "Feature", "geometry": {"type": "MultiPolygon", "coordinates": [[[[74.19791, 22.34437], [74.19936, 22.34455], [74.19793, 22.34265], [74.19614, 22.34319], [74.19637, 22.34513], [74.19791, 22.34437]]], [[[74.101, 22.53505], [74.1073, 22.53941], [74.11184, 22.53967], [74.11632, 22.53571], [74.12159, 22.5282], [74.1271, 22.52687], [74.12684, 22.52447], [74.13054, 22.52393], [74.13309, 22.52025], [74.15067, 22.52127], [74.15135, 22.52464], [74.15254, 22.52447], [74.15242, 22.52006], [74.14732, 22.51369], [74.14064, 22.51765], [74.13361, 22.51834], [74.13228, 22.51683], [74.12925, 22.51685], [74.12258, 22.52165], [74.10248, 22.53103], [74.09489, 22.5395], [74.09931, 22.53828], [74.101, 22.53505]]]]}, "properties": {"district": "Alirajpur & Dahod", "state": "Disputed (Madhya Pradesh & Gujarat)", "operational_stp_count": 0, "capacity_mld": 0}}, {"type": "Feature", "geometry": {"type": "Polygon", "coordinates": [[[81.04842, 22.24385], [81.03791, 22.23389], [81.02705, 22.22892], [81.02364, 22.22928], [81.01939, 22.22099], [81.01952, 22.21734], [81.02176, 22.21212], [81.03037, 22.20317], [81.03164, 22.19965], [81.02901, 22.1925], [81.03066, 22.1874], [81.02553, 22.1874], [81.02243, 22.18947], [81.01666, 22.18553], [81.01716, 22.17961], [81.02675, 22.16639], [81.02631, 22.16284], [81.02221, 22.15773], [81.02378, 22.14867], [81.02153, 22.13652], [81.02191, 22.13273], [81.01368, 22.13367], [80.99906, 22.13132], [80.99734, 22.13292], [80.99487, 22.13302], [80.98895, 22.12825], [80.9826, 22.1257], [80.97814, 22.12011], [80.98096, 22.11021], [80.98434, 22.11456], [80.99048, 22.11355], [81.00316, 22.10106], [81.00666, 22.09995], [81.01133, 22.09557], [81.00612, 22.09219], [81.00145, 22.0835], [81.00458, 22.07536], [81.0067, 22.075], [81.00911, 22.0709], [81.00317, 22.05849], [80.99831, 22.0576], [80.99488, 22.05861], [80.99483, 22.04943], [80.98967, 22.05138], [80.98426, 22.04862], [80.98239, 22.04952], [80.97973, 22.05522], [80.97004, 22.05741], [80.96902, 22.06475], [80.97188, 22.08235], [80.96761, 22.08925], [80.96655, 22.09353], [80.96101, 22.10003], [80.96076, 22.10357], [80.95698, 22.11042], [80.94758, 22.11827], [80.92195, 22.11995], [80.91469, 22.11319], [80.90793, 22.10957], [80.89681, 22.06434], [80.89295, 22.06308], [80.88901, 22.0571], [80.88611, 22.05915], [80.88269, 22.05903], [80.88199, 22.05297], [80.8858, 22.04962], [80.87579, 22.03853], [80.87695, 22.03391], [80.87578, 22.01104], [80.86574, 21.99426], [80.85914, 21.97078], [80.85267, 21.95731], [80.84747, 21.95572], [80.84088, 21.95558], [80.83849, 21.95797], [80.83606, 21.95453], [80.82881, 21.95871], [80.82549, 21.95842], [80.8275, 21.95617], [80.82602, 21.95284], [80.82817, 21.9543], [80.82913, 21.95355], [80.82747, 21.95127], [80.82898, 21.94838], [80.83318, 21.95011], [80.83129, 21.94729], [80.83404, 21.94575], [80.83686, 21.94968], [80.83753, 21.94698], [80.84255, 21.94649], [80.84333, 21.9452], [80.84193, 21.94509], [80.84204, 21.94415], [80.84594, 21.9425], [80.84552, 21.94162], [80.84213, 21.94231], [80.84139, 21.94117], [80.84584, 21.93965], [80.84581, 21.93397], [80.84765, 21.93288], [80.84775, 21.93087], [80.8457, 21.93068], [80.8461, 21.92624], [80.83937, 21.92324], [80.83981, 21.91945], [80.83787, 21.91782], [80.83815, 21.91572], [80.83623, 21.91461], [80.83603, 21.91171], [80.83442, 21.91027], [80.83511, 21.90851], [80.83223, 21.90825], [80.83334, 21.90667], [80.83556, 21.90782], [80.83613, 21.90683], [80.83339, 21.90213], [80.83433, 21.90061], [80.83315, 21.89875], [80.83477, 21.89574], [80.83313, 21.8946], [80.832, 21.89068], [80.83394, 21.89105], [80.83277, 21.88911], [80.83371, 21.88914], [80.83499, 21.88559], [80.83997, 21.88428], [80.84132, 21.88215], [80.84336, 21.88226], [80.84279, 21.88064], [80.84429, 21.88012], [80.84504, 21.87767], [80.84295, 21.87607], [80.84621, 21.87387], [80.84991, 21.87625], [80.84956, 21.87344], [80.85324, 21.87302], [80.85272, 21.87048], [80.84909, 21.87113], [80.84573, 21.86973], [80.84276, 21.86533], [80.84539, 21.86475], [80.84524, 21.86233], [80.84741, 21.86354], [80.8487, 21.8619], [80.8465, 21.85997], [80.84929, 21.85917], [80.85087, 21.85687], [80.85024, 21.85588], [80.8515, 21.85588], [80.85137, 21.85447], [80.85256, 21.85486], [80.85094, 21.8521], [80.84654, 21.85281], [80.84186, 21.85058], [80.84099, 21.8483], [80.83937, 21.84784], [80.84127, 21.83978], [80.83891, 21.84002], [80.8407, 21.83867], [80.83868, 21.83836], [80.83837, 21.8367], [80.83985, 21.83731], [80.84247, 21.83553], [80.84518, 21.82882], [80.84261, 21.82411], [80.84285, 21.82156], [80.84039, 21.81823], [80.84143, 21.8154], [80.83906, 21.81327], [80.84036, 21.8124], [80.83751, 21.80945], [80.83956, 21.80721], [80.83809, 21.80531], [80.8395, 21.80323], [80.83862, 21.80231], [80.84018, 21.80215], [80.83567, 21.79717], [80.83663, 21.7961], [80.83389, 21.79604], [80.83205, 21.7942], [80.83103, 21.79126], [80.83181, 21.78946], [80.82984, 21.78916], [80.83022, 21.78678], [80.82618, 21.78298], [80.8262, 21.78159], [80.82954, 21.77994], [80.82709, 21.77863], [80.82867, 21.77741], [80.82821, 21.77621], [80.82686, 21.77681], [80.82358, 21.77499], [80.82274, 21.77289], [80.82406, 21.77218], [80.82263, 21.7714], [80.82458, 21.77045], [80.82133, 21.768], [80.82278, 21.76795], [80.822, 21.76602], [80.81864, 21.7656], [80.81896, 21.76419], [80.81712, 21.76213], [80.81563, 21.75573], [80.81661, 21.75399], [80.8172, 21.7549], [80.81828, 21.75361], [80.82017, 21.75402], [80.81974, 21.74802], [80.80926, 21.74843], [80.80451, 21.74662], [80.80326, 21.74447], [80.79591, 21.74249], [80.79705, 21.74366], [80.80298, 21.74447], [80.80305, 21.75209], [80.8012, 21.75782], [80.80292, 21.75941], [80.80283, 21.76159], [80.8089, 21.76537], [80.80705, 21.77113], [80.80711, 21.77693], [80.80339, 21.77708], [80.80183, 21.77539], [80.79735, 21.77623], [80.79291, 21.78783], [80.78625, 21.79354], [80.78705, 21.797], [80.79121, 21.80086], [80.7869, 21.81109], [80.78195, 21.81616], [80.78217, 21.82183], [80.77893, 21.82392], [80.78371, 21.83013], [80.78388, 21.83443], [80.77955, 21.8378], [80.77764, 21.84184], [80.77286, 21.84199], [80.76756, 21.84941], [80.76384, 21.84947], [80.76176, 21.85139], [80.76584, 21.85771], [80.76883, 21.85866], [80.77186, 21.8617], [80.76897, 21.86307], [80.76875, 21.87533], [80.76544, 21.87638], [80.76621, 21.8845], [80.77038, 21.89168], [80.76858, 21.89459], [80.76956, 21.8987], [80.77518, 21.89942], [80.78027, 21.89652], [80.78621, 21.9095], [80.79121, 21.91271], [80.78782, 21.92047], [80.78794, 21.92356], [80.7839, 21.9278], [80.78163, 21.92426], [80.77796, 21.92767], [80.77537, 21.93699], [80.77828, 21.93791], [80.78453, 21.94627], [80.78075, 21.9499], [80.78705, 21.95681], [80.78196, 21.95956], [80.77545, 21.9603], [80.76964, 21.96736], [80.76299, 21.96518], [80.76195, 21.96714], [80.7622, 21.97321], [80.7583, 21.97505], [80.75625, 21.98033], [80.75377, 21.9815], [80.75375, 21.98376], [80.74876, 21.9836], [80.74288, 21.98613], [80.74019, 21.99544], [80.73418, 22.00054], [80.73198, 22.00372], [80.73211, 22.00696], [80.72958, 22.00696], [80.72961, 22.00929], [80.7253, 22.01032], [80.72262, 22.01281], [80.7192, 22.01115], [80.71167, 22.01035], [80.70611, 22.00635], [80.7025, 22.01089], [80.6964, 22.01389], [80.69451, 22.01865], [80.68552, 22.01686], [80.66583, 22.01618], [80.66074, 22.00818], [80.65583, 22.00701], [80.65369, 22.00369], [80.65051, 22.00613], [80.64042, 22.00524], [80.63827, 22.00857], [80.63417, 22.00618], [80.63337, 22.00115], [80.62833, 22.00035], [80.62847, 21.99698], [80.62469, 21.9952], [80.62208, 21.9914], [80.62057, 21.9871], [80.62292, 21.98128], [80.62148, 21.97524], [80.61618, 21.96873], [80.61815, 21.96502], [80.61846, 21.95724], [80.6166, 21.94704], [80.61837, 21.94201], [80.61842, 21.93563], [80.61337, 21.92948], [80.61042, 21.92809], [80.60829, 21.92262], [80.60505, 21.91962], [80.60333, 21.91618], [80.60253, 21.90615], [80.59127, 21.90496], [80.58333, 21.90285], [80.58249, 21.90105], [80.57886, 21.9017], [80.57415, 21.91028], [80.57148, 21.91031], [80.57041, 21.91366], [80.56866, 21.91449], [80.56694, 21.91993], [80.56002, 21.92524], [80.5509, 21.9222], [80.54705, 21.9253], [80.54549, 21.92859], [80.54381, 21.92897], [80.53822, 21.92555], [80.53629, 21.93488], [80.53141, 21.94198], [80.52961, 21.95703], [80.52518, 21.95721], [80.52375, 21.96033], [80.52205, 21.96113], [80.522, 21.96472], [80.52705, 21.97098], [80.52416, 21.97936], [80.52821, 21.98656], [80.52621, 21.98946], [80.5254, 22.00213], [80.51981, 22.00723], [80.51834, 22.01035], [80.51127, 22.0101], [80.50723, 22.01446], [80.50131, 22.01448], [80.49877, 22.00742], [80.49374, 22.0098], [80.49038, 22.01363], [80.48657, 22.02413], [80.47403, 22.02961], [80.46286, 22.04487], [80.4624, 22.04855], [80.45796, 22.05161], [80.45364, 22.06151], [80.44792, 22.0668], [80.44875, 22.06948], [80.4464, 22.07886], [80.44541, 22.082], [80.44153, 22.08485], [80.44393, 22.08707], [80.43951, 22.09116], [80.43972, 22.09643], [80.43704, 22.09812], [80.43381, 22.09587], [80.42519, 22.09713], [80.42266, 22.09576], [80.41802, 22.09804], [80.41281, 22.09618], [80.41041, 22.09783], [80.40219, 22.09939], [80.40091, 22.10058], [80.40268, 22.10394], [80.4004, 22.10605], [80.39931, 22.11064], [80.39584, 22.11409], [80.3827, 22.11977], [80.37613, 22.12787], [80.37381, 22.13279], [80.3695, 22.13282], [80.35723, 22.13623], [80.35361, 22.13785], [80.35056, 22.14113], [80.34801, 22.13906], [80.34373, 22.142], [80.33791, 22.14008], [80.33366, 22.14376], [80.32791, 22.14367], [80.31779, 22.15879], [80.3129, 22.15861], [80.31122, 22.16006], [80.30921, 22.15781], [80.3032, 22.15519], [80.29324, 22.15781], [80.29171, 22.15447], [80.28541, 22.15367], [80.28547, 22.15844], [80.28377, 22.16259], [80.27538, 22.16446], [80.27006, 22.16994], [80.26061, 22.1686], [80.25853, 22.17713], [80.25994, 22.1825], [80.25445, 22.18967], [80.25147, 22.19265], [80.24372, 22.19273], [80.23471, 22.20061], [80.23221, 22.20778], [80.23288, 22.21283], [80.23705, 22.21848], [80.23412, 22.22265], [80.23125, 22.22401], [80.233, 22.22872], [80.24558, 22.22801], [80.24741, 22.2311], [80.25375, 22.23196], [80.25606, 22.23446], [80.26023, 22.23566], [80.26106, 22.2439], [80.25667, 22.24887], [80.25822, 22.25074], [80.26367, 22.25247], [80.26416, 22.25557], [80.26208, 22.26015], [80.26614, 22.26365], [80.27157, 22.26469], [80.27708, 22.26946], [80.28121, 22.27866], [80.28454, 22.28023], [80.28955, 22.28783], [80.29571, 22.29042], [80.302, 22.29578], [80.30249, 22.30023], [80.2955, 22.30138], [80.29144, 22.31101], [80.28976, 22.31231], [80.28454, 22.31199], [80.28362, 22.31587], [80.2774, 22.31795], [80.28005, 22.32344], [80.28826, 22.32412], [80.30086, 22.33738], [80.32109, 22.34643], [80.32408, 22.34571], [80.32773, 22.34185], [80.33521, 22.33917], [80.33317, 22.33662], [80.33384, 22.33412], [80.34409, 22.32985], [80.34628, 22.3271], [80.34278, 22.32399], [80.34089, 22.31857], [80.34124, 22.31592], [80.33665, 22.31168], [80.33407, 22.30557], [80.33606, 22.29894], [80.35807, 22.30073], [80.36265, 22.29956], [80.3711, 22.30097], [80.38492, 22.30925], [80.38729, 22.30638], [80.39975, 22.30446], [80.40011, 22.30055], [80.40341, 22.29312], [80.42111, 22.2782], [80.41977, 22.27575], [80.42145, 22.27256], [80.42112, 22.26975], [80.41765, 22.25804], [80.41552, 22.24418], [80.42227, 22.2444], [80.42598, 22.24641], [80.44682, 22.24609], [80.44856, 22.24788], [80.45107, 22.26332], [80.46499, 22.26437], [80.46049, 22.27709], [80.46229, 22.28082], [80.46694, 22.27908], [80.48318, 22.27801], [80.48517, 22.27167], [80.48745, 22.27007], [80.49448, 22.27156], [80.50231, 22.27134], [80.50785, 22.27567], [80.51564, 22.26231], [80.51741, 22.26227], [80.51818, 22.26451], [80.51919, 22.26248], [80.52092, 22.26229], [80.52392, 22.26478], [80.52628, 22.26463], [80.52514, 22.2494], [80.53221, 22.24057], [80.57992, 22.22651], [80.5957, 22.23058], [80.59825, 22.23228], [80.60785, 22.22789], [80.63733, 22.2262], [80.64589, 22.22747], [80.65914, 22.2195], [80.66171, 22.22174], [80.66419, 22.22207], [80.68161, 22.213], [80.69115, 22.2126], [80.69983, 22.20358], [80.70656, 22.20223], [80.71317, 22.20558], [80.72089, 22.21632], [80.72803, 22.21733], [80.72856, 22.22027], [80.72425, 22.23491], [80.71777, 22.23535], [80.70347, 22.25462], [80.70529, 22.25701], [80.70395, 22.27049], [80.70857, 22.27503], [80.71113, 22.27166], [80.71661, 22.27235], [80.7188, 22.27144], [80.72318, 22.27745], [80.74481, 22.28449], [80.74341, 22.28711], [80.74542, 22.29057], [80.74686, 22.29055], [80.74623, 22.29259], [80.74909, 22.29741], [80.75036, 22.2969], [80.75252, 22.30122], [80.7548, 22.30122], [80.75737, 22.30576], [80.75959, 22.30648], [80.76176, 22.30921], [80.7659, 22.30891], [80.76577, 22.31207], [80.76978, 22.31416], [80.77209, 22.31255], [80.7737, 22.31725], [80.77653, 22.31512], [80.77887, 22.31742], [80.7825, 22.31691], [80.78495, 22.31362], [80.78791, 22.31372], [80.79207, 22.32106], [80.79043, 22.32319], [80.79072, 22.32546], [80.79465, 22.32753], [80.79505, 22.32887], [80.79211, 22.34151], [80.79413, 22.35505], [80.80223, 22.36639], [80.79403, 22.37578], [80.79503, 22.37919], [80.8009, 22.38491], [80.80148, 22.3872], [80.79536, 22.40005], [80.79823, 22.40146], [80.80655, 22.39919], [80.81107, 22.40197], [80.81091, 22.3996], [80.81293, 22.39912], [80.81127, 22.39698], [80.81129, 22.39462], [80.81477, 22.3901], [80.81772, 22.38973], [80.82005, 22.39107], [80.82062, 22.38987], [80.82308, 22.38996], [80.82406, 22.38837], [80.83417, 22.38367], [80.84433, 22.38223], [80.84536, 22.38295], [80.8422, 22.38779], [80.84458, 22.38906], [80.84943, 22.38561], [80.85233, 22.38563], [80.85682, 22.3811], [80.86571, 22.3789], [80.86537, 22.36478], [80.87204, 22.35963], [80.87893, 22.35896], [80.89373, 22.35043], [80.89007, 22.35166], [80.89171, 22.34899], [80.88284, 22.34733], [80.88056, 22.3383], [80.88147, 22.33374], [80.89902, 22.33374], [80.90227, 22.34089], [80.9042, 22.34249], [80.90888, 22.34286], [80.92436, 22.33715], [80.9315, 22.33117], [80.93228, 22.33009], [80.93119, 22.32782], [80.92866, 22.32671], [80.92006, 22.32939], [80.91687, 22.32923], [80.91405, 22.32008], [80.90965, 22.3177], [80.90991, 22.31424], [80.91313, 22.30946], [80.91021, 22.30801], [80.90991, 22.30605], [80.9046, 22.30069], [80.90375, 22.29765], [80.9057, 22.29325], [80.91302, 22.29014], [80.91355, 22.28053], [80.91497, 22.27904], [80.91912, 22.27948], [80.92177, 22.27856], [80.92217, 22.27691], [80.93665, 22.27786], [80.93711, 22.28663], [80.93807, 22.28757], [80.94529, 22.28635], [80.95424, 22.27723], [80.95825, 22.27516], [80.96062, 22.28041], [80.96281, 22.281], [80.96543, 22.28106], [80.97447, 22.27636], [80.98087, 22.27799], [80.98266, 22.28282], [80.98755, 22.28655], [80.99837, 22.28434], [81.00398, 22.2859], [81.01113, 22.28555], [81.01891, 22.27744], [81.02398, 22.27482], [81.02734, 22.27457], [81.03088, 22.27212], [81.0324, 22.26507], [81.03617, 22.2611], [81.0423, 22.25778], [81.04495, 22.25436], [81.04842, 22.24385]]]}, "properties": {"district": "Balaghat", "state": "Madhya Pradesh", "operational_stp_count": 0, "capacity_mld": 0}}, {"type": "Feature", "geometry": {"type": "Polygon", "coordinates": [[[75.46282, 21.52339], [75.46083, 21.52031], [75.45691, 21.51937], [75.43303, 21.51837], [75.42127, 21.52391], [75.4192, 21.52281], [75.40601, 21.52262], [75.39917, 21.52448], [75.39723, 21.52674], [75.40426, 21.53365], [75.4017, 21.53868], [75.40003, 21.54035], [75.38885, 21.54072], [75.38395, 21.54698], [75.36998, 21.54059], [75.36078, 21.54628], [75.33502, 21.54701], [75.32417, 21.54708], [75.32087, 21.54365], [75.31447, 21.54204], [75.31325, 21.54845], [75.30574, 21.55123], [75.30598, 21.5574], [75.30301, 21.5588], [75.29348, 21.55842], [75.29166, 21.56125], [75.28585, 21.56202], [75.27651, 21.55952], [75.27252, 21.56163], [75.27002, 21.56031], [75.26156, 21.56104], [75.26077, 21.56967], [75.25546, 21.56856], [75.24462, 21.56899], [75.23813, 21.57159], [75.22535, 21.57026], [75.2242, 21.56781], [75.2204, 21.56503], [75.21293, 21.56325], [75.20908, 21.56669], [75.21027, 21.56906], [75.20998, 21.57386], [75.1882, 21.57057], [75.18254, 21.57452], [75.17916, 21.57531], [75.17302, 21.58114], [75.16834, 21.57946], [75.16484, 21.58204], [75.16498, 21.58717], [75.15833, 21.5878], [75.15333, 21.59207], [75.14627, 21.58962], [75.14296, 21.59141], [75.13682, 21.59105], [75.13334, 21.58862], [75.1321, 21.59001], [75.13008, 21.58775], [75.12714, 21.5898], [75.12094, 21.58943], [75.10897, 21.58504], [75.1025, 21.58619], [75.09583, 21.58452], [75.08704, 21.57945], [75.07653, 21.57785], [75.07367, 21.58031], [75.06359, 21.57815], [75.06117, 21.57575], [75.05587, 21.57952], [75.04543, 21.58128], [75.04337, 21.58452], [75.04083, 21.58531], [75.04004, 21.58952], [75.03627, 21.59226], [75.03258, 21.59026], [75.02473, 21.59474], [75.01236, 21.59119], [75.00645, 21.59579], [75.00317, 21.5935], [75.00171, 21.59031], [74.99587, 21.5872], [74.97923, 21.59524], [74.97089, 21.59627], [74.96558, 21.59868], [74.93534, 21.60598], [74.92251, 21.61005], [74.92241, 21.6117], [74.91981, 21.61289], [74.91264, 21.61357], [74.91023, 21.61607], [74.91473, 21.62099], [74.90942, 21.62369], [74.91241, 21.62562], [74.91416, 21.63141], [74.91074, 21.63564], [74.90921, 21.64702], [74.90485, 21.65056], [74.90179, 21.65827], [74.89764, 21.66017], [74.88916, 21.65864], [74.88587, 21.66202], [74.87771, 21.66289], [74.87606, 21.66668], [74.87957, 21.66833], [74.88315, 21.67693], [74.87422, 21.68278], [74.87581, 21.68716], [74.86972, 21.69215], [74.87082, 21.69711], [74.86644, 21.69913], [74.86676, 21.70449], [74.87339, 21.70576], [74.87628, 21.70888], [74.87982, 21.70972], [74.87763, 21.71692], [74.88225, 21.72145], [74.88676, 21.72143], [74.8857, 21.72566], [74.88818, 21.72829], [74.88484, 21.73128], [74.88004, 21.73099], [74.8779, 21.73338], [74.8713, 21.72478], [74.86862, 21.72697], [74.8649, 21.72438], [74.86226, 21.72454], [74.85366, 21.73454], [74.85059, 21.73436], [74.84575, 21.732], [74.84421, 21.72864], [74.84166, 21.72785], [74.83802, 21.72369], [74.83442, 21.72771], [74.81792, 21.73159], [74.82276, 21.73471], [74.82416, 21.74055], [74.81814, 21.74042], [74.81223, 21.74887], [74.80678, 21.74855], [74.80571, 21.7566], [74.80911, 21.76489], [74.80583, 21.76697], [74.80296, 21.77189], [74.79999, 21.77281], [74.79078, 21.78957], [74.78557, 21.78954], [74.77702, 21.79386], [74.76536, 21.79407], [74.76421, 21.79535], [74.75499, 21.79697], [74.75117, 21.79964], [74.73971, 21.79346], [74.72568, 21.79279], [74.71993, 21.78635], [74.71986, 21.78265], [74.71647, 21.7811], [74.69327, 21.78187], [74.68654, 21.776], [74.68271, 21.77424], [74.68171, 21.77535], [74.67085, 21.77703], [74.65773, 21.77539], [74.65332, 21.77848], [74.65461, 21.78106], [74.6519, 21.78862], [74.64375, 21.78688], [74.6418, 21.79113], [74.63416, 21.79447], [74.63337, 21.79869], [74.62684, 21.79991], [74.62339, 21.80377], [74.61233, 21.79869], [74.60874, 21.80609], [74.58963, 21.81297], [74.58667, 21.82131], [74.58337, 21.82535], [74.57784, 21.82864], [74.56966, 21.82321], [74.56437, 21.83003], [74.5621, 21.83864], [74.55584, 21.83697], [74.54058, 21.84135], [74.53328, 21.84036], [74.5335, 21.84408], [74.53083, 21.84531], [74.53004, 21.84952], [74.52498, 21.85771], [74.52325, 21.86295], [74.51386, 21.86375], [74.51364, 21.88997], [74.5228, 21.89909], [74.52236, 21.90244], [74.52435, 21.9065], [74.5239, 21.91155], [74.51681, 21.91582], [74.51266, 21.9156], [74.50923, 21.92064], [74.51119, 21.9239], [74.51256, 21.93189], [74.50839, 21.93734], [74.5, 21.9393], [74.49712, 21.94174], [74.49522, 21.94681], [74.49316, 21.94661], [74.48908, 21.94341], [74.48467, 21.94581], [74.48449, 21.94741], [74.49047, 21.95123], [74.48873, 21.95617], [74.48203, 21.95475], [74.48113, 21.9554], [74.48243, 21.95795], [74.48159, 21.95917], [74.47384, 21.96104], [74.4691, 21.95964], [74.46872, 21.96108], [74.47137, 21.96364], [74.46972, 21.9671], [74.4676, 21.96558], [74.46385, 21.96607], [74.46109, 21.96145], [74.45338, 21.96194], [74.44995, 21.96385], [74.44725, 21.96855], [74.44451, 21.97039], [74.44469, 21.97548], [74.43939, 21.97672], [74.43883, 21.98717], [74.44146, 21.99004], [74.43882, 21.99089], [74.43978, 21.99472], [74.43815, 21.99734], [74.43309, 21.99764], [74.43233, 21.9994], [74.43798, 22.00007], [74.44234, 22.00318], [74.44536, 22.0005], [74.44741, 22.00063], [74.45218, 22.00465], [74.45142, 22.0059], [74.44916, 22.00596], [74.44801, 22.00919], [74.44363, 22.01117], [74.44387, 22.01663], [74.43874, 22.02084], [74.43963, 22.02209], [74.44327, 22.02202], [74.4435, 22.02323], [74.43925, 22.02467], [74.43164, 22.03027], [74.48203, 22.04318], [74.51094, 22.04584], [74.5258, 22.05181], [74.53118, 22.05226], [74.53613, 22.05125], [74.54081, 22.04816], [74.55289, 22.02946], [74.56221, 22.02339], [74.56679, 22.02232], [74.59183, 22.02334], [74.61955, 22.02907], [74.63758, 22.03699], [74.66538, 22.03411], [74.67891, 22.03573], [74.68444, 22.03807], [74.68944, 22.0453], [74.69447, 22.04854], [74.73347, 22.05989], [74.7528, 22.06957], [74.78009, 22.07892], [74.79129, 22.07724], [74.81988, 22.0656], [74.83421, 22.06215], [74.84768, 22.06442], [74.88746, 22.07909], [74.91471, 22.08374], [74.94273, 22.083], [74.97116, 22.08416], [75.01956, 22.08912], [75.03423, 22.08947], [75.06053, 22.09466], [75.08983, 22.09568], [75.10075, 22.09486], [75.11483, 22.0962], [75.13188, 22.10093], [75.14762, 22.1034], [75.18821, 22.10475], [75.19792, 22.1074], [75.20978, 22.11492], [75.21842, 22.11867], [75.23666, 22.12371], [75.25124, 22.1255], [75.28669, 22.1246], [75.30117, 22.12844], [75.31579, 22.1343], [75.32166, 22.12287], [75.32802, 22.1215], [75.33196, 22.12315], [75.3405, 22.12146], [75.34347, 22.11992], [75.34586, 22.11289], [75.35195, 22.1139], [75.35486, 22.11276], [75.35781, 22.10253], [75.3575, 22.09833], [75.36805, 22.10176], [75.38102, 22.1021], [75.38443, 22.09424], [75.3892, 22.0897], [75.39639, 22.08876], [75.39314, 22.08406], [75.39338, 22.0809], [75.39897, 22.07895], [75.40541, 22.07249], [75.41421, 22.07297], [75.42982, 22.07643], [75.43344, 22.07834], [75.43724, 22.07064], [75.45149, 22.07267], [75.45594, 22.06359], [75.45668, 22.0593], [75.4506, 22.05845], [75.4457, 22.05618], [75.43328, 22.05997], [75.42591, 22.05896], [75.41437, 22.05974], [75.41328, 22.05835], [75.41296, 22.03209], [75.41615, 22.02756], [75.41392, 22.02284], [75.42625, 22.02374], [75.43734, 22.02635], [75.44346, 22.02593], [75.43717, 22.01933], [75.43043, 22.01575], [75.42589, 22.01034], [75.41863, 22.00667], [75.41604, 22.00387], [75.40943, 22.00397], [75.405, 22.00232], [75.3995, 21.99539], [75.39834, 21.98472], [75.35843, 21.98513], [75.35031, 21.98207], [75.35155, 21.97819], [75.35091, 21.973], [75.35265, 21.95592], [75.34947, 21.95481], [75.34453, 21.94721], [75.33813, 21.94584], [75.33784, 21.94099], [75.34144, 21.93345], [75.34188, 21.9299], [75.33524, 21.92089], [75.33482, 21.91366], [75.33268, 21.90911], [75.32452, 21.90573], [75.31489, 21.90818], [75.30731, 21.90745], [75.29742, 21.92251], [75.29053, 21.92199], [75.28786, 21.91703], [75.28328, 21.91578], [75.28125, 21.90569], [75.28697, 21.89555], [75.28772, 21.89209], [75.27978, 21.88593], [75.27601, 21.88613], [75.27657, 21.86614], [75.29803, 21.86316], [75.30129, 21.85427], [75.30157, 21.84765], [75.30988, 21.84355], [75.30898, 21.8337], [75.2983, 21.82679], [75.29309, 21.82489], [75.29513, 21.81119], [75.28945, 21.81131], [75.29003, 21.80705], [75.28888, 21.80486], [75.28458, 21.8032], [75.28303, 21.80413], [75.27564, 21.80378], [75.27571, 21.80223], [75.27239, 21.80139], [75.27403, 21.79195], [75.27575, 21.79218], [75.2764, 21.78994], [75.28088, 21.78758], [75.28003, 21.78294], [75.2822, 21.7722], [75.27684, 21.77236], [75.27499, 21.76977], [75.27249, 21.7693], [75.27287, 21.76651], [75.27052, 21.76514], [75.27141, 21.75581], [75.27359, 21.75412], [75.27603, 21.73848], [75.27124, 21.73802], [75.26272, 21.74546], [75.25723, 21.74459], [75.25658, 21.73801], [75.24252, 21.74503], [75.23184, 21.74359], [75.23086, 21.74254], [75.22222, 21.74231], [75.20958, 21.73215], [75.20772, 21.72848], [75.20738, 21.72361], [75.20989, 21.71316], [75.20894, 21.70849], [75.21742, 21.69475], [75.22982, 21.69249], [75.23054, 21.69111], [75.26708, 21.68747], [75.26671, 21.6803], [75.26263, 21.67475], [75.26445, 21.67339], [75.27391, 21.67527], [75.27205, 21.67008], [75.27066, 21.6557], [75.27998, 21.65403], [75.28428, 21.65134], [75.28652, 21.65172], [75.28778, 21.63834], [75.2888, 21.63573], [75.2907, 21.63503], [75.29697, 21.63565], [75.303, 21.63894], [75.32203, 21.66196], [75.33269, 21.66412], [75.3506, 21.67093], [75.37225, 21.67649], [75.37449, 21.67612], [75.37812, 21.6782], [75.38084, 21.67675], [75.38375, 21.67714], [75.39143, 21.68153], [75.40025, 21.677], [75.4167, 21.67977], [75.43849, 21.67577], [75.44125, 21.66623], [75.43954, 21.66633], [75.44042, 21.66315], [75.4372, 21.65996], [75.43724, 21.65648], [75.4391, 21.65441], [75.44116, 21.65458], [75.44012, 21.65323], [75.44352, 21.65236], [75.44699, 21.64857], [75.4488, 21.64449], [75.4472, 21.6414], [75.45223, 21.63897], [75.45662, 21.63867], [75.45869, 21.63531], [75.46297, 21.63356], [75.46394, 21.62829], [75.4672, 21.62699], [75.46926, 21.62313], [75.47161, 21.62253], [75.4723, 21.6247], [75.47986, 21.62063], [75.49836, 21.61721], [75.5021, 21.61364], [75.49442, 21.61017], [75.49107, 21.59932], [75.48571, 21.59903], [75.47903, 21.58535], [75.47939, 21.57464], [75.47798, 21.56805], [75.4765, 21.5667], [75.47174, 21.56627], [75.47007, 21.56194], [75.46781, 21.56123], [75.46471, 21.55622], [75.46473, 21.55048], [75.46014, 21.54386], [75.45964, 21.53258], [75.46282, 21.52339]]]}, "properties": {"district": "Barwani", "state": "Madhya Pradesh", "operational_stp_count": 0, "capacity_mld": 0}}, {"type": "Feature", "geometry": {"type": "MultiPolygon", "coordinates": [[[[77.37866, 21.99158], [77.38219, 21.99268], [77.38158, 21.99102], [77.36205, 21.99106], [77.35622, 21.98907], [77.35656, 21.99049], [77.35963, 21.99195], [77.37072, 21.99266], [77.37866, 21.99158]]], [[[78.27789, 22.39734], [78.27977, 22.38692], [78.27902, 22.37791], [78.28016, 22.36854], [78.2787, 22.36133], [78.28042, 22.35406], [78.2799, 22.35007], [78.26752, 22.34321], [78.26286, 22.33555], [78.25929, 22.33349], [78.25391, 22.32764], [78.2493, 22.32732], [78.24595, 22.32386], [78.24496, 22.3207], [78.24524, 22.31878], [78.25299, 22.31185], [78.25533, 22.3062], [78.25959, 22.30095], [78.25702, 22.2852], [78.26031, 22.27634], [78.25958, 22.2741], [78.26259, 22.26903], [78.26243, 22.26348], [78.26724, 22.26493], [78.28786, 22.26355], [78.28958, 22.25905], [78.29343, 22.25416], [78.29266, 22.25123], [78.28798, 22.2492], [78.28617, 22.24175], [78.28036, 22.23995], [78.27747, 22.23769], [78.27528, 22.23403], [78.2711, 22.23155], [78.26958, 22.22819], [78.26689, 22.22741], [78.26644, 22.22403], [78.26374, 22.22237], [78.26436, 22.22052], [78.2675, 22.22165], [78.26883, 22.22026], [78.26571, 22.21605], [78.26744, 22.21433], [78.26721, 22.21193], [78.26419, 22.20946], [78.26066, 22.20879], [78.2613, 22.20543], [78.2641, 22.20353], [78.26587, 22.19907], [78.26183, 22.19594], [78.2629, 22.19343], [78.26136, 22.18816], [78.2692, 22.18646], [78.26306, 22.18371], [78.26671, 22.17649], [78.2614, 22.17712], [78.25886, 22.16564], [78.26211, 22.16164], [78.26781, 22.16094], [78.26248, 22.15049], [78.26671, 22.14615], [78.26709, 22.13759], [78.26648, 22.13509], [78.26426, 22.13302], [78.27707, 22.13365], [78.27813, 22.12455], [78.27574, 22.1176], [78.27161, 22.11579], [78.27686, 22.09033], [78.28609, 22.09019], [78.29073, 22.09235], [78.3005, 22.0922], [78.3131, 22.09999], [78.31652, 22.09996], [78.33061, 22.10743], [78.3355, 22.10698], [78.3473, 22.10945], [78.34966, 22.10405], [78.33986, 22.09923], [78.34095, 22.09657], [78.33773, 22.09081], [78.34168, 22.08564], [78.34764, 22.07247], [78.34167, 22.07035], [78.34048, 22.06537], [78.33584, 22.06535], [78.33298, 22.06418], [78.33322, 22.06225], [78.33184, 22.0607], [78.32168, 22.05789], [78.28584, 22.06035], [78.27796, 22.05857], [78.27454, 22.06119], [78.26055, 22.06104], [78.25679, 22.06448], [78.24821, 22.05681], [78.24186, 22.0542], [78.23308, 22.05281], [78.20843, 22.04127], [78.20664, 22.03625], [78.21011, 22.03284], [78.1992, 22.02698], [78.19394, 22.02434], [78.19024, 22.02612], [78.1742, 22.01865], [78.16587, 22.01633], [78.16879, 22.01168], [78.16679, 22.00952], [78.16341, 22.00954], [78.16083, 22.00618], [78.16103, 22.00124], [78.15913, 21.99948], [78.15794, 21.99149], [78.15489, 21.98939], [78.14383, 21.98927], [78.14096, 21.99198], [78.13577, 21.98942], [78.1326, 21.98954], [78.12936, 21.98619], [78.12281, 21.98537], [78.12047, 21.9879], [78.1112, 21.98915], [78.10687, 21.98447], [78.10167, 21.98368], [78.09867, 21.97959], [78.09466, 21.97943], [78.08946, 21.98347], [78.08755, 21.97941], [78.07911, 21.97763], [78.07928, 21.9734], [78.07583, 21.97118], [78.07414, 21.9623], [78.06837, 21.95958], [78.0683, 21.95783], [78.07587, 21.95027], [78.08339, 21.94848], [78.08494, 21.94047], [78.08804, 21.93624], [78.09587, 21.93368], [78.09667, 21.92698], [78.09923, 21.92617], [78.10043, 21.92088], [78.09256, 21.91327], [78.0921, 21.90995], [78.08851, 21.91047], [78.08616, 21.90916], [78.0817, 21.91067], [78.08057, 21.90325], [78.0709, 21.90084], [78.06749, 21.89869], [78.06659, 21.8967], [78.06458, 21.9012], [78.05195, 21.89653], [78.04939, 21.89874], [78.04722, 21.9036], [78.03662, 21.90171], [78.03283, 21.90363], [78.03396, 21.89785], [78.03736, 21.89288], [78.04458, 21.89192], [78.0461, 21.88686], [78.05228, 21.88789], [78.05554, 21.88549], [78.06198, 21.88363], [78.0616, 21.873], [78.06987, 21.86757], [78.07012, 21.86284], [78.06749, 21.86119], [78.06144, 21.8448], [78.06321, 21.84197], [78.05977, 21.84059], [78.05744, 21.83798], [78.0531, 21.83824], [78.0505, 21.83291], [78.04727, 21.83142], [78.04661, 21.82859], [78.04237, 21.82885], [78.04087, 21.83369], [78.03918, 21.8352], [78.03309, 21.83356], [78.0307, 21.82736], [78.02869, 21.82619], [78.02714, 21.82955], [78.02433, 21.82938], [78.01784, 21.83251], [78.01653, 21.83677], [78.00966, 21.83941], [78.00347, 21.83532], [77.99711, 21.83447], [77.99334, 21.82799], [77.98671, 21.82614], [77.97926, 21.82514], [77.97697, 21.82876], [77.97069, 21.82863], [77.96227, 21.82369], [77.9581, 21.82595], [77.95504, 21.82114], [77.95083, 21.81869], [77.94964, 21.81182], [77.94333, 21.81035], [77.93747, 21.80732], [77.93711, 21.79793], [77.93149, 21.7962], [77.9292, 21.79363], [77.92406, 21.79455], [77.92254, 21.79785], [77.91904, 21.79961], [77.91564, 21.79941], [77.91271, 21.79647], [77.90753, 21.79786], [77.90104, 21.79747], [77.89921, 21.79952], [77.89411, 21.80109], [77.88587, 21.80879], [77.87933, 21.80855], [77.87086, 21.81037], [77.86896, 21.80934], [77.86311, 21.81059], [77.85672, 21.81021], [77.84701, 21.82188], [77.84348, 21.8235], [77.84254, 21.82952], [77.8363, 21.84598], [77.83126, 21.85249], [77.81795, 21.8517], [77.81324, 21.84785], [77.81167, 21.85127], [77.80676, 21.85352], [77.8042, 21.85639], [77.79919, 21.85609], [77.79643, 21.86044], [77.79329, 21.86025], [77.77904, 21.86878], [77.76319, 21.8691], [77.75916, 21.8703], [77.75713, 21.87258], [77.75227, 21.87364], [77.74755, 21.87107], [77.7441, 21.87443], [77.74419, 21.87654], [77.74592, 21.87783], [77.74551, 21.88476], [77.74852, 21.88785], [77.74847, 21.89777], [77.74564, 21.90231], [77.74828, 21.90636], [77.74947, 21.91403], [77.74823, 21.91632], [77.74279, 21.919], [77.74087, 21.92202], [77.73002, 21.92371], [77.72357, 21.92035], [77.722, 21.92544], [77.71705, 21.92412], [77.71563, 21.91964], [77.70574, 21.91848], [77.69873, 21.91998], [77.69416, 21.91702], [77.69117, 21.91325], [77.6892, 21.91546], [77.68271, 21.91507], [77.68171, 21.91619], [77.66999, 21.91864], [77.66936, 21.9201], [77.67668, 21.92476], [77.6767, 21.93017], [77.6847, 21.93825], [77.68171, 21.94193], [77.68311, 21.9447], [77.6782, 21.95031], [77.67669, 21.94862], [77.67333, 21.95031], [77.66909, 21.95661], [77.67089, 21.96366], [77.66921, 21.96702], [77.66749, 21.96781], [77.66794, 21.9754], [77.6619, 21.98034], [77.64595, 21.98183], [77.6394, 21.98711], [77.63282, 21.98494], [77.62991, 21.988], [77.61923, 21.98771], [77.61321, 21.9861], [77.60283, 21.98672], [77.59668, 21.99121], [77.58956, 21.98847], [77.58527, 21.98872], [77.58311, 21.99343], [77.58083, 21.99447], [77.58043, 21.99825], [77.57575, 21.9965], [77.56629, 22.00391], [77.56037, 22.00091], [77.55745, 22.00289], [77.55081, 22.00289], [77.55088, 22.00661], [77.53751, 22.01287], [77.53457, 22.01281], [77.53292, 22.00943], [77.52577, 22.00945], [77.52299, 22.0035], [77.52304, 21.99831], [77.51835, 21.99951], [77.51336, 21.99616], [77.51006, 21.99614], [77.50733, 21.99707], [77.50103, 22.00363], [77.4975, 22.00449], [77.49832, 22.01202], [77.49212, 22.01378], [77.48234, 22.01178], [77.47613, 22.00926], [77.47501, 22.00696], [77.47089, 22.00704], [77.46709, 22.00446], [77.46319, 22.00454], [77.45409, 22.00782], [77.45048, 22.00596], [77.44329, 22.00867], [77.44002, 22.01534], [77.43677, 22.01527], [77.43112, 22.01813], [77.42852, 22.01542], [77.42721, 22.00907], [77.42048, 22.00689], [77.41586, 22.00032], [77.39496, 21.99865], [77.39336, 21.99699], [77.38924, 21.99632], [77.3954, 21.99913], [77.3951, 22.01652], [77.39648, 22.02002], [77.40814, 22.02549], [77.42661, 22.02011], [77.44181, 22.0187], [77.44819, 22.02016], [77.46974, 22.01932], [77.47783, 22.02453], [77.48293, 22.02609], [77.50577, 22.02996], [77.50433, 22.03746], [77.50701, 22.05347], [77.50313, 22.05963], [77.50819, 22.07049], [77.50838, 22.07479], [77.51001, 22.07563], [77.4997, 22.07705], [77.49345, 22.07639], [77.48248, 22.08078], [77.46975, 22.08262], [77.46704, 22.07949], [77.46059, 22.08166], [77.45984, 22.08829], [77.46551, 22.09197], [77.46366, 22.09583], [77.46367, 22.10808], [77.47485, 22.11788], [77.47365, 22.12175], [77.46736, 22.12634], [77.46557, 22.13256], [77.46767, 22.13863], [77.46756, 22.1485], [77.47043, 22.15565], [77.47381, 22.15956], [77.47292, 22.16422], [77.46768, 22.16897], [77.46294, 22.17101], [77.45076, 22.17034], [77.44316, 22.17197], [77.43765, 22.17005], [77.42407, 22.17092], [77.41971, 22.17373], [77.41872, 22.17702], [77.41555, 22.18017], [77.41588, 22.18222], [77.41328, 22.18419], [77.41161, 22.19132], [77.40639, 22.19207], [77.40263, 22.19964], [77.39553, 22.20311], [77.38145, 22.21723], [77.38997, 22.22303], [77.40386, 22.22175], [77.41075, 22.2244], [77.41665, 22.2234], [77.42049, 22.2208], [77.42428, 22.21568], [77.43066, 22.21356], [77.44069, 22.21621], [77.45243, 22.2171], [77.45926, 22.22423], [77.45872, 22.23416], [77.45576, 22.24183], [77.45823, 22.24835], [77.46999, 22.24889], [77.47779, 22.25063], [77.48195, 22.25585], [77.48708, 22.25757], [77.48694, 22.27208], [77.49096, 22.27205], [77.49922, 22.27748], [77.50331, 22.27812], [77.50813, 22.28085], [77.50742, 22.28392], [77.50459, 22.28426], [77.50304, 22.29033], [77.50748, 22.31197], [77.50946, 22.31078], [77.51442, 22.31108], [77.52011, 22.32648], [77.52622, 22.33045], [77.53233, 22.33], [77.53674, 22.33536], [77.54425, 22.34067], [77.54802, 22.35417], [77.55228, 22.35777], [77.55492, 22.35796], [77.55609, 22.35655], [77.55401, 22.34217], [77.55465, 22.33862], [77.55733, 22.33604], [77.56036, 22.3358], [77.56713, 22.34037], [77.58488, 22.34088], [77.59006, 22.34387], [77.59171, 22.34353], [77.59598, 22.33992], [77.59735, 22.33218], [77.60411, 22.33214], [77.60573, 22.3297], [77.60838, 22.32891], [77.61644, 22.33188], [77.62441, 22.33267], [77.62297, 22.3268], [77.62453, 22.32144], [77.62653, 22.32065], [77.63398, 22.32347], [77.63798, 22.32292], [77.63944, 22.32167], [77.64175, 22.3113], [77.64386, 22.30997], [77.65, 22.31083], [77.65528, 22.30649], [77.6668, 22.31154], [77.68227, 22.31297], [77.68085, 22.31725], [77.68333, 22.32219], [77.69691, 22.32067], [77.70235, 22.32227], [77.71675, 22.32157], [77.71648, 22.31973], [77.72039, 22.31567], [77.72044, 22.31321], [77.72826, 22.3169], [77.73764, 22.32632], [77.74968, 22.32594], [77.74982, 22.32947], [77.75817, 22.33173], [77.75658, 22.33874], [77.75504, 22.3412], [77.74681, 22.34405], [77.74445, 22.34739], [77.74742, 22.3505], [77.7518, 22.35143], [77.75349, 22.35399], [77.75981, 22.35077], [77.7642, 22.35023], [77.76976, 22.34644], [77.77492, 22.33691], [77.78173, 22.33507], [77.78966, 22.33536], [77.80777, 22.33934], [77.80693, 22.34695], [77.82556, 22.34938], [77.82966, 22.3533], [77.83727, 22.35527], [77.84065, 22.36278], [77.84969, 22.3687], [77.85459, 22.36909], [77.85845, 22.36613], [77.86192, 22.36616], [77.86443, 22.36356], [77.86632, 22.35471], [77.86847, 22.35077], [77.86357, 22.33758], [77.86611, 22.32113], [77.86467, 22.31943], [77.86502, 22.31446], [77.86221, 22.30462], [77.86719, 22.29749], [77.86567, 22.29438], [77.86548, 22.28856], [77.88484, 22.2874], [77.88761, 22.28956], [77.89665, 22.30367], [77.90616, 22.31068], [77.91683, 22.31588], [77.92265, 22.32444], [77.93039, 22.32653], [77.93909, 22.33079], [77.94226, 22.33734], [77.94659, 22.34118], [77.95178, 22.33949], [77.95412, 22.33682], [77.95383, 22.33273], [77.96314, 22.33265], [77.97647, 22.33542], [77.9779, 22.33277], [77.98193, 22.33172], [77.9849, 22.334], [77.98853, 22.33465], [77.99994, 22.33282], [78.00779, 22.33744], [78.01112, 22.33778], [78.01406, 22.33583], [78.01862, 22.33643], [78.01916, 22.33526], [78.02598, 22.33371], [78.0329, 22.33], [78.05121, 22.33939], [78.06672, 22.3491], [78.08269, 22.3536], [78.10063, 22.36445], [78.122, 22.36719], [78.1251, 22.36928], [78.12795, 22.37457], [78.15042, 22.38893], [78.16297, 22.39026], [78.1711, 22.39678], [78.17754, 22.39896], [78.18078, 22.3986], [78.187, 22.40033], [78.1877, 22.39866], [78.20625, 22.39951], [78.21722, 22.39675], [78.22261, 22.39875], [78.26432, 22.39692], [78.26629, 22.39713], [78.27015, 22.40209], [78.27789, 22.39734]]]]}, "properties": {"district": "Betul", "state": "Madhya Pradesh", "operational_stp_count": 0, "capacity_mld": 0}}, {"type": "Feature", "geometry": {"type": "Polygon", "coordinates": [[[77.32343, 23.08464], [77.32159, 23.08535], [77.31946, 23.08966], [77.32143, 23.10072], [77.31581, 23.09975], [77.29593, 23.10109], [77.29107, 23.09952], [77.28645, 23.09554], [77.28105, 23.09387], [77.27627, 23.09486], [77.27121, 23.09403], [77.27618, 23.10405], [77.27483, 23.11154], [77.27214, 23.11518], [77.27113, 23.12004], [77.27416, 23.12202], [77.28492, 23.12493], [77.28992, 23.12144], [77.29343, 23.11064], [77.29758, 23.10859], [77.30054, 23.10877], [77.30708, 23.11215], [77.31004, 23.11197], [77.31355, 23.11442], [77.31521, 23.11257], [77.31869, 23.11382], [77.32476, 23.11346], [77.32692, 23.10031], [77.32234, 23.09059], [77.32343, 23.08464]]]}, "properties": {"district": "Bhopal", "state": "Madhya Pradesh", "operational_stp_count": 0, "capacity_mld": 0}}, {"type": "Feature", "geometry": {"type": "Polygon", "coordinates": [[[81.74425, 22.66949], [81.73126, 22.67473], [81.73947, 22.67212], [81.7393, 22.67496], [81.74029, 22.67496], [81.74425, 22.66949]]]}, "properties": {"district": "Gaurela-Pendra-Marwahi", "state": "Chhattisgarh", "operational_stp_count": 0, "capacity_mld": 0}}, {"type": "Feature", "geometry": {"type": "MultiPolygon", "coordinates": [[[[78.34667, 22.07201], [78.34656, 22.07196], [78.3465, 22.07225], [78.34747, 22.07239], [78.34667, 22.07201]]], [[[79.23066, 22.8147], [79.23262, 22.81507], [79.23125, 22.80948], [79.23445, 22.80652], [79.23767, 22.80583], [79.23891, 22.80345], [79.24055, 22.80334], [79.23884, 22.79945], [79.23805, 22.7922], [79.24388, 22.78395], [79.24427, 22.78203], [79.24293, 22.78077], [79.24554, 22.7762], [79.24519, 22.77417], [79.24737, 22.77175], [79.24179, 22.76811], [79.24141, 22.7609], [79.24436, 22.75191], [79.25186, 22.74898], [79.2554, 22.749], [79.25855, 22.74517], [79.26276, 22.74466], [79.26257, 22.7372], [79.25998, 22.73299], [79.25443, 22.72675], [79.24741, 22.72215], [79.24323, 22.72152], [79.24391, 22.719], [79.24663, 22.71717], [79.24858, 22.7174], [79.26008, 22.70243], [79.25871, 22.69169], [79.26593, 22.69322], [79.26434, 22.68716], [79.2732, 22.69512], [79.28901, 22.69558], [79.29092, 22.69122], [79.2908, 22.68787], [79.29693, 22.68324], [79.29699, 22.68081], [79.29318, 22.67468], [79.28754, 22.67236], [79.28384, 22.655], [79.28684, 22.65008], [79.28575, 22.6483], [79.30391, 22.64779], [79.3061, 22.64517], [79.30617, 22.63704], [79.2999, 22.63007], [79.2962, 22.62062], [79.29684, 22.61944], [79.30331, 22.61841], [79.30803, 22.61615], [79.31406, 22.61783], [79.31871, 22.61533], [79.32519, 22.6165], [79.32607, 22.61051], [79.33752, 22.61534], [79.34846, 22.61402], [79.35372, 22.61038], [79.35528, 22.60741], [79.36791, 22.60499], [79.37474, 22.59698], [79.37415, 22.59458], [79.37248, 22.59413], [79.3643, 22.59659], [79.35317, 22.58723], [79.35325, 22.58533], [79.3573, 22.57998], [79.35279, 22.57815], [79.35166, 22.57346], [79.34833, 22.57049], [79.34585, 22.5713], [79.34636, 22.57838], [79.34321, 22.57809], [79.34146, 22.56576], [79.3391, 22.56537], [79.33681, 22.56956], [79.33234, 22.56619], [79.33624, 22.5628], [79.3377, 22.55785], [79.34133, 22.55353], [79.338, 22.55313], [79.33604, 22.55127], [79.33356, 22.55313], [79.33036, 22.55123], [79.32772, 22.55134], [79.32776, 22.54663], [79.32599, 22.54571], [79.32526, 22.54256], [79.32235, 22.54376], [79.32123, 22.54296], [79.32209, 22.54064], [79.32044, 22.5396], [79.31921, 22.53198], [79.32102, 22.52711], [79.32764, 22.52531], [79.33031, 22.52575], [79.32805, 22.512], [79.33124, 22.51087], [79.33249, 22.5091], [79.33264, 22.50522], [79.34451, 22.50512], [79.34358, 22.49665], [79.34679, 22.49375], [79.34757, 22.48996], [79.34509, 22.48366], [79.3412, 22.48115], [79.33728, 22.48218], [79.3279, 22.48051], [79.3218, 22.47701], [79.3141, 22.48084], [79.30185, 22.48352], [79.29327, 22.47972], [79.28787, 22.47874], [79.2821, 22.48012], [79.27663, 22.47966], [79.26977, 22.47521], [79.26581, 22.47516], [79.25975, 22.47294], [79.25878, 22.4749], [79.24858, 22.47195], [79.23722, 22.47469], [79.23248, 22.47427], [79.23348, 22.47172], [79.22756, 22.46836], [79.22383, 22.46838], [79.22065, 22.465], [79.2095, 22.46229], [79.19958, 22.45619], [79.1949, 22.45244], [79.20176, 22.44548], [79.20183, 22.44288], [79.19009, 22.43609], [79.18055, 22.43431], [79.17304, 22.42787], [79.161, 22.4255], [79.15721, 22.42926], [79.15712, 22.43434], [79.15168, 22.44363], [79.14121, 22.44263], [79.13702, 22.43583], [79.13344, 22.43419], [79.13165, 22.42648], [79.12504, 22.42058], [79.12031, 22.40787], [79.11293, 22.40568], [79.10938, 22.4001], [79.09598, 22.39072], [79.09755, 22.38783], [79.09535, 22.38378], [79.08754, 22.37864], [79.07752, 22.37446], [79.07502, 22.37457], [79.07275, 22.36964], [79.06656, 22.36867], [79.06484, 22.36675], [79.04839, 22.35891], [79.04762, 22.35751], [79.04378, 22.36131], [79.04541, 22.36448], [79.04124, 22.36699], [79.03205, 22.3678], [79.02743, 22.36991], [79.00885, 22.3693], [79.00699, 22.37124], [78.9972, 22.37104], [78.99382, 22.37311], [78.98993, 22.37115], [78.97945, 22.3701], [78.97354, 22.36726], [78.97169, 22.37028], [78.9424, 22.37239], [78.94602, 22.37586], [78.94404, 22.38196], [78.94048, 22.38281], [78.93159, 22.37781], [78.92333, 22.37791], [78.91513, 22.3723], [78.91025, 22.37719], [78.89758, 22.37445], [78.89372, 22.37669], [78.8933, 22.37945], [78.88372, 22.3803], [78.8822, 22.38272], [78.87847, 22.3787], [78.87496, 22.37695], [78.85789, 22.377], [78.85572, 22.37884], [78.84625, 22.37854], [78.84539, 22.38206], [78.83769, 22.38172], [78.82884, 22.37673], [78.82626, 22.38367], [78.81957, 22.38363], [78.81481, 22.38549], [78.8129, 22.39032], [78.8104, 22.39282], [78.80322, 22.39553], [78.7988, 22.3952], [78.79562, 22.39352], [78.79302, 22.3947], [78.78523, 22.39384], [78.77677, 22.38616], [78.76213, 22.3819], [78.75209, 22.38241], [78.75018, 22.38488], [78.74346, 22.38435], [78.74253, 22.37948], [78.74133, 22.37873], [78.73609, 22.38182], [78.72417, 22.37951], [78.71818, 22.37695], [78.70743, 22.37613], [78.70483, 22.37186], [78.69998, 22.3724], [78.69657, 22.37064], [78.68013, 22.36935], [78.67195, 22.36649], [78.66854, 22.36316], [78.66722, 22.3507], [78.66333, 22.34785], [78.66244, 22.34316], [78.65726, 22.34013], [78.64493, 22.34061], [78.63416, 22.33579], [78.6267, 22.33436], [78.62099, 22.33549], [78.61232, 22.3342], [78.60307, 22.33096], [78.60127, 22.32901], [78.59205, 22.33115], [78.58814, 22.32509], [78.58009, 22.32541], [78.5637, 22.31817], [78.56248, 22.31431], [78.55503, 22.30531], [78.54983, 22.30452], [78.54269, 22.30074], [78.54154, 22.29831], [78.52656, 22.297], [78.52336, 22.29531], [78.51229, 22.2935], [78.51095, 22.29236], [78.51118, 22.28894], [78.50503, 22.28307], [78.51399, 22.27922], [78.51583, 22.27531], [78.5184, 22.27366], [78.5183, 22.27108], [78.51627, 22.26908], [78.50836, 22.26772], [78.50582, 22.26272], [78.48791, 22.2627], [78.48625, 22.2645], [78.47871, 22.2653], [78.47614, 22.26997], [78.46634, 22.27044], [78.46253, 22.26865], [78.45122, 22.26863], [78.44649, 22.27198], [78.43425, 22.26666], [78.40513, 22.26288], [78.40133, 22.26273], [78.39696, 22.26446], [78.3917, 22.26176], [78.39652, 22.25557], [78.39661, 22.24637], [78.39806, 22.24329], [78.40331, 22.24081], [78.4034, 22.23862], [78.40087, 22.23627], [78.40297, 22.23376], [78.40649, 22.23265], [78.40761, 22.22839], [78.40666, 22.22115], [78.41843, 22.2153], [78.41827, 22.21132], [78.42341, 22.20549], [78.4232, 22.20035], [78.4286, 22.20014], [78.43022, 22.20189], [78.43253, 22.20118], [78.43595, 22.19685], [78.44196, 22.19706], [78.44419, 22.19361], [78.44891, 22.19377], [78.45, 22.19031], [78.45189, 22.18942], [78.45421, 22.18283], [78.45254, 22.17776], [78.44583, 22.16865], [78.4549, 22.16022], [78.46215, 22.16114], [78.4641, 22.16324], [78.47576, 22.1572], [78.47449, 22.1454], [78.48087, 22.14451], [78.48247, 22.14116], [78.48752, 22.13956], [78.48833, 22.13615], [78.49092, 22.13533], [78.49287, 22.1312], [78.49752, 22.13121], [78.49907, 22.12791], [78.505, 22.12377], [78.50833, 22.11752], [78.50715, 22.1155], [78.4975, 22.11535], [78.489, 22.11257], [78.48687, 22.1106], [78.48565, 22.1042], [78.47943, 22.10202], [78.47592, 22.10542], [78.47253, 22.10281], [78.46338, 22.10295], [78.46187, 22.09975], [78.44747, 22.09968], [78.43665, 22.09771], [78.43424, 22.09547], [78.43423, 22.09121], [78.43247, 22.09028], [78.4278, 22.08874], [78.42223, 22.09113], [78.41825, 22.08942], [78.41377, 22.0896], [78.41253, 22.08698], [78.40598, 22.08724], [78.39923, 22.08195], [78.39707, 22.08203], [78.39558, 22.07888], [78.39236, 22.07775], [78.37797, 22.0777], [78.37622, 22.07919], [78.36837, 22.07769], [78.36339, 22.07271], [78.34764, 22.07247], [78.34168, 22.08564], [78.33792, 22.09026], [78.34095, 22.09657], [78.33986, 22.09923], [78.34966, 22.10405], [78.34692, 22.10969], [78.3355, 22.10698], [78.33061, 22.10743], [78.31652, 22.09996], [78.3131, 22.09999], [78.3005, 22.0922], [78.29073, 22.09235], [78.28609, 22.09019], [78.27628, 22.09062], [78.27569, 22.09955], [78.27273, 22.10645], [78.27161, 22.11579], [78.27574, 22.1176], [78.27813, 22.12455], [78.27707, 22.13365], [78.26426, 22.13302], [78.26648, 22.13509], [78.26709, 22.13759], [78.26671, 22.14615], [78.26248, 22.15049], [78.26781, 22.16094], [78.26211, 22.16164], [78.25889, 22.16516], [78.2614, 22.17712], [78.26671, 22.17649], [78.26306, 22.18371], [78.2692, 22.18646], [78.26136, 22.18816], [78.2629, 22.19343], [78.26183, 22.19594], [78.26587, 22.19907], [78.2641, 22.20353], [78.2613, 22.20543], [78.26062, 22.20848], [78.26419, 22.20946], [78.26739, 22.21232], [78.26744, 22.21433], [78.26571, 22.21605], [78.26862, 22.22112], [78.26487, 22.22042], [78.26367, 22.22208], [78.26644, 22.22403], [78.26668, 22.22716], [78.26958, 22.22819], [78.2711, 22.23155], [78.27528, 22.23403], [78.27985, 22.23968], [78.28617, 22.24175], [78.28798, 22.2492], [78.29266, 22.25123], [78.29343, 22.25416], [78.28958, 22.25905], [78.28786, 22.26355], [78.26724, 22.26493], [78.26243, 22.26348], [78.26259, 22.26903], [78.25958, 22.2741], [78.26031, 22.27634], [78.25702, 22.2852], [78.25959, 22.30095], [78.25533, 22.3062], [78.25299, 22.31185], [78.24524, 22.31878], [78.24496, 22.32057], [78.24587, 22.32374], [78.2493, 22.32732], [78.25391, 22.32764], [78.26349, 22.33618], [78.26752, 22.34321], [78.2799, 22.35007], [78.28042, 22.35406], [78.2787, 22.36133], [78.28016, 22.36854], [78.27902, 22.37791], [78.27977, 22.38692], [78.27867, 22.39357], [78.27764, 22.39811], [78.27015, 22.40209], [78.27693, 22.41226], [78.28485, 22.4196], [78.29559, 22.41684], [78.30138, 22.41373], [78.30492, 22.41392], [78.31692, 22.42478], [78.33168, 22.4236], [78.34806, 22.41969], [78.37008, 22.41715], [78.38172, 22.42035], [78.39061, 22.41776], [78.39377, 22.41383], [78.39184, 22.41158], [78.39243, 22.41019], [78.40052, 22.40786], [78.40431, 22.40405], [78.40851, 22.39927], [78.40969, 22.39502], [78.41245, 22.39324], [78.4145, 22.38577], [78.41816, 22.38312], [78.42504, 22.38178], [78.42964, 22.38375], [78.43129, 22.38105], [78.43403, 22.38196], [78.43669, 22.38031], [78.43706, 22.38292], [78.44326, 22.37913], [78.44772, 22.37869], [78.44904, 22.37998], [78.44762, 22.38305], [78.45109, 22.38403], [78.45406, 22.38227], [78.45321, 22.37824], [78.45461, 22.37675], [78.46378, 22.37907], [78.47043, 22.37536], [78.4715, 22.37829], [78.47025, 22.38247], [78.47243, 22.38309], [78.48096, 22.37952], [78.48353, 22.37955], [78.4857, 22.38485], [78.49265, 22.3874], [78.49306, 22.39099], [78.49777, 22.40026], [78.50561, 22.40474], [78.51154, 22.40223], [78.51344, 22.40253], [78.52029, 22.4098], [78.52651, 22.41967], [78.53165, 22.42012], [78.54566, 22.41491], [78.5477, 22.41855], [78.55022, 22.41969], [78.55974, 22.41867], [78.56361, 22.42362], [78.56473, 22.42865], [78.55874, 22.4372], [78.55801, 22.44129], [78.55169, 22.44655], [78.55421, 22.45297], [78.55381, 22.45605], [78.54524, 22.456], [78.53937, 22.46039], [78.53566, 22.46149], [78.53441, 22.46092], [78.53328, 22.45525], [78.52958, 22.45501], [78.52767, 22.46016], [78.53056, 22.46709], [78.52979, 22.46988], [78.52168, 22.47132], [78.51619, 22.4783], [78.51143, 22.47657], [78.50948, 22.47768], [78.51079, 22.48564], [78.51433, 22.49124], [78.51807, 22.49093], [78.52321, 22.49362], [78.53241, 22.49598], [78.5408, 22.5016], [78.54189, 22.50645], [78.53944, 22.5093], [78.53885, 22.51505], [78.5449, 22.5253], [78.54794, 22.53649], [78.54227, 22.54133], [78.53999, 22.55028], [78.53238, 22.55195], [78.52487, 22.55728], [78.52427, 22.56169], [78.51903, 22.57172], [78.50879, 22.5778], [78.5068, 22.58184], [78.50351, 22.58337], [78.5029, 22.58949], [78.50126, 22.5908], [78.49867, 22.59027], [78.49868, 22.59227], [78.49782, 22.59214], [78.49747, 22.60491], [78.50022, 22.60566], [78.49944, 22.60794], [78.50142, 22.6132], [78.50002, 22.61918], [78.50071, 22.62308], [78.4981, 22.63403], [78.50027, 22.63644], [78.50026, 22.63887], [78.50266, 22.63984], [78.50138, 22.64128], [78.50184, 22.6427], [78.50481, 22.64279], [78.50427, 22.64457], [78.50294, 22.64397], [78.50592, 22.64935], [78.50529, 22.6527], [78.50651, 22.65277], [78.50721, 22.65486], [78.51073, 22.65475], [78.51159, 22.65689], [78.51845, 22.65815], [78.52052, 22.66086], [78.51892, 22.66262], [78.52531, 22.66618], [78.52989, 22.66507], [78.54207, 22.657], [78.54423, 22.66004], [78.5487, 22.66102], [78.55036, 22.66125], [78.55385, 22.65897], [78.55996, 22.65841], [78.57526, 22.66312], [78.58498, 22.65833], [78.59339, 22.65659], [78.59542, 22.65314], [78.61187, 22.64911], [78.61786, 22.65319], [78.61899, 22.65783], [78.61604, 22.66348], [78.62446, 22.67391], [78.62558, 22.67849], [78.63347, 22.68175], [78.63755, 22.68654], [78.65084, 22.68823], [78.65905, 22.68718], [78.65899, 22.68862], [78.66464, 22.69119], [78.66635, 22.68924], [78.66687, 22.69066], [78.66946, 22.6914], [78.66708, 22.69261], [78.66758, 22.69728], [78.66951, 22.69763], [78.67079, 22.69986], [78.67791, 22.69968], [78.68048, 22.69918], [78.68176, 22.67944], [78.68467, 22.67136], [78.68399, 22.66614], [78.6797, 22.66372], [78.68076, 22.66006], [78.69417, 22.65018], [78.70407, 22.65337], [78.70976, 22.65345], [78.72366, 22.64525], [78.72884, 22.64079], [78.73019, 22.63791], [78.73008, 22.63065], [78.72868, 22.62765], [78.73325, 22.62428], [78.74078, 22.62671], [78.74065, 22.61953], [78.7415, 22.61927], [78.75923, 22.61744], [78.76184, 22.61885], [78.76604, 22.61661], [78.76721, 22.61835], [78.7709, 22.61751], [78.78043, 22.6224], [78.78245, 22.62464], [78.78418, 22.63031], [78.78165, 22.64151], [78.77543, 22.64701], [78.78353, 22.64956], [78.79305, 22.65059], [78.79893, 22.64863], [78.80562, 22.65221], [78.80844, 22.65085], [78.81074, 22.65323], [78.81513, 22.65289], [78.81768, 22.65567], [78.82348, 22.65616], [78.82383, 22.65775], [78.8208, 22.66135], [78.82113, 22.66304], [78.82803, 22.66101], [78.83459, 22.66646], [78.83921, 22.668], [78.83816, 22.67191], [78.83946, 22.68168], [78.84258, 22.68349], [78.84611, 22.68263], [78.84989, 22.68432], [78.85303, 22.67971], [78.85557, 22.67834], [78.86116, 22.67935], [78.86434, 22.67785], [78.86855, 22.67933], [78.87837, 22.67901], [78.87962, 22.67801], [78.8848, 22.67873], [78.89618, 22.67593], [78.89984, 22.67625], [78.90337, 22.67301], [78.91853, 22.67204], [78.92292, 22.66746], [78.92359, 22.66398], [78.9223, 22.66204], [78.92284, 22.65925], [78.921, 22.65788], [78.92334, 22.65522], [78.91938, 22.65292], [78.92242, 22.64942], [78.92413, 22.64956], [78.93096, 22.63692], [78.93466, 22.63711], [78.93889, 22.63555], [78.94746, 22.62833], [78.95621, 22.62857], [78.9585, 22.62637], [78.96426, 22.62624], [78.96559, 22.62979], [78.96931, 22.62974], [78.97048, 22.63326], [78.97368, 22.63224], [78.97752, 22.63606], [78.98037, 22.63367], [78.9848, 22.63715], [78.99573, 22.63488], [78.99766, 22.63641], [78.99777, 22.64022], [79.0015, 22.64044], [79.00512, 22.64455], [79.0116, 22.64403], [79.00717, 22.64869], [79.01019, 22.65204], [79.00388, 22.65305], [79.00265, 22.65435], [79.01204, 22.65993], [79.01409, 22.65681], [79.01735, 22.65561], [79.01869, 22.65666], [79.01855, 22.66135], [79.0102, 22.66736], [79.01692, 22.66884], [79.01634, 22.67677], [79.01058, 22.68277], [79.01199, 22.68428], [79.01636, 22.68434], [79.01719, 22.6861], [79.01564, 22.68849], [79.01136, 22.69053], [79.00468, 22.69071], [79.00422, 22.69483], [79.01636, 22.70168], [79.0242, 22.702], [79.02859, 22.70862], [79.0219, 22.70831], [79.01834, 22.7134], [79.0133, 22.71592], [79.01502, 22.72165], [79.01225, 22.72682], [79.02761, 22.72739], [79.02225, 22.73224], [79.01767, 22.73243], [79.01703, 22.73984], [79.03059, 22.74514], [79.03147, 22.74898], [79.03664, 22.75306], [79.042, 22.75359], [79.04326, 22.7567], [79.04247, 22.75951], [79.05652, 22.75489], [79.06413, 22.75856], [79.06669, 22.75406], [79.06879, 22.7533], [79.06847, 22.74968], [79.07596, 22.75003], [79.07354, 22.74744], [79.07449, 22.74427], [79.08341, 22.74747], [79.08926, 22.74247], [79.09618, 22.75733], [79.10161, 22.75824], [79.10631, 22.76162], [79.11563, 22.76462], [79.11882, 22.76381], [79.12291, 22.76532], [79.123, 22.76835], [79.12558, 22.77102], [79.12328, 22.77227], [79.12644, 22.77354], [79.12765, 22.77675], [79.12824, 22.77999], [79.12707, 22.78354], [79.13021, 22.78412], [79.13097, 22.78648], [79.13431, 22.7877], [79.1382, 22.79136], [79.14865, 22.78877], [79.15379, 22.79049], [79.15628, 22.79214], [79.1568, 22.79414], [79.16199, 22.79309], [79.16497, 22.79517], [79.17002, 22.78856], [79.17634, 22.78692], [79.17915, 22.78818], [79.18575, 22.79835], [79.19204, 22.79721], [79.19288, 22.80329], [79.19093, 22.80505], [79.19241, 22.809], [79.19694, 22.80728], [79.19903, 22.8101], [79.20283, 22.81151], [79.20668, 22.81063], [79.21783, 22.81312], [79.21967, 22.81133], [79.22271, 22.81121], [79.22222, 22.81532], [79.22659, 22.81238], [79.22877, 22.81688], [79.23066, 22.8147]]]]}, "properties": {"district": "Chhindwara", "state": "Madhya Pradesh", "operational_stp_count": 0, "capacity_mld": 0}}, {"type": "Feature", "geometry": {"type": "Polygon", "coordinates": [[[74.01846, 22.57365], [74.02452, 22.57008], [74.0392, 22.57036], [74.04649, 22.56471], [74.05453, 22.56282], [74.06099, 22.55079], [74.06114, 22.54984], [74.0542, 22.54928], [74.04114, 22.54179], [74.03789, 22.53451], [74.03678, 22.52581], [74.03902, 22.52151], [74.03851, 22.51584], [74.02938, 22.50795], [74.03144, 22.49419], [74.03339, 22.4899], [74.0367, 22.48694], [74.0408, 22.48655], [74.0438, 22.49658], [74.04642, 22.49921], [74.04972, 22.49951], [74.05063, 22.50239], [74.05271, 22.50411], [74.05298, 22.50893], [74.05437, 22.50956], [74.07196, 22.50821], [74.07742, 22.50606], [74.08252, 22.50678], [74.08253, 22.49571], [74.08619, 22.49158], [74.0852, 22.48799], [74.08754, 22.48222], [74.08601, 22.47681], [74.08217, 22.48444], [74.07885, 22.48527], [74.07646, 22.48358], [74.07353, 22.47765], [74.076, 22.46941], [74.07492, 22.46828], [74.07533, 22.4643], [74.08566, 22.46991], [74.09064, 22.46634], [74.09544, 22.46818], [74.10415, 22.46453], [74.1034, 22.45574], [74.10156, 22.45555], [74.1004, 22.45146], [74.09697, 22.45027], [74.09841, 22.44872], [74.09776, 22.44592], [74.09975, 22.43804], [74.10132, 22.43527], [74.10341, 22.43727], [74.10445, 22.43627], [74.10491, 22.42951], [74.10684, 22.42971], [74.1093, 22.42638], [74.11667, 22.42445], [74.11911, 22.41876], [74.12371, 22.41848], [74.12474, 22.41733], [74.12775, 22.42204], [74.12773, 22.42643], [74.12629, 22.42667], [74.12796, 22.42691], [74.1282, 22.43522], [74.13016, 22.43504], [74.12903, 22.43606], [74.1311, 22.43777], [74.13056, 22.43958], [74.13395, 22.44592], [74.13585, 22.44717], [74.14276, 22.44687], [74.14921, 22.45566], [74.15115, 22.45611], [74.15526, 22.4541], [74.15254, 22.44306], [74.15553, 22.43633], [74.16045, 22.43121], [74.16528, 22.43021], [74.16975, 22.43183], [74.1695, 22.43926], [74.18413, 22.44154], [74.18534, 22.45096], [74.18058, 22.45464], [74.17993, 22.46222], [74.18227, 22.46775], [74.18706, 22.4721], [74.1879, 22.47551], [74.1934, 22.47548], [74.19898, 22.47297], [74.20323, 22.46704], [74.2039, 22.46248], [74.20246, 22.45638], [74.20422, 22.45142], [74.20078, 22.43543], [74.20162, 22.43451], [74.21338, 22.43151], [74.21524, 22.4413], [74.22159, 22.43776], [74.22623, 22.43762], [74.2274, 22.43892], [74.23628, 22.4352], [74.25279, 22.43295], [74.2532, 22.43096], [74.26248, 22.4236], [74.26261, 22.41816], [74.27059, 22.41315], [74.26746, 22.40555], [74.29118, 22.39401], [74.28906, 22.39229], [74.27941, 22.3948], [74.27483, 22.39209], [74.2707, 22.39269], [74.25674, 22.39965], [74.25521, 22.39643], [74.25643, 22.39525], [74.25463, 22.39241], [74.25429, 22.38583], [74.25103, 22.38262], [74.24276, 22.38242], [74.24329, 22.37605], [74.23126, 22.37864], [74.22865, 22.37797], [74.22371, 22.37994], [74.22411, 22.37789], [74.22282, 22.37744], [74.22236, 22.37505], [74.22495, 22.36875], [74.22214, 22.36463], [74.22451, 22.36051], [74.22388, 22.35637], [74.21057, 22.36068], [74.20783, 22.36466], [74.20404, 22.36671], [74.20315, 22.36429], [74.20404, 22.35483], [74.20245, 22.35121], [74.20277, 22.34852], [74.19828, 22.34412], [74.19342, 22.34891], [74.1922, 22.34633], [74.19147, 22.34138], [74.19283, 22.3324], [74.19129, 22.32696], [74.19192, 22.32378], [74.19033, 22.32026], [74.18638, 22.31995], [74.17497, 22.3236], [74.16458, 22.3243], [74.1562, 22.32726], [74.15408, 22.3296], [74.1506, 22.32684], [74.14448, 22.32819], [74.14214, 22.32712], [74.13815, 22.33091], [74.13411, 22.3326], [74.12786, 22.33274], [74.12531, 22.33742], [74.12739, 22.3415], [74.12512, 22.3561], [74.12123, 22.35767], [74.11776, 22.35616], [74.11367, 22.35715], [74.11209, 22.36688], [74.10507, 22.37181], [74.09567, 22.37111], [74.09207, 22.36085], [74.088, 22.3598], [74.08261, 22.36171], [74.07078, 22.36129], [74.06789, 22.3599], [74.067, 22.35634], [74.06477, 22.35461], [74.06647, 22.35019], [74.06956, 22.34895], [74.07074, 22.34429], [74.0722, 22.34348], [74.07114, 22.34174], [74.07157, 22.33599], [74.06458, 22.33186], [74.06144, 22.31168], [74.06305, 22.30707], [74.06244, 22.30492], [74.05958, 22.3037], [74.05906, 22.30577], [74.05376, 22.30375], [74.05432, 22.29748], [74.05238, 22.29409], [74.05597, 22.28992], [74.05472, 22.28284], [74.0588, 22.27462], [74.06393, 22.26944], [74.06592, 22.26889], [74.06777, 22.26541], [74.07448, 22.26564], [74.07522, 22.25734], [74.07402, 22.25046], [74.07504, 22.24756], [74.08388, 22.24694], [74.08718, 22.24279], [74.0839, 22.23924], [74.08036, 22.23976], [74.07764, 22.23816], [74.07404, 22.23819], [74.06933, 22.23272], [74.07217, 22.21916], [74.09204, 22.2205], [74.09633, 22.21996], [74.09721, 22.21835], [74.10621, 22.22025], [74.11105, 22.2181], [74.11273, 22.21404], [74.11708, 22.21612], [74.12233, 22.2124], [74.1222, 22.21043], [74.11738, 22.20647], [74.12165, 22.19474], [74.11813, 22.18535], [74.11883, 22.18298], [74.1208, 22.18224], [74.12022, 22.179], [74.12265, 22.17206], [74.12144, 22.1674], [74.12486, 22.16413], [74.13178, 22.1631], [74.13386, 22.16054], [74.13145, 22.15897], [74.13017, 22.1547], [74.13055, 22.14443], [74.1269, 22.1431], [74.12456, 22.13608], [74.12278, 22.13568], [74.12335, 22.12761], [74.12833, 22.12449], [74.12885, 22.12104], [74.12446, 22.09791], [74.12627, 22.0984], [74.12849, 22.09465], [74.14078, 22.09941], [74.14117, 22.10058], [74.15256, 22.10601], [74.15371, 22.1004], [74.15694, 22.09962], [74.16285, 22.1018], [74.16929, 22.1006], [74.16714, 22.09735], [74.16936, 22.09694], [74.17034, 22.09181], [74.17339, 22.09161], [74.17594, 22.0897], [74.17865, 22.08548], [74.16472, 22.08285], [74.16395, 22.07344], [74.15862, 22.06971], [74.16104, 22.06024], [74.16008, 22.05882], [74.15444, 22.05894], [74.15502, 22.05781], [74.13629, 22.05293], [74.13359, 22.04893], [74.13141, 22.04783], [74.13144, 22.04622], [74.13899, 22.0434], [74.14015, 22.04032], [74.12366, 22.03609], [74.12155, 22.03467], [74.12123, 22.03219], [74.11535, 22.02978], [74.11566, 22.02548], [74.11428, 22.02444], [74.095, 22.01898], [74.09214, 22.01483], [74.09209, 22.01362], [74.09638, 22.00989], [74.09968, 22.00142], [74.09991, 22.0], [74.09677, 22.0], [74.09801, 21.99831], [74.09944, 21.9995], [74.10444, 21.99852], [74.1128, 21.99945], [74.11491, 21.9979], [74.11843, 21.99893], [74.12044, 21.9957], [74.12722, 21.99559], [74.14022, 21.99048], [74.14374, 21.99085], [74.14347, 21.98966], [74.1455, 21.98774], [74.14796, 21.98848], [74.15059, 21.98659], [74.14865, 21.98343], [74.14989, 21.97517], [74.14754, 21.97415], [74.14421, 21.9754], [74.14034, 21.97267], [74.14178, 21.9702], [74.13984, 21.96764], [74.1413, 21.96384], [74.14276, 21.96362], [74.14335, 21.96124], [74.1458, 21.96207], [74.14755, 21.96072], [74.14566, 21.95883], [74.14301, 21.9584], [74.14188, 21.95574], [74.14417, 21.95313], [74.14685, 21.95289], [74.14626, 21.94644], [74.13938, 21.94547], [74.13609, 21.95018], [74.12822, 21.94978], [74.1059, 21.94323], [74.08405, 21.93373], [74.06659, 21.93038], [74.06026, 21.92762], [74.0479, 21.925], [74.03123, 21.91609], [74.03122, 21.91406], [74.02886, 21.91214], [74.02358, 21.91092], [74.0039, 21.90025], [73.96875, 21.8859], [73.9451, 21.8743], [73.94051, 21.87091], [73.93769, 21.87353], [73.9356, 21.881], [73.93116, 21.88916], [73.92055, 21.89334], [73.91418, 21.89781], [73.9108, 21.89831], [73.90766, 21.90315], [73.90848, 21.90683], [73.90323, 21.91339], [73.89415, 21.92005], [73.88931, 21.92619], [73.88709, 21.92497], [73.87507, 21.92502], [73.87176, 21.92306], [73.86815, 21.92432], [73.86541, 21.92943], [73.85986, 21.93474], [73.86045, 21.94357], [73.8559, 21.94733], [73.85497, 21.95262], [73.84709, 21.95046], [73.84135, 21.94613], [73.82295, 21.94034], [73.82011, 21.93587], [73.81272, 21.93391], [73.80387, 21.92945], [73.80051, 21.92939], [73.8009, 21.93788], [73.80819, 21.94018], [73.80372, 21.94153], [73.80349, 21.94472], [73.80094, 21.94489], [73.79921, 21.9484], [73.79581, 21.94321], [73.79558, 21.93517], [73.79369, 21.93251], [73.79003, 21.93118], [73.78815, 21.93512], [73.78631, 21.93481], [73.78324, 21.93823], [73.77873, 21.93996], [73.77746, 21.95271], [73.7795, 21.95364], [73.7793, 21.95826], [73.78104, 21.95992], [73.77606, 21.96], [73.77355, 21.96148], [73.77074, 21.96768], [73.7579, 21.96293], [73.74824, 21.96254], [73.74517, 21.96457], [73.73677, 21.9775], [73.7341, 21.97934], [73.7312, 21.97854], [73.72905, 21.97992], [73.72892, 21.98153], [73.71535, 21.98162], [73.71469, 21.97944], [73.71064, 21.97983], [73.70459, 21.97685], [73.7027, 21.99265], [73.70713, 21.99417], [73.70627, 21.99731], [73.70877, 22.00136], [73.70805, 22.00971], [73.70669, 22.00998], [73.70085, 22.00591], [73.70181, 22.00175], [73.69846, 21.99902], [73.69879, 21.99342], [73.69324, 21.9929], [73.69329, 21.99126], [73.69608, 21.98829], [73.68883, 21.98726], [73.68969, 21.98883], [73.68752, 21.9894], [73.689, 21.99202], [73.68683, 21.99596], [73.68921, 21.99633], [73.68793, 21.99908], [73.68938, 21.99894], [73.69109, 22.00098], [73.68946, 22.00897], [73.69011, 22.01143], [73.68692, 22.01262], [73.68275, 22.00969], [73.67973, 22.00105], [73.67809, 22.00956], [73.67637, 22.01143], [73.67446, 22.01079], [73.67098, 22.01297], [73.66997, 22.01481], [73.67133, 22.01774], [73.67198, 22.02683], [73.67446, 22.02628], [73.67601, 22.04313], [73.68359, 22.04317], [73.68451, 22.05122], [73.6822, 22.05319], [73.67752, 22.05381], [73.67359, 22.04871], [73.66668, 22.04678], [73.6655, 22.04566], [73.66565, 22.04335], [73.66054, 22.0431], [73.66078, 22.04736], [73.66191, 22.04821], [73.66071, 22.05112], [73.65886, 22.05045], [73.65751, 22.05444], [73.65934, 22.05596], [73.65729, 22.06201], [73.65209, 22.0604], [73.64847, 22.07205], [73.64497, 22.07332], [73.63802, 22.06768], [73.63035, 22.06689], [73.63082, 22.07953], [73.625, 22.07276], [73.62036, 22.07318], [73.61476, 22.07028], [73.61457, 22.07907], [73.6091, 22.08209], [73.60907, 22.07791], [73.60288, 22.0711], [73.59771, 22.07207], [73.5894, 22.06586], [73.58233, 22.0649], [73.57948, 22.06141], [73.57615, 22.05364], [73.57233, 22.05252], [73.56807, 22.05921], [73.56286, 22.0615], [73.56194, 22.06022], [73.56366, 22.05614], [73.56317, 22.05455], [73.55715, 22.05341], [73.54486, 22.04756], [73.53444, 22.04853], [73.53089, 22.05065], [73.53215, 22.05875], [73.52914, 22.06197], [73.54219, 22.06181], [73.54325, 22.06482], [73.54238, 22.06669], [73.53958, 22.06685], [73.5364, 22.06851], [73.53559, 22.07041], [73.53241, 22.07146], [73.53264, 22.07451], [73.53362, 22.07442], [73.53581, 22.07714], [73.53587, 22.07944], [73.53822, 22.08044], [73.5391, 22.08232], [73.53896, 22.08606], [73.5408, 22.08833], [73.54034, 22.09132], [73.52415, 22.09341], [73.51998, 22.09157], [73.51415, 22.09215], [73.51002, 22.08898], [73.50837, 22.08405], [73.5041, 22.08303], [73.50166, 22.07853], [73.49704, 22.07667], [73.49276, 22.07743], [73.4921, 22.07908], [73.48915, 22.07812], [73.48839, 22.07647], [73.48933, 22.07173], [73.48654, 22.07055], [73.48416, 22.07728], [73.47899, 22.0807], [73.47615, 22.08679], [73.47683, 22.09843], [73.47909, 22.10336], [73.48164, 22.10561], [73.49751, 22.10962], [73.50095, 22.11243], [73.50667, 22.12259], [73.50699, 22.13436], [73.51092, 22.13976], [73.51619, 22.14167], [73.51883, 22.14445], [73.51799, 22.1457], [73.51633, 22.14312], [73.51523, 22.14483], [73.51441, 22.14356], [73.51157, 22.14331], [73.50903, 22.14507], [73.50636, 22.14457], [73.50534, 22.1455], [73.50676, 22.15116], [73.5084, 22.15233], [73.50626, 22.15412], [73.50443, 22.15257], [73.5037, 22.15375], [73.50545, 22.15826], [73.50937, 22.16096], [73.51057, 22.16351], [73.51039, 22.1682], [73.5122, 22.17336], [73.52109, 22.17524], [73.52322, 22.17938], [73.52822, 22.17945], [73.53024, 22.18336], [73.53461, 22.18183], [73.53833, 22.18535], [73.54187, 22.18602], [73.54087, 22.18773], [73.54284, 22.18887], [73.5562, 22.19297], [73.56003, 22.19684], [73.55799, 22.20065], [73.56559, 22.20206], [73.5692, 22.20538], [73.57179, 22.20528], [73.58051, 22.21249], [73.58302, 22.21829], [73.58378, 22.22742], [73.58798, 22.23407], [73.58711, 22.23992], [73.59378, 22.25176], [73.59211, 22.25491], [73.59266, 22.26284], [73.58888, 22.26878], [73.59045, 22.27743], [73.59307, 22.27855], [73.59367, 22.28083], [73.58836, 22.28382], [73.59132, 22.28663], [73.59298, 22.29823], [73.59128, 22.30324], [73.59231, 22.30519], [73.5924, 22.32441], [73.59417, 22.32535], [73.61658, 22.32436], [73.62925, 22.33128], [73.62574, 22.33563], [73.62562, 22.33788], [73.61235, 22.33821], [73.61328, 22.34733], [73.61544, 22.34684], [73.62103, 22.35565], [73.63105, 22.36365], [73.63585, 22.36197], [73.64419, 22.36697], [73.64315, 22.38078], [73.64423, 22.38151], [73.64936, 22.37894], [73.66129, 22.37881], [73.65212, 22.38323], [73.65127, 22.38502], [73.67123, 22.37575], [73.68237, 22.3746], [73.68348, 22.37218], [73.69138, 22.36911], [73.69994, 22.36087], [73.70515, 22.35852], [73.70364, 22.34872], [73.69819, 22.34867], [73.68924, 22.34617], [73.69042, 22.34298], [73.69405, 22.33925], [73.68947, 22.33738], [73.67769, 22.33953], [73.67385, 22.33743], [73.66473, 22.33856], [73.65525, 22.33658], [73.65242, 22.33231], [73.65065, 22.3242], [73.64849, 22.32325], [73.64426, 22.3164], [73.64565, 22.31511], [73.641, 22.3145], [73.63943, 22.31571], [73.6289, 22.31283], [73.63445, 22.30269], [73.63579, 22.30162], [73.64206, 22.30154], [73.64372, 22.29922], [73.64533, 22.29988], [73.64814, 22.29641], [73.65047, 22.29607], [73.65352, 22.28821], [73.66577, 22.28679], [73.69723, 22.28652], [73.69892, 22.29976], [73.70023, 22.29919], [73.70149, 22.30141], [73.70727, 22.30173], [73.7087, 22.30372], [73.71362, 22.30319], [73.71609, 22.29655], [73.71539, 22.29165], [73.7167, 22.29002], [73.72331, 22.28881], [73.72605, 22.29281], [73.73084, 22.28806], [73.73181, 22.29076], [73.73028, 22.29149], [73.72916, 22.29029], [73.72728, 22.29634], [73.72805, 22.30015], [73.73157, 22.30399], [73.72967, 22.30563], [73.72907, 22.30863], [73.72636, 22.30857], [73.7239, 22.31264], [73.72346, 22.31616], [73.72686, 22.31916], [73.72704, 22.3266], [73.72956, 22.33142], [73.72583, 22.33746], [73.73318, 22.33867], [73.73357, 22.34036], [73.73752, 22.34354], [73.74745, 22.3469], [73.74952, 22.3439], [73.75266, 22.34762], [73.75364, 22.35296], [73.7529, 22.35488], [73.7564, 22.35692], [73.75565, 22.35935], [73.75722, 22.36159], [73.75743, 22.36619], [73.76254, 22.36827], [73.76466, 22.37107], [73.76989, 22.38351], [73.76953, 22.38915], [73.74479, 22.38666], [73.73508, 22.38855], [73.73924, 22.39524], [73.73365, 22.40521], [73.73408, 22.40636], [73.73094, 22.40961], [73.72966, 22.41431], [73.73087, 22.42098], [73.73766, 22.42812], [73.74073, 22.43865], [73.74012, 22.4411], [73.73809, 22.44169], [73.73467, 22.4471], [73.73553, 22.45111], [73.74351, 22.45237], [73.74298, 22.45408], [73.73896, 22.45539], [73.7377, 22.45798], [73.73131, 22.45923], [73.73171, 22.4622], [73.73378, 22.46454], [73.73384, 22.46739], [73.73214, 22.46902], [73.734, 22.47611], [73.73203, 22.48097], [73.73794, 22.48661], [73.73716, 22.4916], [73.73383, 22.4948], [73.73284, 22.50213], [73.74095, 22.50162], [73.74514, 22.4996], [73.74748, 22.50203], [73.75088, 22.5028], [73.75129, 22.50825], [73.75546, 22.51021], [73.75269, 22.52485], [73.75405, 22.52905], [73.75605, 22.5303], [73.75847, 22.52792], [73.76268, 22.53185], [73.76415, 22.52697], [73.76748, 22.52646], [73.77576, 22.52968], [73.77301, 22.53232], [73.77315, 22.53529], [73.77813, 22.53751], [73.77909, 22.54114], [73.78327, 22.54638], [73.78625, 22.54803], [73.79462, 22.54736], [73.80887, 22.54902], [73.82625, 22.53989], [73.83288, 22.53395], [73.83873, 22.53329], [73.83789, 22.5299], [73.84358, 22.52132], [73.84468, 22.51689], [73.84903, 22.51285], [73.87014, 22.50466], [73.88034, 22.50292], [73.89058, 22.50845], [73.90506, 22.50719], [73.90839, 22.50918], [73.9105, 22.51253], [73.9245, 22.5205], [73.9262, 22.53014], [73.93626, 22.53844], [73.95216, 22.53489], [73.95981, 22.53681], [73.96503, 22.53603], [73.96976, 22.53852], [73.97081, 22.54218], [73.97442, 22.54525], [73.97797, 22.54731], [73.98123, 22.54728], [73.98275, 22.54949], [73.98577, 22.54973], [73.98687, 22.552], [73.99359, 22.55596], [74.00578, 22.55688], [74.0153, 22.55942], [74.01758, 22.57369], [74.01846, 22.57365]], [[74.17214, 22.41875], [74.16292, 22.4157], [74.16068, 22.41363], [74.15811, 22.41428], [74.15712, 22.41233], [74.16504, 22.40587], [74.16515, 22.39725], [74.17916, 22.38799], [74.17966, 22.39684], [74.17673, 22.39865], [74.17545, 22.40156], [74.17637, 22.40554], [74.17475, 22.40814], [74.17523, 22.41806], [74.17214, 22.41875]]]}, "properties": {"district": "Chhota Udepur", "state": "Gujarat", "operational_stp_count": 0, "capacity_mld": 0}}, {"type": "Feature", "geometry": {"type": "MultiPolygon", "coordinates": [[[[74.11193, 22.54114], [74.11957, 22.53472], [74.12193, 22.52958], [74.12781, 22.52848], [74.13337, 22.52276], [74.14753, 22.52364], [74.14955, 22.52562], [74.15151, 22.52443], [74.15112, 22.52142], [74.13395, 22.51994], [74.13054, 22.52393], [74.12684, 22.52447], [74.1271, 22.52687], [74.12159, 22.5282], [74.11632, 22.53571], [74.11184, 22.53967], [74.1073, 22.53941], [74.1013, 22.53442], [74.09931, 22.53828], [74.10378, 22.53788], [74.11193, 22.54114]]], [[[74.08921, 22.54286], [74.09113, 22.54167], [74.08578, 22.54386], [74.08921, 22.54286]]], [[[74.07615, 22.5519], [74.08011, 22.54837], [74.07464, 22.5514], [74.07156, 22.55109], [74.07615, 22.5519]]], [[[74.06352, 22.55279], [74.06516, 22.55095], [74.07132, 22.55106], [74.06114, 22.54984], [74.06043, 22.55317], [74.05549, 22.56131], [74.06003, 22.55439], [74.06352, 22.55279]]], [[[74.05452, 22.56284], [74.05453, 22.56282], [74.05406, 22.56295], [74.05452, 22.56284]]], [[[74.04798, 22.56436], [74.04836, 22.56427], [74.04807, 22.56432], [74.04798, 22.56436]]], [[[74.04021, 22.56957], [74.04496, 22.5659], [74.04417, 22.56631], [74.04276, 22.56727], [74.04197, 22.56779], [74.04133, 22.56839], [74.0404, 22.56935], [74.04021, 22.56957]]], [[[74.03828, 22.5703], [74.03738, 22.56984], [74.03682, 22.56996], [74.03564, 22.57014], [74.03562, 22.57014], [74.03828, 22.5703]]], [[[74.03124, 22.57038], [74.03332, 22.57026], [74.0296, 22.57038], [74.03124, 22.57038]]], [[[74.02271, 22.57183], [74.02398, 22.57055], [74.01846, 22.57365], [74.02111, 22.57362], [74.02271, 22.57183]]], [[[74.01055, 22.57355], [74.01431, 22.57255], [74.01758, 22.57369], [74.0153, 22.55942], [74.00578, 22.55688], [73.99359, 22.55596], [73.98687, 22.552], [73.98577, 22.54973], [73.98275, 22.54949], [73.98123, 22.54728], [73.97797, 22.54731], [73.97442, 22.54525], [73.97081, 22.54218], [73.96976, 22.53852], [73.96503, 22.53603], [73.95981, 22.53681], [73.95216, 22.53489], [73.93626, 22.53844], [73.9262, 22.53014], [73.9245, 22.5205], [73.9105, 22.51253], [73.90839, 22.50918], [73.90506, 22.50719], [73.89058, 22.50845], [73.88034, 22.50292], [73.87014, 22.50466], [73.85206, 22.51096], [73.84418, 22.51766], [73.84358, 22.52132], [73.83789, 22.5299], [73.83873, 22.53329], [73.83288, 22.53395], [73.82625, 22.53989], [73.8097, 22.54883], [73.8029, 22.54883], [73.80529, 22.55216], [73.80899, 22.55314], [73.80825, 22.55933], [73.81084, 22.56372], [73.81117, 22.56753], [73.81916, 22.56914], [73.83043, 22.56825], [73.8284, 22.56093], [73.83153, 22.55467], [73.83873, 22.5537], [73.84518, 22.55711], [73.85595, 22.55861], [73.85922, 22.55271], [73.86253, 22.55118], [73.86616, 22.54538], [73.8687, 22.54368], [73.87848, 22.54528], [73.88403, 22.54821], [73.88505, 22.54605], [73.88802, 22.54617], [73.88794, 22.5499], [73.88935, 22.55032], [73.89932, 22.54607], [73.90303, 22.55032], [73.90679, 22.54773], [73.90683, 22.53954], [73.90258, 22.53726], [73.89959, 22.52313], [73.9052, 22.51822], [73.90791, 22.52436], [73.91183, 22.52621], [73.9142, 22.52618], [73.92048, 22.52087], [73.92141, 22.53787], [73.9267, 22.53948], [73.93178, 22.54817], [73.93038, 22.55089], [73.93049, 22.5566], [73.92877, 22.56241], [73.93239, 22.56533], [73.94753, 22.56831], [73.95361, 22.56415], [73.95657, 22.56576], [73.97278, 22.56436], [73.97908, 22.55844], [73.97706, 22.55652], [73.97891, 22.55488], [73.98131, 22.55824], [73.98153, 22.56172], [73.98631, 22.5632], [73.98969, 22.56688], [73.99548, 22.56954], [73.9954, 22.57385], [73.99764, 22.57873], [73.99992, 22.5786], [74.00462, 22.57495], [74.01055, 22.57355]]]]}, "properties": {"district": "Dahod", "state": "Gujarat", "operational_stp_count": 0, "capacity_mld": 0}}, {"type": "Feature", "geometry": {"type": "MultiPolygon", "coordinates": [[[[79.43352, 23.21057], [79.43682, 23.2072], [79.42867, 23.20134], [79.42784, 23.19822], [79.42093, 23.19248], [79.39142, 23.17647], [79.3663, 23.16531], [79.36522, 23.16511], [79.36386, 23.17034], [79.35534, 23.17128], [79.35637, 23.16439], [79.35474, 23.15895], [79.35195, 23.15566], [79.33721, 23.15077], [79.33188, 23.15073], [79.33209, 23.1545], [79.33487, 23.1594], [79.32722, 23.16671], [79.33255, 23.16536], [79.33458, 23.163], [79.34033, 23.16382], [79.34301, 23.16693], [79.34588, 23.1678], [79.34665, 23.17203], [79.35053, 23.1753], [79.35826, 23.17839], [79.36083, 23.17696], [79.37085, 23.17543], [79.37353, 23.17228], [79.37922, 23.17727], [79.38518, 23.1781], [79.3868, 23.17978], [79.39765, 23.18393], [79.4088, 23.19171], [79.41211, 23.19], [79.41988, 23.19336], [79.42096, 23.19902], [79.41831, 23.20865], [79.42096, 23.21644], [79.42311, 23.21726], [79.43352, 23.21057]]], [[[79.83264, 23.67978], [79.84097, 23.67225], [79.8495, 23.67378], [79.85331, 23.66982], [79.85948, 23.6662], [79.86648, 23.66723], [79.8705, 23.66451], [79.88337, 23.66832], [79.89361, 23.66602], [79.90092, 23.65728], [79.90824, 23.65282], [79.91086, 23.64707], [79.91227, 23.64644], [79.92129, 23.65512], [79.92278, 23.66122], [79.92598, 23.66226], [79.92598, 23.66569], [79.9323, 23.67395], [79.93511, 23.67389], [79.9401, 23.67686], [79.94034, 23.67193], [79.95046, 23.66789], [79.95552, 23.65867], [79.9552, 23.65662], [79.94794, 23.65165], [79.94346, 23.64532], [79.94415, 23.63606], [79.94649, 23.63388], [79.94763, 23.62679], [79.95149, 23.62223], [79.94939, 23.62342], [79.94034, 23.62399], [79.93095, 23.61022], [79.92744, 23.60891], [79.92925, 23.60551], [79.92701, 23.59935], [79.92969, 23.59519], [79.92658, 23.59429], [79.91742, 23.58664], [79.91216, 23.587], [79.91119, 23.58508], [79.91004, 23.58635], [79.90907, 23.58504], [79.90616, 23.58638], [79.90341, 23.58583], [79.9024, 23.58403], [79.90348, 23.5813], [79.90086, 23.57911], [79.90101, 23.57479], [79.89869, 23.57495], [79.89544, 23.57256], [79.89256, 23.57292], [79.89295, 23.5706], [79.89164, 23.56941], [79.89369, 23.56785], [79.89201, 23.56773], [79.89213, 23.56581], [79.88802, 23.56415], [79.88728, 23.56155], [79.88599, 23.56224], [79.88489, 23.55898], [79.88336, 23.55966], [79.87998, 23.55702], [79.87912, 23.55836], [79.8782, 23.55644], [79.87664, 23.55624], [79.87824, 23.55439], [79.87547, 23.55283], [79.87632, 23.55148], [79.87446, 23.54995], [79.87324, 23.54042], [79.84732, 23.50417], [79.84319, 23.50536], [79.83642, 23.51121], [79.81531, 23.51268], [79.82016, 23.51051], [79.81962, 23.50853], [79.81543, 23.50201], [79.81275, 23.50183], [79.80998, 23.49884], [79.81572, 23.49528], [79.81467, 23.49055], [79.80784, 23.4816], [79.80202, 23.46815], [79.80214, 23.46584], [79.7965, 23.46321], [79.79276, 23.46495], [79.78738, 23.45985], [79.79357, 23.45551], [79.78556, 23.44867], [79.78596, 23.44653], [79.78887, 23.44632], [79.78334, 23.44323], [79.78216, 23.44111], [79.77513, 23.43927], [79.77141, 23.44261], [79.77154, 23.44598], [79.76765, 23.44533], [79.76657, 23.43827], [79.75843, 23.43197], [79.75555, 23.43304], [79.74718, 23.43014], [79.74557, 23.43154], [79.74133, 23.42982], [79.74084, 23.43407], [79.73777, 23.43659], [79.73706, 23.43294], [79.73482, 23.43114], [79.73547, 23.42625], [79.7292, 23.42825], [79.72435, 23.42539], [79.72659, 23.4244], [79.72487, 23.4224], [79.72295, 23.42274], [79.72479, 23.4188], [79.72986, 23.42065], [79.73312, 23.41968], [79.7306, 23.41283], [79.7329, 23.4116], [79.73318, 23.40928], [79.725, 23.39965], [79.71974, 23.39841], [79.72246, 23.39381], [79.71727, 23.3922], [79.71964, 23.38894], [79.71943, 23.38581], [79.71611, 23.38246], [79.71562, 23.37788], [79.71248, 23.37168], [79.70448, 23.37595], [79.70348, 23.37511], [79.70633, 23.36801], [79.70285, 23.36153], [79.68755, 23.34979], [79.67484, 23.34337], [79.6745, 23.33822], [79.66843, 23.33515], [79.6649, 23.3365], [79.66264, 23.33418], [79.65561, 23.33132], [79.63332, 23.31784], [79.61497, 23.30918], [79.59505, 23.29632], [79.59464, 23.295], [79.5931, 23.29505], [79.56944, 23.28091], [79.56707, 23.27892], [79.56633, 23.27622], [79.56149, 23.27587], [79.55538, 23.27063], [79.54533, 23.26691], [79.5321, 23.25959], [79.53087, 23.26025], [79.53265, 23.26339], [79.53144, 23.26578], [79.51578, 23.26834], [79.51122, 23.2682], [79.49857, 23.26158], [79.49197, 23.26412], [79.48828, 23.26402], [79.49298, 23.26185], [79.48892, 23.25696], [79.48728, 23.24969], [79.47863, 23.24386], [79.4753, 23.2379], [79.45716, 23.22655], [79.45167, 23.2194], [79.44639, 23.21522], [79.44401, 23.22037], [79.44763, 23.22384], [79.45845, 23.2477], [79.46098, 23.24893], [79.46433, 23.25484], [79.46936, 23.25985], [79.47107, 23.2651], [79.47515, 23.26643], [79.4743, 23.27144], [79.48164, 23.27949], [79.4835, 23.28233], [79.48343, 23.28533], [79.4891, 23.2876], [79.49601, 23.29563], [79.49598, 23.29899], [79.49809, 23.30102], [79.50685, 23.29478], [79.50875, 23.2987], [79.51093, 23.29643], [79.51526, 23.29651], [79.52058, 23.29976], [79.52223, 23.29637], [79.53008, 23.29636], [79.53182, 23.29817], [79.53431, 23.29558], [79.54181, 23.29561], [79.54263, 23.29393], [79.55103, 23.29144], [79.5576, 23.29665], [79.55431, 23.31484], [79.57572, 23.31314], [79.57769, 23.31818], [79.58286, 23.32157], [79.58935, 23.32061], [79.59096, 23.32978], [79.59515, 23.33143], [79.60096, 23.33728], [79.60681, 23.33893], [79.61518, 23.34736], [79.62175, 23.34723], [79.62515, 23.34893], [79.63146, 23.35746], [79.63752, 23.3564], [79.64907, 23.35925], [79.65304, 23.36574], [79.65181, 23.37399], [79.66019, 23.38147], [79.6618, 23.38478], [79.66933, 23.38729], [79.67015, 23.39576], [79.67515, 23.40056], [79.6762, 23.40458], [79.67774, 23.40298], [79.68513, 23.40313], [79.68678, 23.40141], [79.70015, 23.40059], [79.70167, 23.40683], [79.69762, 23.41519], [79.69762, 23.4177], [79.70106, 23.41988], [79.70757, 23.42808], [79.71109, 23.42984], [79.72159, 23.44323], [79.72014, 23.44896], [79.72231, 23.45215], [79.72098, 23.4565], [79.73823, 23.46425], [79.74035, 23.46848], [79.74592, 23.47384], [79.75077, 23.48276], [79.75167, 23.50109], [79.74016, 23.5032], [79.73889, 23.50709], [79.73345, 23.51512], [79.73361, 23.52277], [79.73515, 23.52727], [79.73411, 23.52961], [79.73523, 23.53059], [79.74085, 23.52811], [79.7418, 23.53394], [79.74348, 23.53476], [79.74351, 23.54051], [79.75203, 23.54156], [79.75592, 23.5456], [79.76098, 23.54643], [79.76184, 23.55292], [79.77134, 23.55664], [79.77584, 23.56996], [79.76764, 23.58096], [79.76758, 23.58476], [79.76342, 23.58748], [79.76225, 23.59228], [79.76696, 23.59222], [79.77015, 23.58891], [79.78344, 23.59078], [79.78153, 23.59658], [79.79504, 23.60621], [79.79181, 23.6215], [79.79875, 23.62487], [79.80601, 23.62664], [79.8058, 23.63132], [79.80172, 23.63524], [79.80267, 23.65156], [79.80437, 23.65511], [79.80324, 23.6579], [79.80599, 23.6606], [79.80388, 23.66563], [79.80553, 23.66884], [79.81436, 23.67146], [79.81637, 23.67562], [79.8251, 23.67638], [79.83264, 23.67978]]]]}, "properties": {"district": "Damoh", "state": "Madhya Pradesh", "operational_stp_count": 0, "capacity_mld": 0}}, {"type": "Feature", "geometry": {"type": "Polygon", "coordinates": [[[81.19933, 22.98313], [81.19168, 22.96069], [81.18638, 22.95239], [81.1876, 22.95133], [81.18724, 22.9472], [81.19135, 22.94435], [81.19209, 22.94151], [81.19078, 22.92807], [81.19613, 22.92068], [81.19931, 22.91257], [81.20417, 22.9115], [81.21309, 22.91577], [81.22945, 22.90761], [81.23719, 22.90153], [81.25722, 22.90162], [81.26603, 22.88912], [81.278, 22.88003], [81.28948, 22.87942], [81.30037, 22.88212], [81.31005, 22.87765], [81.31482, 22.87773], [81.31983, 22.86718], [81.3238, 22.8634], [81.32742, 22.86159], [81.33564, 22.86208], [81.34146, 22.85791], [81.34763, 22.85622], [81.35083, 22.85209], [81.35653, 22.85211], [81.36084, 22.85045], [81.36608, 22.85214], [81.37013, 22.85614], [81.38873, 22.85523], [81.39377, 22.85208], [81.40324, 22.85395], [81.40491, 22.85083], [81.40293, 22.84779], [81.40572, 22.84457], [81.41835, 22.84234], [81.42464, 22.83954], [81.4294, 22.83537], [81.42981, 22.82885], [81.43594, 22.82293], [81.43803, 22.81853], [81.4374, 22.81411], [81.43383, 22.80947], [81.43438, 22.80712], [81.44159, 22.7976], [81.45043, 22.79428], [81.44895, 22.79165], [81.44581, 22.78993], [81.44547, 22.78809], [81.45248, 22.77805], [81.45228, 22.772], [81.45406, 22.76971], [81.45781, 22.76821], [81.46066, 22.77167], [81.46428, 22.77072], [81.46756, 22.76659], [81.46972, 22.76041], [81.47895, 22.7583], [81.48323, 22.75891], [81.48512, 22.76155], [81.48819, 22.75944], [81.49191, 22.76083], [81.49494, 22.75874], [81.49614, 22.76129], [81.50216, 22.7606], [81.50386, 22.76512], [81.50968, 22.76538], [81.51242, 22.76268], [81.515, 22.76295], [81.51383, 22.76004], [81.51499, 22.75733], [81.5171, 22.76121], [81.5193, 22.7608], [81.52076, 22.75809], [81.52082, 22.75379], [81.52538, 22.75273], [81.52642, 22.74778], [81.52757, 22.74778], [81.52855, 22.75226], [81.53245, 22.75156], [81.53122, 22.74714], [81.53281, 22.74575], [81.53532, 22.74765], [81.53589, 22.75329], [81.53829, 22.75349], [81.54116, 22.75106], [81.54391, 22.75134], [81.54612, 22.7546], [81.54912, 22.75441], [81.54898, 22.75765], [81.55401, 22.76103], [81.56258, 22.75949], [81.56358, 22.75585], [81.56665, 22.75396], [81.57113, 22.75587], [81.57528, 22.75587], [81.57685, 22.75451], [81.57871, 22.75617], [81.58002, 22.75576], [81.58125, 22.75771], [81.58377, 22.75539], [81.58563, 22.75791], [81.58806, 22.75852], [81.58843, 22.75695], [81.59247, 22.75406], [81.59432, 22.75403], [81.59469, 22.75697], [81.5965, 22.75699], [81.59777, 22.75958], [81.60038, 22.76004], [81.60331, 22.76338], [81.6069, 22.7632], [81.60613, 22.76579], [81.60745, 22.7678], [81.60964, 22.76786], [81.61105, 22.76961], [81.61283, 22.76856], [81.61357, 22.76988], [81.61519, 22.7693], [81.61591, 22.77155], [81.61872, 22.76989], [81.6199, 22.7725], [81.622, 22.77114], [81.62209, 22.77281], [81.62557, 22.77414], [81.62512, 22.77824], [81.62726, 22.77723], [81.62951, 22.78141], [81.63443, 22.77992], [81.63444, 22.78195], [81.63623, 22.78215], [81.63787, 22.7855], [81.64061, 22.78564], [81.64263, 22.7874], [81.64422, 22.78582], [81.64516, 22.78694], [81.6508, 22.78713], [81.65237, 22.78558], [81.65326, 22.7868], [81.65606, 22.78642], [81.65786, 22.78774], [81.65851, 22.78439], [81.66013, 22.78357], [81.66531, 22.7832], [81.6664, 22.78529], [81.67328, 22.78302], [81.676, 22.78435], [81.68001, 22.78354], [81.68302, 22.78143], [81.68422, 22.78186], [81.68317, 22.78304], [81.68538, 22.78345], [81.6896, 22.77957], [81.6902, 22.78116], [81.69194, 22.78022], [81.69462, 22.77656], [81.69325, 22.77483], [81.69534, 22.77479], [81.69344, 22.77266], [81.69475, 22.76669], [81.69228, 22.76535], [81.69451, 22.76283], [81.69655, 22.76327], [81.69708, 22.76178], [81.69865, 22.76183], [81.69808, 22.75762], [81.69594, 22.75856], [81.6958, 22.75653], [81.69707, 22.75636], [81.69675, 22.75456], [81.69993, 22.75442], [81.69856, 22.75057], [81.70104, 22.75033], [81.70132, 22.74803], [81.70544, 22.74506], [81.70457, 22.74027], [81.70242, 22.73801], [81.70476, 22.73552], [81.70248, 22.73304], [81.70141, 22.72775], [81.69922, 22.72683], [81.69897, 22.72204], [81.69424, 22.71583], [81.69338, 22.71032], [81.69771, 22.70514], [81.70744, 22.70217], [81.71024, 22.70279], [81.71144, 22.70048], [81.71377, 22.70346], [81.71622, 22.70115], [81.71818, 22.70267], [81.72577, 22.70048], [81.72656, 22.69889], [81.73106, 22.69815], [81.73879, 22.69038], [81.74146, 22.68918], [81.73128, 22.68079], [81.7282, 22.67597], [81.72555, 22.67805], [81.72406, 22.67591], [81.72422, 22.66449], [81.72074, 22.66342], [81.72314, 22.66127], [81.72184, 22.65822], [81.71331, 22.64947], [81.69964, 22.64487], [81.69192, 22.64848], [81.68231, 22.64781], [81.68056, 22.64283], [81.67407, 22.63905], [81.67302, 22.63455], [81.66814, 22.63364], [81.66685, 22.63083], [81.66244, 22.62681], [81.66035, 22.61929], [81.64651, 22.62113], [81.64418, 22.61873], [81.64389, 22.61393], [81.64592, 22.60989], [81.64069, 22.60578], [81.6425, 22.60351], [81.64221, 22.59865], [81.64407, 22.59522], [81.64419, 22.58824], [81.64303, 22.58499], [81.64397, 22.58193], [81.65047, 22.58042], [81.65305, 22.57811], [81.65674, 22.5699], [81.65346, 22.56474], [81.64551, 22.56417], [81.64337, 22.56537], [81.64013, 22.56513], [81.63881, 22.56667], [81.63125, 22.56503], [81.62568, 22.56528], [81.62205, 22.56731], [81.61814, 22.56465], [81.60917, 22.56457], [81.60319, 22.55752], [81.60397, 22.5536], [81.60747, 22.55278], [81.61152, 22.54697], [81.61168, 22.53921], [81.60768, 22.53703], [81.6022, 22.53671], [81.59678, 22.54016], [81.59489, 22.54781], [81.58568, 22.5449], [81.58039, 22.54653], [81.57026, 22.55281], [81.56231, 22.54791], [81.56131, 22.53513], [81.55801, 22.53621], [81.55395, 22.531], [81.55177, 22.5305], [81.54387, 22.53243], [81.53344, 22.54015], [81.52877, 22.54043], [81.52069, 22.54036], [81.52289, 22.53432], [81.52038, 22.5278], [81.51232, 22.52564], [81.50944, 22.52852], [81.50114, 22.53197], [81.49573, 22.53101], [81.49546, 22.52643], [81.49731, 22.52303], [81.49118, 22.50784], [81.48559, 22.50285], [81.48589, 22.49031], [81.48168, 22.4893], [81.47856, 22.49222], [81.47363, 22.49344], [81.4733, 22.49488], [81.46467, 22.49778], [81.46136, 22.49593], [81.45904, 22.49113], [81.45257, 22.49776], [81.44579, 22.49448], [81.43988, 22.49741], [81.43921, 22.49502], [81.44231, 22.4861], [81.44474, 22.48491], [81.43099, 22.48087], [81.42612, 22.48218], [81.41881, 22.4787], [81.42064, 22.46776], [81.42425, 22.46239], [81.42414, 22.45334], [81.42279, 22.44899], [81.41232, 22.44555], [81.40754, 22.44733], [81.40397, 22.44448], [81.40289, 22.44097], [81.39762, 22.44169], [81.39464, 22.44464], [81.3935, 22.44623], [81.39545, 22.45023], [81.39117, 22.45262], [81.3887, 22.45948], [81.39085, 22.46879], [81.39261, 22.47037], [81.39166, 22.48202], [81.39368, 22.48299], [81.38837, 22.48673], [81.38504, 22.49251], [81.38678, 22.50067], [81.38275, 22.5132], [81.37499, 22.51447], [81.37329, 22.51638], [81.36168, 22.51626], [81.3599, 22.5145], [81.35681, 22.51533], [81.35254, 22.51785], [81.33995, 22.52109], [81.33518, 22.52589], [81.33059, 22.5273], [81.32431, 22.52693], [81.32254, 22.52259], [81.32339, 22.51901], [81.31735, 22.51666], [81.31781, 22.51169], [81.31992, 22.5071], [81.31976, 22.50316], [81.3182, 22.50186], [81.32013, 22.49461], [81.31813, 22.49392], [81.3227, 22.49042], [81.32085, 22.48608], [81.31518, 22.48777], [81.31373, 22.48292], [81.30756, 22.48192], [81.30221, 22.48922], [81.2875, 22.49865], [81.2865, 22.50077], [81.2816, 22.50444], [81.27883, 22.50359], [81.27292, 22.49402], [81.26366, 22.49735], [81.25981, 22.4928], [81.25814, 22.48529], [81.26147, 22.47298], [81.25716, 22.4702], [81.25348, 22.46497], [81.24365, 22.45641], [81.22975, 22.45263], [81.20774, 22.45659], [81.20661, 22.46269], [81.19946, 22.46303], [81.20145, 22.4682], [81.20039, 22.46946], [81.19992, 22.4852], [81.19767, 22.48957], [81.19352, 22.49095], [81.19749, 22.49283], [81.19696, 22.4961], [81.19492, 22.49798], [81.19398, 22.50172], [81.18995, 22.50601], [81.18868, 22.51014], [81.18939, 22.51126], [81.18481, 22.5143], [81.1838, 22.51734], [81.17839, 22.52274], [81.17816, 22.52636], [81.17398, 22.52608], [81.17359, 22.52877], [81.17249, 22.52852], [81.16833, 22.53388], [81.16782, 22.53675], [81.16905, 22.5385], [81.16791, 22.54054], [81.16531, 22.54095], [81.16225, 22.53938], [81.15991, 22.54037], [81.15979, 22.5414], [81.16204, 22.54209], [81.15712, 22.5469], [81.1554, 22.55409], [81.15566, 22.55518], [81.15938, 22.55566], [81.15754, 22.5575], [81.15802, 22.55951], [81.15494, 22.55933], [81.15248, 22.5621], [81.14816, 22.56224], [81.14962, 22.56597], [81.14384, 22.56715], [81.14259, 22.57128], [81.14045, 22.5699], [81.13745, 22.57114], [81.13584, 22.57288], [81.13642, 22.57466], [81.13507, 22.57716], [81.13632, 22.58053], [81.1314, 22.58651], [81.12581, 22.58791], [81.12631, 22.58994], [81.12317, 22.59409], [81.11477, 22.59381], [81.11368, 22.59508], [81.11402, 22.59864], [81.11174, 22.59976], [81.11025, 22.59954], [81.11005, 22.59751], [81.10763, 22.59598], [81.10135, 22.59837], [81.09674, 22.59629], [81.09378, 22.5973], [81.08911, 22.6027], [81.08938, 22.61031], [81.08421, 22.61323], [81.08148, 22.61263], [81.08038, 22.60985], [81.07547, 22.60909], [81.06808, 22.61426], [81.06653, 22.60981], [81.06299, 22.60754], [81.05263, 22.60811], [81.04556, 22.60603], [81.04348, 22.60882], [81.04362, 22.61339], [81.03971, 22.61386], [81.03708, 22.61616], [81.03233, 22.61591], [81.03126, 22.61333], [81.03293, 22.60404], [81.02832, 22.6019], [81.02265, 22.60202], [81.02096, 22.59574], [81.01709, 22.59182], [81.01786, 22.58975], [81.0206, 22.588], [81.02115, 22.58282], [81.01646, 22.57353], [81.01609, 22.57045], [81.02404, 22.56986], [81.02536, 22.56603], [81.0248, 22.56133], [81.0098, 22.55429], [81.00763, 22.54807], [80.99073, 22.54568], [80.98754, 22.54207], [80.98487, 22.54099], [80.98354, 22.54095], [80.98235, 22.54351], [80.9803, 22.54453], [80.97022, 22.54295], [80.96538, 22.54995], [80.96578, 22.5587], [80.96471, 22.56079], [80.96123, 22.56087], [80.94923, 22.55526], [80.94575, 22.55816], [80.94467, 22.56519], [80.93554, 22.57169], [80.93443, 22.57375], [80.93432, 22.58089], [80.93662, 22.58396], [80.93607, 22.58774], [80.93941, 22.58652], [80.94024, 22.58323], [80.94287, 22.58294], [80.95096, 22.58833], [80.95272, 22.59116], [80.95683, 22.58717], [80.95975, 22.59056], [80.96535, 22.5896], [80.96723, 22.59188], [80.96695, 22.59441], [80.95563, 22.59699], [80.95725, 22.60451], [80.96269, 22.60597], [80.96746, 22.61151], [80.97329, 22.61166], [80.98002, 22.60713], [80.98155, 22.60815], [80.98451, 22.61494], [80.98716, 22.61438], [80.99022, 22.61101], [80.99329, 22.61176], [80.99368, 22.61388], [80.99836, 22.61759], [81.00249, 22.6179], [81.00452, 22.62237], [81.00783, 22.62154], [81.00891, 22.62369], [81.00603, 22.62606], [81.00611, 22.63019], [81.00948, 22.63897], [81.01152, 22.64084], [81.00464, 22.64392], [80.99715, 22.64522], [80.99106, 22.64848], [80.98663, 22.64906], [80.97585, 22.6487], [80.97138, 22.64401], [80.96533, 22.65008], [80.96229, 22.64734], [80.96482, 22.64202], [80.96314, 22.63742], [80.95941, 22.63785], [80.95571, 22.64112], [80.95528, 22.64366], [80.94867, 22.64736], [80.9509, 22.6512], [80.95392, 22.65069], [80.95456, 22.65619], [80.95004, 22.66413], [80.94389, 22.66869], [80.94371, 22.67379], [80.94044, 22.68004], [80.9317, 22.67798], [80.92283, 22.67944], [80.92396, 22.68444], [80.92297, 22.69219], [80.92937, 22.7061], [80.92912, 22.70798], [80.92789, 22.70976], [80.91909, 22.70898], [80.91659, 22.71133], [80.91649, 22.71413], [80.92687, 22.73065], [80.94264, 22.74434], [80.92489, 22.75501], [80.91144, 22.75628], [80.89858, 22.76012], [80.87651, 22.75758], [80.87243, 22.75868], [80.86761, 22.75811], [80.87017, 22.76671], [80.87088, 22.77394], [80.86995, 22.78017], [80.87212, 22.78878], [80.87031, 22.80174], [80.86912, 22.80458], [80.85462, 22.80597], [80.85445, 22.80732], [80.85775, 22.8254], [80.86718, 22.83439], [80.86698, 22.83856], [80.8711, 22.84662], [80.87073, 22.84821], [80.86725, 22.84938], [80.84556, 22.85086], [80.83051, 22.84964], [80.82662, 22.83299], [80.8165, 22.83143], [80.79158, 22.81898], [80.78772, 22.82099], [80.78561, 22.82034], [80.78501, 22.82153], [80.78325, 22.81965], [80.78087, 22.82076], [80.77967, 22.8182], [80.77751, 22.81767], [80.77514, 22.81472], [80.7638, 22.81343], [80.74358, 22.8159], [80.72997, 22.81176], [80.72937, 22.82465], [80.73025, 22.83017], [80.73188, 22.83261], [80.72676, 22.8329], [80.72871, 22.83705], [80.73446, 22.8357], [80.73726, 22.83857], [80.73802, 22.84196], [80.74275, 22.84119], [80.74083, 22.8468], [80.73808, 22.84963], [80.73637, 22.85645], [80.71846, 22.86258], [80.71654, 22.86231], [80.71149, 22.85713], [80.70887, 22.85071], [80.70034, 22.85065], [80.6961, 22.85241], [80.69268, 22.85634], [80.68857, 22.8443], [80.68752, 22.8476], [80.68388, 22.8513], [80.68195, 22.84931], [80.68336, 22.84317], [80.68181, 22.83919], [80.67904, 22.83653], [80.67376, 22.83821], [80.67027, 22.83633], [80.66718, 22.83997], [80.66803, 22.84098], [80.66709, 22.84225], [80.66523, 22.84163], [80.66201, 22.84311], [80.65923, 22.84214], [80.65525, 22.84281], [80.651, 22.83948], [80.64811, 22.84506], [80.64826, 22.84865], [80.63066, 22.85522], [80.6122, 22.85785], [80.58854, 22.85668], [80.58895, 22.86022], [80.5825, 22.86309], [80.58228, 22.86562], [80.5681, 22.86992], [80.56832, 22.87603], [80.56029, 22.88047], [80.55609, 22.87184], [80.55234, 22.86955], [80.54419, 22.86825], [80.53113, 22.87231], [80.52343, 22.87189], [80.52601, 22.8745], [80.53801, 22.90307], [80.53967, 22.91946], [80.53664, 22.92762], [80.53151, 22.93572], [80.52962, 22.93696], [80.51869, 22.93845], [80.5132, 22.94202], [80.50933, 22.94726], [80.51279, 22.95099], [80.51663, 22.95226], [80.53165, 22.94521], [80.53559, 22.94577], [80.53832, 22.94808], [80.54272, 22.96106], [80.54555, 22.96346], [80.56278, 22.9572], [80.56796, 22.95778], [80.57126, 22.96087], [80.57511, 22.96958], [80.57639, 22.97637], [80.57156, 22.97835], [80.56937, 22.98571], [80.55915, 22.98722], [80.55897, 22.98969], [80.55543, 22.99373], [80.55583, 22.99573], [80.55739, 22.99428], [80.55939, 22.99521], [80.56509, 22.99448], [80.56693, 23.00526], [80.57, 23.01417], [80.57181, 23.01493], [80.5718, 23.0214], [80.55975, 23.03041], [80.5567, 23.05477], [80.56764, 23.05393], [80.57416, 23.05488], [80.57682, 23.05308], [80.57978, 23.05314], [80.57775, 23.04839], [80.58366, 23.04552], [80.58838, 23.04061], [80.59492, 23.04186], [80.59722, 23.04772], [80.59925, 23.04561], [80.60677, 23.04534], [80.61762, 23.04849], [80.61753, 23.05968], [80.62182, 23.0631], [80.6207, 23.0656], [80.62221, 23.06895], [80.63011, 23.06974], [80.63431, 23.07143], [80.63514, 23.07482], [80.64098, 23.0789], [80.64097, 23.08225], [80.64616, 23.08525], [80.64917, 23.09111], [80.64414, 23.09451], [80.6468, 23.10135], [80.64525, 23.10199], [80.64086, 23.09866], [80.63222, 23.09725], [80.63083, 23.09871], [80.62834, 23.09866], [80.62428, 23.10304], [80.62652, 23.10647], [80.63011, 23.10639], [80.6317, 23.11102], [80.6299, 23.11648], [80.6342, 23.11639], [80.63838, 23.11976], [80.64504, 23.12226], [80.64987, 23.12113], [80.65124, 23.13091], [80.65323, 23.13282], [80.64834, 23.13759], [80.65053, 23.13878], [80.66419, 23.13968], [80.66752, 23.14194], [80.67596, 23.13809], [80.68265, 23.13728], [80.68396, 23.13458], [80.68927, 23.13731], [80.69833, 23.13713], [80.70771, 23.15354], [80.70758, 23.15956], [80.71, 23.16701], [80.71305, 23.16433], [80.71902, 23.16637], [80.72429, 23.16641], [80.73258, 23.17309], [80.73566, 23.17409], [80.74552, 23.18532], [80.75681, 23.18311], [80.7598, 23.18038], [80.76131, 23.17416], [80.76335, 23.17317], [80.7634, 23.16936], [80.77097, 23.16559], [80.77598, 23.16809], [80.78294, 23.17517], [80.78752, 23.17666], [80.78846, 23.18728], [80.7905, 23.18827], [80.79361, 23.19342], [80.7993, 23.19888], [80.79731, 23.20153], [80.79261, 23.20307], [80.79263, 23.20731], [80.79435, 23.20896], [80.79101, 23.21578], [80.7918, 23.22311], [80.7941, 23.22423], [80.79928, 23.23313], [80.80176, 23.23308], [80.80428, 23.2355], [80.80537, 23.23885], [80.81001, 23.23646], [80.81264, 23.23641], [80.81386, 23.23893], [80.82218, 23.23623], [80.828, 23.23976], [80.82923, 23.23664], [80.82924, 23.23017], [80.83522, 23.22726], [80.83918, 23.22315], [80.8452, 23.22441], [80.85131, 23.21948], [80.86268, 23.22106], [80.86643, 23.22288], [80.86847, 23.22982], [80.871, 23.23224], [80.87394, 23.2383], [80.8855, 23.24393], [80.88849, 23.24054], [80.89569, 23.24055], [80.89724, 23.24532], [80.90018, 23.24731], [80.91127, 23.24864], [80.91306, 23.25234], [80.91763, 23.25224], [80.91593, 23.25913], [80.9168, 23.27398], [80.92228, 23.28142], [80.92688, 23.28143], [80.93085, 23.28556], [80.93515, 23.28564], [80.93922, 23.28141], [80.94175, 23.28146], [80.94485, 23.27916], [80.94332, 23.27618], [80.94515, 23.27311], [80.94511, 23.26479], [80.95431, 23.26144], [80.95747, 23.25816], [80.96183, 23.25643], [80.95995, 23.25197], [80.96269, 23.25056], [80.96918, 23.25069], [80.96837, 23.23952], [80.96575, 23.23443], [80.9696, 23.23257], [80.97133, 23.229], [80.97598, 23.22894], [80.98103, 23.22306], [80.97506, 23.21376], [80.97497, 23.2062], [80.98017, 23.2031], [80.98331, 23.19664], [80.98343, 23.19122], [80.97919, 23.18542], [80.98649, 23.17973], [80.98336, 23.17366], [80.97893, 23.17075], [80.98136, 23.1657], [80.98279, 23.15713], [80.98713, 23.15503], [80.9834, 23.15226], [80.98333, 23.1463], [80.98478, 23.14027], [80.98946, 23.13396], [81.001, 23.13473], [81.00182, 23.14227], [81.00023, 23.14568], [81.0069, 23.15758], [81.01345, 23.16202], [81.01847, 23.16031], [81.02346, 23.16141], [81.03095, 23.1672], [81.03282, 23.17106], [81.03713, 23.16814], [81.04543, 23.17024], [81.04918, 23.16651], [81.05514, 23.16424], [81.06071, 23.15757], [81.06174, 23.14645], [81.05625, 23.14285], [81.05405, 23.13832], [81.04878, 23.13453], [81.05585, 23.12747], [81.0568, 23.1164], [81.06015, 23.11478], [81.06169, 23.11002], [81.06667, 23.10875], [81.06925, 23.11143], [81.07592, 23.10487], [81.07595, 23.09981], [81.08234, 23.09452], [81.07943, 23.08764], [81.09252, 23.08239], [81.09256, 23.08035], [81.09088, 23.07874], [81.09079, 23.07469], [81.09303, 23.06978], [81.09841, 23.07094], [81.10675, 23.07793], [81.11465, 23.07591], [81.11696, 23.07831], [81.12195, 23.07493], [81.12787, 23.07348], [81.13161, 23.07103], [81.13305, 23.06807], [81.13926, 23.06819], [81.14662, 23.05854], [81.1449, 23.05236], [81.13772, 23.05062], [81.13584, 23.04784], [81.13481, 23.0415], [81.12533, 23.03898], [81.1278, 23.01722], [81.1359, 23.01317], [81.13927, 23.00899], [81.14021, 23.00346], [81.14268, 23.00226], [81.14105, 22.98969], [81.14593, 22.98979], [81.14763, 22.98726], [81.15157, 22.98598], [81.14967, 22.98052], [81.1518, 22.97892], [81.16095, 22.98156], [81.16095, 22.98646], [81.16385, 22.99638], [81.17299, 22.99652], [81.18003, 22.99514], [81.18093, 22.98729], [81.18584, 22.98561], [81.19508, 22.98646], [81.19933, 22.98313]]]}, "properties": {"district": "Dindori", "state": "Madhya Pradesh", "operational_stp_count": 0, "capacity_mld": 0}}, {"type": "Feature", "geometry": {"type": "Polygon", "coordinates": [[[77.21291, 22.56563], [77.2132, 22.56201], [77.21696, 22.55623], [77.23411, 22.55079], [77.24132, 22.55039], [77.24915, 22.55524], [77.2575, 22.55358], [77.2614, 22.55065], [77.26475, 22.54182], [77.27168, 22.53901], [77.27182, 22.53524], [77.26949, 22.53196], [77.25534, 22.5287], [77.24883, 22.52362], [77.24769, 22.52055], [77.24883, 22.51827], [77.25323, 22.51586], [77.26073, 22.51901], [77.26316, 22.51851], [77.26901, 22.50808], [77.28231, 22.49742], [77.28128, 22.48871], [77.28229, 22.47069], [77.28151, 22.46363], [77.28398, 22.45943], [77.29063, 22.45285], [77.29258, 22.44804], [77.28911, 22.44204], [77.28393, 22.4406], [77.28009, 22.43538], [77.28445, 22.43322], [77.28776, 22.43452], [77.29918, 22.43272], [77.30611, 22.43838], [77.30897, 22.43663], [77.30967, 22.43262], [77.30094, 22.41675], [77.301, 22.41284], [77.31325, 22.40026], [77.31429, 22.3934], [77.31915, 22.38549], [77.31945, 22.38287], [77.31734, 22.37833], [77.32204, 22.3756], [77.32298, 22.37333], [77.32198, 22.37146], [77.31578, 22.36784], [77.31748, 22.36197], [77.31666, 22.35691], [77.31397, 22.35377], [77.31404, 22.35213], [77.32039, 22.34861], [77.32164, 22.34065], [77.32968, 22.34226], [77.33167, 22.33799], [77.34603, 22.3267], [77.34818, 22.31893], [77.35627, 22.31822], [77.35739, 22.31708], [77.35763, 22.31319], [77.35968, 22.30912], [77.35201, 22.29977], [77.35422, 22.29014], [77.35874, 22.28519], [77.36685, 22.28624], [77.37043, 22.2836], [77.36306, 22.2689], [77.36221, 22.26031], [77.36411, 22.25445], [77.36319, 22.24746], [77.3682, 22.24516], [77.38607, 22.24422], [77.38997, 22.22303], [77.38145, 22.21723], [77.39553, 22.20311], [77.40263, 22.19964], [77.40639, 22.19207], [77.41161, 22.19132], [77.41328, 22.18419], [77.41588, 22.18222], [77.41555, 22.18017], [77.41872, 22.17702], [77.41971, 22.17373], [77.42407, 22.17092], [77.43765, 22.17005], [77.44316, 22.17197], [77.45076, 22.17034], [77.46294, 22.17101], [77.46768, 22.16897], [77.47292, 22.16422], [77.47381, 22.15956], [77.47043, 22.15565], [77.46756, 22.1485], [77.46767, 22.13863], [77.46557, 22.13256], [77.46736, 22.12634], [77.47365, 22.12175], [77.47485, 22.11788], [77.46367, 22.10808], [77.46366, 22.09583], [77.46551, 22.09197], [77.45984, 22.08829], [77.45988, 22.08328], [77.46113, 22.08109], [77.46656, 22.07946], [77.46975, 22.08262], [77.48248, 22.08078], [77.49345, 22.07639], [77.4997, 22.07705], [77.51001, 22.07563], [77.50838, 22.07479], [77.50819, 22.07049], [77.50313, 22.05963], [77.50701, 22.05347], [77.50433, 22.03746], [77.50577, 22.02996], [77.48293, 22.02609], [77.47783, 22.02453], [77.46974, 22.01932], [77.44819, 22.02016], [77.44181, 22.0187], [77.42661, 22.02011], [77.40814, 22.02549], [77.39648, 22.02002], [77.3951, 22.01652], [77.3954, 21.99913], [77.3825, 21.99468], [77.38219, 21.99268], [77.38043, 21.99154], [77.37072, 21.99266], [77.35916, 21.99187], [77.35622, 21.98907], [77.34913, 21.987], [77.34576, 21.98451], [77.34001, 21.98616], [77.33773, 21.99067], [77.33288, 21.99309], [77.32658, 21.9918], [77.32076, 21.98691], [77.31487, 21.98703], [77.31141, 21.99063], [77.30918, 21.98949], [77.30084, 21.99199], [77.29628, 21.9973], [77.29502, 22.00117], [77.29243, 22.00287], [77.28737, 22.00277], [77.28502, 22.00032], [77.28067, 22.00181], [77.27752, 21.99532], [77.27207, 21.99448], [77.27065, 21.99157], [77.26666, 21.98862], [77.26242, 21.98865], [77.25525, 21.98571], [77.25336, 21.98282], [77.24585, 21.98202], [77.24411, 21.97861], [77.23914, 21.97865], [77.23683, 21.97389], [77.22518, 21.96952], [77.21975, 21.96846], [77.21668, 21.96951], [77.20998, 21.96616], [77.20803, 21.96215], [77.20501, 21.96117], [77.2018, 21.95784], [77.19442, 21.95693], [77.19169, 21.95199], [77.18508, 21.9497], [77.18243, 21.95255], [77.17411, 21.95582], [77.17239, 21.9636], [77.16981, 21.96621], [77.16704, 21.97538], [77.16416, 21.97974], [77.1545, 21.98507], [77.14414, 21.98894], [77.13787, 21.99437], [77.12353, 21.99062], [77.11467, 21.98641], [77.09603, 21.98747], [77.08324, 21.98305], [77.07369, 21.98132], [77.06609, 21.98203], [77.05554, 21.98658], [77.05252, 21.98538], [77.04171, 21.98745], [77.03347, 21.99054], [77.02489, 21.9912], [77.01903, 21.98776], [77.01399, 21.98054], [77.00288, 21.97787], [76.99648, 21.97872], [76.99274, 21.97659], [76.98489, 21.98883], [76.97816, 21.99372], [76.97655, 22.00222], [76.97102, 22.00426], [76.96841, 22.00447], [76.96226, 22.00084], [76.96073, 22.00413], [76.95551, 22.00587], [76.94595, 22.00498], [76.9413, 22.00225], [76.94155, 21.99326], [76.93865, 21.9915], [76.93381, 21.99332], [76.93444, 21.99585], [76.9317, 21.99842], [76.92102, 22.0029], [76.91904, 22.00568], [76.9047, 22.00661], [76.90873, 21.99946], [76.90625, 21.99213], [76.89928, 21.9882], [76.88711, 21.98422], [76.8868, 21.98605], [76.88229, 21.99063], [76.88254, 21.99453], [76.87802, 22.00129], [76.87905, 22.00401], [76.87713, 22.00636], [76.87462, 22.00621], [76.87338, 22.01036], [76.87414, 22.01327], [76.87024, 22.01618], [76.86682, 22.01675], [76.86807, 22.02552], [76.8656, 22.02752], [76.8568, 22.02759], [76.85223, 22.03137], [76.8533, 22.03636], [76.85169, 22.0472], [76.84544, 22.05345], [76.84096, 22.05588], [76.84004, 22.06015], [76.84423, 22.06423], [76.84527, 22.08456], [76.85218, 22.08588], [76.85806, 22.09014], [76.85614, 22.09893], [76.8527, 22.1028], [76.85489, 22.10453], [76.85854, 22.1132], [76.86216, 22.11438], [76.86996, 22.11372], [76.87196, 22.11458], [76.8715, 22.11788], [76.86588, 22.1188], [76.86584, 22.12558], [76.85301, 22.12472], [76.85117, 22.12783], [76.84455, 22.13004], [76.83656, 22.12852], [76.83349, 22.13398], [76.82791, 22.15632], [76.82669, 22.15681], [76.82732, 22.15922], [76.83094, 22.15836], [76.83268, 22.15989], [76.83496, 22.15758], [76.84154, 22.15841], [76.83847, 22.16248], [76.84484, 22.16626], [76.84732, 22.17165], [76.8458, 22.17911], [76.84051, 22.17949], [76.83933, 22.1876], [76.83594, 22.19317], [76.83954, 22.19989], [76.83842, 22.20495], [76.84064, 22.21665], [76.84204, 22.2168], [76.84665, 22.22476], [76.84989, 22.22578], [76.84471, 22.23925], [76.84707, 22.242], [76.85547, 22.24464], [76.84584, 22.24728], [76.84356, 22.25064], [76.8432, 22.25438], [76.85343, 22.25681], [76.85463, 22.25476], [76.85832, 22.25512], [76.85844, 22.26121], [76.86491, 22.26378], [76.868, 22.26788], [76.87216, 22.26866], [76.87651, 22.27718], [76.87342, 22.28296], [76.8742, 22.28434], [76.87671, 22.28553], [76.88545, 22.28521], [76.88479, 22.28898], [76.88792, 22.29292], [76.89435, 22.29323], [76.89493, 22.29657], [76.88936, 22.29932], [76.88137, 22.3089], [76.87563, 22.30754], [76.86947, 22.30986], [76.86826, 22.31245], [76.86924, 22.32255], [76.86476, 22.32282], [76.85331, 22.32772], [76.85199, 22.33122], [76.84388, 22.32705], [76.84317, 22.32534], [76.83771, 22.3219], [76.83775, 22.31848], [76.83475, 22.31872], [76.82451, 22.31415], [76.82547, 22.33102], [76.82001, 22.33161], [76.81788, 22.33734], [76.81107, 22.33734], [76.80073, 22.33129], [76.7987, 22.3349], [76.79252, 22.34043], [76.78101, 22.34419], [76.78342, 22.35536], [76.78036, 22.36747], [76.78158, 22.37478], [76.79121, 22.39956], [76.79098, 22.40622], [76.78837, 22.41584], [76.78968, 22.42386], [76.79389, 22.42833], [76.8107, 22.43775], [76.81594, 22.44293], [76.85569, 22.45517], [76.86514, 22.46033], [76.8714, 22.46624], [76.88483, 22.47455], [76.90599, 22.48453], [76.9215, 22.48894], [76.93512, 22.49103], [76.95369, 22.49133], [76.9776, 22.48964], [76.9831, 22.49143], [77.00097, 22.4934], [77.01313, 22.49267], [77.02763, 22.49366], [77.04199, 22.49698], [77.07938, 22.50937], [77.09156, 22.5175], [77.12505, 22.55189], [77.13585, 22.55911], [77.14584, 22.57059], [77.15781, 22.57843], [77.16735, 22.57953], [77.17675, 22.5787], [77.208, 22.56647], [77.21291, 22.56563]]]}, "properties": {"district": "Harda", "state": "Madhya Pradesh", "operational_stp_count": 0, "capacity_mld": 0}}, {"type": "Feature", "geometry": {"type": "Polygon", "coordinates": [[[78.68048, 22.69918], [78.6704, 22.6997], [78.66951, 22.69763], [78.66734, 22.69692], [78.66708, 22.69261], [78.66938, 22.69111], [78.66687, 22.69066], [78.66635, 22.68924], [78.66464, 22.69119], [78.65899, 22.68862], [78.65905, 22.68718], [78.65084, 22.68823], [78.63755, 22.68654], [78.63347, 22.68175], [78.62558, 22.67849], [78.62446, 22.67391], [78.61604, 22.66348], [78.61899, 22.65783], [78.61786, 22.65319], [78.61187, 22.64911], [78.59542, 22.65314], [78.59339, 22.65659], [78.58498, 22.65833], [78.57526, 22.66312], [78.55996, 22.65841], [78.55385, 22.65897], [78.55036, 22.66125], [78.5487, 22.66102], [78.54423, 22.66004], [78.54207, 22.657], [78.52989, 22.66507], [78.52531, 22.66618], [78.51892, 22.66262], [78.52052, 22.66086], [78.51845, 22.65815], [78.51159, 22.65689], [78.51073, 22.65475], [78.50749, 22.65505], [78.50651, 22.65277], [78.50541, 22.65293], [78.50592, 22.64935], [78.50294, 22.64397], [78.50427, 22.64457], [78.50481, 22.64279], [78.50184, 22.6427], [78.50138, 22.64128], [78.50266, 22.63984], [78.50026, 22.63887], [78.50027, 22.63644], [78.4981, 22.63403], [78.50071, 22.62308], [78.50002, 22.61918], [78.50142, 22.6132], [78.49944, 22.60794], [78.50022, 22.60566], [78.49747, 22.60491], [78.49782, 22.59214], [78.49868, 22.59227], [78.49867, 22.59027], [78.50126, 22.5908], [78.5029, 22.58949], [78.50351, 22.58337], [78.5068, 22.58184], [78.50879, 22.5778], [78.51903, 22.57172], [78.52427, 22.56169], [78.52487, 22.55728], [78.53238, 22.55195], [78.53999, 22.55028], [78.54227, 22.54133], [78.54794, 22.53649], [78.5449, 22.5253], [78.53885, 22.51505], [78.53944, 22.5093], [78.54189, 22.50645], [78.5408, 22.5016], [78.53241, 22.49598], [78.52321, 22.49362], [78.51807, 22.49093], [78.51433, 22.49124], [78.51079, 22.48564], [78.50948, 22.47768], [78.51143, 22.47657], [78.51619, 22.4783], [78.52168, 22.47132], [78.52979, 22.46988], [78.53056, 22.46709], [78.52767, 22.46016], [78.52958, 22.45501], [78.53328, 22.45525], [78.53441, 22.46092], [78.53566, 22.46149], [78.53937, 22.46039], [78.54524, 22.456], [78.55381, 22.45605], [78.55438, 22.45378], [78.55189, 22.44599], [78.55801, 22.44129], [78.55874, 22.4372], [78.56488, 22.4279], [78.56044, 22.41905], [78.5568, 22.41833], [78.55022, 22.41969], [78.5477, 22.41855], [78.54566, 22.41491], [78.53165, 22.42012], [78.52651, 22.41967], [78.52029, 22.4098], [78.51344, 22.40253], [78.51154, 22.40223], [78.50561, 22.40474], [78.49777, 22.40026], [78.49306, 22.39099], [78.49265, 22.3874], [78.4857, 22.38485], [78.48353, 22.37955], [78.47094, 22.38292], [78.4698, 22.38162], [78.4715, 22.37829], [78.47043, 22.37536], [78.46378, 22.37907], [78.45461, 22.37675], [78.45321, 22.37824], [78.45406, 22.38227], [78.45109, 22.38403], [78.44762, 22.38305], [78.44904, 22.37998], [78.44772, 22.37869], [78.44326, 22.37913], [78.43706, 22.38292], [78.43669, 22.38031], [78.43403, 22.38196], [78.43129, 22.38105], [78.42964, 22.38375], [78.42568, 22.38182], [78.41855, 22.38295], [78.4145, 22.38577], [78.41245, 22.39324], [78.40969, 22.39502], [78.40851, 22.39927], [78.40431, 22.40405], [78.40052, 22.40786], [78.39217, 22.41047], [78.39195, 22.41189], [78.39377, 22.41383], [78.39061, 22.41776], [78.38051, 22.42052], [78.37008, 22.41715], [78.34806, 22.41969], [78.33168, 22.4236], [78.31692, 22.42478], [78.30492, 22.41392], [78.30138, 22.41373], [78.29559, 22.41684], [78.28485, 22.4196], [78.27693, 22.41226], [78.26608, 22.39703], [78.22261, 22.39875], [78.21722, 22.39675], [78.20625, 22.39951], [78.1877, 22.39866], [78.187, 22.40033], [78.1721, 22.39718], [78.16297, 22.39026], [78.15042, 22.38893], [78.12795, 22.37457], [78.1251, 22.36928], [78.122, 22.36719], [78.10063, 22.36445], [78.08269, 22.3536], [78.06672, 22.3491], [78.03331, 22.33008], [78.02966, 22.331], [78.02598, 22.33371], [78.01916, 22.33526], [78.01862, 22.33643], [78.01406, 22.33583], [78.01112, 22.33778], [78.00779, 22.33744], [77.99994, 22.33282], [77.98853, 22.33465], [77.9849, 22.334], [77.98193, 22.33172], [77.9779, 22.33277], [77.97647, 22.33542], [77.96314, 22.33265], [77.95383, 22.33273], [77.95412, 22.33682], [77.95178, 22.33949], [77.94659, 22.34118], [77.94226, 22.33734], [77.93909, 22.33079], [77.93039, 22.32653], [77.92265, 22.32444], [77.91683, 22.31588], [77.90616, 22.31068], [77.89665, 22.30367], [77.88761, 22.28956], [77.88484, 22.2874], [77.86548, 22.28856], [77.86567, 22.29438], [77.86719, 22.29749], [77.86221, 22.30462], [77.86502, 22.31446], [77.86467, 22.31943], [77.86611, 22.32113], [77.86357, 22.33758], [77.86847, 22.35077], [77.86632, 22.35471], [77.86443, 22.36356], [77.86192, 22.36616], [77.85845, 22.36613], [77.85459, 22.36909], [77.84969, 22.3687], [77.84065, 22.36278], [77.83727, 22.35527], [77.82966, 22.3533], [77.82556, 22.34938], [77.80693, 22.34695], [77.80777, 22.33934], [77.78966, 22.33536], [77.78173, 22.33507], [77.77492, 22.33691], [77.76976, 22.34644], [77.7642, 22.35023], [77.75981, 22.35077], [77.75349, 22.35399], [77.7518, 22.35143], [77.74742, 22.3505], [77.74445, 22.34739], [77.74681, 22.34405], [77.75504, 22.3412], [77.75658, 22.33874], [77.75817, 22.33173], [77.74982, 22.32947], [77.74968, 22.32594], [77.73764, 22.32632], [77.72826, 22.3169], [77.72044, 22.31321], [77.72039, 22.31567], [77.71648, 22.31973], [77.71675, 22.32157], [77.70235, 22.32227], [77.69691, 22.32067], [77.68333, 22.32219], [77.68085, 22.31725], [77.68227, 22.31297], [77.6668, 22.31154], [77.65528, 22.30649], [77.65, 22.31083], [77.64386, 22.30997], [77.64175, 22.3113], [77.63944, 22.32167], [77.63798, 22.32292], [77.63398, 22.32347], [77.62653, 22.32065], [77.62453, 22.32144], [77.62297, 22.3268], [77.62441, 22.33267], [77.61644, 22.33188], [77.60838, 22.32891], [77.60573, 22.3297], [77.60411, 22.33214], [77.59735, 22.33218], [77.59598, 22.33992], [77.59171, 22.34353], [77.59006, 22.34387], [77.58488, 22.34088], [77.56713, 22.34037], [77.56036, 22.3358], [77.55733, 22.33604], [77.55427, 22.33941], [77.55609, 22.35655], [77.55339, 22.35806], [77.54908, 22.35609], [77.54802, 22.35417], [77.54425, 22.34067], [77.53674, 22.33536], [77.53233, 22.33], [77.52622, 22.33045], [77.52011, 22.32648], [77.51442, 22.31108], [77.50946, 22.31078], [77.50748, 22.31197], [77.50304, 22.29033], [77.50459, 22.28426], [77.50742, 22.28392], [77.50813, 22.28085], [77.50331, 22.27812], [77.49922, 22.27748], [77.49096, 22.27205], [77.48694, 22.27208], [77.48708, 22.25757], [77.48195, 22.25585], [77.47779, 22.25063], [77.46999, 22.24889], [77.45823, 22.24835], [77.45576, 22.24183], [77.45872, 22.23416], [77.45926, 22.22423], [77.45243, 22.2171], [77.44069, 22.21621], [77.43171, 22.21344], [77.42428, 22.21568], [77.42049, 22.2208], [77.41665, 22.2234], [77.41075, 22.2244], [77.40261, 22.22168], [77.38997, 22.22303], [77.38592, 22.2446], [77.38103, 22.2438], [77.374, 22.24541], [77.3682, 22.24516], [77.36319, 22.24746], [77.36411, 22.25445], [77.36221, 22.26031], [77.36306, 22.2689], [77.37043, 22.2836], [77.36685, 22.28624], [77.35874, 22.28519], [77.35422, 22.29014], [77.35201, 22.29977], [77.35968, 22.30912], [77.35763, 22.31319], [77.35739, 22.31708], [77.35627, 22.31822], [77.34818, 22.31893], [77.34603, 22.3267], [77.33167, 22.33799], [77.32968, 22.34226], [77.32164, 22.34065], [77.32039, 22.34861], [77.31404, 22.35213], [77.31397, 22.35377], [77.31666, 22.35691], [77.31748, 22.36197], [77.31578, 22.36784], [77.32198, 22.37146], [77.32298, 22.37333], [77.32204, 22.3756], [77.31734, 22.37833], [77.31945, 22.38287], [77.31915, 22.38549], [77.31429, 22.3934], [77.31325, 22.40026], [77.301, 22.41284], [77.30094, 22.41675], [77.30967, 22.43262], [77.30897, 22.43663], [77.30611, 22.43838], [77.29918, 22.43272], [77.28776, 22.43452], [77.28445, 22.43322], [77.28009, 22.43538], [77.28393, 22.4406], [77.28911, 22.44204], [77.29258, 22.44804], [77.29063, 22.45285], [77.28398, 22.45943], [77.28151, 22.46363], [77.28229, 22.47069], [77.28128, 22.48871], [77.28231, 22.49742], [77.26901, 22.50808], [77.26316, 22.51851], [77.26073, 22.51901], [77.25323, 22.51586], [77.24883, 22.51827], [77.24769, 22.52055], [77.24883, 22.52362], [77.25534, 22.5287], [77.26949, 22.53196], [77.27182, 22.53524], [77.27168, 22.53901], [77.26475, 22.54182], [77.2614, 22.55065], [77.2575, 22.55358], [77.24915, 22.55524], [77.24132, 22.55039], [77.23411, 22.55079], [77.21696, 22.55623], [77.21296, 22.56335], [77.21291, 22.56563], [77.22099, 22.56805], [77.22702, 22.57224], [77.25645, 22.60225], [77.26121, 22.60539], [77.26577, 22.60644], [77.27266, 22.60454], [77.27707, 22.60032], [77.28276, 22.58151], [77.29286, 22.56548], [77.31122, 22.55911], [77.32265, 22.55881], [77.33832, 22.56553], [77.34434, 22.56999], [77.34996, 22.58875], [77.35359, 22.59675], [77.35743, 22.6019], [77.36586, 22.60771], [77.37738, 22.60951], [77.39035, 22.60684], [77.39516, 22.60701], [77.41392, 22.61725], [77.4233, 22.62426], [77.43635, 22.62537], [77.44551, 22.63703], [77.46566, 22.64738], [77.48337, 22.64679], [77.49547, 22.64232], [77.503, 22.64441], [77.51246, 22.6496], [77.52059, 22.66236], [77.53127, 22.66857], [77.55859, 22.66882], [77.56805, 22.66985], [77.57397, 22.67205], [77.58281, 22.6771], [77.58729, 22.6819], [77.59007, 22.68887], [77.59188, 22.70242], [77.6109, 22.7275], [77.61753, 22.73975], [77.62295, 22.74419], [77.62888, 22.74581], [77.63697, 22.74516], [77.64528, 22.74164], [77.65706, 22.73318], [77.6619, 22.73164], [77.66498, 22.73204], [77.67229, 22.73485], [77.67719, 22.7394], [77.6846, 22.7573], [77.6886, 22.76205], [77.69929, 22.76713], [77.71136, 22.76654], [77.72905, 22.7582], [77.74142, 22.76045], [77.75265, 22.77282], [77.7676, 22.78199], [77.77883, 22.79073], [77.78061, 22.7942], [77.77958, 22.806], [77.78266, 22.81487], [77.79869, 22.84194], [77.82064, 22.85099], [77.82934, 22.85744], [77.84059, 22.86934], [77.84418, 22.87143], [77.84782, 22.87255], [77.85431, 22.8722], [77.86622, 22.86751], [77.87076, 22.86353], [77.87058, 22.85891], [77.86308, 22.84672], [77.86181, 22.83961], [77.86646, 22.8324], [77.87411, 22.82923], [77.88071, 22.82934], [77.8834, 22.83054], [77.90083, 22.84867], [77.91049, 22.85624], [77.91548, 22.85803], [77.92083, 22.85717], [77.92778, 22.85139], [77.93003, 22.84731], [77.92847, 22.83992], [77.9183, 22.82482], [77.91347, 22.82293], [77.91002, 22.81826], [77.9091, 22.81248], [77.91094, 22.80984], [77.91301, 22.79954], [77.91101, 22.79706], [77.91199, 22.79633], [77.91098, 22.79358], [77.90639, 22.7864], [77.90904, 22.77549], [77.91129, 22.7754], [77.91991, 22.77029], [77.92479, 22.76949], [77.9293, 22.77127], [77.93435, 22.77472], [77.94179, 22.78356], [77.9439, 22.79052], [77.94241, 22.79836], [77.93919, 22.80366], [77.93712, 22.81045], [77.95603, 22.82284], [77.97322, 22.82638], [77.9912, 22.82431], [78.00212, 22.8213], [78.02282, 22.8048], [78.02961, 22.80144], [78.03771, 22.80275], [78.05614, 22.81361], [78.06406, 22.81358], [78.07186, 22.8099], [78.0797, 22.80213], [78.09106, 22.79546], [78.10068, 22.79087], [78.10956, 22.78968], [78.12124, 22.79447], [78.12505, 22.79947], [78.12666, 22.80631], [78.1251, 22.82913], [78.12807, 22.83716], [78.14662, 22.85087], [78.16154, 22.86415], [78.18307, 22.87128], [78.18577, 22.87529], [78.188, 22.88361], [78.19481, 22.89076], [78.20623, 22.89479], [78.21633, 22.89303], [78.2264, 22.87664], [78.2322, 22.87054], [78.23772, 22.86738], [78.2426, 22.8686], [78.25335, 22.87446], [78.25912, 22.87589], [78.26524, 22.87478], [78.27624, 22.86796], [78.27995, 22.86784], [78.28902, 22.87402], [78.29754, 22.88909], [78.30725, 22.90224], [78.32074, 22.91644], [78.32869, 22.92037], [78.34677, 22.91774], [78.35446, 22.92047], [78.37834, 22.9389], [78.39315, 22.95956], [78.40272, 22.96605], [78.43346, 22.97744], [78.44443, 22.9871], [78.44643, 22.98545], [78.44316, 22.9789], [78.44896, 22.97413], [78.45459, 22.98351], [78.45974, 22.98618], [78.46613, 22.98527], [78.46859, 22.98321], [78.47147, 22.9789], [78.47183, 22.97548], [78.46962, 22.9735], [78.46082, 22.9752], [78.46011, 22.96837], [78.46317, 22.96046], [78.46792, 22.9575], [78.47735, 22.95938], [78.48326, 22.96517], [78.49184, 22.96651], [78.49769, 22.96394], [78.5016, 22.95425], [78.5064, 22.94993], [78.51079, 22.95006], [78.53257, 22.96101], [78.53614, 22.96113], [78.55763, 22.95441], [78.56531, 22.95721], [78.57121, 22.9553], [78.57175, 22.95263], [78.56874, 22.94768], [78.56902, 22.94373], [78.57273, 22.93928], [78.5809, 22.93603], [78.58337, 22.93285], [78.58365, 22.93031], [78.57899, 22.92103], [78.58636, 22.91185], [78.58842, 22.90574], [78.58732, 22.90193], [78.57746, 22.8924], [78.57527, 22.88757], [78.57596, 22.88431], [78.58508, 22.87394], [78.58911, 22.87809], [78.59295, 22.87975], [78.59569, 22.87911], [78.59925, 22.8753], [78.59597, 22.86755], [78.59021, 22.86488], [78.58473, 22.86614], [78.57884, 22.86957], [78.57665, 22.86627], [78.57747, 22.86207], [78.58159, 22.85682], [78.58652, 22.85351], [78.59693, 22.85377], [78.60296, 22.85123], [78.60405, 22.84779], [78.60145, 22.83953], [78.60652, 22.83134], [78.60652, 22.82968], [78.60296, 22.82536], [78.59611, 22.82244], [78.59009, 22.81774], [78.59036, 22.81215], [78.60063, 22.81164], [78.60885, 22.81304], [78.62154, 22.82027], [78.6266, 22.81786], [78.62564, 22.81137], [78.61812, 22.80305], [78.61621, 22.79809], [78.61922, 22.79365], [78.62223, 22.79339], [78.62579, 22.79415], [78.63236, 22.79962], [78.63661, 22.80064], [78.63989, 22.79898], [78.64167, 22.79568], [78.64016, 22.79085], [78.63345, 22.78344], [78.63427, 22.77531], [78.63139, 22.76781], [78.63084, 22.76273], [78.63249, 22.75815], [78.63426, 22.75701], [78.6407, 22.75663], [78.64713, 22.7631], [78.64727, 22.77023], [78.64494, 22.77594], [78.64577, 22.77937], [78.64861, 22.78116], [78.65436, 22.77989], [78.65736, 22.76997], [78.66257, 22.76412], [78.6664, 22.76577], [78.67366, 22.77594], [78.67831, 22.77797], [78.68345, 22.77734], [78.68934, 22.77454], [78.69804, 22.76395], [78.69866, 22.76012], [78.69774, 22.75833], [78.6882, 22.74834], [78.67769, 22.72751], [78.68124, 22.71696], [78.68048, 22.71324], [78.68869, 22.7146], [78.69597, 22.71087], [78.69617, 22.70842], [78.68048, 22.69918]]]}, "properties": {"district": "Narmadapuram", "state": "Madhya Pradesh", "operational_stp_count": 0, "capacity_mld": 0}}, {"type": "Feature", "geometry": {"type": "Polygon", "coordinates": [[[76.18099, 22.69441], [76.19377, 22.68776], [76.19998, 22.67856], [76.20007, 22.67386], [76.19229, 22.66754], [76.19129, 22.66085], [76.19639, 22.66279], [76.20067, 22.66122], [76.20831, 22.66258], [76.2135, 22.66188], [76.21619, 22.66558], [76.22154, 22.66934], [76.22303, 22.67258], [76.22967, 22.67533], [76.23413, 22.66181], [76.22936, 22.6557], [76.22991, 22.6541], [76.22786, 22.65134], [76.23063, 22.6515], [76.23311, 22.64926], [76.24025, 22.64887], [76.24206, 22.64617], [76.24201, 22.64296], [76.24728, 22.64383], [76.2375, 22.63559], [76.23609, 22.63148], [76.23606, 22.62384], [76.23207, 22.61708], [76.2167, 22.6158], [76.21432, 22.61702], [76.21409, 22.62309], [76.19943, 22.62524], [76.1926, 22.61261], [76.19317, 22.60081], [76.1875, 22.59713], [76.18436, 22.59724], [76.18372, 22.59915], [76.17995, 22.59874], [76.17566, 22.60046], [76.17807, 22.60455], [76.18468, 22.60472], [76.1863, 22.60658], [76.18832, 22.60679], [76.18925, 22.60884], [76.18566, 22.61167], [76.18245, 22.61156], [76.18374, 22.61733], [76.18091, 22.61753], [76.17874, 22.61541], [76.17538, 22.61486], [76.17421, 22.61992], [76.17234, 22.62118], [76.17577, 22.62402], [76.17519, 22.62604], [76.18029, 22.63163], [76.1807, 22.63375], [76.18627, 22.6325], [76.18781, 22.63669], [76.19015, 22.63468], [76.18948, 22.63755], [76.19045, 22.63946], [76.18814, 22.63997], [76.18513, 22.6366], [76.18308, 22.63919], [76.18124, 22.63799], [76.17856, 22.63847], [76.17652, 22.63488], [76.17485, 22.63505], [76.17421, 22.63179], [76.17203, 22.63304], [76.17222, 22.63015], [76.17013, 22.62773], [76.16505, 22.62952], [76.16066, 22.63418], [76.15791, 22.63408], [76.15934, 22.62916], [76.15136, 22.6325], [76.15394, 22.62696], [76.15174, 22.62541], [76.15227, 22.62421], [76.15561, 22.62314], [76.15824, 22.62421], [76.159, 22.62303], [76.16254, 22.62265], [76.16313, 22.61966], [76.16644, 22.6171], [76.1659, 22.61613], [76.15984, 22.61884], [76.15736, 22.61844], [76.15798, 22.61551], [76.16067, 22.61536], [76.16117, 22.61158], [76.16572, 22.61088], [76.16575, 22.60863], [76.16711, 22.60776], [76.1665, 22.60592], [76.16816, 22.60345], [76.16511, 22.60072], [76.16228, 22.60085], [76.16124, 22.60776], [76.1535, 22.6089], [76.14878, 22.61347], [76.14202, 22.60752], [76.1478, 22.60372], [76.14092, 22.60362], [76.1413, 22.60049], [76.14382, 22.59862], [76.14151, 22.59222], [76.1443, 22.58994], [76.14367, 22.58884], [76.14036, 22.5896], [76.13668, 22.59241], [76.14136, 22.59548], [76.13845, 22.59783], [76.14084, 22.59968], [76.13796, 22.60414], [76.1359, 22.60284], [76.13226, 22.60472], [76.13278, 22.59969], [76.13165, 22.59829], [76.12877, 22.60375], [76.12618, 22.60181], [76.12802, 22.59498], [76.12733, 22.59403], [76.12615, 22.5942], [76.12412, 22.59849], [76.121, 22.59979], [76.11922, 22.60426], [76.11659, 22.60314], [76.1168, 22.6003], [76.11362, 22.60155], [76.10784, 22.60002], [76.11135, 22.59769], [76.11324, 22.59797], [76.11444, 22.5952], [76.11711, 22.59572], [76.11962, 22.59357], [76.11909, 22.5922], [76.12345, 22.58921], [76.11951, 22.59049], [76.1149, 22.58888], [76.11441, 22.58666], [76.11943, 22.5849], [76.11549, 22.58596], [76.1141, 22.58192], [76.11189, 22.58502], [76.11301, 22.58652], [76.11104, 22.59102], [76.1076, 22.59312], [76.10545, 22.59027], [76.10667, 22.58786], [76.10545, 22.58556], [76.10233, 22.58704], [76.10084, 22.58638], [76.09858, 22.59147], [76.10056, 22.59559], [76.09712, 22.59689], [76.09357, 22.59115], [76.09121, 22.59393], [76.09134, 22.5977], [76.09002, 22.59774], [76.089, 22.59994], [76.08673, 22.59787], [76.08211, 22.60344], [76.08208, 22.59883], [76.08749, 22.59245], [76.08354, 22.59335], [76.08314, 22.59253], [76.0884, 22.58749], [76.08831, 22.58617], [76.08395, 22.58861], [76.08286, 22.58785], [76.08478, 22.58381], [76.08157, 22.58375], [76.08, 22.58508], [76.07429, 22.58471], [76.07369, 22.58572], [76.07249, 22.58435], [76.06918, 22.58622], [76.06792, 22.58531], [76.06481, 22.58601], [76.06455, 22.5881], [76.06284, 22.58803], [76.06181, 22.58485], [76.07046, 22.5801], [76.07259, 22.577], [76.07248, 22.57331], [76.07814, 22.57329], [76.07878, 22.57062], [76.08163, 22.56866], [76.09278, 22.56422], [76.1021, 22.5643], [76.10211, 22.56648], [76.10595, 22.5676], [76.1066, 22.5668], [76.1033, 22.56521], [76.10488, 22.56356], [76.10271, 22.56238], [76.1067, 22.56], [76.09728, 22.55441], [76.09264, 22.55665], [76.09122, 22.55517], [76.08505, 22.54683], [76.08688, 22.54002], [76.08071, 22.53915], [76.08146, 22.53473], [76.0782, 22.53062], [76.07637, 22.5237], [76.07393, 22.52791], [76.06667, 22.53188], [76.06045, 22.53353], [76.05198, 22.53081], [76.04411, 22.53452], [76.03952, 22.52914], [76.03337, 22.52792], [76.03072, 22.5286], [76.02977, 22.53014], [76.02788, 22.52919], [76.02827, 22.51824], [76.03069, 22.51284], [76.03042, 22.51005], [76.02643, 22.5027], [76.02795, 22.50059], [76.02597, 22.49937], [76.02603, 22.4963], [76.02367, 22.49503], [76.03475, 22.48576], [76.03472, 22.48192], [76.03926, 22.48357], [76.04062, 22.48089], [76.04771, 22.48066], [76.05067, 22.47836], [76.05015, 22.47212], [76.05528, 22.46159], [76.05263, 22.4537], [76.0492, 22.4566], [76.0493, 22.45821], [76.04561, 22.45983], [76.04188, 22.45796], [76.03153, 22.44823], [76.0319, 22.43706], [76.02147, 22.44494], [76.00862, 22.4446], [76.01298, 22.44106], [76.01074, 22.43872], [76.01071, 22.43678], [76.00664, 22.43281], [76.00735, 22.42882], [76.00478, 22.42657], [76.006, 22.42593], [76.00536, 22.42373], [76.00663, 22.42198], [76.00255, 22.41914], [75.99806, 22.41791], [75.99382, 22.4136], [75.98701, 22.41672], [75.97126, 22.41981], [75.97091, 22.4242], [75.96865, 22.42877], [75.96088, 22.43058], [75.91397, 22.42049], [75.91329, 22.41452], [75.9087, 22.4091], [75.91158, 22.40224], [75.9094, 22.38797], [75.90341, 22.38706], [75.89933, 22.39074], [75.89276, 22.39131], [75.88747, 22.39008], [75.8863, 22.38757], [75.88432, 22.3871], [75.88127, 22.38342], [75.87882, 22.38464], [75.87394, 22.38154], [75.86436, 22.38003], [75.85834, 22.38057], [75.85627, 22.38374], [75.84945, 22.38392], [75.84955, 22.39181], [75.83817, 22.40052], [75.83437, 22.40884], [75.82616, 22.40622], [75.82182, 22.40613], [75.81571, 22.39188], [75.80906, 22.38708], [75.80498, 22.38794], [75.79964, 22.38573], [75.79942, 22.38026], [75.79108, 22.37663], [75.78447, 22.37637], [75.78138, 22.37318], [75.78041, 22.37357], [75.77521, 22.36578], [75.77141, 22.36689], [75.77152, 22.36851], [75.77027, 22.36922], [75.76806, 22.36704], [75.76272, 22.36704], [75.76257, 22.36468], [75.75868, 22.36392], [75.75339, 22.36032], [75.75206, 22.3579], [75.74076, 22.35906], [75.73606, 22.35817], [75.72581, 22.36517], [75.72511, 22.36902], [75.72143, 22.36947], [75.71346, 22.36227], [75.70284, 22.36125], [75.70372, 22.35859], [75.69273, 22.3599], [75.68716, 22.35438], [75.68135, 22.35317], [75.67552, 22.34925], [75.67471, 22.34404], [75.66246, 22.34558], [75.65872, 22.3433], [75.65453, 22.34258], [75.65115, 22.33948], [75.65357, 22.33541], [75.65355, 22.33214], [75.64432, 22.33596], [75.64629, 22.34133], [75.64079, 22.34505], [75.64067, 22.347], [75.64232, 22.34702], [75.64238, 22.34897], [75.64228, 22.35509], [75.64095, 22.35619], [75.63514, 22.35518], [75.63506, 22.35288], [75.62901, 22.34477], [75.62549, 22.34289], [75.62066, 22.34299], [75.61569, 22.33772], [75.608, 22.33919], [75.60587, 22.34066], [75.59963, 22.34075], [75.59983, 22.34772], [75.60264, 22.34533], [75.60526, 22.34655], [75.6076, 22.34501], [75.61092, 22.34677], [75.60556, 22.3514], [75.60728, 22.35366], [75.60618, 22.3547], [75.60713, 22.35617], [75.61046, 22.35768], [75.61043, 22.35883], [75.60655, 22.35969], [75.6103, 22.36368], [75.60204, 22.36331], [75.5987, 22.35998], [75.5996, 22.36244], [75.59849, 22.3646], [75.59271, 22.36097], [75.59203, 22.36295], [75.59018, 22.36359], [75.58825, 22.37146], [75.58168, 22.37159], [75.57988, 22.37022], [75.57927, 22.37315], [75.57503, 22.37781], [75.57128, 22.37765], [75.56638, 22.37429], [75.56333, 22.37638], [75.5574, 22.3769], [75.5518, 22.38286], [75.55492, 22.38797], [75.55172, 22.39016], [75.55042, 22.38979], [75.55016, 22.3925], [75.54793, 22.39423], [75.54705, 22.3922], [75.54648, 22.39298], [75.54585, 22.40809], [75.54284, 22.41147], [75.54019, 22.41158], [75.55336, 22.41806], [75.56367, 22.42706], [75.56537, 22.42976], [75.56615, 22.43598], [75.56531, 22.44298], [75.57444, 22.45301], [75.56462, 22.47167], [75.56699, 22.47804], [75.56505, 22.49077], [75.55361, 22.48863], [75.5529, 22.49094], [75.55407, 22.49947], [75.55817, 22.50871], [75.56294, 22.50652], [75.56835, 22.50195], [75.57859, 22.50781], [75.58534, 22.50429], [75.58776, 22.50157], [75.59669, 22.49946], [75.59824, 22.5012], [75.6004, 22.50107], [75.60416, 22.49281], [75.60933, 22.48908], [75.60982, 22.48039], [75.61336, 22.47862], [75.62337, 22.48036], [75.63107, 22.47622], [75.63946, 22.4751], [75.64331, 22.47648], [75.65514, 22.47173], [75.66177, 22.47192], [75.66338, 22.46017], [75.66601, 22.45554], [75.67133, 22.45309], [75.68337, 22.45531], [75.68746, 22.4587], [75.68793, 22.46325], [75.69394, 22.46571], [75.70368, 22.46649], [75.70713, 22.46457], [75.71036, 22.47017], [75.72146, 22.47754], [75.71979, 22.4825], [75.72276, 22.48594], [75.72828, 22.48841], [75.72594, 22.49214], [75.72538, 22.49905], [75.72999, 22.50286], [75.73641, 22.50432], [75.74171, 22.5087], [75.74612, 22.50595], [75.75639, 22.50512], [75.76016, 22.50722], [75.77144, 22.50518], [75.7735, 22.50696], [75.77302, 22.51321], [75.7783, 22.5176], [75.78266, 22.51892], [75.78243, 22.52183], [75.78593, 22.52459], [75.79709, 22.5243], [75.80821, 22.52659], [75.80915, 22.52447], [75.81455, 22.52169], [75.81732, 22.52323], [75.82005, 22.51952], [75.82015, 22.51636], [75.81742, 22.51374], [75.8185, 22.51141], [75.81426, 22.50734], [75.81832, 22.50469], [75.82588, 22.5053], [75.82732, 22.50697], [75.8348, 22.5042], [75.83593, 22.50918], [75.83983, 22.51061], [75.8414, 22.50879], [75.84442, 22.50854], [75.8443, 22.51235], [75.839, 22.51876], [75.84255, 22.5228], [75.84332, 22.5262], [75.85102, 22.53018], [75.85794, 22.53], [75.86267, 22.53142], [75.86075, 22.54232], [75.85355, 22.55041], [75.84875, 22.55985], [75.85315, 22.56547], [75.84991, 22.5742], [75.84793, 22.57647], [75.84748, 22.58202], [75.84919, 22.5835], [75.85163, 22.59181], [75.85046, 22.59428], [75.85106, 22.5994], [75.8521, 22.59991], [75.85733, 22.59575], [75.86132, 22.59721], [75.86998, 22.6037], [75.89084, 22.59685], [75.89279, 22.60263], [75.89813, 22.60501], [75.90371, 22.6113], [75.91677, 22.60961], [75.91649, 22.61318], [75.92097, 22.61704], [75.92503, 22.63251], [75.92293, 22.64241], [75.92971, 22.64298], [75.93317, 22.64491], [75.93726, 22.64341], [75.94693, 22.64328], [75.95096, 22.64449], [75.95266, 22.65197], [75.96967, 22.64902], [75.97446, 22.65078], [75.98133, 22.64623], [75.98357, 22.64121], [75.99671, 22.63779], [76.00028, 22.63976], [76.00502, 22.63778], [76.00908, 22.64096], [76.01282, 22.63741], [76.02168, 22.63612], [76.03388, 22.63984], [76.05171, 22.63863], [76.05663, 22.63933], [76.05848, 22.64229], [76.0629, 22.64193], [76.0676, 22.64466], [76.07337, 22.64446], [76.07731, 22.64726], [76.08093, 22.64524], [76.0844, 22.64552], [76.08772, 22.63968], [76.09439, 22.64457], [76.09404, 22.65086], [76.10343, 22.66229], [76.10984, 22.66178], [76.11165, 22.66537], [76.11332, 22.66523], [76.1148, 22.66695], [76.1213, 22.66673], [76.12338, 22.66876], [76.12708, 22.66846], [76.12974, 22.67075], [76.13103, 22.67307], [76.13075, 22.6778], [76.13415, 22.68536], [76.14161, 22.69009], [76.14983, 22.68965], [76.15328, 22.68772], [76.15976, 22.68674], [76.16344, 22.68962], [76.17109, 22.69042], [76.17538, 22.69484], [76.18099, 22.69441]]]}, "properties": {"district": "Indore", "state": "Madhya Pradesh", "operational_stp_count": 0, "capacity_mld": 0}}, {"type": "Feature", "geometry": {"type": "MultiPolygon", "coordinates": [[[[74.47006, 22.52954], [74.46707, 22.52948], [74.47025, 22.53109], [74.47006, 22.52954]]], [[[74.46017, 22.53363], [74.46378, 22.52986], [74.45365, 22.53593], [74.45173, 22.53873], [74.45326, 22.54032], [74.45595, 22.535], [74.46017, 22.53363]]], [[[74.43749, 22.54377], [74.43665, 22.54342], [74.43572, 22.54844], [74.43756, 22.54698], [74.43749, 22.54377]]], [[[74.62919, 22.55703], [74.63208, 22.55473], [74.62555, 22.55605], [74.62919, 22.55703]]], [[[74.62154, 22.55711], [74.62343, 22.55609], [74.62019, 22.55613], [74.62002, 22.55702], [74.62154, 22.55711]]], [[[74.60043, 22.57158], [74.61111, 22.56348], [74.61078, 22.55788], [74.61432, 22.55693], [74.61127, 22.55629], [74.60818, 22.55815], [74.60549, 22.55629], [74.59765, 22.53686], [74.59033, 22.54201], [74.57804, 22.54581], [74.57921, 22.54853], [74.57654, 22.55155], [74.58129, 22.56075], [74.58662, 22.56781], [74.59275, 22.56963], [74.59816, 22.56852], [74.60043, 22.57158]]], [[[74.78108, 22.57987], [74.77756, 22.57286], [74.77229, 22.56997], [74.76638, 22.57087], [74.75969, 22.56361], [74.75222, 22.55921], [74.74827, 22.56104], [74.7412, 22.55891], [74.74033, 22.56356], [74.72633, 22.57145], [74.72919, 22.57598], [74.72708, 22.57209], [74.7319, 22.56873], [74.73587, 22.56869], [74.73692, 22.5664], [74.74073, 22.56466], [74.74258, 22.56094], [74.74884, 22.56132], [74.75231, 22.56007], [74.76055, 22.56509], [74.76439, 22.57145], [74.77154, 22.57018], [74.77794, 22.57421], [74.77818, 22.58023], [74.78108, 22.57987]]], [[[74.72943, 22.57641], [74.72936, 22.5763], [74.72716, 22.58045], [74.72717, 22.58046], [74.72766, 22.58032], [74.72806, 22.58021], [74.72806, 22.58021], [74.72943, 22.57641]]], [[[74.70251, 22.58454], [74.7049, 22.58324], [74.70839, 22.58469], [74.70602, 22.58311], [74.70104, 22.58351], [74.70251, 22.58454]]], [[[74.69347, 22.58618], [74.69129, 22.58452], [74.68886, 22.58539], [74.69347, 22.58618]]], [[[74.71611, 22.58712], [74.71735, 22.58518], [74.71348, 22.58618], [74.71611, 22.58712]]]]}, "properties": {"district": "Jhabua", "state": "Madhya Pradesh", "operational_stp_count": 0, "capacity_mld": 0}}, {"type": "Feature", "geometry": {"type": "MultiPolygon", "coordinates": [[[[81.07618, 22.24421], [81.07751, 22.23932], [81.07936, 22.23926], [81.07735, 22.22777], [81.07499, 22.22559], [81.07488, 22.21365], [81.07311, 22.21108], [81.07651, 22.20614], [81.07898, 22.19468], [81.07642, 22.18935], [81.07658, 22.18521], [81.07346, 22.18232], [81.07621, 22.17681], [81.0725, 22.17281], [81.06769, 22.17166], [81.06564, 22.16779], [81.06755, 22.16315], [81.06647, 22.16111], [81.0698, 22.15102], [81.07554, 22.14831], [81.07731, 22.14194], [81.07981, 22.1383], [81.07901, 22.13444], [81.07568, 22.13338], [81.08042, 22.12184], [81.07933, 22.12038], [81.07343, 22.11935], [81.07026, 22.11736], [81.061, 22.1185], [81.05387, 22.11728], [81.05066, 22.11882], [81.0457, 22.11727], [81.04913, 22.11573], [81.04895, 22.11345], [81.05397, 22.10393], [81.03979, 22.09571], [81.03828, 22.0879], [81.04113, 22.08643], [81.04444, 22.08722], [81.04565, 22.0858], [81.04195, 22.08194], [81.03901, 22.08203], [81.03476, 22.07647], [81.03431, 22.07095], [81.03687, 22.06638], [81.03291, 22.06298], [81.03333, 22.05787], [81.03093, 22.05539], [81.03242, 22.0527], [81.03241, 22.04554], [81.0352, 22.04054], [81.04218, 22.03819], [81.04321, 22.03143], [81.0457, 22.03032], [81.05373, 22.01904], [81.0468, 22.01485], [81.04826, 22.01359], [81.04736, 22.01088], [81.04274, 22.01135], [81.03949, 22.00958], [81.03527, 22.01212], [81.03409, 22.01485], [81.03173, 22.01646], [81.02798, 22.01211], [81.02826, 22.0087], [81.02511, 21.99998], [81.03361, 21.99435], [81.03564, 21.98776], [81.03717, 21.9864], [81.03371, 21.9848], [81.02877, 21.97991], [81.01987, 21.98461], [81.01675, 21.98443], [81.01359, 21.98614], [81.00981, 21.98531], [80.99902, 21.9736], [80.99569, 21.97257], [80.99647, 21.9686], [80.99974, 21.96392], [80.99449, 21.96152], [80.99069, 21.95777], [80.98314, 21.95614], [80.97696, 21.95112], [80.97736, 21.94443], [80.97564, 21.93921], [80.97337, 21.93718], [80.96781, 21.93862], [80.96522, 21.93797], [80.9674, 21.92202], [80.97204, 21.92233], [80.97449, 21.9199], [80.98037, 21.92184], [80.98407, 21.91589], [80.98896, 21.91719], [80.98916, 21.91373], [80.98664, 21.91113], [80.98016, 21.90913], [80.97679, 21.90449], [80.97154, 21.9035], [80.96835, 21.89712], [80.96204, 21.89594], [80.95471, 21.88518], [80.9549, 21.882], [80.95228, 21.87824], [80.95217, 21.87301], [80.95367, 21.86832], [80.95314, 21.86588], [80.95045, 21.86347], [80.95082, 21.85718], [80.94976, 21.85522], [80.95062, 21.85112], [80.94786, 21.84828], [80.94339, 21.84655], [80.94013, 21.84195], [80.93786, 21.83348], [80.93887, 21.82443], [80.93099, 21.82306], [80.93017, 21.82444], [80.92277, 21.82738], [80.92017, 21.82629], [80.91644, 21.82761], [80.91559, 21.82575], [80.90569, 21.82338], [80.90535, 21.82554], [80.90188, 21.82666], [80.89957, 21.8259], [80.89817, 21.82863], [80.89729, 21.82743], [80.89423, 21.82834], [80.89313, 21.82698], [80.88676, 21.82829], [80.88351, 21.82529], [80.87767, 21.82394], [80.87618, 21.82638], [80.87468, 21.82672], [80.87369, 21.82544], [80.87176, 21.82817], [80.86778, 21.82923], [80.8681, 21.83102], [80.86661, 21.83003], [80.86627, 21.83128], [80.86086, 21.83078], [80.85946, 21.83207], [80.85723, 21.83181], [80.85542, 21.83432], [80.85269, 21.83349], [80.85008, 21.83424], [80.85029, 21.83512], [80.84613, 21.83548], [80.84629, 21.83289], [80.84472, 21.83174], [80.84282, 21.83316], [80.84247, 21.83553], [80.83985, 21.83731], [80.83837, 21.8367], [80.83868, 21.83836], [80.8407, 21.83867], [80.83891, 21.84002], [80.84127, 21.83978], [80.83937, 21.84784], [80.84099, 21.8483], [80.84186, 21.85058], [80.84654, 21.85281], [80.85094, 21.8521], [80.85256, 21.85504], [80.85128, 21.85454], [80.85046, 21.85813], [80.8465, 21.85997], [80.8487, 21.8619], [80.84741, 21.86354], [80.84524, 21.86233], [80.84539, 21.86475], [80.84276, 21.86533], [80.84576, 21.86975], [80.84909, 21.87113], [80.85272, 21.87048], [80.85331, 21.87276], [80.84956, 21.87344], [80.84991, 21.87625], [80.84621, 21.87387], [80.84295, 21.87607], [80.84504, 21.87767], [80.84429, 21.88012], [80.84279, 21.88064], [80.84326, 21.88239], [80.84132, 21.88215], [80.83997, 21.88428], [80.83499, 21.88559], [80.83371, 21.88914], [80.83277, 21.88911], [80.83394, 21.89105], [80.8321, 21.89024], [80.832, 21.89203], [80.83481, 21.89606], [80.83318, 21.89863], [80.83433, 21.90061], [80.83339, 21.90213], [80.83614, 21.907], [80.83556, 21.90782], [80.83334, 21.90667], [80.83212, 21.90797], [80.83511, 21.90851], [80.83442, 21.91027], [80.83603, 21.91171], [80.83623, 21.91461], [80.83815, 21.91572], [80.83787, 21.91782], [80.83981, 21.91945], [80.83937, 21.92324], [80.84639, 21.92659], [80.84562, 21.93043], [80.84765, 21.93074], [80.84765, 21.93288], [80.84581, 21.93397], [80.84571, 21.93985], [80.84139, 21.94117], [80.8428, 21.94246], [80.84589, 21.94208], [80.84204, 21.94415], [80.84304, 21.94612], [80.83753, 21.94698], [80.83768, 21.94884], [80.83647, 21.94974], [80.83404, 21.94575], [80.83129, 21.94729], [80.83318, 21.95011], [80.82898, 21.94838], [80.82747, 21.95127], [80.82913, 21.95355], [80.82817, 21.9543], [80.82602, 21.95284], [80.8275, 21.95617], [80.82549, 21.95842], [80.82881, 21.95871], [80.83606, 21.95453], [80.83849, 21.95797], [80.84088, 21.95558], [80.84747, 21.95572], [80.85267, 21.95731], [80.85914, 21.97078], [80.86574, 21.99426], [80.87578, 22.01104], [80.87695, 22.03391], [80.87579, 22.03853], [80.8858, 22.04962], [80.88216, 22.05248], [80.88251, 22.05856], [80.88611, 22.05915], [80.88901, 22.0571], [80.89295, 22.06308], [80.89707, 22.06478], [80.90793, 22.10957], [80.91469, 22.11319], [80.92304, 22.12017], [80.94692, 22.11842], [80.94959, 22.11713], [80.95698, 22.11042], [80.96076, 22.10357], [80.96101, 22.10003], [80.96655, 22.09353], [80.96761, 22.08925], [80.97166, 22.08305], [80.97213, 22.07891], [80.97006, 22.07402], [80.96918, 22.06671], [80.9694, 22.05799], [80.98054, 22.05471], [80.98354, 22.0486], [80.98967, 22.05138], [80.99483, 22.04943], [80.99488, 22.05861], [80.99831, 22.0576], [81.00317, 22.05849], [81.0086, 22.06841], [81.00842, 22.0729], [81.0067, 22.075], [81.00458, 22.07536], [81.00145, 22.0835], [81.00612, 22.09219], [81.01133, 22.09557], [81.00666, 22.09995], [81.00316, 22.10106], [80.99048, 22.11355], [80.98434, 22.11456], [80.98096, 22.11021], [80.97814, 22.12011], [80.9826, 22.1257], [80.98895, 22.12825], [80.99487, 22.13302], [80.99734, 22.13292], [80.99906, 22.13132], [81.01368, 22.13367], [81.02191, 22.13273], [81.02153, 22.13652], [81.02378, 22.14867], [81.02221, 22.15773], [81.02631, 22.16284], [81.02675, 22.16639], [81.01716, 22.17961], [81.01666, 22.18553], [81.02243, 22.18947], [81.02553, 22.1874], [81.03066, 22.1874], [81.02901, 22.1925], [81.03164, 22.19965], [81.03037, 22.20317], [81.02176, 22.21212], [81.01952, 22.21734], [81.01946, 22.22118], [81.02364, 22.22928], [81.02705, 22.22892], [81.03791, 22.23389], [81.04896, 22.24419], [81.05961, 22.24429], [81.07261, 22.24837], [81.07618, 22.24421]]], [[[81.12191, 22.30103], [81.12402, 22.2994], [81.13129, 22.29938], [81.13616, 22.30179], [81.13568, 22.28694], [81.13241, 22.28267], [81.13228, 22.2795], [81.13565, 22.26962], [81.13479, 22.26406], [81.12947, 22.26093], [81.13148, 22.25694], [81.13343, 22.25602], [81.13409, 22.25165], [81.12795, 22.24763], [81.11939, 22.25115], [81.11318, 22.24854], [81.11481, 22.24277], [81.11898, 22.23734], [81.11486, 22.23195], [81.10981, 22.23114], [81.1056, 22.22791], [81.10423, 22.2296], [81.10405, 22.23417], [81.10581, 22.23921], [81.10232, 22.24497], [81.09974, 22.24633], [81.095, 22.24615], [81.0919, 22.24828], [81.08986, 22.24748], [81.09223, 22.25065], [81.09731, 22.26898], [81.10185, 22.2783], [81.10799, 22.2845], [81.11843, 22.29047], [81.11918, 22.30272], [81.12191, 22.30103]]], [[[81.11651, 22.3153], [81.1165, 22.31486], [81.11639, 22.31504], [81.11617, 22.31551], [81.11575, 22.31748], [81.11651, 22.3153]]], [[[81.11652, 22.3203], [81.11568, 22.31788], [81.11486, 22.32083], [81.11652, 22.3203]]], [[[81.39057, 22.45522], [81.3905, 22.45503], [81.39024, 22.45616], [81.3904, 22.45591], [81.39045, 22.45582], [81.39057, 22.45522]]], [[[81.22981, 22.45114], [81.22987, 22.44966], [81.22668, 22.44621], [81.21805, 22.45073], [81.21392, 22.44797], [81.20923, 22.44778], [81.20754, 22.45098], [81.20697, 22.46004], [81.20774, 22.45659], [81.22975, 22.45263], [81.22981, 22.45114]]], [[[81.38981, 22.46244], [81.38938, 22.46201], [81.38999, 22.4643], [81.39006, 22.46331], [81.38981, 22.46244]]], [[[81.19806, 22.48811], [81.19992, 22.4852], [81.20039, 22.46946], [81.20145, 22.4682], [81.20014, 22.46279], [81.19747, 22.46366], [81.19754, 22.46548], [81.19232, 22.46948], [81.18906, 22.46567], [81.18883, 22.45973], [81.19012, 22.45729], [81.18565, 22.45194], [81.18814, 22.44963], [81.1883, 22.44555], [81.18553, 22.43919], [81.18571, 22.43445], [81.18392, 22.4336], [81.18392, 22.42622], [81.18626, 22.42181], [81.18645, 22.41286], [81.19001, 22.40506], [81.1885, 22.39344], [81.19065, 22.38887], [81.18933, 22.38495], [81.18767, 22.38449], [81.18168, 22.38811], [81.1758, 22.38887], [81.17169, 22.38735], [81.16758, 22.38749], [81.15902, 22.38384], [81.15892, 22.38116], [81.16402, 22.37529], [81.16327, 22.36718], [81.15966, 22.36103], [81.15268, 22.36131], [81.14887, 22.35877], [81.14424, 22.35871], [81.13675, 22.35596], [81.13477, 22.34822], [81.12478, 22.34283], [81.11973, 22.33857], [81.12108, 22.34325], [81.11312, 22.35327], [81.11181, 22.36318], [81.10867, 22.37382], [81.1037, 22.38267], [81.10598, 22.38769], [81.10834, 22.40096], [81.11034, 22.41744], [81.10882, 22.42876], [81.11092, 22.43724], [81.12053, 22.4458], [81.12701, 22.44923], [81.14103, 22.45423], [81.1497, 22.45313], [81.15512, 22.45491], [81.16282, 22.47455], [81.16724, 22.47797], [81.17221, 22.48776], [81.18697, 22.48884], [81.19352, 22.49095], [81.19767, 22.48957], [81.19806, 22.48811]]], [[[81.32401, 22.48694], [81.31508, 22.48337], [81.31331, 22.47961], [81.31089, 22.48205], [81.3089, 22.48197], [81.31373, 22.48292], [81.31518, 22.48777], [81.32049, 22.48596], [81.32248, 22.48811], [81.32225, 22.49118], [81.31813, 22.49392], [81.31912, 22.49476], [81.32353, 22.48985], [81.32401, 22.48694]]], [[[81.47607, 22.48996], [81.4742, 22.49092], [81.47363, 22.49344], [81.47843, 22.49226], [81.47607, 22.48996]]], [[[81.38609, 22.49664], [81.38584, 22.49623], [81.38621, 22.49799], [81.38623, 22.49734], [81.38609, 22.49664]]], [[[81.31976, 22.50316], [81.3196, 22.49898], [81.3182, 22.50186], [81.31976, 22.50316]]], [[[81.31991, 22.50683], [81.31979, 22.50396], [81.31942, 22.50489], [81.31941, 22.50546], [81.3195, 22.50564], [81.31988, 22.50648], [81.31991, 22.50683]]], [[[81.31997, 22.5084], [81.31992, 22.5071], [81.31781, 22.51169], [81.31758, 22.51553], [81.31997, 22.5084]]], [[[81.32411, 22.51929], [81.32339, 22.51901], [81.32345, 22.51955], [81.32292, 22.52089], [81.32274, 22.52196], [81.32277, 22.52217], [81.32304, 22.52167], [81.32302, 22.52134], [81.32411, 22.51929]]]]}, "properties": {"district": "Kabirdham", "state": "Chhattisgarh", "operational_stp_count": 0, "capacity_mld": 0}}, {"type": "Feature", "geometry": {"type": "MultiPolygon", "coordinates": [[[[80.49974, 23.38895], [80.50001, 23.38783], [80.49712, 23.38892], [80.49974, 23.38895]]], [[[80.15176, 23.77064], [80.15405, 23.76726], [80.14983, 23.75632], [80.1592, 23.73985], [80.16628, 23.73664], [80.16449, 23.73445], [80.15952, 23.73475], [80.15755, 23.73299], [80.15761, 23.73058], [80.16173, 23.72569], [80.16171, 23.72281], [80.15951, 23.71887], [80.16666, 23.71528], [80.16846, 23.70476], [80.17165, 23.70321], [80.17271, 23.69679], [80.17738, 23.68967], [80.18051, 23.69074], [80.18437, 23.68949], [80.18587, 23.68365], [80.18513, 23.67464], [80.18348, 23.67069], [80.18457, 23.66833], [80.18765, 23.67061], [80.19056, 23.66587], [80.1926, 23.6565], [80.19698, 23.65389], [80.19504, 23.65031], [80.18843, 23.64551], [80.19102, 23.63452], [80.19895, 23.63259], [80.19348, 23.62319], [80.20453, 23.61618], [80.21515, 23.61893], [80.2232, 23.62257], [80.22586, 23.6198], [80.2378, 23.62063], [80.23666, 23.61952], [80.23662, 23.61305], [80.23925, 23.60978], [80.24348, 23.60973], [80.24593, 23.61228], [80.24924, 23.61231], [80.25011, 23.60898], [80.2568, 23.60884], [80.26005, 23.61222], [80.2657, 23.61234], [80.26588, 23.60948], [80.26421, 23.60798], [80.26522, 23.60633], [80.2768, 23.60646], [80.27911, 23.60406], [80.28675, 23.60809], [80.28931, 23.60811], [80.29062, 23.60541], [80.29593, 23.60729], [80.29841, 23.60478], [80.30852, 23.60731], [80.3135, 23.60474], [80.3175, 23.60483], [80.32403, 23.60001], [80.32528, 23.60259], [80.32765, 23.60144], [80.33431, 23.59473], [80.33764, 23.59479], [80.33846, 23.59226], [80.3446, 23.58757], [80.34757, 23.58144], [80.35846, 23.58295], [80.35843, 23.58726], [80.36514, 23.59222], [80.36635, 23.5972], [80.37258, 23.59723], [80.37593, 23.60061], [80.38181, 23.60143], [80.38283, 23.60558], [80.38701, 23.60469], [80.40232, 23.60643], [80.40931, 23.60475], [80.41047, 23.60714], [80.42776, 23.61401], [80.43181, 23.61393], [80.43495, 23.61719], [80.43964, 23.6188], [80.44402, 23.61655], [80.45513, 23.62561], [80.46848, 23.63143], [80.47709, 23.63702], [80.4785, 23.63556], [80.48315, 23.63565], [80.4852, 23.63132], [80.48336, 23.62857], [80.48585, 23.62574], [80.48593, 23.62314], [80.48849, 23.62141], [80.49137, 23.62147], [80.49181, 23.61973], [80.48918, 23.61361], [80.48328, 23.60603], [80.48336, 23.60199], [80.48181, 23.59819], [80.48673, 23.59537], [80.48795, 23.59115], [80.48603, 23.58741], [80.48769, 23.58387], [80.48419, 23.57905], [80.48837, 23.57652], [80.49082, 23.571], [80.48507, 23.56367], [80.48166, 23.56195], [80.48169, 23.56024], [80.48502, 23.5566], [80.4851, 23.55431], [80.48922, 23.55643], [80.49181, 23.55561], [80.49524, 23.54713], [80.48923, 23.54116], [80.48501, 23.54034], [80.48169, 23.53441], [80.48704, 23.52587], [80.49419, 23.5211], [80.48472, 23.50151], [80.48846, 23.49646], [80.48756, 23.49024], [80.48977, 23.48767], [80.48475, 23.48518], [80.48336, 23.48153], [80.48846, 23.47726], [80.49279, 23.47641], [80.49327, 23.47535], [80.49164, 23.47024], [80.48907, 23.46777], [80.48921, 23.46119], [80.48734, 23.45756], [80.49431, 23.45478], [80.49586, 23.44699], [80.49336, 23.44153], [80.49576, 23.43759], [80.49281, 23.4317], [80.48835, 23.43284], [80.48328, 23.43198], [80.47635, 23.42512], [80.47839, 23.41842], [80.47838, 23.4115], [80.49181, 23.40728], [80.49547, 23.40283], [80.48915, 23.39868], [80.49169, 23.39419], [80.49175, 23.39107], [80.49331, 23.39027], [80.4847, 23.39255], [80.48399, 23.39183], [80.48294, 23.38668], [80.4809, 23.38377], [80.48128, 23.38132], [80.48325, 23.38007], [80.48171, 23.37338], [80.4781, 23.37121], [80.46886, 23.37092], [80.46397, 23.36524], [80.4625, 23.34668], [80.45696, 23.34356], [80.44451, 23.34349], [80.43996, 23.34378], [80.43735, 23.34793], [80.43495, 23.34785], [80.43228, 23.34505], [80.42251, 23.34618], [80.42193, 23.34719], [80.42165, 23.3459], [80.41012, 23.341], [80.40618, 23.3418], [80.40579, 23.34592], [80.40278, 23.34937], [80.39466, 23.35134], [80.39005, 23.34824], [80.39157, 23.34694], [80.39066, 23.34584], [80.39083, 23.33852], [80.38655, 23.33911], [80.38125, 23.33602], [80.37904, 23.33687], [80.3762, 23.33384], [80.3761, 23.33109], [80.36421, 23.32885], [80.3639, 23.32493], [80.36853, 23.31748], [80.36792, 23.31334], [80.36956, 23.31181], [80.36589, 23.30892], [80.36763, 23.30736], [80.36715, 23.30524], [80.35511, 23.30722], [80.34199, 23.30344], [80.32646, 23.30546], [80.3296, 23.31041], [80.32811, 23.31463], [80.32393, 23.31629], [80.32273, 23.31551], [80.32114, 23.31935], [80.31535, 23.32052], [80.31449, 23.32205], [80.3055, 23.32679], [80.3041, 23.33179], [80.30083, 23.3346], [80.30177, 23.33764], [80.29804, 23.33741], [80.29674, 23.33876], [80.29886, 23.34042], [80.29738, 23.34355], [80.29908, 23.34413], [80.29821, 23.34707], [80.3007, 23.34857], [80.30111, 23.3505], [80.29978, 23.35078], [80.30137, 23.35314], [80.30045, 23.3546], [80.29785, 23.35243], [80.29638, 23.35355], [80.29709, 23.35543], [80.29595, 23.35788], [80.297, 23.35935], [80.29371, 23.36935], [80.29183, 23.38407], [80.29476, 23.38565], [80.3011, 23.38512], [80.3026, 23.38616], [80.30622, 23.39091], [80.30859, 23.39771], [80.31744, 23.40987], [80.31486, 23.4115], [80.31474, 23.4136], [80.31142, 23.41369], [80.3102, 23.41753], [80.30384, 23.41748], [80.30339, 23.4196], [80.3007, 23.42024], [80.3012, 23.42191], [80.29884, 23.42239], [80.29888, 23.42659], [80.29771, 23.42625], [80.29721, 23.42781], [80.29838, 23.43318], [80.29703, 23.43768], [80.2958, 23.43812], [80.29705, 23.43932], [80.29648, 23.44113], [80.29218, 23.44548], [80.29062, 23.44423], [80.28846, 23.44094], [80.28759, 23.43392], [80.27328, 23.43645], [80.27112, 23.43903], [80.26868, 23.43769], [80.26526, 23.43977], [80.26387, 23.44207], [80.26384, 23.4478], [80.26, 23.4449], [80.25844, 23.44887], [80.25485, 23.45031], [80.2579, 23.45719], [80.26155, 23.45768], [80.26322, 23.45563], [80.26662, 23.45607], [80.26662, 23.46521], [80.26902, 23.47378], [80.26825, 23.48045], [80.26345, 23.48202], [80.25937, 23.48176], [80.24724, 23.48643], [80.24158, 23.48633], [80.24045, 23.4845], [80.23734, 23.4837], [80.23573, 23.48634], [80.22846, 23.48639], [80.23108, 23.48851], [80.22873, 23.49032], [80.22763, 23.48929], [80.22568, 23.49048], [80.22111, 23.48938], [80.21889, 23.49055], [80.2159, 23.48882], [80.20966, 23.49042], [80.2052, 23.48605], [80.20012, 23.48651], [80.20009, 23.49408], [80.19564, 23.5016], [80.1922, 23.50399], [80.18998, 23.50781], [80.1916, 23.5118], [80.19358, 23.51172], [80.20017, 23.51612], [80.19395, 23.53555], [80.20581, 23.5376], [80.20695, 23.53549], [80.21208, 23.53395], [80.21089, 23.52342], [80.21901, 23.52332], [80.22017, 23.52961], [80.22437, 23.53117], [80.22743, 23.53081], [80.22546, 23.53425], [80.22612, 23.53966], [80.22999, 23.53986], [80.23087, 23.54179], [80.2335, 23.54256], [80.2341, 23.54696], [80.23738, 23.54719], [80.23769, 23.55139], [80.22576, 23.55218], [80.22527, 23.55484], [80.2199, 23.55556], [80.22015, 23.56001], [80.23312, 23.55726], [80.23667, 23.56213], [80.23831, 23.56841], [80.23717, 23.57349], [80.23461, 23.57551], [80.20906, 23.57559], [80.2064, 23.58308], [80.19707, 23.58971], [80.19319, 23.58773], [80.19147, 23.57936], [80.18602, 23.57824], [80.17938, 23.57015], [80.17968, 23.56744], [80.17806, 23.56777], [80.17323, 23.56365], [80.17031, 23.56955], [80.17069, 23.57147], [80.16583, 23.57491], [80.16359, 23.58019], [80.15837, 23.58202], [80.14908, 23.57996], [80.13958, 23.57239], [80.13897, 23.5786], [80.14239, 23.58527], [80.1399, 23.59019], [80.13556, 23.58996], [80.11861, 23.58469], [80.11407, 23.58584], [80.1157, 23.58883], [80.11385, 23.58955], [80.10165, 23.59289], [80.09103, 23.5934], [80.09081, 23.58681], [80.0862, 23.58202], [80.08588, 23.57752], [80.07819, 23.57384], [80.07376, 23.57334], [80.07205, 23.57021], [80.06967, 23.57485], [80.06643, 23.57658], [80.05905, 23.57353], [80.05687, 23.5751], [80.05462, 23.57466], [80.05255, 23.57194], [80.04938, 23.57219], [80.04674, 23.56796], [80.04248, 23.56811], [80.04401, 23.56996], [80.04233, 23.57308], [80.03662, 23.57369], [80.03308, 23.57324], [80.03184, 23.57143], [80.02378, 23.57122], [80.01234, 23.57333], [80.01024, 23.57025], [79.99781, 23.57078], [79.99675, 23.57766], [79.99356, 23.58342], [79.98541, 23.58116], [79.95979, 23.56771], [79.95703, 23.56946], [79.95421, 23.57867], [79.95775, 23.58175], [79.96039, 23.58127], [79.95935, 23.58334], [79.96187, 23.58502], [79.96047, 23.58613], [79.9642, 23.58662], [79.96376, 23.58501], [79.96623, 23.58512], [79.97042, 23.59122], [79.96946, 23.59693], [79.97496, 23.59696], [79.97108, 23.6036], [79.97388, 23.6065], [79.96823, 23.61576], [79.94327, 23.60464], [79.93288, 23.59891], [79.92974, 23.59529], [79.928, 23.59708], [79.92701, 23.59935], [79.92925, 23.60551], [79.92744, 23.60891], [79.93095, 23.61022], [79.93836, 23.62202], [79.94122, 23.62421], [79.95149, 23.62223], [79.94763, 23.62679], [79.94649, 23.63388], [79.94415, 23.63606], [79.94346, 23.64532], [79.94794, 23.65165], [79.9552, 23.65662], [79.95552, 23.65867], [79.95046, 23.66789], [79.94034, 23.67193], [79.9401, 23.67686], [79.94216, 23.674], [79.95292, 23.67307], [79.96047, 23.68174], [79.96381, 23.68309], [79.97244, 23.6774], [79.97939, 23.67643], [79.98181, 23.67391], [79.98765, 23.67223], [79.99105, 23.6723], [79.99858, 23.6791], [79.99845, 23.68708], [80.00765, 23.69481], [80.01513, 23.69474], [80.01602, 23.70003], [80.02182, 23.70434], [80.02528, 23.70961], [80.03096, 23.71149], [80.02606, 23.71748], [80.02082, 23.71947], [80.02012, 23.72374], [80.01667, 23.72672], [80.02433, 23.72981], [80.02413, 23.73221], [80.02239, 23.73371], [80.0243, 23.73811], [80.02572, 23.73948], [80.02683, 23.73719], [80.03103, 23.73728], [80.03095, 23.74143], [80.03678, 23.74563], [80.05016, 23.75111], [80.05708, 23.74613], [80.06095, 23.74813], [80.06665, 23.74801], [80.06894, 23.74919], [80.0713, 23.7528], [80.0693, 23.75505], [80.06953, 23.76224], [80.07648, 23.76046], [80.08153, 23.76251], [80.0854, 23.7695], [80.09188, 23.77396], [80.09392, 23.77392], [80.09601, 23.77058], [80.10005, 23.77066], [80.1051, 23.76816], [80.10765, 23.76558], [80.11423, 23.76551], [80.11639, 23.77019], [80.12067, 23.77165], [80.12674, 23.76853], [80.12788, 23.77439], [80.13786, 23.77646], [80.14549, 23.78039], [80.15158, 23.7767], [80.15176, 23.77064]]]]}, "properties": {"district": "Katni", "state": "Madhya Pradesh", "operational_stp_count": 0, "capacity_mld": 0}}, {"type": "Feature", "geometry": {"type": "MultiPolygon", "coordinates": [[[[81.48168, 22.4893], [81.48055, 22.48566], [81.47573, 22.48965], [81.47843, 22.49226], [81.48168, 22.4893]]], [[[81.55378, 22.53079], [81.55325, 22.53011], [81.55225, 22.53037], [81.55177, 22.5305], [81.55296, 22.53105], [81.55395, 22.531], [81.55378, 22.53079]]], [[[81.52147, 22.53693], [81.52185, 22.53625], [81.52134, 22.5366], [81.52147, 22.53695], [81.52147, 22.53693]]], [[[81.66035, 22.61929], [81.66024, 22.61872], [81.65593, 22.61925], [81.656, 22.61926], [81.66035, 22.61929]]], [[[81.66309, 22.62693], [81.66202, 22.62597], [81.66595, 22.62982], [81.66309, 22.62693]]], [[[81.68081, 22.64297], [81.68056, 22.64283], [81.68096, 22.64344], [81.68091, 22.64329], [81.68081, 22.64297]]], [[[81.70582, 22.64561], [81.70271, 22.64213], [81.69964, 22.64487], [81.70656, 22.64644], [81.70582, 22.64561]]], [[[81.72401, 22.66798], [81.72404, 22.66752], [81.72394, 22.66764], [81.72401, 22.66798]]]]}, "properties": {"district": "Mungeli", "state": "Chhattisgarh", "operational_stp_count": 0, "capacity_mld": 0}}, {"type": "Feature", "geometry": {"type": "Polygon", "coordinates": [[[73.94051, 21.87091], [73.92815, 21.86421], [73.914, 21.85849], [73.90782, 21.85706], [73.90058, 21.85795], [73.888, 21.85521], [73.87744, 21.84501], [73.87161, 21.84151], [73.86662, 21.8409], [73.85524, 21.84341], [73.84232, 21.844], [73.82497, 21.84236], [73.81386, 21.83979], [73.80732, 21.83633], [73.79595, 21.82473], [73.79815, 21.82231], [73.80161, 21.82175], [73.8043, 21.8197], [73.80784, 21.80981], [73.82239, 21.8113], [73.82655, 21.81056], [73.82787, 21.80867], [73.82807, 21.80407], [73.83295, 21.80095], [73.83246, 21.79965], [73.82696, 21.79793], [73.82734, 21.79248], [73.83449, 21.7921], [73.83813, 21.78849], [73.8371, 21.78733], [73.83089, 21.78712], [73.82945, 21.78594], [73.82957, 21.77755], [73.83414, 21.7762], [73.8347, 21.77405], [73.83361, 21.77165], [73.8267, 21.76729], [73.82397, 21.76372], [73.82527, 21.75895], [73.828, 21.75647], [73.83366, 21.75492], [73.83751, 21.74553], [73.84681, 21.73728], [73.85037, 21.73722], [73.85327, 21.73538], [73.85593, 21.73244], [73.85836, 21.7265], [73.86761, 21.71834], [73.88061, 21.71559], [73.88545, 21.7084], [73.88632, 21.70667], [73.88389, 21.70523], [73.8903, 21.69797], [73.89182, 21.69215], [73.89128, 21.68712], [73.89246, 21.68493], [73.89161, 21.68106], [73.8946, 21.67627], [73.89377, 21.67183], [73.88863, 21.66077], [73.88801, 21.65325], [73.88378, 21.65334], [73.87419, 21.64756], [73.86715, 21.64604], [73.86004, 21.64233], [73.85167, 21.64648], [73.84977, 21.63913], [73.84594, 21.63974], [73.83859, 21.63308], [73.83466, 21.63435], [73.83603, 21.63918], [73.8321, 21.63835], [73.83038, 21.64237], [73.8248, 21.63978], [73.82173, 21.64342], [73.81759, 21.64197], [73.81426, 21.64417], [73.81232, 21.64008], [73.80471, 21.63952], [73.80158, 21.63714], [73.78805, 21.6341], [73.78611, 21.63248], [73.78502, 21.62901], [73.78051, 21.62859], [73.78268, 21.62208], [73.78137, 21.61859], [73.78772, 21.6165], [73.78996, 21.61229], [73.79829, 21.60457], [73.80654, 21.60411], [73.81193, 21.60162], [73.81156, 21.59758], [73.8091, 21.59539], [73.80912, 21.59072], [73.80643, 21.58581], [73.80417, 21.58704], [73.80281, 21.58551], [73.79882, 21.58695], [73.79596, 21.57901], [73.79358, 21.5765], [73.7876, 21.57541], [73.78727, 21.58142], [73.78999, 21.58461], [73.78309, 21.58863], [73.78004, 21.58697], [73.77015, 21.58605], [73.76662, 21.58358], [73.76337, 21.58869], [73.75986, 21.58947], [73.75787, 21.58724], [73.7531, 21.58614], [73.74978, 21.5837], [73.74574, 21.5923], [73.74604, 21.59729], [73.73912, 21.60002], [73.72841, 21.59601], [73.7267, 21.59869], [73.71925, 21.59639], [73.71804, 21.59376], [73.71416, 21.59285], [73.70819, 21.58838], [73.70806, 21.58069], [73.71234, 21.57769], [73.71238, 21.56863], [73.70904, 21.57045], [73.7001, 21.57099], [73.69754, 21.56697], [73.69075, 21.56571], [73.69072, 21.56182], [73.68744, 21.55441], [73.68315, 21.55123], [73.68406, 21.5485], [73.6905, 21.54534], [73.68834, 21.53861], [73.68565, 21.53581], [73.68745, 21.52996], [73.69382, 21.52705], [73.69142, 21.52224], [73.69264, 21.51883], [73.69071, 21.51562], [73.68235, 21.50944], [73.68229, 21.50759], [73.67921, 21.50447], [73.67443, 21.50144], [73.66975, 21.48888], [73.67206, 21.48782], [73.66951, 21.4807], [73.66985, 21.47505], [73.66689, 21.4724], [73.65574, 21.47905], [73.64948, 21.48057], [73.64475, 21.47932], [73.64265, 21.47723], [73.63524, 21.47745], [73.62866, 21.47288], [73.60952, 21.47374], [73.60693, 21.47251], [73.6061, 21.47688], [73.60352, 21.47919], [73.6009, 21.48445], [73.59725, 21.48476], [73.58043, 21.48083], [73.56391, 21.47467], [73.55465, 21.47464], [73.54996, 21.4771], [73.5481, 21.4803], [73.53656, 21.4785], [73.52788, 21.47943], [73.52392, 21.4833], [73.51566, 21.48322], [73.51073, 21.48745], [73.50191, 21.48732], [73.49445, 21.48565], [73.49361, 21.49087], [73.48953, 21.49062], [73.48608, 21.49447], [73.48488, 21.50459], [73.48926, 21.51386], [73.48802, 21.51538], [73.46834, 21.50829], [73.46535, 21.51992], [73.45842, 21.52242], [73.44177, 21.53814], [73.44289, 21.54236], [73.44056, 21.54555], [73.44162, 21.54775], [73.4399, 21.54871], [73.44097, 21.55476], [73.44381, 21.56186], [73.44703, 21.56456], [73.44625, 21.56911], [73.44977, 21.57129], [73.45023, 21.57537], [73.45794, 21.57808], [73.46517, 21.58469], [73.46616, 21.58889], [73.47035, 21.59386], [73.47263, 21.59287], [73.47349, 21.59381], [73.47412, 21.59802], [73.47076, 21.60901], [73.47437, 21.61131], [73.48224, 21.61089], [73.48034, 21.6271], [73.47839, 21.63187], [73.48001, 21.63389], [73.48476, 21.63604], [73.48576, 21.6389], [73.48436, 21.64188], [73.48072, 21.64356], [73.47698, 21.64736], [73.47387, 21.65441], [73.47428, 21.66016], [73.47779, 21.667], [73.48703, 21.67779], [73.49603, 21.67838], [73.49962, 21.68], [73.49985, 21.68123], [73.48759, 21.69354], [73.48768, 21.70399], [73.47806, 21.70402], [73.47497, 21.7114], [73.47176, 21.71336], [73.46912, 21.7209], [73.46207, 21.71838], [73.45322, 21.71925], [73.44893, 21.71669], [73.44947, 21.71378], [73.44722, 21.71174], [73.43968, 21.70943], [73.4315, 21.71478], [73.43156, 21.71791], [73.40698, 21.70928], [73.40296, 21.71807], [73.39548, 21.71708], [73.39512, 21.72073], [73.39326, 21.72206], [73.39486, 21.72483], [73.4006, 21.72696], [73.40203, 21.72953], [73.404, 21.72989], [73.40444, 21.73502], [73.40822, 21.73744], [73.40663, 21.73989], [73.40692, 21.7445], [73.40781, 21.74833], [73.40972, 21.74972], [73.40078, 21.75885], [73.39713, 21.75856], [73.39432, 21.76027], [73.39629, 21.76825], [73.3949, 21.7766], [73.38691, 21.77764], [73.3826, 21.78127], [73.37418, 21.78041], [73.37396, 21.78694], [73.37136, 21.78822], [73.37102, 21.79202], [73.36933, 21.79327], [73.36694, 21.79927], [73.36443, 21.80192], [73.36016, 21.80248], [73.35989, 21.80609], [73.35787, 21.80541], [73.35901, 21.80756], [73.35587, 21.80825], [73.35588, 21.81034], [73.3515, 21.81058], [73.34759, 21.81438], [73.33599, 21.81035], [73.33502, 21.81336], [73.3334, 21.81379], [73.33236, 21.81602], [73.33684, 21.81749], [73.33482, 21.8315], [73.32728, 21.83523], [73.32184, 21.83245], [73.32139, 21.83053], [73.31953, 21.83131], [73.31924, 21.82964], [73.31491, 21.83014], [73.31592, 21.82632], [73.31159, 21.8252], [73.3114, 21.82337], [73.30631, 21.82223], [73.30407, 21.82565], [73.30216, 21.82504], [73.29935, 21.82749], [73.29942, 21.83078], [73.30147, 21.83329], [73.29674, 21.83436], [73.29694, 21.83626], [73.29947, 21.83585], [73.30099, 21.83701], [73.30299, 21.84147], [73.30243, 21.85013], [73.30852, 21.85141], [73.30795, 21.85375], [73.30659, 21.85416], [73.30591, 21.85917], [73.30381, 21.85814], [73.30417, 21.86204], [73.30166, 21.86176], [73.30184, 21.86741], [73.29961, 21.87855], [73.30186, 21.88217], [73.30247, 21.88655], [73.30383, 21.88751], [73.31437, 21.88058], [73.32777, 21.87493], [73.33538, 21.87429], [73.34425, 21.87729], [73.34636, 21.88066], [73.34678, 21.88438], [73.34388, 21.90379], [73.34452, 21.91448], [73.34735, 21.92108], [73.35103, 21.92513], [73.35957, 21.93018], [73.37134, 21.93063], [73.37731, 21.9289], [73.3834, 21.92186], [73.39981, 21.91158], [73.41153, 21.90962], [73.42125, 21.91232], [73.42946, 21.91779], [73.43866, 21.92667], [73.44288, 21.94162], [73.43988, 21.96401], [73.44711, 21.97454], [73.45382, 21.97628], [73.45865, 21.975], [73.46181, 21.9799], [73.47408, 21.97405], [73.50383, 21.96289], [73.5044, 21.96643], [73.50756, 21.96971], [73.50473, 21.97724], [73.50684, 21.97912], [73.51285, 21.98096], [73.51284, 21.98378], [73.51416, 21.9854], [73.51207, 21.9862], [73.51181, 21.98755], [73.5142, 21.99018], [73.51369, 21.99307], [73.51124, 21.99347], [73.51111, 22.00364], [73.50031, 22.00913], [73.49912, 22.01392], [73.49495, 22.0174], [73.50063, 22.01725], [73.50238, 22.02261], [73.50332, 22.02826], [73.50188, 22.02821], [73.50018, 22.03295], [73.50317, 22.03543], [73.49987, 22.03965], [73.50409, 22.03951], [73.50896, 22.03725], [73.51432, 22.03794], [73.51836, 22.04578], [73.51858, 22.04853], [73.52228, 22.05217], [73.52161, 22.05651], [73.53401, 22.04863], [73.54486, 22.04756], [73.55715, 22.05341], [73.56317, 22.05455], [73.56366, 22.05614], [73.56194, 22.06022], [73.56331, 22.06148], [73.56807, 22.05921], [73.57233, 22.05252], [73.57507, 22.05307], [73.57707, 22.05448], [73.57924, 22.06098], [73.58233, 22.0649], [73.5894, 22.06586], [73.59771, 22.07207], [73.60136, 22.0707], [73.60347, 22.0716], [73.60938, 22.07847], [73.6091, 22.08209], [73.61457, 22.07907], [73.61476, 22.07028], [73.62036, 22.07318], [73.625, 22.07276], [73.63082, 22.07953], [73.63035, 22.06689], [73.63802, 22.06768], [73.64497, 22.07332], [73.64847, 22.07205], [73.65209, 22.0604], [73.65729, 22.06201], [73.65934, 22.05596], [73.65751, 22.05444], [73.65886, 22.05045], [73.66071, 22.05112], [73.66191, 22.04821], [73.66078, 22.04736], [73.66054, 22.0431], [73.66565, 22.04335], [73.6655, 22.04566], [73.66668, 22.04678], [73.67359, 22.04871], [73.67752, 22.05381], [73.6822, 22.05319], [73.68451, 22.05122], [73.68359, 22.04317], [73.67601, 22.04313], [73.67446, 22.02628], [73.67198, 22.02683], [73.67133, 22.01774], [73.66997, 22.01481], [73.67098, 22.01297], [73.67446, 22.01079], [73.67637, 22.01143], [73.67809, 22.00956], [73.67973, 22.00105], [73.68275, 22.00969], [73.68692, 22.01262], [73.69011, 22.01143], [73.68946, 22.00897], [73.69109, 22.00098], [73.68938, 21.99894], [73.68793, 21.99908], [73.68921, 21.99633], [73.68683, 21.99596], [73.689, 21.99202], [73.68752, 21.9894], [73.68969, 21.98883], [73.68883, 21.98726], [73.69608, 21.98829], [73.69329, 21.99126], [73.69324, 21.9929], [73.69879, 21.99342], [73.69846, 21.99902], [73.70181, 22.00175], [73.70085, 22.00591], [73.70669, 22.00998], [73.70882, 22.00897], [73.70866, 22.00083], [73.7062, 21.99682], [73.70713, 21.99417], [73.7027, 21.99265], [73.70459, 21.97685], [73.71064, 21.97983], [73.71469, 21.97944], [73.71535, 21.98162], [73.72892, 21.98153], [73.72905, 21.97992], [73.7312, 21.97854], [73.7341, 21.97934], [73.73677, 21.9775], [73.74517, 21.96457], [73.74824, 21.96254], [73.7579, 21.96293], [73.77074, 21.96768], [73.77355, 21.96148], [73.77606, 21.96], [73.78104, 21.95992], [73.7793, 21.95826], [73.7795, 21.95364], [73.77746, 21.95271], [73.77873, 21.93996], [73.78324, 21.93823], [73.78631, 21.93481], [73.78815, 21.93512], [73.79003, 21.93118], [73.79369, 21.93251], [73.79558, 21.93517], [73.79581, 21.94321], [73.79921, 21.9484], [73.80094, 21.94489], [73.80349, 21.94472], [73.80372, 21.94153], [73.80819, 21.94018], [73.80102, 21.93816], [73.80051, 21.92939], [73.80559, 21.92964], [73.81217, 21.93369], [73.82011, 21.93587], [73.82295, 21.94034], [73.84135, 21.94613], [73.84709, 21.95046], [73.85497, 21.95262], [73.8559, 21.94733], [73.86045, 21.94357], [73.85986, 21.93474], [73.86541, 21.92943], [73.86815, 21.92432], [73.87176, 21.92306], [73.87507, 21.92502], [73.88709, 21.92497], [73.88931, 21.92619], [73.89415, 21.92005], [73.90323, 21.91339], [73.90848, 21.90683], [73.90766, 21.90315], [73.9108, 21.89831], [73.91418, 21.89781], [73.92055, 21.89334], [73.93116, 21.88916], [73.9356, 21.881], [73.93769, 21.87353], [73.94051, 21.87091]]]}, "properties": {"district": "Narmada", "state": "Gujarat", "operational_stp_count": 0, "capacity_mld": 0}}, {"type": "Feature", "geometry": {"type": "Polygon", "coordinates": [[[79.14915, 23.16824], [79.15811, 23.16965], [79.16082, 23.16696], [79.16311, 23.16715], [79.16868, 23.16189], [79.17188, 23.1499], [79.17074, 23.14662], [79.1676, 23.1456], [79.16864, 23.1396], [79.17222, 23.14282], [79.17768, 23.14365], [79.18361, 23.15077], [79.19088, 23.14459], [79.19546, 23.14423], [79.21179, 23.14905], [79.21435, 23.14469], [79.2144, 23.13967], [79.21912, 23.14164], [79.22875, 23.1381], [79.23268, 23.14208], [79.23243, 23.14597], [79.23793, 23.15363], [79.24115, 23.15246], [79.24249, 23.14947], [79.24807, 23.14597], [79.25032, 23.13712], [79.25749, 23.13469], [79.25999, 23.13576], [79.25838, 23.13763], [79.26126, 23.14184], [79.26559, 23.14303], [79.26825, 23.14206], [79.26723, 23.14789], [79.26908, 23.14774], [79.2707, 23.15065], [79.26822, 23.15785], [79.27087, 23.16298], [79.27569, 23.15996], [79.2797, 23.15323], [79.2822, 23.15613], [79.28563, 23.15482], [79.29167, 23.14721], [79.29687, 23.14842], [79.29932, 23.15324], [79.30538, 23.15943], [79.3083, 23.15966], [79.31038, 23.15633], [79.32241, 23.15441], [79.32117, 23.157], [79.3227, 23.15974], [79.32238, 23.16493], [79.32722, 23.16671], [79.33487, 23.1594], [79.33209, 23.1545], [79.33188, 23.15073], [79.3359, 23.15047], [79.35195, 23.15566], [79.35474, 23.15895], [79.35637, 23.16439], [79.35534, 23.17128], [79.36204, 23.171], [79.36479, 23.16882], [79.36522, 23.16511], [79.37088, 23.16743], [79.37325, 23.16446], [79.37356, 23.15647], [79.36469, 23.14808], [79.35659, 23.1441], [79.35189, 23.13949], [79.35243, 23.13544], [79.35792, 23.13047], [79.35365, 23.12684], [79.35204, 23.11382], [79.34682, 23.10735], [79.36186, 23.10601], [79.37806, 23.11282], [79.38176, 23.11302], [79.38815, 23.11116], [79.39855, 23.10187], [79.40348, 23.1002], [79.40585, 23.1001], [79.41845, 23.10496], [79.43485, 23.10818], [79.44119, 23.10664], [79.45313, 23.09877], [79.45815, 23.0983], [79.46493, 23.10187], [79.47902, 23.11736], [79.49853, 23.13002], [79.50691, 23.13859], [79.51427, 23.1428], [79.52006, 23.1435], [79.53507, 23.13976], [79.54445, 23.13966], [79.56921, 23.13535], [79.57434, 23.13241], [79.57756, 23.12635], [79.5799, 23.11436], [79.58173, 23.11206], [79.58813, 23.11061], [79.59583, 23.11075], [79.60503, 23.10706], [79.6157, 23.10535], [79.61495, 23.10321], [79.60924, 23.1009], [79.60765, 23.09865], [79.60816, 23.09715], [79.61351, 23.09482], [79.6136, 23.09044], [79.60613, 23.09125], [79.60323, 23.09284], [79.60029, 23.09187], [79.60242, 23.08341], [79.60538, 23.08441], [79.60583, 23.08724], [79.60844, 23.08826], [79.60641, 23.07616], [79.60821, 23.06774], [79.60621, 23.06572], [79.60109, 23.06478], [79.5964, 23.05944], [79.59972, 23.05288], [79.59485, 23.04769], [79.59391, 23.04337], [79.59842, 23.03874], [79.59888, 23.03403], [79.59727, 23.03063], [79.59207, 23.02661], [79.59036, 23.02252], [79.59309, 23.02039], [79.60129, 23.02211], [79.6044, 23.0196], [79.60886, 23.01956], [79.60935, 23.01713], [79.60618, 23.01362], [79.60564, 23.00996], [79.60901, 23.00519], [79.61354, 23.00399], [79.61515, 23.00469], [79.61646, 23.00319], [79.61512, 22.99258], [79.61835, 22.99243], [79.6229, 22.99458], [79.6274, 22.99328], [79.6283, 22.98977], [79.63318, 22.98814], [79.63511, 22.98464], [79.64314, 22.97832], [79.64083, 22.97557], [79.64032, 22.97268], [79.63785, 22.97314], [79.63824, 22.9708], [79.63181, 22.96873], [79.6227, 22.96784], [79.6243, 22.96046], [79.62247, 22.95555], [79.60273, 22.95029], [79.59899, 22.94853], [79.5979, 22.94587], [79.59624, 22.94848], [79.59264, 22.94565], [79.59037, 22.93824], [79.59221, 22.9319], [79.59543, 22.9286], [79.60002, 22.91375], [79.60082, 22.91301], [79.60563, 22.91608], [79.61332, 22.91747], [79.62078, 22.90688], [79.62536, 22.89622], [79.62502, 22.8934], [79.62226, 22.8901], [79.62318, 22.88348], [79.62582, 22.87705], [79.6233, 22.87121], [79.61219, 22.85994], [79.60648, 22.86], [79.60315, 22.86473], [79.59747, 22.86643], [79.59754, 22.85841], [79.58899, 22.85586], [79.5875, 22.85415], [79.58773, 22.84453], [79.58337, 22.8433], [79.57821, 22.83942], [79.57691, 22.83339], [79.57307, 22.831], [79.56808, 22.83232], [79.56595, 22.83147], [79.54087, 22.81712], [79.54463, 22.81451], [79.54415, 22.80461], [79.53902, 22.79735], [79.53167, 22.79381], [79.52783, 22.78529], [79.52259, 22.78323], [79.51543, 22.778], [79.51414, 22.77182], [79.519, 22.76222], [79.50842, 22.75388], [79.50919, 22.75102], [79.51169, 22.7499], [79.51577, 22.75], [79.51938, 22.75248], [79.52361, 22.75161], [79.51646, 22.74118], [79.51683, 22.7356], [79.51995, 22.73431], [79.51769, 22.72977], [79.51808, 22.72544], [79.51647, 22.72294], [79.50983, 22.72126], [79.50656, 22.72392], [79.48791, 22.7307], [79.48178, 22.72759], [79.47821, 22.7279], [79.47212, 22.7244], [79.47094, 22.72693], [79.47106, 22.7346], [79.47443, 22.73641], [79.47557, 22.73842], [79.47449, 22.73999], [79.46902, 22.74204], [79.46613, 22.74147], [79.46496, 22.73683], [79.46027, 22.72992], [79.45662, 22.73041], [79.45441, 22.72799], [79.44582, 22.72794], [79.43519, 22.72314], [79.43094, 22.72505], [79.42375, 22.72535], [79.4185, 22.72447], [79.40956, 22.72067], [79.41075, 22.71768], [79.41384, 22.71509], [79.41346, 22.71186], [79.40639, 22.70574], [79.40294, 22.70554], [79.40009, 22.70177], [79.39795, 22.70441], [79.39414, 22.70205], [79.39907, 22.69902], [79.3997, 22.69676], [79.402, 22.69888], [79.40311, 22.69798], [79.40136, 22.68497], [79.39878, 22.68233], [79.39396, 22.68066], [79.39365, 22.6779], [79.39123, 22.67638], [79.39231, 22.6736], [79.38966, 22.67281], [79.38839, 22.66999], [79.37842, 22.66854], [79.37605, 22.66272], [79.38094, 22.6589], [79.36963, 22.6542], [79.36537, 22.65029], [79.36351, 22.64369], [79.36208, 22.64273], [79.35889, 22.64388], [79.34874, 22.64177], [79.34124, 22.63406], [79.33896, 22.63692], [79.33609, 22.6381], [79.33725, 22.62672], [79.33539, 22.62162], [79.3243, 22.6162], [79.31871, 22.61533], [79.31406, 22.61783], [79.30758, 22.6162], [79.30331, 22.61841], [79.2972, 22.61914], [79.2962, 22.62049], [79.30053, 22.63117], [79.30617, 22.63704], [79.30646, 22.64136], [79.3061, 22.64517], [79.30391, 22.64779], [79.28575, 22.6483], [79.28684, 22.65008], [79.28441, 22.65314], [79.28392, 22.65621], [79.28754, 22.67236], [79.29318, 22.67468], [79.29713, 22.68184], [79.29642, 22.6839], [79.2908, 22.68787], [79.28935, 22.69542], [79.2732, 22.69512], [79.26434, 22.68716], [79.26593, 22.69322], [79.25871, 22.69169], [79.26008, 22.70243], [79.24858, 22.7174], [79.24663, 22.71717], [79.24391, 22.719], [79.24323, 22.72152], [79.24741, 22.72215], [79.25443, 22.72675], [79.25998, 22.73299], [79.26257, 22.7372], [79.26276, 22.74466], [79.25855, 22.74517], [79.2554, 22.749], [79.25186, 22.74898], [79.24436, 22.75191], [79.24141, 22.7609], [79.24179, 22.76811], [79.24737, 22.77175], [79.24519, 22.77417], [79.24554, 22.7762], [79.24293, 22.78077], [79.24427, 22.78203], [79.24388, 22.78395], [79.23805, 22.7922], [79.23884, 22.79945], [79.24055, 22.80334], [79.23891, 22.80345], [79.23767, 22.80583], [79.23445, 22.80652], [79.23125, 22.80948], [79.23262, 22.81507], [79.2303, 22.8148], [79.22877, 22.81688], [79.22659, 22.81238], [79.22222, 22.81532], [79.22271, 22.81121], [79.21967, 22.81133], [79.21783, 22.81312], [79.20668, 22.81063], [79.20283, 22.81151], [79.19903, 22.8101], [79.19694, 22.80728], [79.19241, 22.809], [79.19093, 22.80505], [79.19288, 22.80329], [79.19204, 22.79721], [79.18575, 22.79835], [79.17835, 22.78746], [79.17468, 22.78682], [79.17002, 22.78856], [79.16497, 22.79517], [79.16199, 22.79309], [79.1568, 22.79414], [79.15628, 22.79214], [79.15379, 22.79049], [79.14865, 22.78877], [79.1382, 22.79136], [79.13431, 22.7877], [79.13097, 22.78648], [79.13021, 22.78412], [79.12707, 22.78354], [79.12824, 22.77999], [79.12765, 22.77675], [79.12644, 22.77354], [79.12328, 22.77227], [79.12558, 22.77102], [79.123, 22.76835], [79.12291, 22.76532], [79.11882, 22.76381], [79.11563, 22.76462], [79.10631, 22.76162], [79.10161, 22.75824], [79.09618, 22.75733], [79.08926, 22.74247], [79.08341, 22.74747], [79.07449, 22.74427], [79.07354, 22.74744], [79.07596, 22.75003], [79.06847, 22.74968], [79.06879, 22.7533], [79.06669, 22.75406], [79.06413, 22.75856], [79.05652, 22.75489], [79.04281, 22.75962], [79.04318, 22.75596], [79.042, 22.75359], [79.03612, 22.75272], [79.03147, 22.74898], [79.03059, 22.74514], [79.01779, 22.74063], [79.01664, 22.7384], [79.01718, 22.73305], [79.02225, 22.73224], [79.02776, 22.72767], [79.02607, 22.72669], [79.0127, 22.72738], [79.0123, 22.72519], [79.01505, 22.72125], [79.01308, 22.71636], [79.01834, 22.7134], [79.0219, 22.70831], [79.02724, 22.70924], [79.02853, 22.70781], [79.0242, 22.702], [79.01662, 22.70173], [79.01363, 22.70045], [79.00485, 22.69552], [79.004, 22.69259], [79.00504, 22.69049], [79.01136, 22.69053], [79.017, 22.68679], [79.01668, 22.68452], [79.01136, 22.6841], [79.01058, 22.68277], [79.01634, 22.67677], [79.01692, 22.66884], [79.0102, 22.66736], [79.01855, 22.66135], [79.01869, 22.65666], [79.01735, 22.65561], [79.01409, 22.65681], [79.01204, 22.65993], [79.00284, 22.65455], [79.00388, 22.65305], [79.01019, 22.65204], [79.00717, 22.64869], [79.0084, 22.6463], [79.01169, 22.64424], [79.00512, 22.64455], [79.0015, 22.64044], [78.99777, 22.64022], [78.99655, 22.63517], [78.9848, 22.63715], [78.98037, 22.63367], [78.97752, 22.63606], [78.97368, 22.63224], [78.97048, 22.63326], [78.96931, 22.62974], [78.96559, 22.62979], [78.96426, 22.62624], [78.9585, 22.62637], [78.95621, 22.62857], [78.94746, 22.62833], [78.93889, 22.63555], [78.93466, 22.63711], [78.93096, 22.63692], [78.92413, 22.64956], [78.92242, 22.64942], [78.91938, 22.65292], [78.92334, 22.65522], [78.921, 22.65788], [78.92284, 22.65925], [78.9223, 22.66204], [78.92359, 22.66398], [78.92292, 22.66746], [78.91853, 22.67204], [78.90337, 22.67301], [78.89984, 22.67625], [78.89618, 22.67593], [78.8848, 22.67873], [78.87962, 22.67801], [78.87837, 22.67901], [78.86855, 22.67933], [78.86434, 22.67785], [78.86116, 22.67935], [78.85557, 22.67834], [78.85303, 22.67971], [78.84989, 22.68432], [78.84611, 22.68263], [78.84258, 22.68349], [78.83946, 22.68168], [78.83816, 22.67191], [78.83921, 22.668], [78.83459, 22.66646], [78.82803, 22.66101], [78.82113, 22.66304], [78.8208, 22.66135], [78.82383, 22.65775], [78.82348, 22.65616], [78.81768, 22.65567], [78.81513, 22.65289], [78.81074, 22.65323], [78.80844, 22.65085], [78.80562, 22.65221], [78.79893, 22.64863], [78.79305, 22.65059], [78.78353, 22.64956], [78.77543, 22.64701], [78.78165, 22.64151], [78.78418, 22.63031], [78.78245, 22.62464], [78.78043, 22.6224], [78.7709, 22.61751], [78.76721, 22.61835], [78.76604, 22.61661], [78.76184, 22.61885], [78.76068, 22.6176], [78.75501, 22.61754], [78.74067, 22.61948], [78.74078, 22.62671], [78.73325, 22.62428], [78.72868, 22.62765], [78.73008, 22.63065], [78.73019, 22.63791], [78.72884, 22.64079], [78.72366, 22.64525], [78.70976, 22.65345], [78.70407, 22.65337], [78.69417, 22.65018], [78.68303, 22.6579], [78.67971, 22.66223], [78.6799, 22.66397], [78.68399, 22.66614], [78.68467, 22.67136], [78.68176, 22.67944], [78.68009, 22.69832], [78.69398, 22.70637], [78.69638, 22.70993], [78.68784, 22.71478], [78.68048, 22.71324], [78.68124, 22.71696], [78.67771, 22.72668], [78.67838, 22.73027], [78.68447, 22.73926], [78.6882, 22.74834], [78.69866, 22.76012], [78.69804, 22.76395], [78.69194, 22.77212], [78.68345, 22.77734], [78.67639, 22.77746], [78.67133, 22.77378], [78.6664, 22.76577], [78.66257, 22.76412], [78.65736, 22.76997], [78.65436, 22.77989], [78.64802, 22.78101], [78.64577, 22.77937], [78.64494, 22.77594], [78.64727, 22.77023], [78.64713, 22.7631], [78.6407, 22.75663], [78.63426, 22.75701], [78.63249, 22.75815], [78.63084, 22.76273], [78.63139, 22.76781], [78.63427, 22.77531], [78.63345, 22.78344], [78.64016, 22.79085], [78.64167, 22.79568], [78.63989, 22.79898], [78.63661, 22.80064], [78.63236, 22.79962], [78.62579, 22.79415], [78.62223, 22.79339], [78.61922, 22.79365], [78.61621, 22.79809], [78.61812, 22.80305], [78.62564, 22.81137], [78.6266, 22.81786], [78.62154, 22.82027], [78.60885, 22.81304], [78.60063, 22.81164], [78.59036, 22.81215], [78.59009, 22.81774], [78.59611, 22.82244], [78.60296, 22.82536], [78.60652, 22.82968], [78.60652, 22.83134], [78.60145, 22.83953], [78.60405, 22.84779], [78.60296, 22.85123], [78.59693, 22.85377], [78.58652, 22.85351], [78.58159, 22.85682], [78.57747, 22.86207], [78.57665, 22.86627], [78.57884, 22.86957], [78.58473, 22.86614], [78.59021, 22.86488], [78.59597, 22.86755], [78.59925, 22.8753], [78.59569, 22.87911], [78.59295, 22.87975], [78.58911, 22.87809], [78.58508, 22.87394], [78.57596, 22.88431], [78.57527, 22.88757], [78.57746, 22.8924], [78.58732, 22.90193], [78.58842, 22.90574], [78.58636, 22.91185], [78.57899, 22.92103], [78.58365, 22.93031], [78.58337, 22.93285], [78.5809, 22.93603], [78.57273, 22.93928], [78.56902, 22.94373], [78.56874, 22.94768], [78.57175, 22.95263], [78.57121, 22.9553], [78.56531, 22.95721], [78.55763, 22.95441], [78.53614, 22.96113], [78.53257, 22.96101], [78.51079, 22.95006], [78.5064, 22.94993], [78.5016, 22.95425], [78.49769, 22.96394], [78.49184, 22.96651], [78.48326, 22.96517], [78.47588, 22.95884], [78.47039, 22.95748], [78.46484, 22.95884], [78.46202, 22.9622], [78.46011, 22.96837], [78.46082, 22.9752], [78.46962, 22.9735], [78.47183, 22.97548], [78.47072, 22.98024], [78.46613, 22.98527], [78.45974, 22.98618], [78.4554, 22.9841], [78.44896, 22.97413], [78.44316, 22.9789], [78.44643, 22.98545], [78.44443, 22.9871], [78.44715, 22.9898], [78.45912, 23.00053], [78.47136, 23.00597], [78.48357, 23.00669], [78.49562, 23.00576], [78.51366, 23.01203], [78.53502, 23.01103], [78.54811, 23.01592], [78.55701, 23.01723], [78.57111, 23.01556], [78.58767, 23.0109], [78.59476, 23.01138], [78.60077, 23.01302], [78.61095, 23.01895], [78.61731, 23.02788], [78.62214, 23.0305], [78.62897, 23.02987], [78.64116, 23.02301], [78.64736, 23.02188], [78.65375, 23.02394], [78.663, 23.03294], [78.67037, 23.03739], [78.67831, 23.03847], [78.69309, 23.0353], [78.7109, 23.04156], [78.73009, 23.04349], [78.73363, 23.04647], [78.7361, 23.05486], [78.73852, 23.05874], [78.74377, 23.06174], [78.74864, 23.06058], [78.74721, 23.06603], [78.74303, 23.06741], [78.74348, 23.0695], [78.75159, 23.06748], [78.75577, 23.07384], [78.75892, 23.07051], [78.76134, 23.07435], [78.75688, 23.07674], [78.75726, 23.07892], [78.76703, 23.07576], [78.76902, 23.08262], [78.77077, 23.08252], [78.77377, 23.07969], [78.77523, 23.07996], [78.77549, 23.08566], [78.77901, 23.08957], [78.78366, 23.0883], [78.79117, 23.08871], [78.79321, 23.0908], [78.79738, 23.08998], [78.80131, 23.09444], [78.80092, 23.09916], [78.80443, 23.09974], [78.80209, 23.10197], [78.8022, 23.10518], [78.80655, 23.10861], [78.80095, 23.11248], [78.79504, 23.11277], [78.79294, 23.11532], [78.78892, 23.11581], [78.7881, 23.11761], [78.79289, 23.1207], [78.79122, 23.12471], [78.79778, 23.13393], [78.79667, 23.14003], [78.79789, 23.1452], [78.8011, 23.14491], [78.80214, 23.1462], [78.80093, 23.15309], [78.80183, 23.15687], [78.7992, 23.15977], [78.80645, 23.16309], [78.80243, 23.17861], [78.80254, 23.18395], [78.80681, 23.19284], [78.80645, 23.19726], [78.81179, 23.20354], [78.81666, 23.21405], [78.81625, 23.22223], [78.81161, 23.22685], [78.81165, 23.23111], [78.80934, 23.23559], [78.81199, 23.24109], [78.81713, 23.24251], [78.82078, 23.24569], [78.8221, 23.25055], [78.82612, 23.25231], [78.83217, 23.25357], [78.8377, 23.25269], [78.83607, 23.24871], [78.83982, 23.24869], [78.8449, 23.2451], [78.84827, 23.23743], [78.84592, 23.2356], [78.84865, 23.22507], [78.85276, 23.22583], [78.85878, 23.22261], [78.8702, 23.22438], [78.87302, 23.22278], [78.87416, 23.21945], [78.87621, 23.21813], [78.89145, 23.21646], [78.8975, 23.21247], [78.89804, 23.21639], [78.90251, 23.22205], [78.90668, 23.22412], [78.9073, 23.22705], [78.91003, 23.2269], [78.91626, 23.22307], [78.9264, 23.22802], [78.93087, 23.23195], [78.93846, 23.23379], [78.93983, 23.23015], [78.94514, 23.22706], [78.9473, 23.22184], [78.94821, 23.21556], [78.94343, 23.21064], [78.94354, 23.20941], [78.94852, 23.21283], [78.95129, 23.21154], [78.95405, 23.21675], [78.95982, 23.21236], [78.96262, 23.21476], [78.96458, 23.21172], [78.96663, 23.21127], [78.96884, 23.21273], [78.97145, 23.21189], [78.97355, 23.20747], [78.97311, 23.20446], [78.97782, 23.20301], [78.98031, 23.2005], [78.98301, 23.20506], [78.99338, 23.21148], [78.99307, 23.21424], [78.99452, 23.21701], [78.99596, 23.21698], [78.99985, 23.21062], [79.00397, 23.20848], [79.00729, 23.20896], [79.01174, 23.20419], [79.0219, 23.1991], [79.02314, 23.19486], [79.02188, 23.19372], [79.02324, 23.19293], [79.02591, 23.19361], [79.02853, 23.19715], [79.03101, 23.19538], [79.03452, 23.19734], [79.04511, 23.19628], [79.05167, 23.19896], [79.05453, 23.19776], [79.05727, 23.19447], [79.06216, 23.19592], [79.06448, 23.1944], [79.06676, 23.20129], [79.07163, 23.20578], [79.07582, 23.20246], [79.08085, 23.20497], [79.0831, 23.2046], [79.08428, 23.19814], [79.08726, 23.20048], [79.09012, 23.20023], [79.09171, 23.19486], [79.09524, 23.20395], [79.10404, 23.20368], [79.10393, 23.20636], [79.10571, 23.20668], [79.10716, 23.20556], [79.10753, 23.20158], [79.10396, 23.19799], [79.1066, 23.19595], [79.1066, 23.18916], [79.10975, 23.18693], [79.10799, 23.18455], [79.10827, 23.18103], [79.11206, 23.18705], [79.11677, 23.18003], [79.11365, 23.17551], [79.11604, 23.16923], [79.11358, 23.16682], [79.10836, 23.16717], [79.11408, 23.16541], [79.11776, 23.166], [79.12425, 23.17216], [79.12562, 23.17574], [79.13545, 23.17315], [79.13881, 23.17446], [79.14008, 23.1678], [79.14202, 23.16786], [79.14254, 23.16629], [79.14915, 23.16824]]]}, "properties": {"district": "Narshimapura", "state": "Madhya Pradesh", "operational_stp_count": 0, "capacity_mld": 0}}, {"type": "Feature", "geometry": {"type": "MultiPolygon", "coordinates": [[[[73.61235, 22.33821], [73.62562, 22.33788], [73.62574, 22.33563], [73.62925, 22.33128], [73.61832, 22.32476], [73.60551, 22.3251], [73.60712, 22.33492], [73.61217, 22.34164], [73.61277, 22.34481], [73.61235, 22.33821]]], [[[73.61621, 22.34826], [73.61544, 22.34684], [73.61328, 22.34733], [73.61389, 22.35027], [73.61786, 22.35182], [73.61621, 22.34826]]], [[[73.71161, 22.46769], [73.71317, 22.4575], [73.7096, 22.45221], [73.71665, 22.44697], [73.72336, 22.44529], [73.73553, 22.45111], [73.73467, 22.4471], [73.73809, 22.44169], [73.74012, 22.4411], [73.74073, 22.43865], [73.73766, 22.42812], [73.73087, 22.42098], [73.72963, 22.41509], [73.73094, 22.40961], [73.73408, 22.40636], [73.73365, 22.40521], [73.73924, 22.39524], [73.73508, 22.38855], [73.74479, 22.38666], [73.76953, 22.38915], [73.76963, 22.38253], [73.76466, 22.37107], [73.76254, 22.36827], [73.75743, 22.36619], [73.75722, 22.36159], [73.75565, 22.35935], [73.7564, 22.35692], [73.7529, 22.35488], [73.75364, 22.35296], [73.75266, 22.34762], [73.74952, 22.3439], [73.74745, 22.3469], [73.73752, 22.34354], [73.73357, 22.34036], [73.73318, 22.33867], [73.72583, 22.33746], [73.72956, 22.33142], [73.72704, 22.3266], [73.72686, 22.31916], [73.72346, 22.31616], [73.7239, 22.31264], [73.72636, 22.30857], [73.72907, 22.30863], [73.72967, 22.30563], [73.73157, 22.30399], [73.72805, 22.30015], [73.72728, 22.29634], [73.72916, 22.29029], [73.73028, 22.29149], [73.73181, 22.29076], [73.73084, 22.28806], [73.72605, 22.29281], [73.72331, 22.28881], [73.7167, 22.29002], [73.71539, 22.29165], [73.71609, 22.29655], [73.71362, 22.30319], [73.7087, 22.30372], [73.70727, 22.30173], [73.70149, 22.30141], [73.70023, 22.29919], [73.69892, 22.29976], [73.69723, 22.28652], [73.66577, 22.28679], [73.65352, 22.28821], [73.65047, 22.29607], [73.64814, 22.29641], [73.64533, 22.29988], [73.64372, 22.29922], [73.64206, 22.30154], [73.63482, 22.30234], [73.6289, 22.31283], [73.63943, 22.31571], [73.641, 22.3145], [73.64565, 22.31511], [73.64426, 22.3164], [73.64849, 22.32325], [73.65065, 22.3242], [73.65242, 22.33231], [73.65573, 22.33678], [73.66473, 22.33856], [73.67385, 22.33743], [73.67769, 22.33953], [73.68947, 22.33738], [73.69405, 22.33925], [73.69042, 22.34298], [73.68924, 22.34617], [73.69819, 22.34867], [73.70364, 22.34872], [73.70515, 22.35852], [73.69994, 22.36087], [73.69138, 22.36911], [73.68348, 22.37218], [73.68237, 22.3746], [73.6699, 22.37621], [73.65099, 22.38562], [73.65613, 22.38888], [73.66467, 22.38776], [73.66469, 22.39345], [73.66855, 22.39831], [73.67206, 22.40016], [73.68153, 22.40026], [73.68381, 22.40173], [73.68373, 22.40374], [73.68002, 22.40503], [73.67882, 22.40711], [73.68632, 22.4089], [73.68628, 22.41], [73.67953, 22.41436], [73.67952, 22.42164], [73.68305, 22.42095], [73.68433, 22.4242], [73.68802, 22.42594], [73.68836, 22.43039], [73.67792, 22.43748], [73.67711, 22.44074], [73.67843, 22.44451], [73.67453, 22.44928], [73.67422, 22.45253], [73.68405, 22.45524], [73.68824, 22.46108], [73.69164, 22.46288], [73.71161, 22.46769]]], [[[73.78436, 22.54661], [73.78417, 22.54654], [73.78387, 22.54659], [73.78397, 22.54662], [73.78404, 22.54665], [73.78459, 22.54699], [73.78479, 22.54712], [73.7847, 22.547], [73.78436, 22.54661]]], [[[73.78937, 22.54778], [73.79372, 22.54743], [73.79239, 22.54744], [73.79047, 22.54749], [73.78937, 22.54778]]], [[[73.8167, 22.57208], [73.81892, 22.56931], [73.82377, 22.56991], [73.83031, 22.56829], [73.81916, 22.56914], [73.81117, 22.56753], [73.81084, 22.56372], [73.80825, 22.55933], [73.80899, 22.55314], [73.80529, 22.55216], [73.8029, 22.54883], [73.7947, 22.54749], [73.79848, 22.55423], [73.80633, 22.55915], [73.80877, 22.56658], [73.8167, 22.57208]]]]}, "properties": {"district": "Panch Mahals", "state": "Gujarat", "operational_stp_count": 0, "capacity_mld": 0}}, {"type": "Feature", "geometry": {"type": "MultiPolygon", "coordinates": [[[[77.57087, 22.89452], [77.57346, 22.89271], [77.57761, 22.8928], [77.57916, 22.88614], [77.581, 22.88396], [77.57856, 22.87983], [77.58273, 22.8761], [77.58556, 22.87627], [77.58142, 22.87465], [77.57476, 22.87487], [77.57124, 22.88059], [77.5647, 22.88454], [77.56297, 22.88099], [77.55904, 22.87762], [77.55586, 22.86649], [77.55091, 22.85936], [77.54183, 22.85694], [77.53982, 22.86115], [77.53804, 22.86156], [77.53592, 22.86494], [77.53728, 22.86965], [77.54094, 22.87109], [77.5369, 22.87359], [77.53653, 22.87751], [77.52773, 22.87605], [77.52425, 22.87928], [77.52521, 22.884], [77.52786, 22.88604], [77.53278, 22.88452], [77.53675, 22.89134], [77.53383, 22.89912], [77.53948, 22.90555], [77.55749, 22.90208], [77.56025, 22.89933], [77.57087, 22.89452]]], [[[77.35113, 23.03741], [77.35269, 23.03522], [77.35759, 23.03536], [77.35756, 23.02963], [77.36421, 23.02369], [77.36662, 23.01814], [77.37221, 23.01557], [77.37333, 23.01197], [77.37784, 23.00938], [77.38477, 23.00203], [77.39109, 23.00021], [77.39323, 22.99782], [77.4031, 22.99679], [77.40664, 22.99487], [77.40749, 23.00035], [77.40878, 23.00272], [77.41135, 23.00364], [77.41355, 22.99883], [77.41932, 22.99692], [77.42352, 22.99017], [77.43426, 22.98708], [77.43293, 22.98375], [77.43514, 22.97774], [77.43684, 22.97702], [77.43833, 22.97869], [77.44232, 22.97947], [77.44886, 22.97675], [77.45013, 22.97443], [77.44605, 22.96906], [77.44796, 22.96554], [77.45445, 22.95939], [77.4567, 22.95952], [77.46117, 22.95689], [77.46093, 22.94881], [77.45746, 22.9454], [77.45976, 22.93703], [77.46348, 22.93616], [77.46666, 22.93114], [77.47018, 22.92927], [77.47013, 22.92563], [77.4741, 22.9238], [77.47754, 22.92035], [77.47839, 22.91522], [77.48006, 22.91283], [77.47931, 22.91059], [77.48917, 22.89881], [77.49007, 22.8959], [77.49336, 22.89296], [77.49762, 22.89216], [77.49191, 22.89318], [77.48331, 22.90054], [77.47898, 22.90705], [77.47916, 22.9115], [77.47161, 22.91554], [77.46858, 22.91541], [77.4635, 22.91885], [77.45874, 22.91903], [77.45644, 22.91772], [77.45381, 22.91931], [77.44444, 22.91433], [77.44664, 22.91078], [77.44398, 22.9071], [77.43897, 22.90748], [77.43601, 22.90915], [77.43657, 22.9119], [77.44302, 22.91704], [77.44505, 22.92036], [77.43592, 22.93045], [77.43613, 22.93416], [77.44211, 22.94165], [77.44124, 22.94519], [77.43943, 22.94718], [77.43278, 22.94881], [77.43091, 22.95101], [77.43155, 22.95324], [77.43792, 22.95733], [77.43558, 22.95911], [77.42834, 22.95918], [77.42435, 22.96645], [77.42031, 22.96884], [77.40688, 22.96077], [77.40572, 22.96129], [77.40502, 22.96328], [77.40634, 22.97], [77.40477, 22.97514], [77.40107, 22.97828], [77.39875, 22.98337], [77.39165, 22.98864], [77.39007, 22.99494], [77.37906, 23.0034], [77.37517, 23.00789], [77.36952, 23.01098], [77.36823, 23.01468], [77.36415, 23.01906], [77.35764, 23.02234], [77.35692, 23.02623], [77.35356, 23.02978], [77.35324, 23.03359], [77.3509, 23.03651], [77.34099, 23.03832], [77.34519, 23.03978], [77.34974, 23.0433], [77.35113, 23.03741]]], [[[78.51423, 23.41995], [78.51876, 23.41858], [78.52124, 23.41463], [78.53543, 23.41491], [78.53749, 23.40781], [78.54251, 23.40626], [78.54667, 23.40029], [78.54974, 23.40196], [78.55594, 23.40111], [78.55754, 23.4029], [78.56254, 23.40364], [78.57004, 23.40702], [78.57886, 23.40206], [78.5805, 23.40562], [78.58957, 23.41445], [78.59627, 23.41408], [78.59454, 23.4099], [78.59746, 23.40518], [78.60081, 23.39279], [78.60459, 23.38826], [78.60597, 23.37234], [78.61011, 23.36936], [78.61164, 23.3712], [78.61672, 23.37196], [78.61748, 23.37537], [78.62014, 23.37786], [78.61964, 23.38279], [78.62373, 23.3837], [78.62942, 23.38737], [78.62742, 23.38192], [78.63044, 23.36886], [78.63313, 23.36614], [78.63125, 23.36158], [78.6414, 23.35601], [78.64211, 23.34991], [78.64414, 23.34539], [78.65326, 23.33947], [78.65958, 23.33741], [78.66441, 23.33211], [78.66643, 23.33309], [78.66749, 23.33585], [78.67015, 23.33732], [78.67556, 23.34452], [78.67969, 23.34596], [78.68505, 23.34518], [78.68625, 23.34689], [78.69625, 23.34946], [78.69871, 23.35078], [78.70015, 23.35462], [78.70889, 23.35379], [78.70825, 23.36135], [78.716, 23.3556], [78.71616, 23.35245], [78.71994, 23.35183], [78.72521, 23.34731], [78.72774, 23.3441], [78.72785, 23.33969], [78.73404, 23.339], [78.73493, 23.32715], [78.73915, 23.32617], [78.74408, 23.32229], [78.74696, 23.32183], [78.74621, 23.31827], [78.75036, 23.31828], [78.7472, 23.31086], [78.74774, 23.30933], [78.754, 23.30907], [78.75803, 23.31059], [78.75901, 23.30855], [78.76245, 23.30665], [78.76268, 23.29923], [78.77085, 23.29651], [78.77303, 23.29281], [78.77072, 23.28701], [78.76417, 23.28546], [78.76335, 23.2843], [78.76293, 23.2808], [78.76557, 23.27325], [78.76041, 23.26823], [78.76148, 23.26312], [78.75959, 23.26178], [78.76253, 23.25628], [78.75965, 23.25051], [78.76005, 23.24768], [78.7649, 23.2474], [78.76894, 23.24357], [78.77506, 23.25114], [78.77874, 23.24886], [78.78372, 23.24895], [78.79153, 23.24641], [78.79954, 23.24146], [78.80287, 23.2423], [78.80359, 23.23837], [78.80928, 23.23572], [78.81165, 23.23111], [78.81161, 23.22685], [78.81632, 23.22187], [78.81649, 23.21338], [78.81179, 23.20354], [78.80645, 23.19726], [78.80681, 23.19284], [78.80254, 23.18395], [78.80243, 23.17861], [78.80645, 23.16309], [78.7992, 23.15977], [78.80183, 23.15687], [78.80093, 23.15309], [78.80214, 23.1462], [78.8011, 23.14491], [78.79789, 23.1452], [78.79667, 23.14003], [78.79778, 23.13393], [78.79122, 23.12471], [78.79289, 23.1207], [78.78806, 23.11737], [78.7895, 23.11555], [78.79294, 23.11532], [78.79504, 23.11277], [78.80095, 23.11248], [78.80655, 23.10861], [78.8022, 23.10518], [78.80209, 23.10197], [78.80443, 23.09974], [78.80092, 23.09916], [78.80131, 23.09444], [78.79781, 23.09034], [78.79296, 23.09077], [78.79117, 23.08871], [78.78366, 23.0883], [78.77901, 23.08957], [78.77549, 23.08566], [78.77523, 23.07996], [78.77377, 23.07969], [78.77077, 23.08252], [78.76902, 23.08262], [78.76703, 23.07576], [78.75726, 23.07892], [78.75688, 23.07674], [78.76134, 23.07435], [78.75892, 23.07051], [78.75577, 23.07384], [78.75159, 23.06748], [78.74348, 23.0695], [78.74303, 23.06741], [78.74721, 23.06603], [78.74864, 23.06058], [78.74377, 23.06174], [78.73852, 23.05874], [78.7361, 23.05486], [78.73363, 23.04647], [78.731, 23.04385], [78.7109, 23.04156], [78.69309, 23.0353], [78.67831, 23.03847], [78.67037, 23.03739], [78.6668, 23.0359], [78.65561, 23.02528], [78.65037, 23.02245], [78.64213, 23.02263], [78.63062, 23.02925], [78.62326, 23.03069], [78.61731, 23.02788], [78.61095, 23.01895], [78.60237, 23.01378], [78.5958, 23.01154], [78.58767, 23.0109], [78.57111, 23.01556], [78.55701, 23.01723], [78.54811, 23.01592], [78.53502, 23.01103], [78.51469, 23.01215], [78.49699, 23.00595], [78.47669, 23.00672], [78.46635, 23.00431], [78.45912, 23.00053], [78.43346, 22.97744], [78.40272, 22.96605], [78.39315, 22.95956], [78.37834, 22.9389], [78.35446, 22.92047], [78.34677, 22.91774], [78.32869, 22.92037], [78.32074, 22.91644], [78.30725, 22.90224], [78.29754, 22.88909], [78.28902, 22.87402], [78.27995, 22.86784], [78.27624, 22.86796], [78.26524, 22.87478], [78.25912, 22.87589], [78.25335, 22.87446], [78.2426, 22.8686], [78.23772, 22.86738], [78.2322, 22.87054], [78.2264, 22.87664], [78.21633, 22.89303], [78.20623, 22.89479], [78.19759, 22.89222], [78.18926, 22.88554], [78.18577, 22.87529], [78.18307, 22.87128], [78.16154, 22.86415], [78.14662, 22.85087], [78.12807, 22.83716], [78.1251, 22.82913], [78.12666, 22.80631], [78.12505, 22.79947], [78.12124, 22.79447], [78.10956, 22.78968], [78.10318, 22.79012], [78.09591, 22.79293], [78.0797, 22.80213], [78.0692, 22.81154], [78.06103, 22.81425], [78.0538, 22.81266], [78.03585, 22.80201], [78.02814, 22.80191], [78.02836, 22.805], [78.03126, 22.80655], [78.03033, 22.80816], [78.03242, 22.81007], [78.02974, 22.81062], [78.02852, 22.81374], [78.03128, 22.81569], [78.0321, 22.8215], [78.02742, 22.82407], [78.02642, 22.82846], [78.02182, 22.83115], [78.02129, 22.83319], [78.02555, 22.83829], [78.03143, 22.84194], [78.02567, 22.8477], [78.02609, 22.85265], [78.00903, 22.85485], [78.00922, 22.8612], [78.0146, 22.86984], [78.01858, 22.87324], [78.01793, 22.87949], [78.01896, 22.88238], [78.02732, 22.88256], [78.03096, 22.88538], [78.03459, 22.91207], [78.02356, 22.91269], [78.02215, 22.92165], [78.01347, 22.92305], [78.01435, 22.92712], [78.01296, 22.9298], [78.00543, 22.92997], [78.00157, 22.92493], [77.99054, 22.9252], [77.98909, 22.92261], [77.98966, 22.91985], [77.98301, 22.91743], [77.97887, 22.9127], [77.97903, 22.91131], [77.97271, 22.91285], [77.97234, 22.91157], [77.96937, 22.91166], [77.96854, 22.91003], [77.96657, 22.91119], [77.96247, 22.91075], [77.95943, 22.91236], [77.96517, 22.91594], [77.96679, 22.92181], [77.96444, 22.92518], [77.96633, 22.92746], [77.96494, 22.93049], [77.96551, 22.93578], [77.96216, 22.9395], [77.96501, 22.94182], [77.96746, 22.95701], [77.9649, 22.96377], [77.96104, 22.96856], [77.93034, 22.96661], [77.92677, 22.9639], [77.9205, 22.96671], [77.89936, 22.95992], [77.88136, 22.95607], [77.87052, 22.9512], [77.85552, 22.94915], [77.85338, 22.94402], [77.83179, 22.93263], [77.82897, 22.92695], [77.80407, 22.91353], [77.79973, 22.9132], [77.78924, 22.90678], [77.77801, 22.90707], [77.77505, 22.91112], [77.77194, 22.91056], [77.76687, 22.91324], [77.75004, 22.90909], [77.72345, 22.90008], [77.72384, 22.89729], [77.70397, 22.89155], [77.69004, 22.88436], [77.68972, 22.87762], [77.68774, 22.87623], [77.68786, 22.87324], [77.68376, 22.86987], [77.68256, 22.86369], [77.68326, 22.86064], [77.68985, 22.85204], [77.70558, 22.84934], [77.70634, 22.84882], [77.70529, 22.84683], [77.69278, 22.84798], [77.68518, 22.85329], [77.6801, 22.85296], [77.65784, 22.84695], [77.65077, 22.84822], [77.64722, 22.84393], [77.64352, 22.84299], [77.63896, 22.83882], [77.63223, 22.84603], [77.60846, 22.86139], [77.59847, 22.86534], [77.58894, 22.87321], [77.58816, 22.87495], [77.59172, 22.87192], [77.5991, 22.87236], [77.60012, 22.86906], [77.60772, 22.8732], [77.61182, 22.88422], [77.61182, 22.89227], [77.60841, 22.89393], [77.60288, 22.90338], [77.61185, 22.90864], [77.61168, 22.91167], [77.60877, 22.91491], [77.6101, 22.91924], [77.61287, 22.92031], [77.61618, 22.91591], [77.62312, 22.91632], [77.6278, 22.91444], [77.635, 22.91423], [77.6377, 22.90997], [77.64359, 22.90869], [77.64802, 22.91364], [77.6533, 22.91447], [77.66071, 22.90802], [77.67039, 22.90945], [77.67262, 22.90595], [77.67813, 22.90628], [77.68386, 22.90452], [77.69381, 22.9089], [77.69584, 22.9078], [77.71591, 22.91295], [77.72757, 22.91359], [77.74906, 22.91885], [77.74999, 22.92627], [77.7549, 22.92941], [77.75285, 22.93354], [77.76325, 22.93757], [77.76521, 22.93977], [77.76502, 22.94574], [77.76098, 22.95144], [77.75445, 22.95236], [77.75265, 22.95143], [77.73987, 22.95153], [77.73487, 22.95784], [77.72916, 22.96069], [77.72765, 22.96591], [77.73776, 22.97066], [77.73752, 22.97736], [77.7318, 22.98075], [77.73437, 22.98547], [77.73402, 22.99177], [77.73516, 22.99387], [77.73244, 23.00364], [77.72894, 23.00534], [77.72598, 23.01144], [77.72186, 23.01344], [77.72095, 23.01979], [77.7193, 23.02059], [77.71676, 23.02901], [77.71904, 23.03373], [77.7165, 23.03893], [77.7176, 23.04304], [77.71921, 23.04448], [77.71901, 23.04781], [77.72129, 23.04984], [77.73039, 23.0493], [77.73359, 23.05045], [77.73513, 23.05217], [77.73489, 23.05614], [77.73795, 23.05789], [77.73513, 23.06059], [77.73369, 23.06594], [77.73096, 23.06726], [77.72931, 23.07228], [77.71596, 23.08143], [77.70863, 23.08864], [77.7034, 23.09879], [77.70896, 23.09845], [77.71443, 23.10269], [77.72211, 23.10104], [77.72444, 23.10573], [77.73514, 23.10699], [77.73502, 23.11396], [77.73055, 23.1159], [77.72762, 23.11391], [77.72428, 23.11738], [77.72406, 23.12204], [77.7215, 23.127], [77.72015, 23.13394], [77.71569, 23.13611], [77.71396, 23.14006], [77.71603, 23.14303], [77.71076, 23.14784], [77.7143, 23.14893], [77.7267, 23.14704], [77.72754, 23.14431], [77.73878, 23.14035], [77.74749, 23.14619], [77.75518, 23.14709], [77.75489, 23.15209], [77.75761, 23.1571], [77.77504, 23.15947], [77.78004, 23.16197], [77.78069, 23.16323], [77.77763, 23.16726], [77.77505, 23.17507], [77.77876, 23.18038], [77.78432, 23.18005], [77.79504, 23.18286], [77.79934, 23.17952], [77.80253, 23.18631], [77.80559, 23.18949], [77.79994, 23.19325], [77.80109, 23.19781], [77.80433, 23.19605], [77.81149, 23.1959], [77.82004, 23.20197], [77.82201, 23.20627], [77.83027, 23.2087], [77.8273, 23.21464], [77.82734, 23.23377], [77.82376, 23.23494], [77.82079, 23.24093], [77.82193, 23.24509], [77.83347, 23.24703], [77.83499, 23.25036], [77.84383, 23.25023], [77.85163, 23.25189], [77.85583, 23.24864], [77.86801, 23.24702], [77.86916, 23.24952], [77.87991, 23.25342], [77.8835, 23.25864], [77.88701, 23.25472], [77.89805, 23.25377], [77.89914, 23.25819], [77.89343, 23.26004], [77.89339, 23.26309], [77.89759, 23.26873], [77.89709, 23.27711], [77.89877, 23.28075], [77.90519, 23.28725], [77.90884, 23.28597], [77.91914, 23.28602], [77.925, 23.29618], [77.93362, 23.30127], [77.94025, 23.30101], [77.94176, 23.29938], [77.94645, 23.29957], [77.95266, 23.30327], [77.96562, 23.30276], [77.96937, 23.30018], [77.98552, 23.30448], [77.99213, 23.2991], [77.9936, 23.29446], [77.9975, 23.29708], [78.00252, 23.29708], [78.00335, 23.29357], [78.00667, 23.29031], [78.00888, 23.28927], [78.01718, 23.28943], [78.01836, 23.28692], [78.02109, 23.28702], [78.02936, 23.29802], [78.04152, 23.29439], [78.04707, 23.29523], [78.05256, 23.28871], [78.05088, 23.28466], [78.051, 23.27896], [78.05379, 23.27765], [78.05843, 23.26939], [78.06254, 23.26745], [78.08194, 23.26761], [78.09204, 23.2698], [78.09097, 23.25763], [78.09333, 23.25365], [78.10102, 23.25035], [78.10854, 23.25408], [78.11393, 23.25122], [78.12112, 23.25483], [78.12813, 23.26752], [78.1333, 23.26916], [78.14096, 23.26368], [78.14538, 23.26626], [78.14984, 23.27107], [78.14833, 23.277], [78.14955, 23.27931], [78.14846, 23.28524], [78.14557, 23.28986], [78.14884, 23.29602], [78.15462, 23.30001], [78.15074, 23.30534], [78.15127, 23.31491], [78.1582, 23.31632], [78.16086, 23.31444], [78.16232, 23.31613], [78.16549, 23.31559], [78.16832, 23.31113], [78.17178, 23.30959], [78.17614, 23.30453], [78.17933, 23.30793], [78.17904, 23.31174], [78.18921, 23.31447], [78.19015, 23.31756], [78.19743, 23.32246], [78.20724, 23.32324], [78.20845, 23.31847], [78.21172, 23.31452], [78.21177, 23.31202], [78.21588, 23.31112], [78.21713, 23.3153], [78.22061, 23.31438], [78.22906, 23.30693], [78.23466, 23.30776], [78.23747, 23.31332], [78.23559, 23.31549], [78.23751, 23.31978], [78.24005, 23.32197], [78.23915, 23.33952], [78.24281, 23.34525], [78.24645, 23.34555], [78.2511, 23.34225], [78.25283, 23.34613], [78.25835, 23.34362], [78.26047, 23.3448], [78.27066, 23.34562], [78.27285, 23.34308], [78.28185, 23.34117], [78.28348, 23.33927], [78.29871, 23.34557], [78.30174, 23.35149], [78.30872, 23.35776], [78.31229, 23.35805], [78.32033, 23.35129], [78.32871, 23.35221], [78.33121, 23.35511], [78.33612, 23.35692], [78.34221, 23.35679], [78.3442, 23.35851], [78.34541, 23.36903], [78.35302, 23.36964], [78.36138, 23.36465], [78.36437, 23.36632], [78.37832, 23.36677], [78.38347, 23.37274], [78.38854, 23.37371], [78.38981, 23.38085], [78.3922, 23.38363], [78.39528, 23.38163], [78.40088, 23.38447], [78.404, 23.38938], [78.40763, 23.38967], [78.41432, 23.38677], [78.42211, 23.38713], [78.43716, 23.38109], [78.43962, 23.38603], [78.43994, 23.39081], [78.44414, 23.39268], [78.4489, 23.39729], [78.44915, 23.40036], [78.45213, 23.40447], [78.45655, 23.40112], [78.46254, 23.40113], [78.46647, 23.40392], [78.47537, 23.40473], [78.47863, 23.41022], [78.49249, 23.41786], [78.50548, 23.41943], [78.50925, 23.42056], [78.51168, 23.4229], [78.51423, 23.41995]]]]}, "properties": {"district": "Raisen", "state": "Madhya Pradesh", "operational_stp_count": 0, "capacity_mld": 0}}, {"type": "Feature", "geometry": {"type": "Polygon", "coordinates": [[[80.93099, 21.82306], [80.91988, 21.82239], [80.91489, 21.81605], [80.91366, 21.81043], [80.90943, 21.81161], [80.90869, 21.81362], [80.90577, 21.81189], [80.90581, 21.81776], [80.90146, 21.81834], [80.89554, 21.82423], [80.8924, 21.81789], [80.88501, 21.81252], [80.88319, 21.80571], [80.88744, 21.78577], [80.894, 21.78039], [80.90292, 21.779], [80.90403, 21.77696], [80.90293, 21.7739], [80.90688, 21.76632], [80.90411, 21.76624], [80.90068, 21.75855], [80.89665, 21.75947], [80.89578, 21.76142], [80.89323, 21.75864], [80.88665, 21.76113], [80.88356, 21.7661], [80.88123, 21.76522], [80.88152, 21.76026], [80.87481, 21.75781], [80.87119, 21.75489], [80.86402, 21.75453], [80.86652, 21.74599], [80.87166, 21.74272], [80.87571, 21.73778], [80.87397, 21.73527], [80.87564, 21.72776], [80.8794, 21.72291], [80.87815, 21.72018], [80.87258, 21.71751], [80.86837, 21.72103], [80.85745, 21.72207], [80.85469, 21.7164], [80.84868, 21.71273], [80.84569, 21.70711], [80.84648, 21.70526], [80.84891, 21.70541], [80.85095, 21.7005], [80.84747, 21.69954], [80.84461, 21.69692], [80.84204, 21.69689], [80.83977, 21.70126], [80.82868, 21.70777], [80.82794, 21.70921], [80.83232, 21.71211], [80.8304, 21.71973], [80.82649, 21.72383], [80.82307, 21.72347], [80.81758, 21.71947], [80.81331, 21.72156], [80.81253, 21.72031], [80.80468, 21.7203], [80.80208, 21.7245], [80.79865, 21.72531], [80.79894, 21.73279], [80.79463, 21.73273], [80.79311, 21.73561], [80.79535, 21.74196], [80.80389, 21.74476], [80.80451, 21.74662], [80.80926, 21.74843], [80.81974, 21.74802], [80.82017, 21.75402], [80.81828, 21.75361], [80.8172, 21.7549], [80.81661, 21.75399], [80.81563, 21.75573], [80.81712, 21.76213], [80.81896, 21.76419], [80.81864, 21.7656], [80.822, 21.76602], [80.82278, 21.76795], [80.82133, 21.768], [80.82458, 21.77045], [80.82263, 21.7714], [80.82406, 21.77218], [80.82274, 21.77289], [80.82358, 21.77499], [80.82686, 21.77681], [80.82821, 21.77621], [80.82867, 21.77741], [80.82709, 21.77863], [80.82954, 21.77994], [80.8262, 21.78159], [80.82618, 21.78298], [80.83022, 21.78678], [80.82984, 21.78916], [80.83181, 21.78946], [80.83103, 21.79126], [80.83205, 21.7942], [80.83389, 21.79604], [80.83663, 21.7961], [80.83567, 21.79717], [80.84015, 21.80204], [80.83862, 21.80231], [80.8395, 21.80323], [80.83809, 21.80531], [80.83956, 21.80721], [80.83751, 21.80945], [80.83974, 21.81092], [80.84036, 21.81255], [80.83907, 21.81348], [80.84143, 21.8154], [80.84039, 21.81823], [80.84455, 21.82663], [80.84441, 21.83086], [80.84629, 21.83289], [80.84607, 21.83543], [80.85029, 21.83512], [80.85008, 21.83424], [80.85269, 21.83349], [80.85542, 21.83432], [80.85723, 21.83181], [80.85946, 21.83207], [80.86164, 21.8306], [80.86627, 21.83128], [80.86669, 21.83003], [80.8681, 21.83102], [80.86778, 21.82923], [80.87176, 21.82817], [80.87369, 21.82544], [80.87468, 21.82672], [80.87618, 21.82638], [80.87736, 21.82398], [80.88351, 21.82529], [80.88676, 21.82829], [80.89313, 21.82698], [80.89423, 21.82834], [80.89729, 21.82743], [80.89841, 21.82863], [80.89957, 21.8259], [80.90188, 21.82666], [80.90535, 21.82554], [80.90569, 21.82338], [80.91559, 21.82575], [80.91654, 21.82761], [80.92017, 21.82629], [80.92277, 21.82738], [80.93017, 21.82444], [80.93099, 21.82306]]]}, "properties": {"district": "Raj Nandgaon", "state": "Chhattisgarh", "operational_stp_count": 0, "capacity_mld": 0}}, {"type": "Feature", "geometry": {"type": "Polygon", "coordinates": [[[79.14915, 23.16824], [79.14254, 23.16629], [79.14202, 23.16786], [79.14008, 23.1678], [79.13881, 23.17446], [79.13545, 23.17315], [79.12562, 23.17574], [79.12425, 23.17216], [79.11776, 23.166], [79.11408, 23.16541], [79.10836, 23.16717], [79.11358, 23.16682], [79.11604, 23.16923], [79.11365, 23.17551], [79.11677, 23.18003], [79.11206, 23.18705], [79.10827, 23.18103], [79.10799, 23.18455], [79.10975, 23.18693], [79.1066, 23.18916], [79.1066, 23.19595], [79.10396, 23.19799], [79.10753, 23.20158], [79.10716, 23.20556], [79.10571, 23.20668], [79.10393, 23.20636], [79.10404, 23.20368], [79.09524, 23.20395], [79.09171, 23.19486], [79.09012, 23.20023], [79.08726, 23.20048], [79.08428, 23.19814], [79.0831, 23.2046], [79.08085, 23.20497], [79.07582, 23.20246], [79.07163, 23.20578], [79.06676, 23.20129], [79.06448, 23.1944], [79.06216, 23.19592], [79.05727, 23.19447], [79.05453, 23.19776], [79.05167, 23.19896], [79.04511, 23.19628], [79.03452, 23.19734], [79.03101, 23.19538], [79.02853, 23.19715], [79.02591, 23.19361], [79.02378, 23.19285], [79.02188, 23.19372], [79.02314, 23.19486], [79.0219, 23.1991], [79.01174, 23.20419], [79.00729, 23.20896], [79.00397, 23.20848], [78.99985, 23.21062], [78.99596, 23.21698], [78.99452, 23.21701], [78.99307, 23.21424], [78.99338, 23.21148], [78.98301, 23.20506], [78.98031, 23.2005], [78.97782, 23.20301], [78.97311, 23.20446], [78.97355, 23.20747], [78.97145, 23.21189], [78.96884, 23.21273], [78.96663, 23.21127], [78.96458, 23.21172], [78.96262, 23.21476], [78.95982, 23.21236], [78.95405, 23.21675], [78.95129, 23.21154], [78.94852, 23.21283], [78.94354, 23.20941], [78.94343, 23.21064], [78.94821, 23.21556], [78.9473, 23.22184], [78.94514, 23.22706], [78.93983, 23.23015], [78.93846, 23.23379], [78.93087, 23.23195], [78.9264, 23.22802], [78.91626, 23.22307], [78.91003, 23.2269], [78.9073, 23.22705], [78.90668, 23.22412], [78.90251, 23.22205], [78.89804, 23.21639], [78.8975, 23.21247], [78.89145, 23.21646], [78.87621, 23.21813], [78.87416, 23.21945], [78.87302, 23.22278], [78.8702, 23.22438], [78.85878, 23.22261], [78.85276, 23.22583], [78.84865, 23.22507], [78.84592, 23.2356], [78.84827, 23.23743], [78.84638, 23.24247], [78.84451, 23.2455], [78.83982, 23.24869], [78.83607, 23.24871], [78.8377, 23.25269], [78.83161, 23.25353], [78.8221, 23.25055], [78.82043, 23.24526], [78.81713, 23.24251], [78.81199, 23.24109], [78.80934, 23.23559], [78.80359, 23.23837], [78.80287, 23.2423], [78.79954, 23.24146], [78.79153, 23.24641], [78.78372, 23.24895], [78.77874, 23.24886], [78.77527, 23.25111], [78.7681, 23.24369], [78.7649, 23.2474], [78.76005, 23.24768], [78.75965, 23.25051], [78.76253, 23.25628], [78.75959, 23.26178], [78.76148, 23.26312], [78.76056, 23.26864], [78.76557, 23.27325], [78.76293, 23.2808], [78.76335, 23.2843], [78.77151, 23.28776], [78.77295, 23.29356], [78.77085, 23.29651], [78.76291, 23.29893], [78.76289, 23.30597], [78.75877, 23.30877], [78.75848, 23.31034], [78.754, 23.30907], [78.74774, 23.30933], [78.7472, 23.31086], [78.75036, 23.31828], [78.74621, 23.31827], [78.74696, 23.32183], [78.74408, 23.32229], [78.73915, 23.32617], [78.73493, 23.32715], [78.73382, 23.33926], [78.72785, 23.33969], [78.72774, 23.3441], [78.72521, 23.34731], [78.71994, 23.35183], [78.71616, 23.35245], [78.716, 23.3556], [78.70825, 23.36135], [78.70889, 23.35379], [78.70015, 23.35462], [78.69871, 23.35078], [78.69625, 23.34946], [78.68625, 23.34689], [78.68505, 23.34518], [78.67969, 23.34596], [78.67556, 23.34452], [78.67015, 23.33732], [78.66749, 23.33585], [78.66643, 23.33309], [78.66441, 23.33211], [78.65958, 23.33741], [78.65326, 23.33947], [78.64414, 23.34539], [78.64211, 23.34991], [78.6414, 23.35601], [78.63125, 23.36158], [78.63313, 23.36614], [78.63044, 23.36886], [78.62768, 23.38], [78.62857, 23.38549], [78.62975, 23.38776], [78.63415, 23.38754], [78.63626, 23.39008], [78.64039, 23.3905], [78.65005, 23.3812], [78.65102, 23.37793], [78.65666, 23.37611], [78.66485, 23.37763], [78.66749, 23.37612], [78.67404, 23.37679], [78.67796, 23.37454], [78.68309, 23.37747], [78.70009, 23.37477], [78.70311, 23.37779], [78.71486, 23.37522], [78.71949, 23.37696], [78.72576, 23.37159], [78.72589, 23.36323], [78.72748, 23.36537], [78.7346, 23.36861], [78.74085, 23.36597], [78.74342, 23.36004], [78.74878, 23.35667], [78.76038, 23.35524], [78.76393, 23.35628], [78.76532, 23.35949], [78.76936, 23.3618], [78.7787, 23.36166], [78.78014, 23.36286], [78.7799, 23.36523], [78.78228, 23.37018], [78.7941, 23.37212], [78.80122, 23.36903], [78.80411, 23.36477], [78.8043, 23.35703], [78.80922, 23.35779], [78.81339, 23.36029], [78.81459, 23.36438], [78.81877, 23.36491], [78.82268, 23.35858], [78.82264, 23.35526], [78.82397, 23.35371], [78.83023, 23.35112], [78.83248, 23.3485], [78.83933, 23.35132], [78.84359, 23.34638], [78.85028, 23.34259], [78.8537, 23.34852], [78.85808, 23.34888], [78.86269, 23.34783], [78.86426, 23.346], [78.87056, 23.34595], [78.88255, 23.35037], [78.88346, 23.34644], [78.89379, 23.34727], [78.90419, 23.34279], [78.90869, 23.3453], [78.91141, 23.34375], [78.91334, 23.33942], [78.91432, 23.34055], [78.92232, 23.33991], [78.92616, 23.34132], [78.93082, 23.3353], [78.9344, 23.33422], [78.93428, 23.32971], [78.93843, 23.32717], [78.94571, 23.32843], [78.9473, 23.33028], [78.9518, 23.31948], [78.9545, 23.31797], [78.96035, 23.3175], [78.9651, 23.32016], [78.9685, 23.31889], [78.96847, 23.31432], [78.97211, 23.30548], [78.97013, 23.30291], [78.97736, 23.29691], [78.9782, 23.29359], [78.97568, 23.29117], [78.97848, 23.27894], [78.9775, 23.27608], [78.97848, 23.2731], [78.97718, 23.27057], [78.97999, 23.26697], [78.98505, 23.2662], [78.98705, 23.26387], [78.99394, 23.26332], [78.99563, 23.26528], [78.99776, 23.26559], [79.0052, 23.26455], [79.01101, 23.25942], [79.01091, 23.25396], [79.01417, 23.25195], [79.02009, 23.25412], [79.02671, 23.24593], [79.03072, 23.24625], [79.03181, 23.24051], [79.03614, 23.23525], [79.03593, 23.23223], [79.0293, 23.23061], [79.02515, 23.21893], [79.01903, 23.21434], [79.02421, 23.21286], [79.02867, 23.20964], [79.03472, 23.20971], [79.05758, 23.1969], [79.06471, 23.19692], [79.06698, 23.20289], [79.07343, 23.20896], [79.0796, 23.20846], [79.08514, 23.2128], [79.09848, 23.20786], [79.10005, 23.20863], [79.10087, 23.21135], [79.10487, 23.21566], [79.10502, 23.21746], [79.10255, 23.22139], [79.10976, 23.2228], [79.114, 23.21868], [79.11822, 23.21741], [79.11851, 23.21062], [79.11583, 23.20884], [79.12403, 23.20767], [79.1278, 23.20173], [79.12625, 23.19639], [79.1299, 23.18695], [79.13612, 23.18745], [79.13598, 23.18226], [79.1318, 23.17894], [79.13187, 23.1764], [79.14134, 23.17657], [79.14675, 23.16758], [79.14915, 23.16824]]]}, "properties": {"district": "Sagar", "state": "Madhya Pradesh", "operational_stp_count": 0, "capacity_mld": 0}}, {"type": "Feature", "geometry": {"type": "Polygon", "coordinates": [[[79.96437, 22.85199], [79.97411, 22.83734], [79.97903, 22.8326], [79.99145, 22.82791], [80.0008, 22.82598], [80.00655, 22.82188], [80.01676, 22.79523], [80.02389, 22.79002], [80.04172, 22.7819], [80.05898, 22.76184], [80.06319, 22.75911], [80.0708, 22.7582], [80.08839, 22.76635], [80.10045, 22.76924], [80.13028, 22.76611], [80.16242, 22.76659], [80.17971, 22.76292], [80.18284, 22.76508], [80.19035, 22.77488], [80.20324, 22.77671], [80.20554, 22.77811], [80.20628, 22.78009], [80.20338, 22.79203], [80.20994, 22.79817], [80.21812, 22.8005], [80.22594, 22.80019], [80.23738, 22.79675], [80.25461, 22.796], [80.27071, 22.79233], [80.27888, 22.78748], [80.28081, 22.78398], [80.28157, 22.78056], [80.27874, 22.76492], [80.28309, 22.75208], [80.28499, 22.73544], [80.28942, 22.72633], [80.2777, 22.71876], [80.27229, 22.71753], [80.26331, 22.72016], [80.24509, 22.72101], [80.23939, 22.71515], [80.23767, 22.71074], [80.23845, 22.70643], [80.23582, 22.70082], [80.23365, 22.70001], [80.2346, 22.69779], [80.23676, 22.69742], [80.24104, 22.69047], [80.23606, 22.67417], [80.21923, 22.67044], [80.21337, 22.67464], [80.20882, 22.67091], [80.20471, 22.66512], [80.20294, 22.66703], [80.19987, 22.66691], [80.1921, 22.67159], [80.19292, 22.67699], [80.19151, 22.67964], [80.19371, 22.68592], [80.1924, 22.68854], [80.18288, 22.68946], [80.17977, 22.69095], [80.17421, 22.68864], [80.16958, 22.68891], [80.16687, 22.68744], [80.1513, 22.6852], [80.14967, 22.68696], [80.14486, 22.68781], [80.13624, 22.68252], [80.13476, 22.67774], [80.13056, 22.67877], [80.11877, 22.67857], [80.11464, 22.68137], [80.10972, 22.68107], [80.10541, 22.68249], [80.10312, 22.68017], [80.09418, 22.67778], [80.08866, 22.67809], [80.0835, 22.67449], [80.07854, 22.67403], [80.07327, 22.6745], [80.06727, 22.67864], [80.06504, 22.67614], [80.0552, 22.67468], [80.04609, 22.66696], [80.03828, 22.66903], [80.03288, 22.6737], [80.02889, 22.67417], [80.02306, 22.67946], [80.02016, 22.67947], [80.01019, 22.66729], [80.00359, 22.66593], [80.00192, 22.6623], [79.99833, 22.66119], [79.99583, 22.65869], [79.99481, 22.65755], [79.99509, 22.65282], [79.98675, 22.64918], [79.98482, 22.63883], [79.97207, 22.63533], [79.96955, 22.63613], [79.96852, 22.63937], [79.95754, 22.64484], [79.95083, 22.64285], [79.9406, 22.63206], [79.93489, 22.63117], [79.93254, 22.62854], [79.92374, 22.62889], [79.91715, 22.62683], [79.90624, 22.61613], [79.89952, 22.61783], [79.89724, 22.62029], [79.89394, 22.62114], [79.89171, 22.61864], [79.88156, 22.61448], [79.87251, 22.61296], [79.87171, 22.60864], [79.86476, 22.60323], [79.86822, 22.5968], [79.86, 22.59386], [79.85744, 22.58948], [79.83198, 22.59238], [79.83015, 22.59033], [79.82493, 22.58858], [79.81336, 22.58781], [79.80952, 22.59123], [79.79984, 22.59098], [79.79451, 22.59281], [79.78638, 22.58989], [79.78503, 22.58694], [79.78095, 22.58716], [79.77854, 22.58446], [79.76607, 22.58959], [79.75208, 22.58867], [79.74152, 22.59312], [79.73731, 22.59274], [79.73333, 22.5886], [79.72735, 22.58941], [79.72759, 22.58535], [79.72262, 22.5764], [79.71416, 22.57723], [79.71202, 22.57586], [79.70666, 22.57035], [79.706, 22.56584], [79.70129, 22.56344], [79.70092, 22.56034], [79.69421, 22.55531], [79.68749, 22.55285], [79.68513, 22.5502], [79.68228, 22.55037], [79.67958, 22.54877], [79.67581, 22.54422], [79.67056, 22.54622], [79.66675, 22.54628], [79.66567, 22.54508], [79.66246, 22.54708], [79.66057, 22.54496], [79.65711, 22.54431], [79.65551, 22.54779], [79.64689, 22.54356], [79.642, 22.54627], [79.63543, 22.54616], [79.62947, 22.54777], [79.62187, 22.55348], [79.61843, 22.55381], [79.61737, 22.55262], [79.61109, 22.55365], [79.60839, 22.55667], [79.60147, 22.56029], [79.59794, 22.5594], [79.59601, 22.55635], [79.59204, 22.55862], [79.58943, 22.56431], [79.58613, 22.56464], [79.57464, 22.56303], [79.56092, 22.55761], [79.55666, 22.55786], [79.55236, 22.55562], [79.54734, 22.55777], [79.52761, 22.54721], [79.5253, 22.54357], [79.52144, 22.54275], [79.51704, 22.54249], [79.51252, 22.54411], [79.50787, 22.54351], [79.50069, 22.54009], [79.49911, 22.54522], [79.49707, 22.54569], [79.48374, 22.54279], [79.47166, 22.54286], [79.46495, 22.5379], [79.46328, 22.53604], [79.46331, 22.5335], [79.46061, 22.53085], [79.45888, 22.53279], [79.45571, 22.53191], [79.45188, 22.52422], [79.44906, 22.52281], [79.43925, 22.52222], [79.43754, 22.52031], [79.42796, 22.51738], [79.42415, 22.51443], [79.41788, 22.51444], [79.41692, 22.51653], [79.40801, 22.51812], [79.40198, 22.51758], [79.39754, 22.51114], [79.38367, 22.51091], [79.38237, 22.50257], [79.37741, 22.50286], [79.375, 22.50016], [79.37065, 22.50042], [79.36628, 22.49846], [79.36083, 22.49369], [79.35961, 22.48976], [79.34749, 22.48535], [79.3401, 22.47971], [79.33585, 22.48165], [79.32916, 22.47952], [79.32837, 22.47531], [79.32645, 22.47442], [79.29927, 22.47199], [79.29448, 22.47371], [79.28795, 22.47332], [79.28431, 22.47201], [79.28179, 22.46397], [79.27702, 22.45877], [79.26065, 22.45603], [79.25903, 22.45741], [79.25647, 22.45601], [79.25293, 22.45771], [79.24755, 22.45479], [79.23472, 22.45358], [79.22849, 22.44819], [79.22527, 22.4502], [79.21577, 22.44603], [79.20652, 22.44613], [79.20183, 22.44288], [79.20176, 22.44548], [79.1949, 22.45244], [79.2095, 22.46229], [79.22065, 22.465], [79.22383, 22.46838], [79.22756, 22.46836], [79.23348, 22.47172], [79.23248, 22.47427], [79.23722, 22.47469], [79.24858, 22.47195], [79.25878, 22.4749], [79.25975, 22.47294], [79.26581, 22.47516], [79.26977, 22.47521], [79.27663, 22.47966], [79.2821, 22.48012], [79.28787, 22.47874], [79.29327, 22.47972], [79.30185, 22.48352], [79.3141, 22.48084], [79.3218, 22.47701], [79.3279, 22.48051], [79.33728, 22.48218], [79.34169, 22.48126], [79.34566, 22.48416], [79.34757, 22.48996], [79.34679, 22.49375], [79.34358, 22.49665], [79.34451, 22.50512], [79.33264, 22.50522], [79.33249, 22.5091], [79.33124, 22.51087], [79.32805, 22.512], [79.33031, 22.52575], [79.32764, 22.52531], [79.32102, 22.52711], [79.31921, 22.53198], [79.32044, 22.5396], [79.32209, 22.54064], [79.32123, 22.54296], [79.32235, 22.54376], [79.32526, 22.54256], [79.32599, 22.54571], [79.32776, 22.54663], [79.32772, 22.55134], [79.33036, 22.55123], [79.33356, 22.55313], [79.33604, 22.55127], [79.338, 22.55313], [79.34133, 22.55353], [79.3377, 22.55785], [79.33624, 22.5628], [79.33234, 22.56619], [79.33681, 22.56956], [79.3391, 22.56537], [79.34146, 22.56576], [79.34321, 22.57809], [79.34636, 22.57838], [79.34585, 22.5713], [79.34833, 22.57049], [79.35166, 22.57346], [79.35279, 22.57815], [79.3573, 22.57998], [79.35325, 22.58533], [79.3538, 22.58787], [79.3643, 22.59659], [79.37248, 22.59413], [79.3748, 22.59609], [79.36791, 22.60499], [79.35528, 22.60741], [79.35372, 22.61038], [79.34846, 22.61402], [79.33752, 22.61534], [79.3258, 22.61078], [79.32519, 22.6165], [79.33539, 22.62162], [79.33725, 22.62672], [79.33609, 22.6381], [79.33896, 22.63692], [79.34124, 22.63406], [79.34874, 22.64177], [79.35889, 22.64388], [79.36208, 22.64273], [79.36351, 22.64369], [79.36537, 22.65029], [79.36963, 22.6542], [79.38094, 22.6589], [79.37605, 22.66272], [79.37842, 22.66854], [79.38839, 22.66999], [79.38966, 22.67281], [79.39231, 22.6736], [79.39123, 22.67638], [79.39365, 22.6779], [79.39396, 22.68066], [79.39878, 22.68233], [79.40136, 22.68497], [79.40311, 22.69798], [79.402, 22.69888], [79.3997, 22.69676], [79.39907, 22.69902], [79.39421, 22.70225], [79.39795, 22.70441], [79.40009, 22.70177], [79.40294, 22.70554], [79.40639, 22.70574], [79.41346, 22.71186], [79.41384, 22.71509], [79.40955, 22.72005], [79.41156, 22.72162], [79.42375, 22.72535], [79.43094, 22.72505], [79.43519, 22.72314], [79.44582, 22.72794], [79.45441, 22.72799], [79.45662, 22.73041], [79.46027, 22.72992], [79.46496, 22.73683], [79.46613, 22.74147], [79.46902, 22.74204], [79.47449, 22.73999], [79.47557, 22.73842], [79.47443, 22.73641], [79.47106, 22.7346], [79.47094, 22.72693], [79.47212, 22.7244], [79.47821, 22.7279], [79.48178, 22.72759], [79.48791, 22.7307], [79.50656, 22.72392], [79.50983, 22.72126], [79.51647, 22.72294], [79.51808, 22.72544], [79.51769, 22.72977], [79.51995, 22.73431], [79.51683, 22.7356], [79.51646, 22.74118], [79.52361, 22.75161], [79.51938, 22.75248], [79.51577, 22.75], [79.51169, 22.7499], [79.50919, 22.75102], [79.50842, 22.75388], [79.519, 22.76222], [79.51414, 22.77182], [79.51543, 22.778], [79.52259, 22.78323], [79.52783, 22.78529], [79.53167, 22.79381], [79.53902, 22.79735], [79.54415, 22.80461], [79.54463, 22.81451], [79.54087, 22.81712], [79.56595, 22.83147], [79.56808, 22.83232], [79.57307, 22.831], [79.57691, 22.83339], [79.57821, 22.83942], [79.58337, 22.8433], [79.58773, 22.84453], [79.5875, 22.85415], [79.58899, 22.85586], [79.59754, 22.85841], [79.59747, 22.86643], [79.60315, 22.86473], [79.60648, 22.86], [79.61219, 22.85994], [79.6217, 22.86887], [79.62565, 22.87588], [79.6222, 22.88878], [79.62536, 22.89622], [79.62078, 22.90688], [79.61332, 22.91747], [79.60563, 22.91608], [79.60082, 22.91301], [79.59892, 22.91551], [79.59543, 22.9286], [79.59221, 22.9319], [79.59037, 22.93824], [79.59083, 22.94211], [79.59264, 22.94565], [79.59624, 22.94848], [79.5979, 22.94587], [79.59899, 22.94853], [79.60273, 22.95029], [79.62247, 22.95555], [79.62609, 22.95389], [79.6274, 22.94985], [79.62952, 22.94908], [79.62985, 22.94578], [79.63187, 22.94411], [79.6395, 22.94459], [79.6488, 22.92643], [79.65444, 22.92514], [79.65644, 22.92342], [79.66499, 22.92339], [79.66908, 22.92433], [79.67277, 22.92811], [79.67884, 22.92674], [79.68692, 22.92987], [79.68537, 22.92392], [79.69082, 22.92473], [79.69473, 22.9238], [79.70086, 22.92549], [79.70692, 22.9237], [79.71614, 22.92423], [79.7179, 22.92267], [79.72364, 22.92232], [79.73016, 22.91973], [79.74101, 22.92091], [79.74527, 22.91931], [79.74846, 22.92062], [79.75124, 22.91614], [79.75134, 22.91349], [79.74407, 22.89685], [79.74974, 22.89914], [79.75523, 22.89263], [79.76356, 22.88833], [79.76781, 22.88783], [79.77266, 22.88306], [79.78132, 22.87933], [79.7708, 22.87309], [79.76467, 22.86391], [79.75919, 22.86023], [79.76295, 22.84719], [79.7653, 22.84474], [79.78481, 22.8466], [79.78752, 22.8492], [79.78984, 22.84931], [79.79345, 22.85632], [79.80064, 22.86343], [79.82059, 22.87119], [79.8208, 22.8669], [79.81798, 22.86056], [79.81862, 22.8484], [79.82697, 22.84476], [79.82649, 22.84202], [79.82822, 22.83827], [79.83301, 22.83522], [79.83438, 22.83254], [79.83978, 22.83096], [79.84682, 22.83084], [79.85452, 22.83345], [79.86383, 22.85177], [79.87037, 22.85571], [79.87691, 22.85254], [79.88188, 22.85207], [79.88283, 22.85059], [79.88461, 22.8528], [79.88637, 22.86036], [79.90041, 22.86359], [79.90255, 22.86378], [79.90406, 22.86049], [79.90671, 22.84526], [79.92519, 22.85714], [79.93127, 22.8572], [79.94104, 22.86079], [79.94655, 22.85961], [79.95096, 22.8569], [79.95836, 22.85617], [79.96437, 22.85199]]]}, "properties": {"district": "Seoni", "state": "Madhya Pradesh", "operational_stp_count": 0, "capacity_mld": 0}}, {"type": "Feature", "geometry": {"type": "Polygon", "coordinates": [[[73.53089, 22.05065], [73.52161, 22.05651], [73.52228, 22.05217], [73.51858, 22.04853], [73.51836, 22.04578], [73.51432, 22.03794], [73.50896, 22.03725], [73.50409, 22.03951], [73.49987, 22.03965], [73.50317, 22.03543], [73.50018, 22.03295], [73.50188, 22.02821], [73.50332, 22.02826], [73.50238, 22.02261], [73.50063, 22.01725], [73.49495, 22.0174], [73.49912, 22.01392], [73.50031, 22.00913], [73.51111, 22.00364], [73.51124, 21.99347], [73.51369, 21.99307], [73.5142, 21.99018], [73.51181, 21.98755], [73.51207, 21.9862], [73.51416, 21.9854], [73.51284, 21.98378], [73.51285, 21.98096], [73.50684, 21.97912], [73.50473, 21.97724], [73.50756, 21.96971], [73.5044, 21.96643], [73.50383, 21.96289], [73.47408, 21.97405], [73.46181, 21.9799], [73.45865, 21.975], [73.45382, 21.97628], [73.44711, 21.97454], [73.43988, 21.96401], [73.44288, 21.94162], [73.43866, 21.92667], [73.42946, 21.91779], [73.41646, 21.91029], [73.40765, 21.90988], [73.39981, 21.91158], [73.3834, 21.92186], [73.37632, 21.92945], [73.3646, 21.93094], [73.35535, 21.92836], [73.34895, 21.92319], [73.34452, 21.91448], [73.34388, 21.90379], [73.34673, 21.8823], [73.34499, 21.87807], [73.34122, 21.87554], [73.33538, 21.87429], [73.32777, 21.87493], [73.31437, 21.88058], [73.29747, 21.89086], [73.27886, 21.90508], [73.27743, 21.91384], [73.26791, 21.92318], [73.26497, 21.9284], [73.25688, 21.93556], [73.24236, 21.93398], [73.23338, 21.92841], [73.22685, 21.92261], [73.22201, 21.91592], [73.22089, 21.90649], [73.22416, 21.89441], [73.22795, 21.88767], [73.23936, 21.87373], [73.24584, 21.86924], [73.24851, 21.86508], [73.24899, 21.85963], [73.24704, 21.85021], [73.24374, 21.8424], [73.24629, 21.84065], [73.2405, 21.83566], [73.23741, 21.83718], [73.22475, 21.8275], [73.21665, 21.82361], [73.2015, 21.82239], [73.18727, 21.82919], [73.1816, 21.83323], [73.15919, 21.85577], [73.15825, 21.85439], [73.14846, 21.85663], [73.14799, 21.85387], [73.1418, 21.85462], [73.14212, 21.86434], [73.13728, 21.86701], [73.13193, 21.86617], [73.13051, 21.87113], [73.12682, 21.87038], [73.12536, 21.87763], [73.11536, 21.87821], [73.10457, 21.87714], [73.0912, 21.87225], [73.08591, 21.88069], [73.0776, 21.87956], [73.07181, 21.87708], [73.05917, 21.88241], [73.05889, 21.88897], [73.06042, 21.89773], [73.06236, 21.90197], [73.06474, 21.90173], [73.06651, 21.90522], [73.06664, 21.90953], [73.07059, 21.91194], [73.07665, 21.91046], [73.0796, 21.91573], [73.08711, 21.91782], [73.09155, 21.9213], [73.09044, 21.92963], [73.08549, 21.9294], [73.08937, 21.93351], [73.09193, 21.93372], [73.09452, 21.93071], [73.09637, 21.93168], [73.09652, 21.93522], [73.10149, 21.93562], [73.10372, 21.93304], [73.10903, 21.93261], [73.1102, 21.93394], [73.1191, 21.9344], [73.12466, 21.93746], [73.12461, 21.9416], [73.13241, 21.94849], [73.13505, 21.9487], [73.13698, 21.94576], [73.13798, 21.94662], [73.13693, 21.95098], [73.13853, 21.95471], [73.14274, 21.95302], [73.14714, 21.95356], [73.14742, 21.95533], [73.15251, 21.95862], [73.16044, 21.96769], [73.16804, 21.97249], [73.16826, 21.97471], [73.17331, 21.98118], [73.17042, 21.98491], [73.17127, 21.9891], [73.17319, 21.99019], [73.17968, 21.99997], [73.18083, 22.00385], [73.18459, 22.00391], [73.18652, 22.00799], [73.18878, 22.00973], [73.2013, 22.00684], [73.20714, 22.0082], [73.20878, 22.01087], [73.20466, 22.01173], [73.21044, 22.01797], [73.20721, 22.02261], [73.20939, 22.02456], [73.21971, 22.02428], [73.22082, 22.02794], [73.22502, 22.0304], [73.22713, 22.02916], [73.23043, 22.02992], [73.23412, 22.02745], [73.24058, 22.01293], [73.24238, 22.01267], [73.24415, 22.01373], [73.24695, 22.01332], [73.25344, 22.01931], [73.25741, 22.01637], [73.26789, 22.01555], [73.27037, 22.01941], [73.27297, 22.01605], [73.27708, 22.01592], [73.27879, 22.01724], [73.28009, 22.02176], [73.2822, 22.02262], [73.28241, 22.02482], [73.28671, 22.02419], [73.29264, 22.028], [73.29564, 22.02755], [73.2983, 22.03039], [73.30205, 22.03143], [73.31025, 22.03905], [73.3126, 22.03548], [73.31757, 22.03611], [73.3203, 22.03776], [73.32195, 22.03504], [73.32331, 22.02431], [73.3325, 22.02277], [73.34007, 22.02515], [73.34302, 22.02861], [73.34706, 22.0254], [73.34927, 22.02612], [73.3525, 22.03009], [73.35719, 22.03181], [73.35731, 22.03462], [73.36416, 22.03876], [73.36971, 22.03769], [73.37071, 22.04167], [73.37576, 22.04241], [73.37663, 22.04028], [73.38109, 22.03904], [73.38076, 22.03679], [73.38258, 22.03537], [73.38215, 22.03241], [73.3909, 22.02789], [73.39496, 22.02194], [73.39758, 22.02038], [73.39723, 22.0155], [73.4022, 22.01445], [73.4049, 22.01237], [73.40377, 22.00908], [73.40672, 22.00601], [73.41255, 22.00435], [73.41812, 22.00504], [73.42387, 22.00941], [73.42738, 22.00735], [73.43305, 22.00771], [73.43571, 22.0149], [73.43461, 22.01909], [73.43638, 22.02014], [73.43724, 22.02376], [73.43626, 22.0275], [73.43295, 22.02906], [73.43174, 22.03288], [73.42796, 22.03155], [73.42289, 22.03662], [73.42295, 22.04419], [73.42047, 22.04649], [73.41786, 22.05337], [73.41843, 22.05723], [73.4251, 22.06114], [73.42301, 22.06878], [73.42905, 22.07025], [73.43043, 22.07325], [73.43425, 22.07457], [73.43758, 22.07271], [73.44383, 22.07268], [73.44668, 22.07113], [73.45361, 22.07186], [73.45507, 22.07022], [73.4567, 22.0704], [73.45478, 22.07218], [73.45693, 22.07531], [73.46002, 22.07363], [73.46335, 22.0762], [73.46675, 22.07541], [73.46841, 22.07354], [73.47369, 22.07386], [73.47576, 22.07707], [73.47143, 22.08271], [73.47048, 22.09166], [73.46829, 22.09369], [73.47718, 22.10417], [73.47711, 22.10914], [73.48299, 22.11309], [73.48327, 22.11533], [73.4858, 22.11649], [73.4925, 22.1161], [73.49404, 22.11782], [73.49848, 22.11919], [73.50135, 22.12487], [73.50132, 22.12742], [73.49873, 22.12864], [73.49715, 22.14085], [73.49971, 22.14338], [73.49963, 22.14544], [73.49738, 22.15014], [73.5037, 22.15375], [73.50443, 22.15257], [73.50626, 22.15412], [73.5084, 22.15233], [73.50676, 22.15116], [73.50534, 22.1455], [73.50616, 22.14462], [73.50887, 22.14511], [73.51157, 22.14331], [73.51441, 22.14356], [73.51543, 22.14482], [73.51598, 22.14302], [73.51781, 22.14567], [73.51883, 22.14445], [73.51619, 22.14167], [73.51092, 22.13976], [73.50699, 22.13436], [73.50667, 22.12259], [73.50095, 22.11243], [73.4982, 22.10988], [73.48277, 22.1061], [73.47909, 22.10336], [73.4765, 22.09699], [73.47615, 22.08679], [73.47891, 22.0808], [73.48322, 22.07842], [73.48654, 22.07055], [73.48795, 22.07059], [73.48941, 22.07219], [73.48839, 22.07647], [73.48915, 22.07812], [73.4921, 22.07908], [73.49276, 22.07743], [73.49704, 22.07667], [73.50166, 22.07853], [73.5041, 22.08303], [73.50837, 22.08405], [73.51002, 22.08898], [73.51415, 22.09215], [73.51998, 22.09157], [73.52415, 22.09341], [73.54034, 22.09132], [73.5408, 22.08833], [73.53896, 22.08606], [73.5391, 22.08232], [73.53822, 22.08044], [73.53587, 22.07944], [73.53581, 22.07714], [73.53362, 22.07442], [73.53264, 22.07451], [73.53241, 22.07146], [73.53559, 22.07041], [73.5364, 22.06851], [73.53958, 22.06685], [73.54238, 22.06669], [73.54325, 22.06482], [73.54219, 22.06181], [73.52914, 22.06197], [73.53215, 22.05875], [73.53089, 22.05065]]]}, "properties": {"district": "Vadodara", "state": "Gujarat", "operational_stp_count": 0, "capacity_mld": 0}}, {"type": "Feature", "geometry": {"type": "MultiPolygon", "coordinates": [[[[74.9562, 21.60077], [74.97089, 21.59627], [74.97923, 21.59524], [74.99587, 21.5872], [74.98615, 21.58501], [74.975, 21.58619], [74.97287, 21.58503], [74.96805, 21.58765], [74.95641, 21.58696], [74.94811, 21.58369], [74.94529, 21.58684], [74.94399, 21.59104], [74.93893, 21.59222], [74.94083, 21.59967], [74.93108, 21.59882], [74.92216, 21.59528], [74.91182, 21.59472], [74.91394, 21.59891], [74.92253, 21.60322], [74.92251, 21.61005], [74.9562, 21.60077]]], [[[74.91401, 21.61245], [74.91264, 21.61357], [74.91494, 21.61259], [74.91401, 21.61245]]]]}, "properties": {"district": "Dhule", "state": "Maharashtra", "operational_stp_count": 0, "capacity_mld": 0}}, {"type": "Feature", "geometry": {"type": "Polygon", "coordinates": [[[74.51386, 21.86375], [74.50948, 21.86681], [74.50654, 21.86522], [74.49691, 21.86438], [74.49504, 21.86031], [74.49171, 21.85864], [74.4835, 21.85779], [74.48049, 21.8507], [74.47305, 21.84931], [74.47124, 21.84729], [74.45817, 21.84617], [74.45465, 21.84426], [74.45732, 21.83808], [74.45753, 21.83279], [74.45477, 21.82892], [74.45398, 21.82282], [74.45631, 21.81522], [74.44333, 21.81119], [74.42932, 21.80255], [74.42813, 21.79882], [74.42235, 21.79787], [74.41881, 21.80145], [74.41454, 21.79931], [74.40691, 21.79177], [74.39428, 21.78883], [74.39645, 21.7848], [74.39062, 21.78345], [74.38183, 21.78461], [74.37995, 21.78359], [74.37372, 21.78396], [74.36829, 21.77938], [74.3467, 21.77848], [74.33784, 21.78006], [74.33411, 21.7711], [74.32972, 21.76908], [74.32837, 21.76614], [74.31575, 21.76154], [74.31567, 21.75851], [74.31118, 21.75565], [74.30955, 21.75053], [74.30666, 21.74869], [74.30486, 21.74512], [74.29933, 21.74545], [74.28704, 21.74278], [74.27531, 21.73368], [74.26047, 21.72954], [74.25321, 21.7256], [74.24279, 21.72318], [74.23179, 21.72383], [74.22741, 21.71931], [74.23136, 21.71136], [74.225, 21.69997], [74.22719, 21.69408], [74.22439, 21.69157], [74.21834, 21.69286], [74.21315, 21.68845], [74.20512, 21.68893], [74.20196, 21.68539], [74.19528, 21.68718], [74.17811, 21.68035], [74.17366, 21.68387], [74.16421, 21.67947], [74.15881, 21.67847], [74.15152, 21.67946], [74.1449, 21.67438], [74.13185, 21.67603], [74.12803, 21.67795], [74.12311, 21.68281], [74.11418, 21.67796], [74.11322, 21.67342], [74.10817, 21.66688], [74.09683, 21.66476], [74.09158, 21.667], [74.08687, 21.67445], [74.08454, 21.67551], [74.07972, 21.67351], [74.07078, 21.67344], [74.06467, 21.67124], [74.06171, 21.67285], [74.05416, 21.67364], [74.05002, 21.67874], [74.04227, 21.68031], [74.03483, 21.67656], [74.0299, 21.67961], [74.02993, 21.68388], [74.02675, 21.68707], [74.02212, 21.68524], [74.01917, 21.6806], [74.00644, 21.67452], [73.99869, 21.67814], [73.99116, 21.6843], [73.9882, 21.67595], [73.9824, 21.67613], [73.98012, 21.67118], [73.97814, 21.67035], [73.97336, 21.6737], [73.96909, 21.67278], [73.9646, 21.67781], [73.95002, 21.68026], [73.94886, 21.68278], [73.94123, 21.68397], [73.9349, 21.68038], [73.93567, 21.66436], [73.92987, 21.66098], [73.92832, 21.65612], [73.92279, 21.65202], [73.91686, 21.65695], [73.91154, 21.65858], [73.90964, 21.65433], [73.90962, 21.64817], [73.91143, 21.64381], [73.90132, 21.63905], [73.89475, 21.63427], [73.8917, 21.62946], [73.88835, 21.63036], [73.88277, 21.62887], [73.87792, 21.63607], [73.87293, 21.63761], [73.87161, 21.63347], [73.86748, 21.62977], [73.86594, 21.62285], [73.8616, 21.61936], [73.85154, 21.62025], [73.84884, 21.6155], [73.84915, 21.61026], [73.84499, 21.60452], [73.84385, 21.59956], [73.83643, 21.59818], [73.83665, 21.60457], [73.83266, 21.60433], [73.82671, 21.60952], [73.82218, 21.61031], [73.81879, 21.60651], [73.81401, 21.60822], [73.80962, 21.60584], [73.81111, 21.60279], [73.80593, 21.60417], [73.80016, 21.60368], [73.79195, 21.61017], [73.78772, 21.6165], [73.78137, 21.61859], [73.78268, 21.62208], [73.78051, 21.62859], [73.78502, 21.62901], [73.78611, 21.63248], [73.78805, 21.6341], [73.80158, 21.63714], [73.80471, 21.63952], [73.81232, 21.64008], [73.81426, 21.64417], [73.81759, 21.64197], [73.82173, 21.64342], [73.8248, 21.63978], [73.83038, 21.64237], [73.8321, 21.63835], [73.83603, 21.63918], [73.83466, 21.63435], [73.83859, 21.63308], [73.84594, 21.63974], [73.84977, 21.63913], [73.85167, 21.64648], [73.86004, 21.64233], [73.86715, 21.64604], [73.87419, 21.64756], [73.88378, 21.65334], [73.88801, 21.65325], [73.88863, 21.66077], [73.89459, 21.67598], [73.89161, 21.68106], [73.89246, 21.68493], [73.89128, 21.68712], [73.89182, 21.69215], [73.8903, 21.69797], [73.88389, 21.70523], [73.88632, 21.70667], [73.88061, 21.71559], [73.86761, 21.71834], [73.85836, 21.7265], [73.85593, 21.73244], [73.85327, 21.73538], [73.85037, 21.73722], [73.84681, 21.73728], [73.83751, 21.74553], [73.83366, 21.75492], [73.82755, 21.75672], [73.82467, 21.75993], [73.82374, 21.7626], [73.82494, 21.76523], [73.83361, 21.77165], [73.8347, 21.77405], [73.83414, 21.7762], [73.82957, 21.77755], [73.82945, 21.78594], [73.83089, 21.78712], [73.8371, 21.78733], [73.83816, 21.78875], [73.83449, 21.7921], [73.82734, 21.79248], [73.82696, 21.79793], [73.83246, 21.79965], [73.83295, 21.80095], [73.82807, 21.80407], [73.82743, 21.80991], [73.82239, 21.8113], [73.80784, 21.80981], [73.8043, 21.8197], [73.80161, 21.82175], [73.79815, 21.82231], [73.79595, 21.82473], [73.80732, 21.83633], [73.81386, 21.83979], [73.82497, 21.84236], [73.84232, 21.844], [73.86976, 21.84107], [73.8758, 21.84367], [73.888, 21.85521], [73.90058, 21.85795], [73.90782, 21.85706], [73.92096, 21.86103], [73.96539, 21.88432], [74.0039, 21.90025], [74.02358, 21.91092], [74.02886, 21.91214], [74.03122, 21.91406], [74.03123, 21.91609], [74.0479, 21.925], [74.06026, 21.92762], [74.06659, 21.93038], [74.08405, 21.93373], [74.1059, 21.94323], [74.12822, 21.94978], [74.13609, 21.95018], [74.13938, 21.94547], [74.14626, 21.94644], [74.14685, 21.95289], [74.15552, 21.9515], [74.16397, 21.94713], [74.17002, 21.94298], [74.17904, 21.93142], [74.18184, 21.92942], [74.19308, 21.92597], [74.20543, 21.92611], [74.24153, 21.93025], [74.26248, 21.93402], [74.28118, 21.93311], [74.28647, 21.93611], [74.2912, 21.94296], [74.29397, 21.95757], [74.29718, 21.96338], [74.30764, 21.97176], [74.31397, 21.97376], [74.33871, 21.97376], [74.34842, 21.977], [74.35373, 21.98032], [74.36085, 21.99031], [74.37582, 22.00059], [74.38093, 22.00902], [74.38345, 22.01619], [74.38712, 22.01998], [74.39193, 22.02218], [74.41515, 22.02494], [74.43164, 22.03027], [74.43925, 22.02467], [74.4435, 22.02323], [74.44327, 22.02202], [74.43963, 22.02209], [74.43874, 22.02084], [74.44387, 22.01663], [74.44363, 22.01117], [74.44801, 22.00919], [74.44916, 22.00596], [74.45142, 22.0059], [74.45218, 22.00465], [74.44741, 22.00063], [74.44536, 22.0005], [74.44234, 22.00318], [74.43798, 22.00007], [74.43233, 21.9994], [74.43309, 21.99764], [74.43815, 21.99734], [74.43978, 21.99472], [74.43882, 21.99089], [74.44146, 21.99004], [74.43883, 21.98717], [74.43939, 21.97672], [74.44469, 21.97548], [74.44451, 21.97039], [74.44725, 21.96855], [74.44995, 21.96385], [74.45338, 21.96194], [74.46109, 21.96145], [74.46385, 21.96607], [74.4676, 21.96558], [74.46972, 21.9671], [74.47137, 21.96364], [74.46872, 21.96108], [74.4691, 21.95964], [74.47384, 21.96104], [74.48159, 21.95917], [74.48243, 21.95795], [74.48113, 21.9554], [74.48203, 21.95475], [74.48873, 21.95617], [74.49047, 21.95123], [74.48449, 21.94741], [74.48467, 21.94581], [74.48908, 21.94341], [74.49316, 21.94661], [74.49522, 21.94681], [74.49712, 21.94174], [74.5, 21.9393], [74.50839, 21.93734], [74.51256, 21.93189], [74.51119, 21.9239], [74.50923, 21.92064], [74.51266, 21.9156], [74.51681, 21.91582], [74.5239, 21.91155], [74.52435, 21.9065], [74.52236, 21.90244], [74.5228, 21.89909], [74.51364, 21.88997], [74.51386, 21.86375]]]}, "properties": {"district": "Nandurbar", "state": "Maharashtra", "operational_stp_count": 0, "capacity_mld": 0}}]}