{"type":"FeatureCollection","features":[{"type":"Feature","geometry":{"type":"Polygon","coordinates":[[[80.15176,23.77064],[80.15405,23.76726],[80.15337,23.76531],[80.14973,23.75702],[80.14993,23.75657],[80.14983,23.75632],[80.15186,23.75214],[80.15431,23.74978],[80.15513,23.74809],[80.1564,23.74562],[80.1592,23.73985],[80.1618,23.73809],[80.16628,23.73664],[80.16449,23.73445],[80.15952,23.73475],[80.15755,23.73299],[80.15744,23.7311],[80.15762,23.73094],[80.15761,23.73058],[80.16002,23.72827],[80.15999,23.72773],[80.16014,23.72759],[80.16013,23.72723],[80.16173,23.72569],[80.16163,23.72408],[80.16171,23.72281],[80.15939,23.71949],[80.15979,23.71928],[80.15951,23.71887],[80.16346,23.71684],[80.16666,23.71528],[80.16673,23.71408],[80.16661,23.71202],[80.16679,23.71186],[80.16678,23.71144],[80.16752,23.71074],[80.16738,23.70839],[80.16759,23.7077],[80.16758,23.70747],[80.16846,23.70476],[80.17165,23.70321],[80.17254,23.69749],[80.17261,23.69739],[80.17271,23.69679],[80.17738,23.68967],[80.18051,23.69074],[80.18437,23.68949],[80.18586,23.68512],[80.18582,23.6845],[80.18587,23.68365],[80.18496,23.67761],[80.18513,23.67464],[80.18337,23.67141],[80.18358,23.67089],[80.18348,23.67069],[80.18457,23.66833],[80.18675,23.67059],[80.18765,23.67061],[80.18846,23.66893],[80.18999,23.66746],[80.19056,23.66587],[80.19257,23.66],[80.1924,23.65717],[80.19261,23.65695],[80.1926,23.6565],[80.19425,23.65478],[80.19698,23.65389],[80.19583,23.65285],[80.19504,23.65031],[80.18843,23.64551],[80.18828,23.64292],[80.18845,23.64251],[80.18845,23.6423],[80.19015,23.63811],[80.19075,23.63563],[80.19089,23.63504],[80.19102,23.63452],[80.19895,23.63259],[80.19837,23.63114],[80.19629,23.62928],[80.19337,23.62391],[80.1937,23.62363],[80.19348,23.62319],[80.1968,23.62059],[80.19854,23.61975],[80.20013,23.61809],[80.20348,23.61728],[80.20454,23.61618],[80.2093,23.61811],[80.21515,23.61893],[80.21763,23.62061],[80.22098,23.62143],[80.2232,23.62257],[80.22586,23.6198],[80.22976,23.61972],[80.2378,23.62063],[80.23754,23.62031],[80.23666,23.61952],[80.23673,23.61825],[80.23663,23.61658],[80.23673,23.61491],[80.23662,23.61305],[80.23679,23.61286],[80.23678,23.61234],[80.23925,23.60978],[80.24014,23.60976],[80.24097,23.60978],[80.24348,23.60973],[80.24593,23.61228],[80.2468,23.61226],[80.24924,23.61231],[80.25006,23.61152],[80.24995,23.60963],[80.25013,23.60962],[80.25011,23.60898],[80.2568,23.60884],[80.26005,23.61222],[80.2657,23.61234],[80.26588,23.60948],[80.26421,23.60798],[80.26455,23.60755],[80.26431,23.60733],[80.26522,23.60633],[80.2718,23.60646],[80.2743,23.60641],[80.2768,23.60646],[80.27911,23.60406],[80.28263,23.60644],[80.28511,23.60639],[80.28675,23.60809],[80.28764,23.60811],[80.28847,23.60809],[80.28931,23.60811],[80.29062,23.60541],[80.29421,23.60726],[80.29593,23.60729],[80.29681,23.60644],[80.29841,23.60478],[80.29931,23.60476],[80.30096,23.60561],[80.30681,23.60643],[80.30852,23.60731],[80.3135,23.60474],[80.3175,23.60483],[80.32086,23.60319],[80.32224,23.60187],[80.32403,23.60001],[80.32528,23.60259],[80.32765,23.60144],[80.33096,23.59726],[80.33348,23.59644],[80.33431,23.59473],[80.33764,23.59479],[80.33846,23.59226],[80.34015,23.59144],[80.3418,23.58893],[80.3446,23.58757],[80.34757,23.58144],[80.35846,23.58295],[80.35849,23.58435],[80.35843,23.58726],[80.36155,23.58878],[80.36514,23.59222],[80.36635,23.5972],[80.37014,23.59728],[80.37258,23.59723],[80.3739,23.5985],[80.37593,23.60061],[80.37996,23.60053],[80.38181,23.60143],[80.38283,23.60558],[80.38431,23.60561],[80.38701,23.60469],[80.40232,23.60643],[80.40765,23.60561],[80.40931,23.60475],[80.41047,23.60714],[80.41598,23.60893],[80.41928,23.61063],[80.42445,23.6123],[80.42776,23.61401],[80.43181,23.61393],[80.43495,23.61719],[80.43964,23.6188],[80.44402,23.61655],[80.44765,23.61893],[80.45121,23.62264],[80.45513,23.62561],[80.46098,23.62809],[80.46353,23.62982],[80.46848,23.63143],[80.47069,23.63373],[80.47709,23.63702],[80.4785,23.63556],[80.48315,23.63565],[80.4839,23.63451],[80.4852,23.63132],[80.48417,23.63034],[80.48361,23.62912],[80.48348,23.62899],[80.48352,23.62892],[80.48336,23.62857],[80.48394,23.62801],[80.48432,23.6272],[80.48585,23.62574],[80.48582,23.62451],[80.48595,23.62432],[80.48593,23.62314],[80.48745,23.62211],[80.48756,23.62196],[80.48768,23.62196],[80.48849,23.62141],[80.49137,23.62147],[80.49179,23.62104],[80.49181,23.61973],[80.49005,23.6163],[80.48918,23.61361],[80.48751,23.61201],[80.48586,23.60949],[80.48501,23.60867],[80.48328,23.60603],[80.48336,23.60199],[80.48247,23.60027],[80.48249,23.59951],[80.48181,23.59819],[80.48253,23.59742],[80.48254,23.59725],[80.48276,23.59718],[80.48346,23.59643],[80.48673,23.59537],[80.48667,23.59282],[80.4868,23.5927],[80.4868,23.59226],[80.48795,23.59115],[80.48603,23.58741],[80.48623,23.58701],[80.48615,23.58685],[80.48769,23.58387],[80.48501,23.58034],[80.48419,23.57905],[80.48447,23.57891],[80.48431,23.5787],[80.48513,23.57809],[80.48837,23.57652],[80.48834,23.57529],[80.48847,23.57517],[80.48846,23.57473],[80.49085,23.57243],[80.49082,23.571],[80.49047,23.56991],[80.48837,23.5679],[80.48752,23.56616],[80.48667,23.56534],[80.48507,23.56367],[80.48251,23.56284],[80.48166,23.56195],[80.48169,23.56024],[80.48179,23.56015],[80.48178,23.55981],[80.48304,23.5585],[80.48502,23.5566],[80.48498,23.55487],[80.48512,23.55494],[80.4851,23.55431],[80.48922,23.55643],[80.49181,23.55561],[80.49311,23.55028],[80.49524,23.54713],[80.49166,23.54369],[80.48923,23.54116],[80.48501,23.54034],[80.4839,23.53919],[80.48169,23.53441],[80.48189,23.53422],[80.48181,23.53407],[80.48277,23.53293],[80.48436,23.5314],[80.48704,23.52587],[80.4918,23.52226],[80.49419,23.5211],[80.49417,23.52024],[80.49176,23.51555],[80.49002,23.51116],[80.48825,23.50854],[80.48669,23.50532],[80.48472,23.50151],[80.48498,23.50119],[80.48485,23.50094],[80.48846,23.49646],[80.48749,23.49362],[80.48751,23.49276],[80.48736,23.49232],[80.48753,23.4918],[80.48756,23.49024],[80.48825,23.48957],[80.48846,23.48893],[80.48977,23.48767],[80.48667,23.48617],[80.48475,23.48518],[80.48336,23.48153],[80.48357,23.48143],[80.48433,23.48055],[80.48765,23.47894],[80.48846,23.47726],[80.49279,23.47641],[80.49327,23.47535],[80.4931,23.47452],[80.49164,23.47024],[80.48907,23.46777],[80.48921,23.46119],[80.48734,23.45756],[80.48769,23.45745],[80.48746,23.457],[80.49431,23.45478],[80.49513,23.45143],[80.49587,23.44926],[80.49584,23.44783],[80.49586,23.44699],[80.49501,23.44534],[80.49336,23.44153],[80.49425,23.44021],[80.49425,23.43983],[80.49577,23.43759],[80.49417,23.43451],[80.49281,23.4317],[80.48835,23.43284],[80.48328,23.43198],[80.48087,23.42947],[80.47635,23.42512],[80.47658,23.42467],[80.47647,23.42456],[80.47763,23.42231],[80.47839,23.41842],[80.47831,23.4145],[80.47836,23.41167],[80.47838,23.41166],[80.47838,23.4115],[80.48154,23.40987],[80.48846,23.40809],[80.49181,23.40728],[80.49346,23.40476],[80.49547,23.40283],[80.48915,23.39868],[80.48954,23.3983],[80.48927,23.39812],[80.49015,23.39728],[80.49096,23.39559],[80.49169,23.39419],[80.49164,23.39202],[80.49177,23.3919],[80.49175,23.39107],[80.49588,23.38895],[80.49764,23.38891],[80.49974,23.38895],[80.50097,23.38388],[80.50395,23.38103],[80.49881,23.3749],[80.49251,23.37367],[80.49002,23.37282],[80.48751,23.37201],[80.48551,23.37097],[80.48597,23.37007],[80.48596,23.36976],[80.48669,23.36836],[80.48667,23.36769],[80.48417,23.36284],[80.48419,23.36186],[80.48001,23.35784],[80.48002,23.35699],[80.47865,23.35297],[80.47211,23.34669],[80.46751,23.34367],[80.46752,23.34283],[80.46748,23.34068],[80.46723,23.3394],[80.46584,23.33533],[80.46605,23.33502],[80.46596,23.33477],[80.46776,23.33211],[80.46846,23.32996],[80.46846,23.3297],[80.46749,23.32781],[80.46508,23.32785],[80.46069,23.32696],[80.45752,23.32532],[80.45577,23.32447],[80.45588,23.31922],[80.45188,23.3166],[80.45198,23.31602],[80.45181,23.31591],[80.45321,23.30859],[80.45347,23.30701],[80.45351,23.30702],[80.45362,23.30645],[80.46327,23.30976],[80.46434,23.30978],[80.46596,23.30809],[80.46837,23.30578],[80.46834,23.3045],[80.46839,23.30191],[80.46909,23.30124],[80.4693,23.30059],[80.47011,23.29981],[80.46916,23.29611],[80.46889,23.29556],[80.46417,23.29326],[80.46421,23.2912],[80.46291,23.28741],[80.46314,23.28718],[80.46303,23.28684],[80.4642,23.28572],[80.46417,23.28449],[80.46531,23.27896],[80.46531,23.27893],[80.4629,23.27661],[80.45916,23.27272],[80.45919,23.27128],[80.45903,23.27105],[80.46096,23.26809],[80.46364,23.26415],[80.45751,23.26117],[80.4552,23.25998],[80.45336,23.25532],[80.4508,23.25155],[80.44334,23.25034],[80.43919,23.24699],[80.435,23.24563],[80.43086,23.24282],[80.42834,23.24117],[80.42674,23.2395],[80.42391,23.23859],[80.4241,23.23805],[80.42348,23.23785],[80.42477,23.23609],[80.42504,23.23528],[80.42553,23.23504],[80.42693,23.23314],[80.4293,23.23309],[80.43028,23.23311],[80.43076,23.23206],[80.43056,23.23105],[80.42902,23.22654],[80.42919,23.22612],[80.42914,23.22598],[80.43093,23.22157],[80.43175,23.21652],[80.43178,23.21651],[80.43187,23.21596],[80.43504,23.21442],[80.43501,23.21282],[80.43514,23.21257],[80.43513,23.21226],[80.43578,23.211],[80.43501,23.20951],[80.43386,23.20597],[80.43078,23.20448],[80.42878,23.2024],[80.42751,23.20117],[80.42669,23.19782],[80.4225,23.19507],[80.42252,23.19366],[80.42249,23.19187],[80.42076,23.18851],[80.42087,23.18285],[80.41917,23.18033],[80.41939,23.17991],[80.41929,23.17977],[80.42022,23.17797],[80.41827,23.17611],[80.41252,23.17622],[80.40873,23.17615],[80.40772,23.17407],[80.40766,23.17401],[80.40766,23.17394],[80.40748,23.17356],[80.40753,23.17111],[80.4076,23.17103],[80.4076,23.17066],[80.40846,23.16976],[80.40947,23.16879],[80.40677,23.16748],[80.40569,23.16198],[80.40417,23.16201],[80.40334,23.15944],[80.40141,23.15758],[80.40129,23.15679],[80.40103,23.15654],[80.401,23.15474],[80.40002,23.14805],[80.40086,23.14782],[80.40084,23.14729],[80.40681,23.14561],[80.40763,23.14309],[80.40854,23.14133],[80.40667,23.13954],[80.40669,23.13887],[80.40652,23.13871],[80.4067,23.13835],[80.40671,23.13776],[80.40723,23.13726],[80.40763,23.13643],[80.40848,23.13561],[80.40931,23.13305],[80.41098,23.13144],[80.41265,23.12889],[80.41834,23.12901],[80.42096,23.12649],[80.42097,23.12632],[80.41896,23.12241],[80.41916,23.12201],[80.41908,23.12185],[80.41993,23.1202],[80.41834,23.11867],[80.41812,23.11779],[80.4177,23.11738],[80.41767,23.11592],[80.41737,23.11469],[80.41764,23.1143],[80.41763,23.11393],[80.41908,23.11178],[80.41814,23.10995],[80.41833,23.10952],[80.41826,23.10939],[80.42254,23.0995],[80.42246,23.09537],[80.42259,23.09512],[80.42258,23.09481],[80.4242,23.09166],[80.42417,23.09033],[80.42419,23.08945],[80.42429,23.08939],[80.42428,23.08897],[80.42915,23.08567],[80.4318,23.08476],[80.43421,23.08398],[80.43417,23.08191],[80.43167,23.07951],[80.43081,23.07861],[80.42751,23.07701],[80.42502,23.07532],[80.42251,23.07367],[80.42089,23.07033],[80.41667,23.06867],[80.41643,23.06797],[80.41598,23.06779],[80.41618,23.06725],[80.41586,23.06632],[80.41658,23.06617],[80.4168,23.06559],[80.42149,23.06468],[80.42174,23.06442],[80.42163,23.05875],[80.42175,23.0585],[80.42175,23.05819],[80.42259,23.05655],[80.42314,23.05281],[80.42279,23.05068],[80.42,23.04699],[80.42044,23.04685],[80.42012,23.04643],[80.42424,23.04509],[80.4257,23.03909],[80.42607,23.0389],[80.42607,23.03889],[80.42609,23.03889],[80.42907,23.03735],[80.43347,23.03726],[80.43836,23.03736],[80.4393,23.03646],[80.44037,23.03099],[80.44038,23.03099],[80.44049,23.03043],[80.44584,23.03226],[80.44762,23.03229],[80.45251,23.02898],[80.45594,23.02891],[80.46014,23.03061],[80.46286,23.02968],[80.46936,23.03074],[80.47211,23.03338],[80.47198,23.03361],[80.47211,23.0337],[80.47078,23.03627],[80.47181,23.03726],[80.47291,23.0384],[80.47513,23.03726],[80.47893,23.03633],[80.48053,23.02978],[80.48515,23.03059],[80.48777,23.03149],[80.49178,23.03141],[80.49593,23.03355],[80.50103,23.03224],[80.50279,23.03228],[80.50319,23.03144],[80.50296,23.03074],[80.50082,23.02869],[80.50086,23.027],[80.50084,23.02616],[80.5009,23.0232],[80.5016,23.02286],[80.5018,23.02226],[80.50354,23.02141],[80.50593,23.01893],[80.50681,23.01894],[80.50722,23.01769],[80.50981,23.0168],[80.51181,23.01976],[80.51263,23.02144],[80.51657,23.02272],[80.51884,23.02618],[80.52255,23.02809],[80.52369,23.02709],[80.52591,23.02478],[80.52799,23.02544],[80.52839,23.02534],[80.52852,23.02561],[80.52899,23.02575],[80.53045,23.02878],[80.53479,23.03018],[80.53721,23.0327],[80.5393,23.03471],[80.54054,23.03853],[80.54224,23.04017],[80.54387,23.04187],[80.54595,23.04387],[80.54703,23.04609],[80.55391,23.04777],[80.556,23.04978],[80.55596,23.05144],[80.55599,23.05269],[80.55595,23.05476],[80.55761,23.05479],[80.5593,23.05393],[80.56139,23.05397],[80.56347,23.05393],[80.56555,23.05397],[80.56764,23.05393],[80.57416,23.05488],[80.57682,23.05308],[80.57978,23.05314],[80.57763,23.04895],[80.57796,23.04879],[80.57775,23.04839],[80.58366,23.04552],[80.58838,23.04061],[80.59492,23.04186],[80.59585,23.04368],[80.59587,23.04369],[80.59587,23.04372],[80.59598,23.04393],[80.59593,23.04637],[80.59722,23.04772],[80.59925,23.04561],[80.60559,23.04548],[80.60677,23.04534],[80.60699,23.04545],[80.60816,23.04543],[80.61096,23.04687],[80.61762,23.04849],[80.61769,23.05185],[80.61753,23.05968],[80.6189,23.061],[80.62013,23.06228],[80.62182,23.0631],[80.62156,23.06359],[80.6217,23.06366],[80.6207,23.0656],[80.62082,23.06611],[80.62221,23.06895],[80.62428,23.06891],[80.62606,23.06983],[80.63011,23.06974],[80.6318,23.07061],[80.63431,23.07143],[80.63514,23.07482],[80.63681,23.07643],[80.63763,23.07728],[80.64098,23.0789],[80.64091,23.08215],[80.64097,23.08225],[80.64346,23.08394],[80.64616,23.08525],[80.64917,23.09111],[80.64894,23.09122],[80.64917,23.09161],[80.64667,23.09282],[80.64586,23.09367],[80.64414,23.09451],[80.64417,23.09591],[80.64513,23.09811],[80.6468,23.10135],[80.64592,23.10109],[80.64525,23.10199],[80.64086,23.09866],[80.63222,23.09725],[80.63083,23.09871],[80.62834,23.09866],[80.62675,23.10031],[80.62501,23.10116],[80.6243,23.10189],[80.62428,23.10304],[80.62652,23.10647],[80.63011,23.10639],[80.6317,23.11102],[80.63163,23.1112],[80.63167,23.11129],[80.6299,23.11648],[80.6342,23.11639],[80.63598,23.11726],[80.63838,23.11976],[80.64181,23.12059],[80.64504,23.12226],[80.64758,23.12231],[80.64987,23.12113],[80.65124,23.13091],[80.65323,23.13283],[80.65276,23.13305],[80.65311,23.13339],[80.65078,23.13452],[80.64919,23.13617],[80.64832,23.13701],[80.64834,23.13759],[80.65053,23.13878],[80.6593,23.13978],[80.66419,23.13968],[80.66752,23.14194],[80.67013,23.14059],[80.67278,23.13973],[80.67596,23.13809],[80.68265,23.13728],[80.68396,23.13458],[80.68927,23.13731],[80.69833,23.13713],[80.70186,23.14232],[80.70346,23.14728],[80.70771,23.15354],[80.70758,23.15956],[80.71,23.16701],[80.71035,23.167],[80.71181,23.16561],[80.71305,23.16433],[80.71902,23.16637],[80.72264,23.16644],[80.72429,23.16641],[80.72763,23.16894],[80.72858,23.16892],[80.73258,23.17309],[80.73566,23.17409],[80.7368,23.17644],[80.73807,23.17767],[80.7393,23.17894],[80.74057,23.18017],[80.74552,23.18532],[80.75096,23.18393],[80.7541,23.18399],[80.75681,23.18311],[80.75763,23.18143],[80.7598,23.18038],[80.76131,23.17416],[80.76335,23.17317],[80.76328,23.16992],[80.76341,23.16986],[80.7634,23.16936],[80.76598,23.16811],[80.76763,23.16726],[80.76931,23.16644],[80.77097,23.16559],[80.77346,23.16728],[80.77598,23.16809],[80.7772,23.16937],[80.77933,23.17141],[80.78294,23.17517],[80.78752,23.17666],[80.78846,23.18728],[80.7905,23.18827],[80.79265,23.19143],[80.79361,23.19342],[80.7993,23.19888],[80.79827,23.19967],[80.79731,23.20153],[80.79334,23.20282],[80.79261,23.20307],[80.79266,23.2056],[80.79263,23.20731],[80.79435,23.20896],[80.79412,23.20942],[80.79423,23.20953],[80.79101,23.21578],[80.7918,23.22311],[80.7941,23.22423],[80.79596,23.22894],[80.79765,23.22976],[80.79761,23.23139],[80.79928,23.23313],[80.80176,23.23308],[80.80428,23.2355],[80.80537,23.23885],[80.81001,23.23646],[80.81264,23.23641],[80.81386,23.23893],[80.81855,23.2381],[80.82218,23.23623],[80.82431,23.23726],[80.828,23.23976],[80.82923,23.23664],[80.82911,23.23073],[80.82925,23.23067],[80.82924,23.23017],[80.83522,23.22726],[80.83918,23.22315],[80.84261,23.22308],[80.8452,23.22441],[80.85131,23.21948],[80.86268,23.22106],[80.86643,23.22288],[80.86765,23.22643],[80.86847,23.22982],[80.871,23.23224],[80.87394,23.2383],[80.87837,23.24059],[80.88181,23.24143],[80.8855,23.24393],[80.88765,23.24228],[80.88849,23.24054],[80.89222,23.24062],[80.89569,23.24055],[80.89724,23.24532],[80.90018,23.24731],[80.90406,23.24723],[80.91127,23.24864],[80.91306,23.25234],[80.91763,23.25224],[80.91749,23.25281],[80.91751,23.25281],[80.91669,23.25617],[80.91593,23.25913],[80.91598,23.26143],[80.91584,23.26809],[80.9168,23.27398],[80.91927,23.27635],[80.92228,23.28142],[80.92472,23.28147],[80.92688,23.28143],[80.93085,23.28556],[80.93515,23.28564],[80.93922,23.28141],[80.94175,23.28146],[80.94485,23.27916],[80.94332,23.27618],[80.94356,23.27584],[80.94344,23.27562],[80.94515,23.27311],[80.94499,23.26536],[80.94512,23.26529],[80.94511,23.26479],[80.94819,23.26321],[80.95096,23.26226],[80.95431,23.26144],[80.95747,23.25816],[80.96183,23.25643],[80.95983,23.25254],[80.96015,23.25237],[80.95995,23.25197],[80.96269,23.25056],[80.96918,23.25069],[80.9693,23.24482],[80.96832,23.24196],[80.96837,23.23952],[80.96563,23.23499],[80.96599,23.23482],[80.96575,23.23443],[80.9696,23.23257],[80.97133,23.229],[80.97514,23.22893],[80.97598,23.22894],[80.9778,23.22616],[80.98103,23.22306],[80.97834,23.21784],[80.97749,23.21609],[80.97506,23.21376],[80.97499,23.21033],[80.97502,23.20866],[80.97497,23.2062],[80.97511,23.20613],[80.9751,23.20564],[80.97762,23.20434],[80.98017,23.2031],[80.9818,23.19809],[80.98331,23.19664],[80.98343,23.19122],[80.98096,23.18885],[80.97919,23.18542],[80.97948,23.18519],[80.97931,23.18486],[80.98263,23.18226],[80.98649,23.17973],[80.98336,23.17366],[80.97893,23.17075],[80.97918,23.17027],[80.97905,23.17019],[80.98136,23.1657],[80.98266,23.1577],[80.9827,23.15768],[80.98279,23.15713],[80.98713,23.15503],[80.9834,23.15226],[80.98334,23.1495],[80.98337,23.14825],[80.98333,23.1463],[80.98345,23.14579],[80.98345,23.14574],[80.98478,23.14027],[80.98946,23.13396],[80.99407,23.13386],[80.99769,23.13479],[81.001,23.13473],[81.00092,23.13876],[81.00182,23.14227],[81.00164,23.14262],[81.00169,23.14283],[81.00023,23.14568],[81.00096,23.14728],[81.00348,23.15059],[81.0043,23.15228],[81.00598,23.15476],[81.0069,23.15758],[81.01345,23.16202],[81.01847,23.16031],[81.0218,23.16144],[81.02345,23.16141],[81.02596,23.16311],[81.02771,23.16396],[81.0293,23.16561],[81.03095,23.1672],[81.03282,23.17106],[81.03713,23.16814],[81.04011,23.16808],[81.04543,23.17024],[81.04765,23.16811],[81.04918,23.16651],[81.05096,23.16559],[81.05514,23.16424],[81.05855,23.15965],[81.06071,23.15757],[81.06174,23.14645],[81.05625,23.14285],[81.05405,23.13832],[81.05086,23.13616],[81.04866,23.13509],[81.04907,23.13467],[81.04878,23.13453],[81.05219,23.13098],[81.05585,23.12747],[81.05579,23.12458],[81.05592,23.12434],[81.05591,23.12402],[81.05678,23.12233],[81.05667,23.11696],[81.05681,23.1169],[81.0568,23.1164],[81.06015,23.11478],[81.06169,23.11002],[81.06667,23.10875],[81.06925,23.11143],[81.0704,23.11038],[81.0718,23.10893],[81.07384,23.10794],[81.07592,23.10487],[81.07582,23.10037],[81.07596,23.10024],[81.07595,23.09981],[81.07988,23.09571],[81.08234,23.09452],[81.08169,23.09282],[81.07931,23.08821],[81.07964,23.08804],[81.07943,23.08764],[81.08345,23.08558],[81.08585,23.08562],[81.09252,23.08239],[81.09256,23.08035],[81.09088,23.07874],[81.09079,23.07469],[81.09092,23.07442],[81.09092,23.07413],[81.09303,23.06978],[81.09841,23.07094],[81.10675,23.07793],[81.11465,23.07591],[81.11696,23.07831],[81.12195,23.07493],[81.12787,23.07348],[81.13161,23.07103],[81.13305,23.06807],[81.13926,23.06819],[81.1418,23.06393],[81.14488,23.0619],[81.14662,23.05854],[81.1449,23.05236],[81.13772,23.05062],[81.13584,23.04784],[81.13481,23.0415],[81.13252,23.04032],[81.13099,23.04035],[81.12533,23.03898],[81.12547,23.03842],[81.12545,23.03841],[81.12672,23.03347],[81.12652,23.02371],[81.12768,23.01779],[81.12769,23.01778],[81.1278,23.01722],[81.13179,23.01517],[81.1359,23.01317],[81.13927,23.00899],[81.14008,23.00402],[81.14012,23.00401],[81.14021,23.00346],[81.14269,23.00226],[81.14093,22.99026],[81.14114,22.99026],[81.14105,22.98969],[81.14593,22.98979],[81.14681,22.98894],[81.14763,22.98726],[81.15157,22.98598],[81.15086,22.98282],[81.14967,22.98052],[81.15,22.98035],[81.14979,22.97996],[81.1518,22.97892],[81.15506,22.9806],[81.16095,22.98156],[81.161,22.98393],[81.16095,22.98646],[81.16265,22.99143],[81.16385,22.99638],[81.16722,22.99645],[81.16847,22.99643],[81.17299,22.99652],[81.18003,22.99514],[81.18089,22.9918],[81.18081,22.98786],[81.18094,22.98781],[81.18093,22.98729],[81.18584,22.98561],[81.18758,22.98558],[81.19103,22.98646],[81.19305,22.98642],[81.19508,22.98646],[81.19791,22.9846],[81.20173,22.98063],[81.20347,22.98059],[81.2066,22.98066],[81.21168,22.97901],[81.21498,22.97584],[81.21885,22.97061],[81.22098,22.97143],[81.22423,22.9731],[81.23015,22.97393],[81.2318,22.97478],[81.2343,22.97393],[81.23681,22.97311],[81.23846,22.97226],[81.24254,22.97094],[81.24348,22.96727],[81.24331,22.9587],[81.24344,22.95863],[81.24343,22.95814],[81.24691,22.95634],[81.25449,22.9565],[81.25763,22.95226],[81.25848,22.95144],[81.2593,22.94976],[81.26098,22.94894],[81.26264,22.94809],[81.26596,22.94894],[81.2676,22.94891],[81.26848,22.94976],[81.26964,22.95334],[81.27348,22.95809],[81.2751,22.96143],[81.27998,22.96302],[81.28681,22.96726],[81.2893,22.96894],[81.29307,22.97017],[81.29471,22.97187],[81.29932,22.97337],[81.30372,22.97635],[81.3068,22.97476],[81.3096,22.9734],[81.31096,22.97059],[81.31265,22.96978],[81.31346,22.96893],[81.3167,22.9668],[81.31769,22.95172],[81.31779,22.95152],[81.31781,22.95116],[81.3193,22.94809],[81.32182,22.94394],[81.32075,22.93456],[81.32093,22.93447],[81.32087,22.934],[81.32263,22.93309],[81.33451,22.9322],[81.33763,22.93059],[81.34086,22.92903],[81.34342,22.92657],[81.34488,22.92356],[81.35348,22.92476],[81.35669,22.92586],[81.35842,22.9223],[81.36016,22.92063],[81.36256,22.91813],[81.36472,22.91808],[81.36643,22.91812],[81.36847,22.91392],[81.37052,22.91605],[81.37265,22.91809],[81.37447,22.91999],[81.38019,22.92146],[81.38424,22.92138],[81.388,22.92393],[81.39265,22.92311],[81.39454,22.92022],[81.39974,22.91853],[81.4026,22.91556],[81.40714,22.91565],[81.42181,22.91394],[81.42763,22.91226],[81.43653,22.91102],[81.44602,22.90893],[81.44763,22.90726],[81.45265,22.90644],[81.45346,22.90559],[81.45431,22.90478],[81.4574,22.90061],[81.45889,22.90058],[81.4651,22.90071],[81.46757,22.89562],[81.47387,22.8947],[81.4793,22.89481],[81.4818,22.89476],[81.48739,22.89487],[81.49015,22.89353],[81.49402,22.89154],[81.4968,22.89059],[81.50168,22.88901],[81.50348,22.88728],[81.50513,22.88309],[81.51617,22.8741],[81.51793,22.86684],[81.52467,22.86228],[81.52848,22.86309],[81.53129,22.86406],[81.5393,22.86389],[81.54023,22.86582],[81.54614,22.87059],[81.54836,22.86982],[81.54833,22.86794],[81.54846,22.8678],[81.54845,22.86738],[81.55173,22.86396],[81.5543,22.86391],[81.55612,22.86395],[81.5643,22.85973],[81.56763,22.86144],[81.57181,22.86309],[81.57341,22.86476],[81.57765,22.86228],[81.58441,22.85644],[81.59358,22.85745],[81.59763,22.86135],[81.59969,22.86559],[81.60442,22.86377],[81.60598,22.86228],[81.60683,22.86139],[81.61181,22.85978],[81.61301,22.8561],[81.61471,22.85434],[81.62098,22.85061],[81.6218,22.84976],[81.62265,22.84894],[81.62346,22.84809],[81.62673,22.84495],[81.62765,22.83654],[81.62771,22.83656],[81.62777,22.83598],[81.63431,22.83726],[81.6372,22.83825],[81.65073,22.83478],[81.65606,22.8356],[81.66005,22.83976],[81.66258,22.83981],[81.66568,22.83821],[81.67318,22.83503],[81.67645,22.83189],[81.6786,22.82426],[81.68363,22.82183],[81.68766,22.81639],[81.69133,22.81461],[81.70089,22.80782],[81.70084,22.80532],[81.70097,22.80496],[81.70096,22.80476],[81.70251,22.80024],[81.70253,22.79908],[81.70249,22.79713],[81.70262,22.79663],[81.70262,22.79657],[81.70424,22.78991],[81.70845,22.78247],[81.71655,22.77405],[81.71848,22.77311],[81.7193,22.77226],[81.72185,22.76981],[81.72574,22.76576],[81.7293,22.76393],[81.73198,22.76263],[81.74097,22.75399],[81.74211,22.74931],[81.74629,22.74647],[81.74926,22.74641],[81.75418,22.74809],[81.75592,22.7421],[81.7546,22.73991],[81.75449,22.73982],[81.75441,22.73987],[81.75309,22.73868],[81.75342,22.73309],[81.75129,22.73004],[81.75165,22.72396],[81.75038,22.72041],[81.75235,22.71864],[81.75397,22.71443],[81.75499,22.71256],[81.75475,22.70856],[81.75652,22.70531],[81.75731,22.7036],[81.75893,22.70062],[81.76024,22.69637],[81.76235,22.69448],[81.76314,22.69193],[81.76491,22.68868],[81.7647,22.68515],[81.76576,22.68057],[81.76592,22.68068],[81.76594,22.68059],[81.77013,22.68356],[81.77127,22.68203],[81.77175,22.67395],[81.77006,22.67206],[81.76641,22.66974],[81.76666,22.66544],[81.76284,22.66277],[81.76122,22.6629],[81.76101,22.66284],[81.76095,22.66284],[81.75792,22.66191],[81.75779,22.66187],[81.75778,22.66187],[81.75762,22.66181],[81.75547,22.65713],[81.75253,22.6569],[81.75005,22.66036],[81.74749,22.66363],[81.74671,22.6662],[81.74582,22.6678],[81.74531,22.66913],[81.74403,22.66956],[81.74324,22.66982],[81.74191,22.67033],[81.74049,22.67092],[81.73935,22.67168],[81.73829,22.67219],[81.73687,22.67237],[81.73501,22.6728],[81.73289,22.67398],[81.73068,22.675],[81.72864,22.67568],[81.7275,22.67644],[81.72662,22.67719],[81.72565,22.67794],[81.72555,22.67805],[81.72406,22.67591],[81.72395,22.67404],[81.7241,22.67154],[81.72395,22.66904],[81.72422,22.66449],[81.72124,22.66357],[81.72088,22.66346],[81.72074,22.66342],[81.72314,22.66127],[81.72184,22.65822],[81.71872,22.65473],[81.7152,22.65158],[81.71331,22.64947],[81.71042,22.64858],[81.70779,22.64778],[81.70776,22.64776],[81.70773,22.64774],[81.70582,22.64561],[81.70271,22.64213],[81.69999,22.64447],[81.69856,22.64612],[81.69848,22.64621],[81.69795,22.64617],[81.69749,22.64613],[81.6973,22.64621],[81.69192,22.64848],[81.68695,22.64888],[81.68657,22.64879],[81.68653,22.64879],[81.6844,22.6483],[81.68249,22.64786],[81.68248,22.64785],[81.68231,22.64781],[81.68091,22.64329],[81.68081,22.64297],[81.68035,22.6427],[81.67407,22.63905],[81.67318,22.63521],[81.67302,22.63455],[81.67271,22.6345],[81.67244,22.63445],[81.66832,22.6337],[81.66831,22.63367],[81.66814,22.63364],[81.66742,22.63208],[81.66685,22.63083],[81.66446,22.62816],[81.66309,22.62693],[81.66151,22.62552],[81.66065,22.62091],[81.66024,22.61872],[81.65543,22.61931],[81.65415,22.61947],[81.64651,22.62113],[81.64642,22.62104],[81.64617,22.6211],[81.64418,22.61873],[81.64389,22.61393],[81.64481,22.61193],[81.64592,22.60989],[81.64334,22.607],[81.64069,22.60578],[81.64147,22.60443],[81.6425,22.60351],[81.64221,22.59865],[81.64407,22.59522],[81.64392,22.59279],[81.64419,22.58824],[81.64303,22.58499],[81.64397,22.58193],[81.65047,22.58042],[81.65305,22.57811],[81.65397,22.5761],[81.65485,22.57448],[81.65564,22.57193],[81.65624,22.57083],[81.65674,22.5699],[81.65603,22.56877],[81.65594,22.56864],[81.65346,22.56474],[81.65066,22.56452],[81.64883,22.56437],[81.64551,22.56417],[81.64337,22.56537],[81.64133,22.5652],[81.64013,22.56513],[81.63881,22.56667],[81.63358,22.56552],[81.63125,22.56503],[81.62977,22.56512],[81.62668,22.56536],[81.62568,22.56528],[81.62205,22.56731],[81.62191,22.56722],[81.62186,22.56725],[81.61814,22.56465],[81.61466,22.56437],[81.61459,22.56436],[81.61252,22.56453],[81.61168,22.56446],[81.60942,22.56465],[81.60932,22.56456],[81.60917,22.56457],[81.60635,22.56204],[81.60319,22.55752],[81.60397,22.5536],[81.60747,22.55278],[81.60897,22.5511],[81.60985,22.55031],[81.61064,22.54776],[81.61152,22.54697],[81.6114,22.54487],[81.61146,22.54382],[81.61146,22.5438],[81.61171,22.53956],[81.61168,22.53921],[81.60768,22.53703],[81.60255,22.53673],[81.6022,22.53671],[81.60188,22.53691],[81.5991,22.53868],[81.59678,22.54016],[81.59583,22.54281],[81.59577,22.54312],[81.59489,22.54781],[81.59471,22.54776],[81.59147,22.54698],[81.58743,22.54553],[81.58568,22.5449],[81.58039,22.54653],[81.5788,22.54831],[81.57578,22.54995],[81.57504,22.55035],[81.57333,22.55114],[81.57026,22.55281],[81.57011,22.55274],[81.57007,22.55276],[81.5654,22.55066],[81.56231,22.54791],[81.56131,22.53513],[81.55819,22.53625],[81.55813,22.53617],[81.55801,22.53621],[81.55378,22.53079],[81.55325,22.53011],[81.55225,22.53037],[81.54921,22.53119],[81.54454,22.53227],[81.54387,22.53243],[81.54087,22.53452],[81.53833,22.53614],[81.53422,22.53951],[81.53344,22.54015],[81.52877,22.54043],[81.5246,22.54018],[81.52087,22.5404],[81.52089,22.54035],[81.52069,22.54036],[81.52147,22.53693],[81.52239,22.53524],[81.52289,22.53432],[81.52199,22.53199],[81.52038,22.5278],[81.51232,22.52564],[81.51083,22.52697],[81.50944,22.52852],[81.50114,22.53197],[81.49592,22.53106],[81.49592,22.53105],[81.49573,22.53101],[81.49546,22.52643],[81.49731,22.52303],[81.49591,22.51811],[81.49485,22.51693],[81.49397,22.51614],[81.49319,22.51193],[81.49231,22.51031],[81.49118,22.50784],[81.48559,22.50285],[81.48586,22.4982],[81.48564,22.49445],[81.48575,22.49257],[81.48589,22.49031],[81.4846,22.48991],[81.48337,22.48946],[81.48192,22.48958],[81.4819,22.4895],[81.48174,22.48951],[81.48055,22.48566],[81.4742,22.49092],[81.47354,22.49383],[81.4733,22.49488],[81.46915,22.49613],[81.46467,22.49778],[81.46452,22.4977],[81.46433,22.49776],[81.46268,22.49667],[81.46136,22.49593],[81.46127,22.49574],[81.4611,22.49563],[81.45926,22.49162],[81.45904,22.49113],[81.45769,22.49269],[81.45755,22.49286],[81.45576,22.4944],[81.45358,22.49693],[81.45311,22.49717],[81.45257,22.49776],[81.45222,22.49762],[81.45185,22.4978],[81.44968,22.49658],[81.44958,22.49655],[81.44579,22.49448],[81.44421,22.49536],[81.44249,22.49613],[81.44062,22.49717],[81.44055,22.49705],[81.43988,22.49741],[81.43979,22.4959],[81.43921,22.49502],[81.43969,22.49416],[81.43967,22.49385],[81.44113,22.49117],[81.44231,22.4861],[81.44456,22.48506],[81.44474,22.48491],[81.44396,22.48439],[81.44201,22.4838],[81.43601,22.48287],[81.43583,22.48285],[81.43577,22.48283],[81.43564,22.48281],[81.43099,22.48087],[81.42612,22.48218],[81.426,22.48212],[81.42593,22.48213],[81.42402,22.4811],[81.41881,22.4787],[81.41985,22.47281],[81.42064,22.46776],[81.42229,22.46629],[81.42314,22.46443],[81.42425,22.46239],[81.42392,22.45695],[81.42414,22.45334],[81.42324,22.45043],[81.42279,22.44899],[81.42176,22.44867],[81.41674,22.44712],[81.41487,22.4461],[81.41232,22.44555],[81.41025,22.446],[81.40772,22.44738],[81.40763,22.44728],[81.40754,22.44733],[81.40569,22.44526],[81.40397,22.44448],[81.40302,22.44139],[81.40289,22.44097],[81.39955,22.44117],[81.39762,22.44169],[81.39671,22.44369],[81.39464,22.44464],[81.3935,22.44623],[81.39378,22.44715],[81.39447,22.44843],[81.39545,22.45023],[81.39344,22.45085],[81.39249,22.45114],[81.39117,22.45262],[81.39098,22.45297],[81.39004,22.45702],[81.3887,22.45948],[81.39004,22.46447],[81.39085,22.46879],[81.39109,22.46902],[81.39261,22.47037],[81.39205,22.47723],[81.39202,22.47759],[81.39166,22.48202],[81.39338,22.48281],[81.39337,22.48285],[81.39368,22.48299],[81.39334,22.48337],[81.39329,22.48417],[81.39083,22.48531],[81.38861,22.48651],[81.38837,22.48673],[81.38722,22.48872],[81.38504,22.49251],[81.3866,22.4998],[81.38678,22.50067],[81.38638,22.50164],[81.38434,22.50654],[81.38407,22.50719],[81.38421,22.50951],[81.38304,22.51276],[81.38287,22.51279],[81.38275,22.5132],[81.37885,22.51354],[81.37833,22.51364],[81.37662,22.51457],[81.37499,22.51447],[81.37329,22.51638],[81.36775,22.51605],[81.36747,22.51604],[81.36377,22.51626],[81.36291,22.51621],[81.36168,22.51626],[81.36154,22.51613],[81.36152,22.51613],[81.36141,22.51601],[81.36065,22.5153],[81.3599,22.5145],[81.35681,22.51533],[81.35534,22.5159],[81.35254,22.51785],[81.34916,22.51864],[81.34242,22.52123],[81.34064,22.52113],[81.33995,22.52109],[81.3393,22.52181],[81.33759,22.52373],[81.33518,22.52589],[81.33351,22.5264],[81.33258,22.52689],[81.33182,22.52692],[81.33059,22.5273],[81.32724,22.52711],[81.32512,22.52719],[81.32488,22.52696],[81.32431,22.52693],[81.32398,22.52614],[81.32318,22.5254],[81.32313,22.52404],[81.32254,22.52259],[81.32304,22.52167],[81.32302,22.52134],[81.32411,22.51929],[81.31735,22.51666],[81.31846,22.51125],[81.31997,22.5084],[81.31952,22.49715],[81.32009,22.49537],[81.32014,22.49453],[81.32051,22.49405],[81.32065,22.4936],[81.32289,22.49068],[81.32353,22.48985],[81.32395,22.48847],[81.32401,22.48694],[81.32049,22.48596],[81.31856,22.48559],[81.31834,22.48536],[81.31815,22.4853],[81.31735,22.48444],[81.31508,22.48337],[81.31331,22.47961],[81.3125,22.48031],[81.31143,22.48147],[81.31089,22.48205],[81.3103,22.48203],[81.30756,22.48192],[81.3063,22.48328],[81.305,22.48448],[81.30368,22.48673],[81.30221,22.48922],[81.29556,22.49297],[81.2892,22.49785],[81.2875,22.49865],[81.2865,22.50077],[81.28333,22.50281],[81.28179,22.50448],[81.28161,22.50443],[81.2816,22.50444],[81.27883,22.50359],[81.27292,22.49402],[81.2675,22.49531],[81.26366,22.49735],[81.26358,22.49725],[81.26348,22.4973],[81.25981,22.4928],[81.25901,22.4886],[81.25814,22.48529],[81.25901,22.48197],[81.25981,22.4761],[81.26147,22.47298],[81.25716,22.4702],[81.25568,22.4686],[81.25481,22.4678],[81.25348,22.46497],[81.24648,22.45947],[81.24386,22.45663],[81.24365,22.45641],[81.24331,22.45633],[81.23917,22.45535],[81.23898,22.4553],[81.23315,22.45276],[81.22993,22.45288],[81.22993,22.45283],[81.22975,22.45284],[81.22981,22.45114],[81.22987,22.44966],[81.22668,22.44621],[81.22417,22.44698],[81.21805,22.45073],[81.21793,22.45064],[81.21787,22.45068],[81.21392,22.44797],[81.20923,22.44778],[81.20754,22.45098],[81.20745,22.45325],[81.20755,22.45578],[81.2073,22.45763],[81.20661,22.46269],[81.2021,22.46286],[81.20157,22.46284],[81.19939,22.46276],[81.19747,22.46366],[81.19754,22.46548],[81.19232,22.46948],[81.19223,22.46937],[81.19213,22.46944],[81.18906,22.46567],[81.18883,22.45973],[81.19012,22.45729],[81.18901,22.4561],[81.18569,22.45302],[81.18565,22.45194],[81.18814,22.44963],[81.1883,22.44555],[81.18553,22.43919],[81.18571,22.43445],[81.18392,22.4336],[81.18406,22.42987],[81.18392,22.42622],[81.18626,22.42181],[81.18653,22.41487],[81.18645,22.41286],[81.18735,22.4103],[81.18815,22.40777],[81.19001,22.40506],[81.18884,22.40058],[81.18907,22.39466],[81.1885,22.39344],[81.18864,22.3927],[81.18888,22.39162],[81.19015,22.3903],[81.19065,22.38887],[81.19039,22.38804],[81.19,22.38733],[81.1896,22.38614],[81.18933,22.38495],[81.18767,22.38449],[81.18653,22.38581],[81.18385,22.38678],[81.18168,22.38811],[81.17849,22.38897],[81.1758,22.38887],[81.174,22.38829],[81.17169,22.38735],[81.169,22.38737],[81.16758,22.38749],[81.16648,22.38697],[81.16485,22.3861],[81.15902,22.38384],[81.15892,22.38116],[81.16028,22.3799],[81.16148,22.3786],[81.16302,22.37718],[81.16402,22.37529],[81.16309,22.37175],[81.16327,22.36718],[81.15966,22.36103],[81.15268,22.36131],[81.15261,22.36126],[81.1525,22.36126],[81.14887,22.35877],[81.14585,22.35865],[81.14424,22.35871],[81.14413,22.35866],[81.14406,22.35867],[81.13985,22.35694],[81.13675,22.35596],[81.13565,22.3528],[81.13477,22.34822],[81.13235,22.34694],[81.13065,22.34614],[81.12818,22.34444],[81.12478,22.34283],[81.12184,22.33966],[81.12111,22.33927],[81.11985,22.3386],[81.1081,22.33545],[81.10901,22.33197],[81.11009,22.32409],[81.11398,22.3211],[81.11652,22.3203],[81.11564,22.31779],[81.11651,22.3153],[81.11648,22.31444],[81.11798,22.30873],[81.11634,22.30406],[81.12052,22.30209],[81.12191,22.30103],[81.12402,22.2994],[81.12733,22.29954],[81.13129,22.29938],[81.13139,22.29943],[81.13148,22.29942],[81.13337,22.30031],[81.13616,22.30179],[81.13653,22.29229],[81.13568,22.28694],[81.13241,22.28267],[81.13228,22.2795],[81.13318,22.2778],[81.13398,22.27277],[81.13565,22.26962],[81.13479,22.26406],[81.12947,22.26093],[81.13068,22.25864],[81.13148,22.25694],[81.13344,22.25602],[81.13397,22.25475],[81.13409,22.25165],[81.13399,22.25133],[81.12795,22.24763],[81.11939,22.25115],[81.11924,22.25109],[81.1192,22.2511],[81.11318,22.24854],[81.11481,22.24277],[81.11898,22.23734],[81.11486,22.23195],[81.11,22.23118],[81.10998,22.23116],[81.10981,22.23114],[81.1056,22.22791],[81.10423,22.2296],[81.10405,22.23417],[81.10581,22.23921],[81.10333,22.24281],[81.10232,22.24497],[81.09974,22.24633],[81.095,22.24615],[81.09233,22.24799],[81.0919,22.24828],[81.09174,22.24822],[81.09171,22.24824],[81.08651,22.2461],[81.08284,22.24494],[81.08102,22.24196],[81.07898,22.23864],[81.07735,22.22777],[81.07499,22.22559],[81.0747,22.2182],[81.07488,22.21365],[81.07311,22.21108],[81.07651,22.20614],[81.07731,22.19944],[81.07898,22.19468],[81.07799,22.19233],[81.07642,22.18935],[81.07658,22.18521],[81.07346,22.18232],[81.07481,22.17944],[81.07621,22.17681],[81.0725,22.17281],[81.06788,22.17171],[81.06769,22.17166],[81.06564,22.16779],[81.06755,22.16315],[81.06647,22.16111],[81.06735,22.1603],[81.06731,22.15944],[81.06818,22.1578],[81.0698,22.15102],[81.07554,22.14831],[81.07731,22.14194],[81.07981,22.1383],[81.07901,22.13444],[81.07568,22.13338],[81.07731,22.1286],[81.0802,22.12315],[81.08039,22.12255],[81.0805,22.12244],[81.08042,22.12184],[81.08006,22.12138],[81.07984,22.12098],[81.07933,22.12038],[81.07854,22.12012],[81.0766,22.11973],[81.07494,22.1194],[81.07343,22.11935],[81.07199,22.11869],[81.07112,22.11816],[81.07026,22.11736],[81.06875,22.11724],[81.06717,22.11738],[81.06545,22.118],[81.06409,22.11848],[81.06301,22.11848],[81.061,22.1185],[81.05877,22.11831],[81.05718,22.11779],[81.0556,22.11726],[81.05387,22.11728],[81.05266,22.11775],[81.05072,22.11877],[81.05066,22.11882],[81.05033,22.11879],[81.04765,22.11857],[81.04755,22.11851],[81.04741,22.11849],[81.0457,22.11727],[81.04913,22.11573],[81.04895,22.11345],[81.0507,22.11032],[81.05147,22.10859],[81.0532,22.10615],[81.05397,22.10393],[81.0506,22.10243],[81.04981,22.10199],[81.04893,22.10111],[81.04828,22.10051],[81.04712,22.09972],[81.0459,22.09905],[81.04467,22.09853],[81.04294,22.09787],[81.04179,22.09707],[81.04077,22.09628],[81.03998,22.09588],[81.03979,22.09571],[81.03841,22.08815],[81.03828,22.0879],[81.03884,22.08759],[81.03984,22.08685],[81.04113,22.08643],[81.04185,22.08663],[81.04292,22.08662],[81.0435,22.08669],[81.04444,22.08722],[81.04544,22.08667],[81.04565,22.0858],[81.04542,22.08493],[81.0447,22.08433],[81.04412,22.08387],[81.04347,22.08334],[81.04268,22.08254],[81.04195,22.08194],[81.0413,22.08161],[81.0403,22.08175],[81.03966,22.08223],[81.03901,22.08203],[81.03835,22.0811],[81.03806,22.08003],[81.03748,22.0793],[81.03711,22.0785],[81.03675,22.0779],[81.03603,22.07736],[81.03545,22.07683],[81.03476,22.07647],[81.03432,22.07095],[81.03687,22.06638],[81.03291,22.06298],[81.03333,22.05787],[81.0323,22.05698],[81.03093,22.05539],[81.03242,22.0527],[81.0323,22.05112],[81.03246,22.04904],[81.0323,22.04695],[81.03241,22.04554],[81.0352,22.04054],[81.03986,22.03948],[81.04218,22.03819],[81.04321,22.03143],[81.0457,22.03032],[81.0473,22.02776],[81.04903,22.02532],[81.05095,22.02225],[81.0532,22.02032],[81.05373,22.01904],[81.05284,22.01797],[81.05063,22.01698],[81.05043,22.01687],[81.04978,22.01659],[81.04948,22.01634],[81.04681,22.01485],[81.04826,22.01359],[81.04812,22.01182],[81.04736,22.01088],[81.04734,22.01088],[81.04274,22.01135],[81.04259,22.01127],[81.04252,22.01127],[81.03949,22.00958],[81.03527,22.01212],[81.03409,22.01485],[81.03265,22.01567],[81.03173,22.01646],[81.02798,22.01211],[81.02826,22.0087],[81.0273,22.00698],[81.02653,22.00276],[81.02563,22.00115],[81.02547,22.00061],[81.02511,21.99998],[81.02525,21.99987],[81.02594,21.99909],[81.02981,21.9961],[81.03361,21.99435],[81.03564,21.98776],[81.03717,21.9864],[81.03371,21.9848],[81.03147,21.98281],[81.02983,21.98023],[81.02877,21.97991],[81.02749,21.98031],[81.02475,21.98222],[81.02166,21.98364],[81.01987,21.98461],[81.01675,21.98443],[81.01359,21.98614],[81.00999,21.98535],[81.00981,21.98531],[81.00902,21.9836],[81.00242,21.97804],[81.00069,21.9761],[80.99981,21.97531],[80.99902,21.9736],[80.99569,21.97257],[80.99647,21.9686],[80.99974,21.96392],[80.99449,21.96152],[80.99226,21.95952],[80.99069,21.95777],[80.98333,21.95619],[80.98332,21.95618],[80.98314,21.95614],[80.98177,21.95461],[80.97696,21.95112],[80.97736,21.94443],[80.97647,21.94281],[80.97564,21.93921],[80.97337,21.93718],[80.97268,21.93718],[80.97189,21.93772],[80.9711,21.9378],[80.96988,21.9378],[80.96859,21.93815],[80.96781,21.93862],[80.96673,21.93869],[80.96601,21.93857],[80.96522,21.93797],[80.96507,21.93717],[80.96528,21.93576],[80.96548,21.93469],[80.96576,21.93368],[80.96575,21.93247],[80.96575,21.9316],[80.9661,21.93053],[80.96652,21.92939],[80.96673,21.92845],[80.96665,21.92765],[80.96643,21.92631],[80.96642,21.92497],[80.96676,21.92323],[80.9674,21.92202],[80.96804,21.92141],[80.96955,21.92161],[80.97063,21.92187],[80.97135,21.92233],[80.97173,21.92233],[80.97204,21.92233],[80.97192,21.9221],[80.97213,21.92186],[80.97213,21.92146],[80.97249,21.92119],[80.97256,21.92072],[80.97334,21.92011],[80.97449,21.9199],[80.97571,21.91996],[80.97677,21.91989],[80.98037,21.92184],[80.98147,21.91943],[80.98312,21.91796],[80.98407,21.91589],[80.98425,21.91594],[80.98426,21.91593],[80.98896,21.91719],[80.98916,21.91373],[80.98814,21.91281],[80.98664,21.91113],[80.98016,21.90913],[80.97679,21.90449],[80.97173,21.90354],[80.97172,21.90353],[80.97154,21.9035],[80.96981,21.90031],[80.96835,21.89712],[80.96223,21.89598],[80.96222,21.89597],[80.96204,21.89594],[80.95897,21.89197],[80.95903,21.89101],[80.95731,21.88948],[80.95652,21.88776],[80.95471,21.88518],[80.9549,21.882],[80.95228,21.87824],[80.95238,21.87654],[80.95217,21.87301],[80.95342,21.87071],[80.95367,21.86832],[80.95314,21.86588],[80.95045,21.86347],[80.95082,21.85718],[80.94976,21.85522],[80.94989,21.85305],[80.94994,21.85298],[80.94993,21.85228],[80.95004,21.85208],[80.95062,21.85112],[80.95013,21.85017],[80.94943,21.84952],[80.94873,21.84912],[80.94786,21.84828],[80.94657,21.84793],[80.94576,21.84769],[80.94479,21.84749],[80.94339,21.84655],[80.94263,21.84575],[80.94214,21.8452],[80.94143,21.8445],[80.94095,21.84375],[80.94045,21.84265],[80.94013,21.84195],[80.93985,21.84034],[80.93968,21.83969],[80.93897,21.83849],[80.93827,21.83769],[80.93821,21.83699],[80.9382,21.83614],[80.93819,21.83488],[80.93786,21.83348],[80.93785,21.83252],[80.93774,21.83177],[80.93773,21.83077],[80.93789,21.82971],[80.93821,21.82906],[80.9382,21.82881],[80.93852,21.828],[80.93851,21.8272],[80.93851,21.8267],[80.93882,21.82539],[80.93887,21.82443],[80.93758,21.82369],[80.93607,21.82365],[80.93526,21.82375],[80.93424,21.82386],[80.93295,21.82392],[80.93182,21.82388],[80.93112,21.82318],[80.93042,21.82253],[80.92896,21.82244],[80.92757,21.82255],[80.92665,21.8228],[80.92526,21.82281],[80.92386,21.82232],[80.92257,21.82248],[80.9209,21.82249],[80.91988,21.82239],[80.91934,21.82189],[80.91906,21.82069],[80.91889,21.82019],[80.91819,21.81959],[80.91792,21.81914],[80.91705,21.81814],[80.91597,21.81745],[80.91548,21.8169],[80.91489,21.81605],[80.91456,21.8153],[80.91461,21.81429],[80.9147,21.81304],[80.91464,21.81203],[80.91459,21.81138],[80.91431,21.81073],[80.91366,21.81043],[80.91275,21.81054],[80.9113,21.8111],[80.91012,21.81121],[80.90943,21.81161],[80.90938,21.81227],[80.90938,21.81297],[80.90869,21.81362],[80.90799,21.81338],[80.90723,21.81263],[80.90658,21.81198],[80.90577,21.81189],[80.90524,21.81239],[80.90541,21.81329],[80.90606,21.81404],[80.90622,21.81464],[80.90628,21.8156],[80.90629,21.8163],[80.90624,21.81705],[80.90581,21.81776],[80.9049,21.81802],[80.90377,21.81812],[80.90264,21.81823],[80.90189,21.81813],[80.90146,21.81834],[80.90104,21.81904],[80.9005,21.81955],[80.89997,21.82],[80.89927,21.82001],[80.89814,21.82057],[80.89777,21.82132],[80.89778,21.82192],[80.89772,21.82233],[80.89708,21.82293],[80.8965,21.82344],[80.89612,21.82389],[80.89554,21.82423],[80.89555,21.82421],[80.89397,21.82281],[80.89319,21.8211],[80.8923,21.81947],[80.8924,21.81789],[80.88735,21.8136],[80.88501,21.81252],[80.88319,21.80571],[80.88397,21.80276],[80.88485,21.80114],[80.88564,21.7961],[80.88652,21.79364],[80.88744,21.78577],[80.894,21.78039],[80.90292,21.779],[80.90403,21.77696],[80.90293,21.7739],[80.90485,21.77114],[80.90564,21.7686],[80.90688,21.76632],[80.90671,21.76613],[80.90433,21.76632],[80.90427,21.76623],[80.90411,21.76624],[80.90147,21.76198],[80.90068,21.75855],[80.89665,21.75947],[80.89578,21.76142],[80.89564,21.76125],[80.89561,21.76131],[80.89323,21.75864],[80.88665,21.76113],[80.88377,21.76613],[80.88358,21.76606],[80.88356,21.7661],[80.88123,21.76522],[80.88152,21.76026],[80.88022,21.75996],[80.87832,21.75953],[80.87831,21.75952],[80.87814,21.75948],[80.87735,21.7586],[80.87481,21.75781],[80.87402,21.75693],[80.87231,21.75614],[80.87119,21.75489],[80.86585,21.75446],[80.86421,21.7546],[80.86423,21.75451],[80.86402,21.75453],[80.86497,21.74937],[80.86652,21.74599],[80.87166,21.74272],[80.87571,21.73778],[80.87403,21.73628],[80.87397,21.73527],[80.87485,21.73281],[80.87564,21.72776],[80.8794,21.72291],[80.87815,21.72018],[80.87507,21.71855],[80.87258,21.71751],[80.8712,21.71787],[80.87051,21.71864],[80.86897,21.72079],[80.86851,21.72089],[80.86838,21.72103],[80.8675,21.72108],[80.86668,21.72125],[80.86603,21.72112],[80.86576,21.7211],[80.86085,21.72208],[80.86019,21.72195],[80.85992,21.72193],[80.85789,21.72233],[80.85768,21.72206],[80.85745,21.72207],[80.85564,21.71948],[80.85469,21.7164],[80.85279,21.71553],[80.85245,21.7154],[80.85242,21.71536],[80.85231,21.71531],[80.85084,21.71367],[80.84946,21.71303],[80.84868,21.71273],[80.84866,21.71267],[80.8486,21.71264],[80.84735,21.7086],[80.84641,21.70776],[80.84592,21.7074],[80.84594,21.70733],[80.84569,21.70711],[80.84648,21.70526],[80.84661,21.70527],[80.84662,21.70524],[80.84686,21.70528],[80.84891,21.70541],[80.85095,21.7005],[80.85027,21.69989],[80.84747,21.69954],[80.84673,21.69862],[80.84461,21.69692],[80.84373,21.69703],[80.84361,21.69702],[80.84335,21.69705],[80.84204,21.69689],[80.84128,21.69869],[80.83977,21.70126],[80.83593,21.70287],[80.83461,21.70453],[80.83061,21.70696],[80.82868,21.70777],[80.82794,21.70921],[80.83044,21.71027],[80.83118,21.71119],[80.83232,21.71211],[80.83118,21.7161],[80.8304,21.71973],[80.82868,21.7211],[80.82649,21.72383],[80.82616,21.72379],[80.82611,21.72385],[80.82307,21.72347],[80.81758,21.71947],[80.81581,21.71969],[80.81461,21.72119],[80.81331,21.72156],[80.81329,21.72148],[80.81293,21.72158],[80.81253,21.72031],[80.81168,21.72035],[80.81002,21.72028],[80.8071,21.7204],[80.80468,21.7203],[80.80288,21.72196],[80.80208,21.7245],[80.79865,21.72531],[80.79894,21.73279],[80.79856,21.7328],[80.79856,21.73281],[80.79752,21.73285],[80.79463,21.73273],[80.79311,21.73561],[80.79455,21.73866],[80.79541,21.7403],[80.79537,21.7414],[80.79535,21.74196],[80.79625,21.7428],[80.79705,21.74366],[80.80296,21.74447],[80.80298,21.74447],[80.80298,21.74448],[80.80286,21.7474],[80.80305,21.75209],[80.80208,21.75616],[80.8012,21.75782],[80.80292,21.75941],[80.80283,21.76159],[80.80705,21.7645],[80.8089,21.76537],[80.80791,21.7695],[80.80705,21.77113],[80.80708,21.77198],[80.807,21.77406],[80.80711,21.77693],[80.80673,21.77694],[80.80673,21.77695],[80.80339,21.77708],[80.80183,21.77539],[80.79735,21.77623],[80.79618,21.77955],[80.79625,21.78125],[80.79411,21.78528],[80.79291,21.78783],[80.79038,21.78946],[80.78878,21.79119],[80.78625,21.79354],[80.78705,21.797],[80.79121,21.80086],[80.78925,21.8057],[80.78788,21.80696],[80.7869,21.81109],[80.78375,21.8145],[80.78195,21.81616],[80.78217,21.82183],[80.78125,21.82283],[80.77893,21.82392],[80.78186,21.82664],[80.78371,21.83013],[80.78388,21.83443],[80.78205,21.8353],[80.78084,21.83659],[80.77955,21.8378],[80.77764,21.84184],[80.77726,21.84186],[80.77335,21.84201],[80.77286,21.84199],[80.77027,21.84552],[80.76871,21.84696],[80.76756,21.84941],[80.76718,21.84943],[80.76502,21.84951],[80.76384,21.84947],[80.76176,21.85139],[80.76584,21.85771],[80.76883,21.85866],[80.77038,21.86033],[80.77186,21.8617],[80.76897,21.86307],[80.76861,21.87198],[80.76875,21.87533],[80.76544,21.87638],[80.76536,21.87826],[80.76621,21.8845],[80.77038,21.89168],[80.76958,21.89366],[80.76858,21.89459],[80.76955,21.8987],[80.77274,21.89857],[80.77518,21.89942],[80.77989,21.89654],[80.77995,21.89672],[80.78027,21.89652],[80.78173,21.90112],[80.78423,21.90643],[80.78621,21.9095],[80.78934,21.91097],[80.79121,21.91271],[80.79041,21.9145],[80.78894,21.91729],[80.78782,21.92047],[80.78794,21.92356],[80.78708,21.9245],[80.78621,21.9253],[80.7839,21.9278],[80.78369,21.92763],[80.78352,21.92781],[80.7825,21.92701],[80.78163,21.92426],[80.77796,21.92767],[80.77705,21.93113],[80.77625,21.9345],[80.77537,21.93699],[80.77828,21.93791],[80.78038,21.94116],[80.78453,21.94627],[80.78288,21.9478],[80.78208,21.94866],[80.78075,21.9499],[80.78281,21.95181],[80.78455,21.9545],[80.78705,21.95681],[80.78196,21.95956],[80.78164,21.95955],[80.78158,21.95958],[80.77949,21.95949],[80.77785,21.96036],[80.77753,21.96035],[80.77747,21.96038],[80.77545,21.9603],[80.77234,21.96317],[80.76964,21.96736],[80.76934,21.96726],[80.76926,21.96738],[80.76299,21.96518],[80.76195,21.96714],[80.7622,21.97321],[80.7583,21.97505],[80.75625,21.98033],[80.75377,21.9815],[80.75371,21.98281],[80.75375,21.98376],[80.75337,21.98375],[80.75337,21.98378],[80.74876,21.9836],[80.74625,21.98533],[80.74288,21.98613],[80.74208,21.9895],[80.74121,21.99113],[80.74019,21.99544],[80.73738,21.99847],[80.73418,22.00054],[80.73198,22.00372],[80.73211,22.00696],[80.73173,22.00698],[80.73085,22.00701],[80.72958,22.00696],[80.72955,22.00781],[80.72961,22.00929],[80.7253,22.01032],[80.723,22.0128],[80.72275,22.01268],[80.72262,22.01281],[80.72083,22.01201],[80.7192,22.01115],[80.71167,22.01035],[80.71012,22.00868],[80.7075,22.00785],[80.70611,22.00635],[80.70538,22.00696],[80.7025,22.01089],[80.70041,22.012],[80.69639,22.01389],[80.69489,22.01863],[80.69453,22.01858],[80.69451,22.01865],[80.68833,22.01785],[80.68552,22.01686],[80.67873,22.01713],[80.66583,22.01618],[80.66502,22.01361],[80.66333,22.01368],[80.66074,22.00818],[80.65583,22.00701],[80.65369,22.00369],[80.65279,22.00366],[80.65051,22.00613],[80.65013,22.00614],[80.64646,22.00629],[80.64042,22.00524],[80.63827,22.00857],[80.63801,22.0084],[80.63789,22.00858],[80.63417,22.00618],[80.63337,22.00115],[80.62833,22.00035],[80.62847,21.99698],[80.62469,21.9952],[80.62208,21.9914],[80.62057,21.9871],[80.62167,21.98365],[80.62292,21.98128],[80.62148,21.97524],[80.61618,21.96873],[80.61815,21.96502],[80.61846,21.95724],[80.61682,21.95258],[80.6166,21.94704],[80.61756,21.94615],[80.6175,21.94448],[80.61837,21.94201],[80.61827,21.9395],[80.61842,21.93563],[80.61337,21.92948],[80.61042,21.92809],[80.60829,21.92262],[80.60505,21.91962],[80.6042,21.91781],[80.60333,21.91618],[80.6034,21.91435],[80.60253,21.90615],[80.59417,21.90535],[80.59396,21.9047],[80.59374,21.90446],[80.59254,21.90451],[80.59127,21.90496],[80.58753,21.90365],[80.58333,21.90285],[80.58249,21.90105],[80.58037,21.90113],[80.57886,21.9017],[80.57415,21.91028],[80.57334,21.91031],[80.57327,21.91038],[80.57148,21.91031],[80.57041,21.91366],[80.56866,21.91449],[80.56694,21.91993],[80.56002,21.92524],[80.55992,21.92521],[80.55979,21.92531],[80.5509,21.9222],[80.54925,21.92333],[80.54705,21.9253],[80.54549,21.92859],[80.54417,21.92865],[80.54381,21.92897],[80.53822,21.92555],[80.53708,21.93033],[80.53621,21.9328],[80.53629,21.93488],[80.53141,21.94198],[80.52961,21.95703],[80.52923,21.95702],[80.52923,21.95705],[80.52601,21.95692],[80.52518,21.95721],[80.52368,21.9586],[80.52375,21.96033],[80.52205,21.96113],[80.5221,21.9624],[80.522,21.96472],[80.52455,21.96866],[80.52705,21.97098],[80.52541,21.977],[80.52416,21.97936],[80.52416,21.97942],[80.52607,21.98345],[80.52821,21.98656],[80.52621,21.98946],[80.5254,22.00213],[80.52288,22.00446],[80.52208,22.00616],[80.51981,22.00723],[80.51834,22.01035],[80.51798,22.01033],[80.51796,22.01037],[80.51127,22.0101],[80.50723,22.01446],[80.5046,22.01406],[80.50131,22.01448],[80.4992,22.00781],[80.49877,22.00742],[80.49374,22.0098],[80.4927,22.0106],[80.49038,22.01363],[80.48918,22.01618],[80.48788,22.01863],[80.48657,22.02413],[80.48288,22.0253],[80.48043,22.02659],[80.47403,22.02961],[80.46955,22.03613],[80.46791,22.03866],[80.46286,22.04487],[80.46294,22.04684],[80.46244,22.0479],[80.4624,22.04855],[80.46202,22.04879],[80.46188,22.04909],[80.45796,22.05161],[80.45708,22.05533],[80.45455,22.05863],[80.45364,22.06151],[80.44792,22.0668],[80.44788,22.06783],[80.44875,22.06948],[80.44788,22.07113],[80.4464,22.07886],[80.44541,22.082],[80.44153,22.08485],[80.44393,22.08707],[80.43951,22.09116],[80.43972,22.09643],[80.43779,22.09745],[80.43704,22.09812],[80.43381,22.09587],[80.42557,22.0971],[80.42553,22.09707],[80.42519,22.09713],[80.42266,22.09576],[80.4184,22.09801],[80.41821,22.09794],[80.41802,22.09804],[80.41281,22.09618],[80.41041,22.09783],[80.40452,22.09877],[80.40219,22.09939],[80.40091,22.10058],[80.40268,22.10394],[80.4004,22.10605],[80.39931,22.11064],[80.39745,22.11236],[80.39584,22.11409],[80.39205,22.1153],[80.39041,22.11616],[80.38427,22.11855],[80.3827,22.11977],[80.38038,22.1228],[80.37958,22.1245],[80.37828,22.1257],[80.37708,22.127],[80.37613,22.12787],[80.37381,22.13279],[80.37332,22.13281],[80.3732,22.13305],[80.3695,22.13282],[80.36648,22.13442],[80.36497,22.13448],[80.36473,22.13455],[80.36369,22.13449],[80.36291,22.13533],[80.35723,22.13623],[80.35637,22.13654],[80.35361,22.13785],[80.35056,22.14113],[80.35022,22.14086],[80.34986,22.14114],[80.34801,22.13906],[80.34373,22.142],[80.34351,22.14192],[80.34336,22.14203],[80.33791,22.14008],[80.33671,22.14073],[80.33495,22.14236],[80.33366,22.14376],[80.33332,22.14375],[80.33324,22.14383],[80.32918,22.14359],[80.32791,22.14367],[80.32705,22.1453],[80.32557,22.14842],[80.32418,22.14993],[80.32288,22.15113],[80.32208,22.152],[80.32038,22.15357],[80.32044,22.15517],[80.31994,22.15624],[80.31993,22.15638],[80.31983,22.15646],[80.31958,22.157],[80.31871,22.1578],[80.31779,22.15879],[80.31746,22.15878],[80.31737,22.15888],[80.3129,22.15861],[80.31162,22.16],[80.31145,22.15981],[80.31122,22.16006],[80.30921,22.15781],[80.30583,22.15702],[80.3032,22.15519],[80.29575,22.1578],[80.29497,22.15749],[80.29324,22.15781],[80.29171,22.15447],[80.2899,22.15364],[80.28743,22.15355],[80.28541,22.15367],[80.28535,22.15531],[80.28547,22.15844],[80.28411,22.16132],[80.28377,22.16259],[80.28348,22.16265],[80.28345,22.16271],[80.27538,22.16446],[80.27458,22.16616],[80.27277,22.16702],[80.27006,22.16994],[80.26979,22.1699],[80.26971,22.16999],[80.26061,22.1686],[80.25958,22.17616],[80.25853,22.17713],[80.25994,22.1825],[80.25871,22.18363],[80.25445,22.18967],[80.25288,22.19113],[80.25147,22.19265],[80.24746,22.19281],[80.2469,22.19292],[80.24379,22.19273],[80.24372,22.19273],[80.24208,22.1945],[80.24078,22.1957],[80.23958,22.197],[80.23871,22.1978],[80.23719,22.19944],[80.23471,22.20061],[80.23375,22.20366],[80.23239,22.20623],[80.23221,22.20778],[80.23288,22.21283],[80.23519,22.21497],[80.23705,22.21848],[80.23435,22.22232],[80.23429,22.22243],[80.23426,22.22245],[80.23412,22.22265],[80.23125,22.22401],[80.233,22.22872],[80.23473,22.22866],[80.24558,22.22801],[80.24568,22.22822],[80.24605,22.22821],[80.24741,22.2311],[80.25375,22.23196],[80.25606,22.23446],[80.25867,22.23508],[80.25878,22.23535],[80.2597,22.23548],[80.26023,22.23566],[80.26057,22.2362],[80.26053,22.2367],[80.26038,22.23742],[80.26082,22.23809],[80.26087,22.23841],[80.26092,22.23886],[80.26111,22.23931],[80.26121,22.2399],[80.26121,22.24062],[80.26102,22.24156],[80.26097,22.243],[80.26106,22.2439],[80.25662,22.24801],[80.25667,22.24887],[80.25822,22.25074],[80.26367,22.25247],[80.26376,22.2549],[80.26416,22.25557],[80.26381,22.25621],[80.26384,22.25682],[80.26208,22.26015],[80.26288,22.26116],[80.26458,22.26196],[80.26614,22.26365],[80.27157,22.26469],[80.27371,22.267],[80.27708,22.26946],[80.27795,22.27222],[80.28001,22.27611],[80.28121,22.27866],[80.28454,22.28023],[80.28713,22.28463],[80.28875,22.28613],[80.28955,22.28783],[80.29571,22.29042],[80.29871,22.29366],[80.302,22.29578],[80.30213,22.29912],[80.30249,22.30023],[80.30218,22.30028],[80.30218,22.30031],[80.2955,22.30138],[80.29144,22.31101],[80.29021,22.31166],[80.28976,22.31231],[80.28454,22.31199],[80.28362,22.31587],[80.28041,22.317],[80.2774,22.31795],[80.27745,22.31875],[80.27871,22.32116],[80.28038,22.32271],[80.27958,22.3245],[80.27871,22.32614],[80.27958,22.32946],[80.28038,22.33366],[80.28205,22.33521],[80.28075,22.33945],[80.27999,22.33948],[80.27992,22.33962],[80.27708,22.33945],[80.27541,22.34033],[80.27319,22.34138],[80.276,22.34859],[80.28036,22.35262],[80.28161,22.35659],[80.28291,22.3578],[80.28374,22.3587],[80.28473,22.35866],[80.28627,22.35856],[80.28657,22.35858],[80.28665,22.35858],[80.28873,22.35866],[80.2889,22.35866],[80.2892,22.35864],[80.28921,22.35864],[80.28958,22.35863],[80.29038,22.36033],[80.29133,22.36121],[80.29288,22.3645],[80.29459,22.36698],[80.29276,22.36964],[80.29371,22.37366],[80.29571,22.37744],[80.29378,22.37953],[80.29125,22.38187],[80.29121,22.38281],[80.29128,22.38444],[80.29038,22.38613],[80.28958,22.38783],[80.28871,22.38863],[80.28771,22.3939],[80.28625,22.397],[80.28344,22.40107],[80.28541,22.4078],[80.28532,22.41029],[80.29038,22.41355],[80.29045,22.41542],[80.29083,22.41628],[80.29049,22.41643],[80.2905,22.41656],[80.28788,22.4178],[80.28804,22.42194],[80.28575,22.42406],[80.28579,22.42483],[80.28783,22.42726],[80.29368,22.43103],[80.29377,22.4335],[80.29244,22.43632],[80.29218,22.4373],[80.29196,22.43734],[80.29185,22.43758],[80.28606,22.43844],[80.2846,22.43871],[80.28212,22.43857],[80.2813,22.43853],[80.27973,22.44023],[80.27657,22.44227],[80.27638,22.44294],[80.27705,22.44533],[80.27874,22.44689],[80.27955,22.45283],[80.28063,22.45592],[80.27986,22.45913],[80.2798,22.46017],[80.2796,22.46023],[80.27958,22.46033],[80.27578,22.46153],[80.27458,22.46283],[80.26996,22.46711],[80.26965,22.46843],[80.26949,22.47252],[80.27066,22.47622],[80.27186,22.47729],[80.27446,22.47867],[80.27473,22.47866],[80.27668,22.47854],[80.27708,22.47856],[80.27869,22.4785],[80.27992,22.47873],[80.28341,22.47894],[80.28338,22.47939],[80.28375,22.47946],[80.28353,22.48485],[80.28495,22.48784],[80.28658,22.49093],[80.28375,22.49533],[80.2791,22.49644],[80.27378,22.50369],[80.27045,22.50677],[80.27022,22.51269],[80.28113,22.51418],[80.28288,22.52086],[80.28125,22.52283],[80.27957,22.52438],[80.27875,22.527],[80.2774,22.52824],[80.27455,22.53196],[80.27353,22.53517],[80.26997,22.53531],[80.26807,22.53576],[80.26486,22.53352],[80.2614,22.53366],[80.26085,22.53369],[80.25956,22.53361],[80.25865,22.5346],[80.25816,22.53451],[80.25407,22.53427],[80.25,22.53111],[80.2489,22.53116],[80.2471,22.53126],[80.24379,22.53107],[80.24169,22.53098],[80.24145,22.53208],[80.24205,22.53533],[80.24373,22.53689],[80.24455,22.54033],[80.24584,22.54153],[80.24723,22.5488],[80.25201,22.55105],[80.25213,22.55406],[80.25191,22.5596],[80.25332,22.56003],[80.25871,22.56116],[80.26538,22.56222],[80.26458,22.56366],[80.26226,22.56703],[80.26607,22.57789],[80.26436,22.57973],[80.26385,22.58114],[80.26325,22.58093],[80.26306,22.58113],[80.26198,22.58047],[80.25878,22.57932],[80.25731,22.57456],[80.25373,22.57404],[80.24955,22.57446],[80.24708,22.57533],[80.24371,22.57613],[80.24041,22.57866],[80.2378,22.5799],[80.23788,22.58204],[80.23791,22.58283],[80.23427,22.5862],[80.23427,22.58621],[80.23511,22.58861],[80.23621,22.59175],[80.23577,22.59235],[80.23583,22.59256],[80.2355,22.59271],[80.23536,22.5929],[80.23103,22.59494],[80.23065,22.59562],[80.23042,22.59603],[80.23031,22.59872],[80.23266,22.6009],[80.23291,22.60113],[80.23396,22.60772],[80.23875,22.60863],[80.23955,22.61116],[80.24072,22.61338],[80.23801,22.61589],[80.23658,22.61996],[80.23875,22.62197],[80.23785,22.62455],[80.23797,22.62766],[80.23372,22.62847],[80.23288,22.62863],[80.23205,22.6304],[80.23181,22.63039],[80.2317,22.63038],[80.23169,22.63038],[80.23167,22.63044],[80.23166,22.63045],[80.23113,22.63042],[80.22918,22.63031],[80.22875,22.63033],[80.22874,22.63041],[80.22855,22.63038],[80.2284,22.63105],[80.22782,22.63173],[80.22738,22.63196],[80.22704,22.63295],[80.22709,22.63367],[80.22748,22.63453],[80.22739,22.63502],[80.22686,22.63583],[80.22589,22.63651],[80.22496,22.63701],[80.22453,22.6375],[80.2239,22.63805],[80.22375,22.6389],[80.22327,22.6394],[80.22245,22.64003],[80.2223,22.64138],[80.22264,22.64233],[80.22303,22.64309],[80.22352,22.64395],[80.22391,22.64512],[80.2241,22.64561],[80.22291,22.64866],[80.22028,22.6499],[80.21991,22.65008],[80.21875,22.65616],[80.21748,22.65733],[80.21365,22.66204],[80.21378,22.66526],[80.21323,22.66528],[80.21249,22.66531],[80.21197,22.66578],[80.20852,22.66504],[80.2054,22.66437],[80.20294,22.66703],[80.20263,22.66702],[80.20258,22.66708],[80.19987,22.66691],[80.19541,22.67033],[80.19235,22.6713],[80.1921,22.67159],[80.19205,22.67282],[80.19231,22.67408],[80.19292,22.67699],[80.19151,22.67964],[80.19371,22.68592],[80.1927,22.6871],[80.19247,22.68737],[80.19246,22.68755],[80.1924,22.68854],[80.19159,22.68862],[80.19139,22.68864],[80.19138,22.68865],[80.18288,22.68946],[80.18014,22.69091],[80.17997,22.69084],[80.17977,22.69095],[80.17884,22.69057],[80.17421,22.68864],[80.1739,22.68866],[80.1704,22.68886],[80.16958,22.68891],[80.16687,22.68744],[80.16471,22.68715],[80.15706,22.68613],[80.15655,22.68615],[80.1564,22.68616],[80.15591,22.68619],[80.15515,22.68623],[80.1513,22.6852],[80.14967,22.68696],[80.14843,22.68701],[80.14486,22.68781],[80.14337,22.68614],[80.14138,22.68553],[80.14083,22.68535],[80.14033,22.68505],[80.14016,22.685],[80.14015,22.68499],[80.14008,22.68492],[80.13997,22.68482],[80.13763,22.68338],[80.13624,22.68252],[80.13605,22.68192],[80.13476,22.67774],[80.13102,22.67872],[80.13099,22.67872],[80.13078,22.67871],[80.13056,22.67877],[80.12807,22.67862],[80.12739,22.67865],[80.12723,22.67866],[80.12666,22.67869],[80.12377,22.67886],[80.11879,22.67857],[80.11877,22.67857],[80.11723,22.68023],[80.11542,22.68087],[80.11464,22.68137],[80.10972,22.68107],[80.1058,22.68244],[80.10578,22.68243],[80.10573,22.68237],[80.10566,22.6824],[80.10541,22.68249],[80.10433,22.68128],[80.10421,22.68114],[80.10358,22.68058],[80.10312,22.68017],[80.10106,22.67963],[80.10022,22.6795],[80.09499,22.67869],[80.09458,22.67822],[80.09418,22.67778],[80.09399,22.67779],[80.09307,22.67782],[80.08866,22.67809],[80.08835,22.67787],[80.0835,22.67449],[80.0829,22.67443],[80.07854,22.67403],[80.07327,22.6745],[80.07254,22.6749],[80.07121,22.67613],[80.06967,22.67779],[80.06903,22.67782],[80.06865,22.67783],[80.06727,22.67864],[80.06646,22.67773],[80.06504,22.67614],[80.06474,22.67616],[80.0628,22.67627],[80.06144,22.67635],[80.06123,22.6763],[80.06117,22.6763],[80.06108,22.6763],[80.06035,22.67607],[80.06017,22.67601],[80.0552,22.67468],[80.05383,22.67362],[80.05171,22.67197],[80.05004,22.67091],[80.04916,22.67035],[80.04754,22.66781],[80.04659,22.66725],[80.04609,22.66696],[80.04389,22.66687],[80.04208,22.66783],[80.03828,22.66903],[80.03635,22.67111],[80.03444,22.67202],[80.03288,22.6737],[80.03268,22.67369],[80.03254,22.67368],[80.03249,22.67374],[80.03082,22.67364],[80.02996,22.67359],[80.02889,22.67417],[80.02602,22.67627],[80.02306,22.67946],[80.0224,22.67927],[80.02178,22.67908],[80.02016,22.67947],[80.013,22.67146],[80.01282,22.67107],[80.01171,22.66864],[80.01019,22.66729],[80.01002,22.6672],[80.00981,22.66709],[80.00359,22.66593],[80.00308,22.66482],[80.00192,22.6623],[79.99922,22.66146],[79.99833,22.66119],[79.99715,22.65987],[79.99583,22.65869],[79.99481,22.65755],[79.99509,22.65282],[79.99286,22.6523],[79.99166,22.65202],[79.98921,22.65031],[79.98675,22.64918],[79.98482,22.63883],[79.98461,22.63877],[79.98166,22.63785],[79.98102,22.63751],[79.98004,22.63697],[79.97743,22.63649],[79.97583,22.63619],[79.97469,22.63557],[79.97404,22.63522],[79.97248,22.63531],[79.97207,22.63533],[79.97167,22.63546],[79.96955,22.63613],[79.96852,22.63937],[79.95891,22.64446],[79.95831,22.64448],[79.95754,22.64484],[79.95449,22.64374],[79.95421,22.64364],[79.95281,22.64332],[79.95083,22.64285],[79.94847,22.64021],[79.94714,22.63903],[79.94512,22.63723],[79.94443,22.63613],[79.94324,22.63427],[79.94103,22.63229],[79.94092,22.63223],[79.9406,22.63206],[79.93489,22.63117],[79.93254,22.62854],[79.92973,22.62866],[79.92855,22.62873],[79.92627,22.62886],[79.92557,22.62882],[79.92374,22.62889],[79.92328,22.62875],[79.92304,22.62867],[79.9225,22.62864],[79.92211,22.62862],[79.91715,22.62683],[79.91607,22.62563],[79.91386,22.62315],[79.91078,22.6204],[79.90921,22.61864],[79.90856,22.61807],[79.9069,22.61658],[79.90624,22.61613],[79.90557,22.61616],[79.90542,22.61616],[79.90502,22.61619],[79.90441,22.61615],[79.90119,22.61786],[79.90117,22.61786],[79.90088,22.61785],[79.90079,22.6179],[79.89952,22.61783],[79.89724,22.62029],[79.8959,22.62034],[79.89394,22.62114],[79.89314,22.62024],[79.89171,22.61864],[79.88499,22.61619],[79.88337,22.61531],[79.88156,22.61448],[79.88123,22.61446],[79.88072,22.61448],[79.88057,22.61449],[79.88009,22.61452],[79.87864,22.6146],[79.87851,22.61457],[79.8784,22.61458],[79.87767,22.61435],[79.87251,22.61296],[79.87186,22.60949],[79.87171,22.60864],[79.87159,22.60854],[79.87083,22.60785],[79.87015,22.60709],[79.87004,22.60697],[79.86969,22.60682],[79.86676,22.60547],[79.86578,22.60437],[79.86476,22.60323],[79.86578,22.60135],[79.86587,22.60119],[79.86666,22.59864],[79.86754,22.59785],[79.86822,22.5968],[79.86811,22.59674],[79.86753,22.5964],[79.86416,22.59535],[79.86327,22.59503],[79.86001,22.59386],[79.86,22.59386],[79.85837,22.59031],[79.85745,22.58948],[79.85744,22.58948],[79.85705,22.58946],[79.85375,22.59033],[79.84288,22.59113],[79.83237,22.59235],[79.83237,22.59234],[79.83236,22.59234],[79.83231,22.59234],[79.83198,22.59238],[79.83015,22.59033],[79.82666,22.58952],[79.82523,22.58875],[79.82493,22.58858],[79.82378,22.58863],[79.82307,22.58866],[79.81859,22.58892],[79.81336,22.58781],[79.81291,22.58783],[79.81118,22.58943],[79.80999,22.59072],[79.80952,22.59123],[79.80941,22.59122],[79.80918,22.59121],[79.80912,22.59128],[79.80794,22.59121],[79.80607,22.5911],[79.80473,22.59116],[79.80431,22.59118],[79.80418,22.59119],[79.8028,22.59111],[79.80212,22.59107],[79.80164,22.59105],[79.79984,22.59098],[79.7995,22.59116],[79.7964,22.5928],[79.79541,22.59257],[79.79451,22.59281],[79.79114,22.5916],[79.78985,22.5913],[79.78952,22.59109],[79.78926,22.59092],[79.7881,22.59051],[79.78638,22.58989],[79.78503,22.58695],[79.78503,22.58694],[79.78428,22.58697],[79.7839,22.58699],[79.7832,22.58703],[79.78095,22.58716],[79.77854,22.58446],[79.7779,22.5845],[79.77621,22.5853],[79.77458,22.58616],[79.77288,22.58696],[79.77208,22.58783],[79.76788,22.58863],[79.76607,22.58959],[79.76577,22.58958],[79.76562,22.58966],[79.76157,22.58942],[79.75973,22.58949],[79.75938,22.58951],[79.75918,22.58952],[79.75841,22.58948],[79.75834,22.58948],[79.75807,22.58949],[79.7575,22.58952],[79.75554,22.58846],[79.75208,22.58867],[79.74955,22.58946],[79.74708,22.59116],[79.74679,22.59123],[79.74371,22.59196],[79.74209,22.59282],[79.74152,22.59312],[79.74009,22.59291],[79.73899,22.59284],[79.73731,22.59274],[79.73705,22.59246],[79.73665,22.5924],[79.73657,22.59215],[79.73646,22.5918],[79.73587,22.59114],[79.73493,22.5903],[79.73455,22.58996],[79.73427,22.58964],[79.73333,22.5886],[79.7322,22.58866],[79.73206,22.58867],[79.73202,22.58867],[79.73168,22.58869],[79.73114,22.58866],[79.7291,22.58977],[79.7288,22.5895],[79.72735,22.58941],[79.72759,22.58535],[79.72666,22.58452],[79.72524,22.58143],[79.72359,22.57906],[79.72333,22.57869],[79.72328,22.57855],[79.72262,22.57641],[79.72262,22.5764],[79.72196,22.57715],[79.72178,22.57714],[79.72161,22.57713],[79.72158,22.57717],[79.71967,22.57705],[79.71839,22.57698],[79.71416,22.57723],[79.71356,22.5767],[79.71292,22.57635],[79.71202,22.57586],[79.70947,22.573],[79.70886,22.57232],[79.70666,22.57035],[79.70677,22.56845],[79.70679,22.56805],[79.706,22.56584],[79.70566,22.56546],[79.705,22.56472],[79.70354,22.56427],[79.70166,22.56369],[79.70157,22.56359],[79.70149,22.5635],[79.70129,22.56344],[79.70129,22.56343],[79.70128,22.56326],[79.70078,22.56271],[79.70092,22.56034],[79.69812,22.55856],[79.69671,22.55697],[79.69499,22.55619],[79.69421,22.55531],[79.69249,22.55452],[79.69087,22.55364],[79.68749,22.55285],[79.68642,22.55166],[79.68513,22.5502],[79.68228,22.55037],[79.68189,22.55003],[79.67985,22.54892],[79.67958,22.54877],[79.67837,22.54614],[79.67812,22.54592],[79.67685,22.54478],[79.67581,22.54422],[79.67296,22.54577],[79.67244,22.54605],[79.67228,22.54606],[79.67081,22.54615],[79.67061,22.54621],[79.67056,22.54622],[79.67023,22.5462],[79.66922,22.54614],[79.6672,22.54626],[79.66713,22.54627],[79.66712,22.54626],[79.66675,22.54628],[79.66567,22.54508],[79.66284,22.54706],[79.66273,22.54694],[79.6627,22.54691],[79.66246,22.54708],[79.66127,22.54575],[79.66057,22.54496],[79.65907,22.54443],[79.65711,22.54431],[79.65551,22.54779],[79.65482,22.54758],[79.65435,22.54744],[79.65376,22.54781],[79.64689,22.54356],[79.64581,22.54395],[79.64577,22.54396],[79.64287,22.54529],[79.64203,22.54623],[79.642,22.54627],[79.64196,22.54626],[79.64165,22.54625],[79.64162,22.54628],[79.63752,22.54604],[79.63586,22.54614],[79.63543,22.54616],[79.63371,22.54696],[79.632,22.54788],[79.6319,22.54788],[79.63169,22.54787],[79.63162,22.5479],[79.62947,22.54777],[79.62902,22.54827],[79.62744,22.55004],[79.62327,22.55262],[79.62314,22.55271],[79.6231,22.55272],[79.62187,22.55348],[79.61913,22.55365],[79.61843,22.55381],[79.61737,22.55262],[79.61485,22.55277],[79.61425,22.5528],[79.61419,22.55282],[79.61109,22.55365],[79.60839,22.55667],[79.60646,22.55772],[79.60625,22.55784],[79.60454,22.55862],[79.60147,22.56029],[79.6013,22.56021],[79.59973,22.55951],[79.59794,22.5594],[79.59672,22.55747],[79.59601,22.55635],[79.59535,22.55708],[79.59532,22.55712],[79.59478,22.55737],[79.59204,22.55862],[79.59142,22.55998],[79.58943,22.56431],[79.58664,22.56448],[79.58613,22.56464],[79.58604,22.56463],[79.58506,22.56457],[79.58428,22.56462],[79.58392,22.56451],[79.58295,22.56445],[79.57838,22.56281],[79.57502,22.56301],[79.57501,22.56301],[79.57464,22.56303],[79.57171,22.56197],[79.56833,22.56119],[79.56783,22.56064],[79.56754,22.56031],[79.56501,22.55925],[79.56196,22.55798],[79.56092,22.55761],[79.55704,22.55784],[79.55704,22.55783],[79.55666,22.55786],[79.55421,22.55614],[79.5524,22.55563],[79.55236,22.55562],[79.55037,22.55612],[79.54734,22.55777],[79.54587,22.5571],[79.54529,22.55683],[79.54119,22.55536],[79.53947,22.55416],[79.53946,22.55415],[79.53943,22.55414],[79.53941,22.55412],[79.53937,22.55409],[79.53707,22.55248],[79.5357,22.55094],[79.53518,22.55037],[79.52871,22.54767],[79.52761,22.54721],[79.5253,22.54357],[79.52447,22.5434],[79.52144,22.54275],[79.51704,22.54249],[79.51346,22.54378],[79.51252,22.54411],[79.51065,22.54368],[79.50925,22.54359],[79.50787,22.54351],[79.50504,22.54197],[79.50453,22.54174],[79.50178,22.54048],[79.50137,22.54033],[79.50069,22.54009],[79.49911,22.54522],[79.49749,22.54531],[79.49707,22.54569],[79.49637,22.5455],[79.48974,22.54372],[79.48374,22.54279],[79.48331,22.54276],[79.47831,22.54306],[79.47829,22.54306],[79.47827,22.54306],[79.47822,22.54306],[79.47793,22.54308],[79.47297,22.54278],[79.47204,22.54284],[79.47204,22.54283],[79.4717,22.54285],[79.47166,22.54286],[79.47158,22.5428],[79.46921,22.54114],[79.46781,22.5405],[79.46749,22.54035],[79.46716,22.53998],[79.46671,22.53947],[79.46602,22.53886],[79.46495,22.5379],[79.46328,22.53604],[79.46337,22.5345],[79.46331,22.5335],[79.46166,22.53202],[79.46142,22.53175],[79.46062,22.53085],[79.45888,22.53279],[79.45763,22.53203],[79.45571,22.53191],[79.45381,22.52778],[79.45188,22.52422],[79.4517,22.52402],[79.44906,22.52281],[79.44831,22.52276],[79.44721,22.52283],[79.44546,22.52293],[79.44508,22.52295],[79.44417,22.52193],[79.44341,22.52197],[79.43963,22.5222],[79.43962,22.52219],[79.43925,22.52222],[79.43754,22.52031],[79.43499,22.51952],[79.43408,22.51903],[79.43337,22.51864],[79.43131,22.51816],[79.42796,22.51738],[79.42748,22.51701],[79.42415,22.51443],[79.42289,22.5145],[79.42123,22.5146],[79.42121,22.5146],[79.42119,22.5146],[79.42111,22.51461],[79.42085,22.51462],[79.41825,22.51447],[79.41788,22.51444],[79.41692,22.51653],[79.41078,22.51763],[79.40915,22.518],[79.40878,22.51798],[79.40801,22.51812],[79.40657,22.51785],[79.40198,22.51758],[79.40046,22.51587],[79.39921,22.51447],[79.39833,22.51369],[79.39801,22.51267],[79.39754,22.51114],[79.39581,22.51125],[79.39577,22.51124],[79.3956,22.51125],[79.39543,22.51126],[79.3945,22.51121],[79.39297,22.51112],[79.38893,22.51136],[79.38815,22.51118],[79.38367,22.51091],[79.38237,22.50257],[79.37846,22.5028],[79.37779,22.50284],[79.37741,22.50286],[79.375,22.50016],[79.37065,22.50042],[79.37026,22.5002],[79.36979,22.49992],[79.36628,22.49846],[79.36512,22.49716],[79.36358,22.49544],[79.36287,22.49499],[79.36083,22.49369],[79.36048,22.49255],[79.35961,22.48976],[79.35645,22.48903],[79.35499,22.48869],[79.3527,22.48744],[79.35216,22.48715],[79.35091,22.48667],[79.34749,22.48535],[79.34631,22.48403],[79.34409,22.48205],[79.3401,22.47971],[79.33871,22.48029],[79.33623,22.48164],[79.33606,22.48154],[79.33585,22.48165],[79.33337,22.48031],[79.32916,22.47952],[79.32837,22.47531],[79.3275,22.47491],[79.32645,22.47442],[79.32339,22.47402],[79.32117,22.47372],[79.31697,22.47342],[79.30846,22.4728],[79.30463,22.47303],[79.30461,22.47303],[79.3044,22.47304],[79.30425,22.47305],[79.29927,22.47199],[79.29528,22.47342],[79.29448,22.47371],[79.29438,22.4737],[79.29423,22.47368],[79.2942,22.47369],[79.28795,22.47332],[79.28431,22.47201],[79.28407,22.47128],[79.28388,22.47074],[79.28374,22.47016],[79.28331,22.4697],[79.28326,22.46912],[79.28317,22.46853],[79.28264,22.46781],[79.28264,22.46718],[79.28264,22.46664],[79.28265,22.46619],[79.28203,22.46447],[79.28179,22.46397],[79.28087,22.46298],[79.27991,22.46185],[79.27923,22.46103],[79.27832,22.46031],[79.27779,22.45963],[79.27755,22.45918],[79.27702,22.45877],[79.27629,22.45863],[79.27537,22.45822],[79.27382,22.45821],[79.27246,22.4578],[79.27125,22.45775],[79.2698,22.45752],[79.26868,22.45742],[79.26767,22.45701],[79.26655,22.45701],[79.26539,22.45696],[79.26408,22.45686],[79.26282,22.45667],[79.2619,22.45626],[79.26065,22.45603],[79.25987,22.45634],[79.25928,22.45706],[79.25903,22.45741],[79.25647,22.45601],[79.25331,22.45764],[79.25329,22.45762],[79.25319,22.45757],[79.25293,22.45771],[79.24918,22.45567],[79.24755,22.45479],[79.23472,22.45358],[79.23254,22.45114],[79.23238,22.451],[79.23166,22.45035],[79.23016,22.44868],[79.22859,22.44821],[79.22849,22.44819],[79.22705,22.44864],[79.22566,22.45009],[79.22552,22.45001],[79.22546,22.44998],[79.22542,22.45003],[79.22527,22.4502],[79.22469,22.44988],[79.22087,22.44781],[79.21666,22.44702],[79.21577,22.44603],[79.21413,22.44606],[79.20985,22.44615],[79.20835,22.44624],[79.20761,22.44619],[79.20714,22.4462],[79.2071,22.44616],[79.20652,22.44613],[79.20565,22.44516],[79.20504,22.44447],[79.20333,22.44369],[79.20044,22.44212],[79.20009,22.44193],[79.19899,22.44142],[79.19528,22.43972],[79.19359,22.43854],[79.19009,22.43609],[79.18055,22.43431],[79.17852,22.43204],[79.17668,22.4312],[79.17651,22.43112],[79.17587,22.4304],[79.17504,22.42947],[79.1742,22.42872],[79.17353,22.42813],[79.17304,22.42787],[79.17145,22.42766],[79.16666,22.42702],[79.161,22.4255],[79.15963,22.42692],[79.15957,22.42699],[79.15721,22.42926],[79.15709,22.42952],[79.15708,22.42975],[79.15705,22.43115],[79.15712,22.43434],[79.15624,22.43615],[79.15539,22.4378],[79.15454,22.43955],[79.15289,22.44114],[79.15168,22.44363],[79.15151,22.44363],[79.15082,22.44365],[79.15067,22.44378],[79.14812,22.44363],[79.14777,22.44362],[79.14706,22.4436],[79.14485,22.44365],[79.14429,22.44368],[79.14417,22.44369],[79.14415,22.44368],[79.14409,22.44366],[79.14384,22.44367],[79.14379,22.44367],[79.14355,22.44352],[79.1434,22.44341],[79.14121,22.44263],[79.1407,22.44182],[79.13921,22.43947],[79.13835,22.43871],[79.13833,22.43869],[79.13772,22.43736],[79.13702,22.43583],[79.13701,22.43583],[79.13665,22.43567],[79.13344,22.43419],[79.1333,22.43356],[79.13165,22.42648],[79.12889,22.42401],[79.12505,22.42058],[79.12394,22.41581],[79.12186,22.41396],[79.12169,22.4138],[79.12031,22.40787],[79.11666,22.40702],[79.11571,22.40668],[79.11554,22.40662],[79.11491,22.40647],[79.11486,22.40642],[79.11479,22.40635],[79.11438,22.4062],[79.11293,22.40568],[79.10985,22.40084],[79.10938,22.4001],[79.10513,22.39712],[79.09598,22.39072],[79.09755,22.38783],[79.09592,22.38482],[79.09535,22.38378],[79.0917,22.38211],[79.09087,22.38031],[79.0905,22.38014],[79.08916,22.37952],[79.088,22.37889],[79.08754,22.37864],[79.08711,22.37851],[79.08499,22.37785],[79.0831,22.37718],[79.08254,22.37697],[79.08205,22.37682],[79.07999,22.37619],[79.07752,22.37446],[79.07652,22.37448],[79.07502,22.37457],[79.07275,22.36964],[79.06656,22.36867],[79.06563,22.36764],[79.06484,22.36675],[79.064,22.3664],[79.05749,22.36369],[79.05583,22.3624],[79.05421,22.36114],[79.04839,22.35891],[79.04812,22.35803],[79.04791,22.35781],[79.04762,22.35751],[79.04742,22.35758],[79.04642,22.35789],[79.04378,22.36131],[79.04541,22.36448],[79.04372,22.3653],[79.04193,22.36652],[79.04124,22.36699],[79.0394,22.36715],[79.03205,22.3678],[79.02882,22.36947],[79.02853,22.36948],[79.02834,22.36948],[79.02743,22.36991],[79.01921,22.36958],[79.01577,22.36944],[79.00885,22.3693],[79.00699,22.37124],[79.00665,22.37123],[79.00655,22.37134],[79.00077,22.37111],[78.9972,22.37104],[78.9942,22.37307],[78.99408,22.37301],[78.99402,22.37297],[78.99382,22.37311],[78.99323,22.37279],[78.9917,22.37198],[78.98993,22.37115],[78.98987,22.37114],[78.98915,22.37113],[78.98845,22.37114],[78.98734,22.37119],[78.98685,22.37121],[78.98667,22.37118],[78.98647,22.37118],[78.98616,22.37112],[78.98576,22.37104],[78.98091,22.37032],[78.97945,22.3701],[78.97534,22.36793],[78.97435,22.36756],[78.97354,22.36726],[78.97289,22.3678],[78.97169,22.37028],[78.97001,22.37031],[78.96988,22.37037],[78.96987,22.37037],[78.9698,22.37037],[78.96744,22.37028],[78.96564,22.37024],[78.96418,22.37021],[78.96302,22.37045],[78.95957,22.37116],[78.95934,22.37115],[78.95919,22.37118],[78.95781,22.37113],[78.95744,22.37111],[78.95692,22.3711],[78.95507,22.37106],[78.95129,22.37142],[78.9424,22.37239],[78.94602,22.37586],[78.94404,22.38196],[78.94277,22.38199],[78.94258,22.38199],[78.94069,22.38273],[78.94048,22.38281],[78.93714,22.38077],[78.9347,22.37928],[78.93159,22.37781],[78.92873,22.37775],[78.92652,22.3778],[78.92595,22.37781],[78.92538,22.37783],[78.92333,22.37791],[78.92196,22.37643],[78.92094,22.37533],[78.91763,22.37454],[78.9175,22.37451],[78.91634,22.37326],[78.91604,22.37294],[78.91513,22.3723],[78.91393,22.37335],[78.91025,22.37719],[78.91023,22.37718],[78.91,22.37712],[78.90993,22.37719],[78.9099,22.37723],[78.90337,22.37531],[78.89897,22.37448],[78.89838,22.37446],[78.89758,22.37445],[78.89638,22.37494],[78.89372,22.37669],[78.89375,22.3786],[78.89373,22.37863],[78.89332,22.37906],[78.89331,22.37936],[78.8933,22.37945],[78.89327,22.37945],[78.89291,22.37948],[78.8929,22.37949],[78.88372,22.3803],[78.8826,22.38262],[78.88236,22.38237],[78.88236,22.38238],[78.88232,22.38247],[78.8822,22.38272],[78.88076,22.38117],[78.87847,22.3787],[78.87667,22.37785],[78.87662,22.37782],[78.87496,22.37695],[78.87345,22.37698],[78.86585,22.37728],[78.85835,22.37698],[78.85789,22.377],[78.85706,22.3778],[78.85616,22.37874],[78.85582,22.37873],[78.85572,22.37884],[78.85141,22.37867],[78.84994,22.37861],[78.8488,22.37859],[78.84625,22.37854],[78.84539,22.38206],[78.84526,22.38205],[78.84493,22.38201],[78.83865,22.38176],[78.83769,22.38172],[78.83709,22.3814],[78.83503,22.38031],[78.83357,22.37962],[78.83188,22.37883],[78.83037,22.37778],[78.82884,22.37673],[78.82878,22.37684],[78.8279,22.37865],[78.82631,22.38174],[78.82622,22.38192],[78.82623,22.3823],[78.82626,22.38367],[78.82592,22.38367],[78.8259,22.38367],[78.8259,22.38372],[78.82408,22.38364],[78.82358,22.38362],[78.82338,22.38363],[78.82262,22.38364],[78.82127,22.3837],[78.81957,22.38363],[78.8179,22.38449],[78.81481,22.38549],[78.8129,22.39032],[78.81163,22.39155],[78.8104,22.39282],[78.80789,22.39364],[78.80426,22.39511],[78.80322,22.39553],[78.80289,22.39546],[78.80223,22.39534],[78.7988,22.3952],[78.79562,22.39352],[78.7934,22.39466],[78.7933,22.39463],[78.79321,22.3946],[78.79302,22.3947],[78.79019,22.3937],[78.78915,22.39406],[78.78767,22.39392],[78.78633,22.39379],[78.78596,22.39381],[78.78523,22.39384],[78.78152,22.39128],[78.77677,22.38616],[78.7725,22.38535],[78.77087,22.38448],[78.77086,22.38448],[78.76667,22.38368],[78.76503,22.38281],[78.76446,22.38263],[78.76213,22.3819],[78.76049,22.38196],[78.75995,22.38198],[78.759,22.38212],[78.7579,22.38229],[78.75612,22.38202],[78.75502,22.38198],[78.75497,22.38198],[78.75495,22.38198],[78.75209,22.38241],[78.75018,22.38488],[78.74778,22.38452],[78.74346,22.38435],[78.74253,22.37948],[78.74217,22.37922],[78.74173,22.3789],[78.74133,22.37873],[78.74037,22.37924],[78.73609,22.38182],[78.73588,22.38174],[78.73575,22.38169],[78.73574,22.38169],[78.73569,22.38171],[78.7317,22.38031],[78.72417,22.37951],[78.72253,22.37865],[78.71818,22.37695],[78.71745,22.37698],[78.71519,22.37732],[78.7147,22.37739],[78.71443,22.37734],[78.71342,22.37714],[78.71328,22.37715],[78.70743,22.37613],[78.70587,22.37282],[78.70587,22.37281],[78.70483,22.37186],[78.70179,22.37198],[78.69998,22.3724],[78.69945,22.37207],[78.69929,22.37208],[78.69923,22.37205],[78.69657,22.37064],[78.68869,22.36956],[78.68797,22.36946],[78.68791,22.36947],[78.68543,22.36956],[78.68013,22.36935],[78.67195,22.36649],[78.67087,22.36531],[78.67013,22.36463],[78.66854,22.36316],[78.66722,22.3507],[78.66334,22.34785],[78.66333,22.34785],[78.66253,22.34366],[78.66244,22.34316],[78.66,22.34201],[78.6582,22.34078],[78.65726,22.34013],[78.64493,22.34061],[78.6417,22.33948],[78.63917,22.33868],[78.63766,22.33764],[78.6367,22.33698],[78.6361,22.3367],[78.63416,22.33579],[78.6267,22.33436],[78.62137,22.33548],[78.62126,22.33546],[78.6212,22.33545],[78.62099,22.33549],[78.61232,22.3342],[78.60521,22.33171],[78.60307,22.33096],[78.60167,22.32945],[78.60127,22.32901],[78.59725,22.33007],[78.59625,22.33033],[78.59553,22.33048],[78.59243,22.33113],[78.5924,22.33108],[78.5924,22.33107],[78.59205,22.33115],[78.59087,22.32865],[78.58814,22.32509],[78.58009,22.32541],[78.57779,22.32383],[78.57724,22.32344],[78.57027,22.32073],[78.5637,22.31817],[78.56248,22.31431],[78.55835,22.31049],[78.5567,22.30698],[78.55632,22.30663],[78.55583,22.30618],[78.55544,22.30576],[78.55503,22.30531],[78.55491,22.30529],[78.55143,22.30446],[78.54983,22.30452],[78.54269,22.30074],[78.54154,22.29831],[78.52656,22.297],[78.52448,22.2959],[78.52336,22.29531],[78.52251,22.29535],[78.51951,22.29547],[78.51501,22.29389],[78.51461,22.29388],[78.51345,22.29383],[78.51229,22.2935],[78.51157,22.29295],[78.51095,22.29236],[78.51091,22.29173],[78.51106,22.29124],[78.51121,22.29056],[78.51117,22.28971],[78.51118,22.28894],[78.51041,22.28844],[78.51008,22.28821],[78.5094,22.28798],[78.50878,22.28747],[78.50874,22.2868],[78.5087,22.28621],[78.50826,22.2858],[78.50769,22.28544],[78.50745,22.28521],[78.50673,22.28484],[78.50634,22.28443],[78.50582,22.28393],[78.50588,22.28382],[78.50503,22.28307],[78.50557,22.2829],[78.50837,22.28201],[78.51082,22.28072],[78.51399,22.27922],[78.51581,22.27536],[78.51583,22.27532],[78.51583,22.27531],[78.5184,22.27366],[78.5183,22.27108],[78.51825,22.27092],[78.51627,22.26908],[78.51458,22.26873],[78.5142,22.26865],[78.51344,22.26853],[78.50836,22.26772],[78.50667,22.26451],[78.50628,22.26369],[78.50582,22.26272],[78.50372,22.26231],[78.50227,22.26204],[78.50226,22.26204],[78.50162,22.26201],[78.49958,22.26193],[78.49851,22.26309],[78.49819,22.26307],[78.49816,22.26307],[78.49813,22.2631],[78.48999,22.26278],[78.48791,22.2627],[78.48625,22.2645],[78.47871,22.2653],[78.47676,22.26945],[78.47643,22.26948],[78.47637,22.26948],[78.47633,22.26957],[78.47614,22.26997],[78.47369,22.27007],[78.46783,22.2703],[78.46634,22.27044],[78.46619,22.27037],[78.46581,22.27038],[78.46253,22.26865],[78.45856,22.2688],[78.4571,22.26886],[78.45122,22.26863],[78.44997,22.26959],[78.44791,22.27116],[78.44785,22.27119],[78.44709,22.27152],[78.44649,22.27198],[78.44645,22.27197],[78.44623,22.27189],[78.44609,22.27195],[78.44606,22.27196],[78.44573,22.27179],[78.44536,22.27159],[78.44417,22.27118],[78.4404,22.26919],[78.43707,22.26782],[78.43425,22.26666],[78.43105,22.26638],[78.41917,22.26535],[78.41753,22.26448],[78.41517,22.26457],[78.41376,22.26408],[78.41232,22.26357],[78.40843,22.2632],[78.40513,22.26288],[78.40355,22.26282],[78.40133,22.26273],[78.39958,22.26366],[78.39876,22.26391],[78.39768,22.26448],[78.39736,22.26434],[78.39696,22.26446],[78.3965,22.26397],[78.3964,22.26392],[78.39583,22.26368],[78.39528,22.26308],[78.39503,22.26282],[78.39503,22.26281],[78.39425,22.26257],[78.3917,22.26176],[78.39257,22.26036],[78.39426,22.25767],[78.39652,22.25557],[78.39659,22.25383],[78.39675,22.24991],[78.39661,22.24637],[78.39674,22.2461],[78.39806,22.24329],[78.40331,22.24081],[78.4034,22.23862],[78.40196,22.23729],[78.40087,22.23627],[78.40297,22.23376],[78.40649,22.23265],[78.40761,22.22839],[78.40666,22.22115],[78.4092,22.22035],[78.41167,22.21865],[78.41478,22.21766],[78.41843,22.2153],[78.41827,22.21132],[78.42,22.20865],[78.42341,22.20549],[78.4232,22.20035],[78.42358,22.20034],[78.42802,22.20016],[78.4286,22.20014],[78.43022,22.20189],[78.43253,22.20118],[78.43417,22.19865],[78.43503,22.19785],[78.43595,22.19685],[78.4363,22.19687],[78.43633,22.19684],[78.44,22.19698],[78.44196,22.19706],[78.44197,22.19706],[78.44419,22.19361],[78.44444,22.19363],[78.44455,22.19363],[78.44455,22.19362],[78.44457,22.1936],[78.44891,22.19377],[78.45,22.19031],[78.45186,22.18944],[78.45189,22.18942],[78.45421,22.18283],[78.45396,22.18237],[78.45254,22.17968],[78.45253,22.17954],[78.4525,22.17866],[78.45254,22.17776],[78.45082,22.17616],[78.45016,22.17555],[78.44954,22.17438],[78.44917,22.17368],[78.44913,22.17355],[78.44837,22.17115],[78.44588,22.16998],[78.44583,22.16865],[78.44775,22.16774],[78.4504,22.16488],[78.4517,22.16368],[78.45362,22.1616],[78.4549,22.16022],[78.45502,22.16023],[78.45523,22.16026],[78.45529,22.1602],[78.46215,22.16114],[78.4641,22.16324],[78.4667,22.16201],[78.46917,22.16031],[78.47576,22.1572],[78.47595,22.15238],[78.47449,22.1454],[78.47487,22.14539],[78.47487,22.14538],[78.47687,22.1453],[78.47706,22.1453],[78.47758,22.14532],[78.47904,22.14537],[78.48087,22.14451],[78.48167,22.14365],[78.48253,22.14285],[78.48249,22.14184],[78.48247,22.14116],[78.48752,22.13956],[78.48816,22.1369],[78.48833,22.13615],[78.48837,22.13614],[78.49092,22.13533],[78.49271,22.13154],[78.49287,22.1312],[78.49325,22.13118],[78.49491,22.13112],[78.49498,22.13111],[78.49531,22.13113],[78.49752,22.13121],[78.49907,22.12791],[78.50083,22.12698],[78.50253,22.12618],[78.50263,22.12608],[78.50333,22.12531],[78.505,22.12377],[78.50583,22.12115],[78.50833,22.11752],[78.50715,22.1155],[78.50127,22.11526],[78.49939,22.11534],[78.49918,22.11535],[78.49903,22.11534],[78.49835,22.11531],[78.4975,22.11535],[78.49648,22.11481],[78.49587,22.11448],[78.49408,22.11398],[78.489,22.11257],[78.48688,22.1106],[78.48687,22.1106],[78.48565,22.1042],[78.48253,22.10311],[78.47943,22.10202],[78.4763,22.1054],[78.47609,22.10523],[78.47605,22.10528],[78.47592,22.10542],[78.47253,22.10281],[78.47168,22.10285],[78.46881,22.10273],[78.46877,22.10273],[78.46338,22.10295],[78.46187,22.09975],[78.45868,22.09963],[78.45377,22.09943],[78.44747,22.09968],[78.44253,22.09865],[78.43803,22.09793],[78.43665,22.09771],[78.43457,22.09578],[78.43424,22.09548],[78.43424,22.09547],[78.43415,22.09325],[78.43423,22.09121],[78.43247,22.09028],[78.43084,22.09035],[78.4278,22.08874],[78.42538,22.08946],[78.42223,22.09113],[78.42218,22.09111],[78.42204,22.09105],[78.42203,22.09105],[78.42185,22.09115],[78.42,22.09035],[78.41894,22.08978],[78.41825,22.08942],[78.41709,22.08946],[78.41377,22.0896],[78.41353,22.08909],[78.41253,22.08698],[78.40598,22.08724],[78.40487,22.08604],[78.4042,22.08531],[78.40213,22.08466],[78.40158,22.08449],[78.39923,22.08195],[78.39857,22.08197],[78.39707,22.08203],[78.39558,22.07889],[78.39558,22.07888],[78.39236,22.07775],[78.38851,22.07791],[78.38601,22.07703],[78.38357,22.07789],[78.38328,22.07788],[78.38319,22.07791],[78.37893,22.07774],[78.37797,22.0777],[78.37728,22.07845],[78.3766,22.07918],[78.37657,22.07917],[78.37629,22.07912],[78.37622,22.07919],[78.36837,22.07769],[78.36765,22.07703],[78.36583,22.07535],[78.36378,22.07313],[78.36339,22.07271],[78.34933,22.07327],[78.34874,22.07299],[78.34667,22.07201],[78.34503,22.07115],[78.34167,22.07035],[78.34048,22.06537],[78.33928,22.06532],[78.33793,22.06526],[78.33584,22.06535],[78.335,22.065],[78.33298,22.06418],[78.33291,22.064],[78.33287,22.06319],[78.33322,22.06279],[78.33322,22.06225],[78.33304,22.06175],[78.33246,22.06121],[78.33184,22.0607],[78.33122,22.06043],[78.33083,22.0602],[78.32944,22.05969],[78.32823,22.0594],[78.32664,22.05902],[78.3252,22.05874],[78.32414,22.05837],[78.32298,22.05831],[78.32168,22.05789],[78.32018,22.05778],[78.31921,22.05813],[78.31885,22.05863],[78.31543,22.05876],[78.31413,22.05871],[78.3115,22.05861],[78.30353,22.05925],[78.29369,22.06003],[78.29364,22.06004],[78.29338,22.06005],[78.29335,22.06005],[78.29331,22.06005],[78.28584,22.06035],[78.2818,22.05893],[78.28111,22.05869],[78.27796,22.05857],[78.27454,22.06119],[78.2742,22.06118],[78.27416,22.06121],[78.27415,22.06121],[78.27168,22.06111],[78.2671,22.0613],[78.26055,22.06104],[78.25911,22.06236],[78.25717,22.06446],[78.25696,22.06429],[78.25679,22.06448],[78.25073,22.05943],[78.25029,22.05906],[78.2501,22.05885],[78.24821,22.05681],[78.24186,22.0542],[78.23842,22.05366],[78.23308,22.05281],[78.22467,22.04808],[78.2242,22.04781],[78.22,22.04618],[78.21837,22.04531],[78.215,22.04451],[78.21391,22.04394],[78.21255,22.04322],[78.20843,22.04127],[78.20671,22.03801],[78.20664,22.03627],[78.20664,22.03625],[78.2079,22.03488],[78.21011,22.03284],[78.2075,22.03201],[78.20668,22.03151],[78.20337,22.02948],[78.20008,22.02793],[78.19964,22.02746],[78.1992,22.02698],[78.19665,22.02578],[78.19394,22.02434],[78.19062,22.0261],[78.19059,22.02609],[78.19043,22.02602],[78.19024,22.02612],[78.17947,22.0211],[78.1742,22.01865],[78.16587,22.01633],[78.16667,22.01365],[78.16879,22.01168],[78.16773,22.01053],[78.16679,22.00952],[78.16543,22.00946],[78.16341,22.00954],[78.16083,22.00618],[78.161,22.0019],[78.16103,22.00124],[78.16097,22.00118],[78.15913,21.99948],[78.15928,21.99571],[78.15794,21.99149],[78.15489,21.98939],[78.15085,21.98955],[78.14383,21.98927],[78.14134,21.99196],[78.14124,21.99193],[78.14105,21.99188],[78.14096,21.99198],[78.13833,21.99118],[78.13577,21.98942],[78.1326,21.98954],[78.13167,21.98868],[78.12936,21.98619],[78.12793,21.98613],[78.12667,21.98618],[78.12649,21.98614],[78.12281,21.98537],[78.12126,21.98704],[78.12047,21.9879],[78.12037,21.98789],[78.12012,21.98788],[78.12009,21.98792],[78.1171,21.9878],[78.11585,21.98785],[78.11536,21.98783],[78.1153,21.98783],[78.11158,21.98913],[78.11154,21.98908],[78.11151,21.98904],[78.1115,21.98904],[78.11122,21.98914],[78.1112,21.98915],[78.11059,21.98848],[78.10687,21.98447],[78.10527,21.98454],[78.10167,21.98368],[78.09867,21.97959],[78.09706,21.97953],[78.09466,21.97943],[78.0942,21.97978],[78.09121,21.98196],[78.08984,21.98345],[78.08972,21.98319],[78.08963,21.98329],[78.08946,21.98346],[78.08946,21.98347],[78.08755,21.97941],[78.085,21.97951],[78.08337,21.97865],[78.07911,21.97763],[78.07928,21.9734],[78.07852,21.97292],[78.07583,21.97118],[78.07414,21.9623],[78.06837,21.95958],[78.06832,21.95823],[78.06831,21.95823],[78.06832,21.95823],[78.06831,21.95814],[78.0683,21.95783],[78.06855,21.95771],[78.07003,21.95701],[78.07164,21.95528],[78.07337,21.95368],[78.07587,21.95027],[78.08339,21.94848],[78.08338,21.9483],[78.0833,21.9462],[78.08506,21.94363],[78.08494,21.94047],[78.08804,21.93624],[78.08878,21.93601],[78.09087,21.93535],[78.09197,21.93476],[78.0925,21.93448],[78.09587,21.93368],[78.09667,21.92698],[78.09923,21.92617],[78.09919,21.92512],[78.09917,21.92448],[78.09936,21.92392],[78.10043,21.92088],[78.09837,21.91865],[78.09256,21.91327],[78.09211,21.90996],[78.0921,21.90995],[78.08955,21.91035],[78.08889,21.91045],[78.08884,21.91042],[78.08851,21.91047],[78.08616,21.90916],[78.08208,21.91066],[78.08207,21.91062],[78.08206,21.91054],[78.0817,21.91067],[78.08057,21.90325],[78.07588,21.90197],[78.07193,21.90107],[78.0709,21.90084],[78.06749,21.8987],[78.06659,21.8967],[78.06545,21.89925],[78.06458,21.90121],[78.06458,21.9012],[78.06428,21.90104],[78.0642,21.90122],[78.06255,21.9003],[78.05605,21.89882],[78.05501,21.89825],[78.05195,21.89654],[78.04939,21.89874],[78.04722,21.9036],[78.04592,21.9037],[78.04587,21.9037],[78.04554,21.90372],[78.04082,21.90286],[78.03797,21.90208],[78.03662,21.90171],[78.03321,21.90361],[78.03321,21.90362],[78.03325,21.9034],[78.03283,21.90363],[78.03396,21.89785],[78.03588,21.89619],[78.03736,21.89288],[78.03821,21.89281],[78.03877,21.89276],[78.03882,21.89277],[78.03885,21.89277],[78.03915,21.89275],[78.04074,21.89287],[78.04127,21.89292],[78.04189,21.89273],[78.04458,21.89192],[78.0461,21.88686],[78.04646,21.88692],[78.04648,21.88684],[78.05228,21.88789],[78.05421,21.88703],[78.05554,21.88549],[78.05832,21.88447],[78.06198,21.88363],[78.06152,21.87783],[78.06175,21.87491],[78.0616,21.873],[78.06313,21.87122],[78.06505,21.87036],[78.06594,21.86932],[78.06987,21.86757],[78.07005,21.86533],[78.07,21.86466],[78.06998,21.8645],[78.07012,21.86284],[78.06771,21.86134],[78.06749,21.86119],[78.0669,21.85863],[78.06671,21.8578],[78.06539,21.85465],[78.06498,21.85369],[78.06505,21.8528],[78.06446,21.85229],[78.06408,21.85196],[78.06275,21.84834],[78.06145,21.8448],[78.06144,21.8448],[78.06293,21.84241],[78.06318,21.84202],[78.06321,21.84197],[78.0631,21.84194],[78.06271,21.84182],[78.05977,21.84059],[78.0597,21.84051],[78.05958,21.84038],[78.05769,21.83827],[78.05744,21.83798],[78.05397,21.83819],[78.0531,21.83824],[78.05161,21.835],[78.05148,21.83471],[78.0505,21.83291],[78.04736,21.83147],[78.04727,21.83142],[78.04703,21.8304],[78.04661,21.8286],[78.04661,21.82859],[78.04237,21.82885],[78.04103,21.83319],[78.04087,21.83369],[78.03918,21.8352],[78.03309,21.83356],[78.03299,21.8333],[78.0307,21.82736],[78.02869,21.82619],[78.02731,21.8292],[78.02714,21.82955],[78.02433,21.82938],[78.0233,21.82994],[78.02254,21.83035],[78.01784,21.83251],[78.01653,21.83677],[78.00966,21.83941],[78.009,21.83906],[78.00671,21.83781],[78.00499,21.83702],[78.00411,21.83603],[78.00347,21.83532],[77.99711,21.83447],[77.99335,21.82799],[77.98992,21.8272],[77.98916,21.82702],[77.98854,21.8268],[77.98671,21.82614],[77.97926,21.82514],[77.97697,21.82876],[77.97418,21.82859],[77.9721,21.82871],[77.97069,21.82863],[77.96921,21.82697],[77.96666,21.82619],[77.96641,21.82601],[77.96421,21.82447],[77.96331,21.82411],[77.96227,21.82369],[77.96188,21.8239],[77.9581,21.82595],[77.95678,21.82388],[77.95504,21.82114],[77.95476,21.82089],[77.95384,21.82007],[77.95083,21.81869],[77.95081,21.81866],[77.94995,21.81679],[77.94996,21.81669],[77.94985,21.81646],[77.94973,21.81619],[77.94981,21.81473],[77.94964,21.81182],[77.94333,21.81035],[77.94308,21.81022],[77.94171,21.80947],[77.94023,21.8088],[77.93999,21.80869],[77.93831,21.80777],[77.93747,21.80732],[77.93748,21.8072],[77.9375,21.80686],[77.93725,21.80672],[77.93744,21.80348],[77.93711,21.79793],[77.93149,21.7962],[77.92979,21.7943],[77.9292,21.79363],[77.92406,21.79455],[77.92254,21.79785],[77.92241,21.79791],[77.92083,21.79864],[77.91904,21.79961],[77.91624,21.79945],[77.91564,21.79941],[77.91477,21.79844],[77.91421,21.79781],[77.91271,21.79647],[77.90753,21.79786],[77.90104,21.79747],[77.89941,21.79929],[77.89921,21.79952],[77.8985,21.79974],[77.89411,21.80109],[77.89215,21.80329],[77.89083,21.80447],[77.89004,21.80535],[77.88749,21.80697],[77.88593,21.80872],[77.88587,21.80879],[77.88335,21.80864],[77.8821,21.80871],[77.87933,21.80855],[77.87795,21.8093],[77.87753,21.80952],[77.87718,21.8095],[77.87627,21.80945],[77.8746,21.80955],[77.87175,21.80938],[77.87086,21.81037],[77.8694,21.80958],[77.86896,21.80934],[77.86311,21.81059],[77.85672,21.81021],[77.85463,21.81349],[77.85249,21.81447],[77.85167,21.81714],[77.84955,21.81903],[77.84701,21.82188],[77.84348,21.8235],[77.84325,21.82495],[77.84254,21.82952],[77.84083,21.83197],[77.83996,21.83478],[77.84004,21.83618],[77.83833,21.83864],[77.8363,21.84598],[77.83126,21.85249],[77.81795,21.8517],[77.81758,21.85129],[77.81671,21.85031],[77.81324,21.84785],[77.81167,21.85127],[77.80676,21.85352],[77.8042,21.85639],[77.79919,21.85609],[77.79643,21.86044],[77.79329,21.86025],[77.79004,21.86202],[77.78833,21.86281],[77.78754,21.86452],[77.78583,21.86531],[77.78421,21.86619],[77.78164,21.86737],[77.77904,21.86878],[77.77776,21.8687],[77.77668,21.86864],[77.77585,21.86869],[77.77559,21.86867],[77.7742,21.86859],[77.77336,21.86953],[77.771,21.86869],[77.77087,21.86864],[77.76319,21.8691],[77.761,21.87028],[77.76079,21.8704],[77.76056,21.87039],[77.75916,21.8703],[77.75713,21.87258],[77.7535,21.87337],[77.75227,21.87364],[77.74922,21.87198],[77.74755,21.87107],[77.74631,21.87246],[77.74543,21.87325],[77.7441,21.87443],[77.74421,21.87616],[77.74419,21.87654],[77.7457,21.87723],[77.74568,21.87757],[77.74567,21.87771],[77.74592,21.87783],[77.74551,21.88476],[77.74738,21.88644],[77.7483,21.88725],[77.74827,21.88763],[77.74852,21.88785],[77.7485,21.88815],[77.7482,21.89325],[77.74847,21.89777],[77.74749,21.89864],[77.74671,21.90035],[77.74652,21.90069],[77.74564,21.90231],[77.74628,21.90323],[77.74805,21.90577],[77.74807,21.90589],[77.74811,21.90612],[77.74828,21.90636],[77.74947,21.91403],[77.74882,21.91523],[77.74823,21.91632],[77.74665,21.91705],[77.74499,21.91781],[77.74454,21.91805],[77.74279,21.919],[77.74087,21.92202],[77.73002,21.92371],[77.72899,21.92257],[77.72357,21.92035],[77.722,21.92544],[77.71705,21.92412],[77.71687,21.92353],[77.71682,21.92352],[77.71563,21.91964],[77.70574,21.91848],[77.69873,21.91998],[77.69683,21.91785],[77.69478,21.91721],[77.69416,21.91702],[77.69254,21.91447],[77.69128,21.91335],[77.69117,21.91325],[77.6892,21.91546],[77.68271,21.91507],[77.68171,21.91619],[77.67416,21.91697],[77.67254,21.91785],[77.66999,21.91864],[77.66936,21.9201],[77.67315,21.92251],[77.67668,21.92476],[77.67665,21.9252],[77.6769,21.92536],[77.67666,21.9295],[77.6767,21.93017],[77.67898,21.93221],[77.6811,21.93458],[77.68134,21.93485],[77.68447,21.93765],[77.68425,21.93785],[77.6847,21.93825],[77.68333,21.93947],[77.68274,21.94074],[77.68254,21.94119],[77.68231,21.94139],[77.68171,21.94193],[77.68289,21.9441],[77.68283,21.94417],[77.68305,21.94457],[77.68311,21.9447],[77.6782,21.95031],[77.67731,21.94932],[77.67669,21.94862],[77.67504,21.94952],[77.67333,21.95031],[77.67171,21.95285],[77.66969,21.95574],[77.66909,21.95661],[77.66915,21.95773],[77.66932,21.96061],[77.66993,21.96172],[77.67066,21.96307],[77.67061,21.96316],[77.6707,21.96332],[77.67089,21.96366],[77.67088,21.96367],[77.6701,21.96511],[77.66999,21.96531],[77.66921,21.96702],[77.66852,21.96734],[77.66749,21.96781],[77.66752,21.96836],[77.66794,21.9754],[77.66416,21.97781],[77.6619,21.98034],[77.64788,21.98165],[77.64595,21.98183],[77.6458,21.98201],[77.64504,21.98285],[77.64277,21.98355],[77.64249,21.98364],[77.64232,21.98383],[77.6394,21.98711],[77.63671,21.98614],[77.63282,21.98494],[77.63171,21.98619],[77.63083,21.98697],[77.62991,21.988],[77.62502,21.98771],[77.6221,21.98788],[77.61923,21.98771],[77.61557,21.98673],[77.61321,21.9861],[77.61203,21.98617],[77.60283,21.98672],[77.59869,21.98897],[77.59668,21.99121],[77.5961,21.99057],[77.59587,21.99031],[77.59249,21.98952],[77.58956,21.98847],[77.58527,21.98872],[77.58311,21.99343],[77.58083,21.99447],[77.58043,21.99825],[77.57834,21.99784],[77.57575,21.9965],[77.56919,22.00201],[77.56629,22.00391],[77.56419,22.00282],[77.56251,22.00201],[77.56037,22.00091],[77.55745,22.00289],[77.55418,22.00282],[77.55081,22.00289],[77.55088,22.00661],[77.54667,22.00866],[77.54419,22.01034],[77.54084,22.01116],[77.53816,22.01254],[77.53751,22.01287],[77.53707,22.01286],[77.53457,22.01281],[77.53407,22.01179],[77.53293,22.00943],[77.53292,22.00943],[77.52877,22.00951],[77.52577,22.00945],[77.52562,22.00914],[77.52507,22.00802],[77.52506,22.00802],[77.525,22.008],[77.52428,22.00638],[77.52331,22.00439],[77.52331,22.00422],[77.5233,22.00419],[77.52299,22.0035],[77.52322,22.00057],[77.52304,21.99831],[77.52187,21.99861],[77.51835,21.99951],[77.51571,21.99861],[77.51336,21.99616],[77.5121,21.99618],[77.51006,21.99614],[77.50756,21.99699],[77.50733,21.99707],[77.50709,21.99732],[77.50103,22.00363],[77.4975,22.00449],[77.4981,22.00742],[77.49839,22.00881],[77.49833,22.0118],[77.49832,22.01202],[77.49809,22.01202],[77.49667,22.01199],[77.49544,22.01262],[77.49502,22.01284],[77.49406,22.01315],[77.49212,22.01378],[77.48234,22.01178],[77.47923,22.01052],[77.47613,22.00926],[77.47501,22.00696],[77.47089,22.00704],[77.46884,22.00565],[77.46709,22.00446],[77.46319,22.00454],[77.45916,22.00662],[77.4541,22.00782],[77.45409,22.00782],[77.45204,22.00677],[77.45048,22.00596],[77.44586,22.00784],[77.44329,22.00867],[77.44162,22.01041],[77.44049,22.01392],[77.44002,22.01534],[77.43806,22.0153],[77.43677,22.01527],[77.43578,22.01579],[77.43502,22.01617],[77.43334,22.01699],[77.43112,22.01813],[77.42852,22.01542],[77.42841,22.01485],[77.42838,22.01469],[77.42831,22.01461],[77.42819,22.01448],[77.42733,22.00976],[77.42721,22.00907],[77.4211,22.00709],[77.42048,22.00689],[77.41836,22.00366],[77.41775,22.00308],[77.4167,22.00207],[77.41586,22.00032],[77.41536,22.00025],[77.40927,21.9994],[77.40568,21.99948],[77.4019,21.99955],[77.39752,21.99866],[77.39726,21.99866],[77.39627,21.99868],[77.39496,21.99865],[77.39336,21.99699],[77.38834,21.99617],[77.3825,21.99468],[77.38252,21.99407],[77.3824,21.99404],[77.38225,21.994],[77.3823,21.99333],[77.38232,21.99307],[77.38222,21.99277],[77.38218,21.99266],[77.38158,21.99102],[77.37085,21.99124],[77.36424,21.99111],[77.36205,21.99106],[77.35904,21.99003],[77.35275,21.98788],[77.34913,21.987],[77.34778,21.98559],[77.34752,21.98532],[77.34656,21.98488],[77.34576,21.98451],[77.34246,21.98621],[77.34063,21.98617],[77.34001,21.98616],[77.33919,21.98784],[77.33773,21.99067],[77.33501,21.99199],[77.33288,21.99309],[77.32658,21.9918],[77.32076,21.98691],[77.31487,21.98703],[77.31141,21.99063],[77.31113,21.99049],[77.30918,21.98949],[77.30669,21.99034],[77.3052,21.99031],[77.30424,21.99029],[77.30252,21.99117],[77.30084,21.99199],[77.29919,21.99451],[77.29628,21.9973],[77.29502,22.00117],[77.29243,22.00287],[77.28849,22.00279],[77.28737,22.00277],[77.28502,22.00032],[77.28173,22.00145],[77.28067,22.00181],[77.28042,22.0013],[77.28042,22.00129],[77.28029,22.00134],[77.27845,21.99722],[77.27789,21.99607],[77.27752,21.99532],[77.27507,21.99453],[77.27491,21.99447],[77.27335,21.99451],[77.27207,21.99448],[77.27144,21.99319],[77.27065,21.99157],[77.26942,21.99076],[77.26751,21.98951],[77.26697,21.98895],[77.26666,21.98862],[77.26377,21.98868],[77.26267,21.98866],[77.26242,21.98865],[77.26076,21.9878],[77.25919,21.98699],[77.25525,21.98571],[77.25341,21.98291],[77.25336,21.98282],[77.24816,21.98198],[77.24585,21.98202],[77.24575,21.98172],[77.24569,21.98155],[77.24561,21.98156],[77.24505,21.9796],[77.24502,21.97948],[77.24476,21.97924],[77.24411,21.97861],[77.24164,21.97866],[77.24043,21.97868],[77.23914,21.97865],[77.23683,21.97389],[77.23083,21.97243],[77.22518,21.96952],[77.21975,21.96846],[77.21668,21.96951],[77.21419,21.96782],[77.20998,21.96616],[77.20982,21.96584],[77.2097,21.9656],[77.20959,21.96555],[77.20957,21.96551],[77.20897,21.96408],[77.20803,21.96216],[77.20803,21.96215],[77.20552,21.96134],[77.20501,21.96117],[77.2018,21.95784],[77.19521,21.95703],[77.19442,21.95693],[77.19425,21.95639],[77.19424,21.95639],[77.19415,21.95638],[77.19413,21.95638],[77.19335,21.95365],[77.19287,21.95318],[77.19251,21.95284],[77.19217,21.95249],[77.19169,21.95199],[77.18871,21.95115],[77.18584,21.95034],[77.18545,21.9501],[77.18503,21.94984],[77.18502,21.94984],[77.18542,21.94886],[77.18521,21.94765],[77.1874,21.94286],[77.18727,21.93682],[77.18729,21.9359],[77.18715,21.93576],[77.18499,21.93369],[77.18417,21.93283],[77.1822,21.93078],[77.18255,21.93026],[77.18228,21.92973],[77.18426,21.9268],[77.17113,21.92707],[77.17094,21.92647],[77.17091,21.92647],[77.17027,21.9245],[77.16995,21.92352],[77.16893,21.92254],[77.16751,21.92117],[77.16752,21.9208],[77.16728,21.92057],[77.16729,21.9201],[77.16704,21.91986],[77.16667,21.91951],[77.16643,21.91925],[77.16586,21.91866],[77.16487,21.91771],[77.16432,21.91718],[77.16387,21.91664],[77.16336,21.91604],[77.16339,21.91594],[77.1634,21.91591],[77.16331,21.91583],[77.16313,21.91565],[77.16395,21.91306],[77.16489,21.91031],[77.15428,21.90901],[77.15424,21.90887],[77.15409,21.90842],[77.15406,21.90841],[77.15332,21.90614],[77.15167,21.90617],[77.15071,21.90567],[77.15002,21.90532],[77.14913,21.90534],[77.14912,21.90534],[77.14736,21.90717],[77.13259,21.90687],[77.13086,21.90868],[77.12515,21.90751],[77.12275,21.90627],[77.12101,21.90537],[77.12088,21.90469],[77.12021,21.90432],[77.12035,21.90195],[77.12002,21.90024],[77.12052,21.89929],[77.12058,21.89829],[77.12059,21.89803],[77.12149,21.89643],[77.12243,21.89433],[77.12969,21.88807],[77.13001,21.88402],[77.13001,21.88394],[77.13001,21.88357],[77.12502,21.88367],[77.12177,21.88361],[77.11993,21.88456],[77.11874,21.88453],[77.11871,21.88455],[77.11844,21.8847],[77.11811,21.88452],[77.11659,21.88449],[77.11419,21.88199],[77.11329,21.88112],[77.11084,21.88117],[77.10766,21.87953],[77.10481,21.87861],[77.10212,21.87866],[77.10095,21.87869],[77.09812,21.87827],[77.09372,21.87763],[77.09079,21.87612],[77.09034,21.87519],[77.08878,21.87198],[77.08427,21.87207],[77.07919,21.87617],[77.07501,21.87699],[77.07401,21.87904],[77.06845,21.87618],[77.06501,21.87534],[77.06444,21.87469],[77.06399,21.87459],[77.06476,21.8722],[77.06566,21.87058],[77.06552,21.87016],[77.06501,21.86877],[77.06475,21.86806],[77.06475,21.86805],[77.06592,21.86595],[77.06587,21.86323],[77.06586,21.86289],[77.0656,21.86148],[77.0649,21.85761],[77.06231,21.85334],[77.06133,21.85198],[77.056,21.85209],[77.05471,21.85142],[77.05419,21.85116],[77.0477,21.85038],[77.04731,21.85042],[77.04669,21.85107],[77.04419,21.85367],[77.04245,21.85452],[77.04085,21.85618],[77.03754,21.85447],[77.03488,21.85453],[77.02935,21.85464],[77.02586,21.85701],[77.02253,21.85809],[77.01454,21.85692],[77.01336,21.85449],[77.01313,21.85405],[77.01251,21.85284],[77.01251,21.85271],[77.01225,21.85225],[77.01228,21.85196],[77.00693,21.85122],[77.00658,21.85126],[77.00654,21.85126],[77.00493,21.85294],[76.99752,21.85279],[76.99495,21.85284],[76.99278,21.85288],[76.988,21.85207],[76.98483,21.85153],[76.98462,21.85089],[76.98454,21.85062],[76.98443,21.8506],[76.98373,21.84827],[76.98332,21.84692],[76.98159,21.84526],[76.97745,21.84534],[76.97067,21.84302],[76.96607,21.8399],[76.96327,21.8388],[76.96084,21.83784],[76.95919,21.83699],[76.95621,21.83572],[76.95188,21.83388],[76.9518,21.83381],[76.95167,21.83367],[76.95151,21.83362],[76.95104,21.83348],[76.951,21.83336],[76.95083,21.8328],[76.95045,21.8324],[76.94917,21.83117],[76.94895,21.83085],[76.94851,21.83024],[76.94815,21.82993],[76.94905,21.82934],[76.94976,21.82887],[76.95178,21.82826],[76.95342,21.82776],[76.95337,21.8249],[76.95279,21.82211],[76.9526,21.82118],[76.95246,21.82114],[76.94996,21.82032],[76.94915,21.81948],[76.94836,21.81866],[76.9462,21.81738],[76.94333,21.81567],[76.94334,21.81536],[76.94334,21.81526],[76.94298,21.81505],[76.9434,21.8123],[76.94342,21.81144],[76.94345,21.81019],[76.94377,21.80988],[76.94393,21.80887],[76.94482,21.8081],[76.94562,21.80456],[76.94777,21.80271],[76.9497,21.80047],[76.95299,21.79764],[76.95393,21.79553],[76.95579,21.7922],[76.95556,21.78932],[76.95566,21.78803],[76.95251,21.78701],[76.95169,21.78616],[76.95001,21.78534],[76.94908,21.78437],[76.94092,21.78454],[76.93658,21.78278],[76.93421,21.78031],[76.93268,21.77883],[76.93251,21.77867],[76.9324,21.77821],[76.93226,21.7781],[76.93159,21.77516],[76.92917,21.77284],[76.92809,21.77171],[76.92754,21.77114],[76.92515,21.76884],[76.92129,21.76809],[76.92001,21.76784],[76.9172,21.76688],[76.91402,21.7626],[76.91108,21.75977],[76.90836,21.76117],[76.90668,21.76114],[76.90501,21.76117],[76.90253,21.75986],[76.90252,21.75986],[76.90312,21.75898],[76.903,21.75876],[76.90281,21.75843],[76.90673,21.7529],[76.90568,21.75085],[76.90568,21.75075],[76.90552,21.75046],[76.905,21.74954],[76.90569,21.74103],[76.90583,21.73921],[76.90565,21.739],[76.90539,21.73869],[76.90184,21.73834],[76.89626,21.7378],[76.89653,21.73727],[76.89595,21.73722],[76.89781,21.73388],[76.89836,21.7329],[76.89836,21.73281],[76.89834,21.73171],[76.89799,21.73131],[76.88963,21.7286],[76.88525,21.72868],[76.88503,21.72869],[76.88412,21.72807],[76.88252,21.72699],[76.87662,21.72584],[76.87668,21.72889],[76.8767,21.72971],[76.87409,21.73199],[76.87319,21.73152],[76.87079,21.73029],[76.86792,21.73035],[76.86765,21.7298],[76.86762,21.72974],[76.86761,21.72972],[76.86714,21.72875],[76.86669,21.72782],[76.86001,21.72701],[76.85496,21.72597],[76.85497,21.72557],[76.85498,21.72495],[76.85421,21.72429],[76.85559,21.7197],[76.85685,21.71628],[76.85558,21.71506],[76.85419,21.71372],[76.85406,21.71333],[76.85404,21.71331],[76.85397,21.71325],[76.85334,21.71114],[76.85145,21.70991],[76.85065,21.70938],[76.84978,21.70842],[76.84899,21.70793],[76.84899,21.70792],[76.84976,21.70637],[76.8517,21.7047],[76.85168,21.70379],[76.85146,21.70363],[76.84835,21.70369],[76.84487,21.70362],[76.84486,21.70362],[76.84467,21.70222],[76.84456,21.70217],[76.84445,21.70213],[76.84371,21.69648],[76.84322,21.69269],[76.84215,21.69166],[76.83919,21.69367],[76.83795,21.69383],[76.8379,21.69387],[76.83781,21.69385],[76.8378,21.69385],[76.83779,21.69385],[76.83288,21.69449],[76.8322,21.69309],[76.83217,21.69308],[76.83216,21.69308],[76.83204,21.6928],[76.83178,21.69222],[76.83151,21.69167],[76.83082,21.69024],[76.82532,21.69035],[76.82353,21.69039],[76.82147,21.68986],[76.81996,21.68947],[76.81592,21.68956],[76.81466,21.68958],[76.81249,21.69289],[76.80918,21.69282],[76.80661,21.69287],[76.80594,21.69289],[76.8049,21.69236],[76.80377,21.69177],[76.80168,21.69284],[76.79917,21.69114],[76.79518,21.69122],[76.79436,21.69124],[76.79383,21.69106],[76.79169,21.69032],[76.78839,21.69039],[76.78706,21.68971],[76.78369,21.68797],[76.77526,21.69085],[76.77478,21.68987],[76.77419,21.68866],[76.77084,21.68617],[76.77008,21.68538],[76.76923,21.6845],[76.76584,21.68367],[76.76491,21.68304],[76.76482,21.68303],[76.76453,21.68278],[76.76369,21.68222],[76.76279,21.68161],[76.76241,21.68103],[76.76192,21.68028],[76.76191,21.68027],[76.76181,21.68018],[76.76165,21.67989],[76.76157,21.67975],[76.76007,21.67745],[76.76001,21.67704],[76.75998,21.67682],[76.75978,21.67644],[76.75977,21.67642],[76.75926,21.67264],[76.75904,21.67101],[76.75824,21.67024],[76.75445,21.6684],[76.75416,21.66781],[76.75326,21.6674],[76.75313,21.66518],[76.75307,21.66432],[76.75313,21.6633],[76.75319,21.66236],[76.75298,21.66212],[76.74667,21.66034],[76.7443,21.65911],[76.74337,21.66196],[76.74336,21.66201],[76.74251,21.66366],[76.74169,21.66534],[76.74115,21.66547],[76.74112,21.66554],[76.74097,21.66551],[76.74096,21.66551],[76.74065,21.66558],[76.73822,21.66616],[76.73743,21.66525],[76.73694,21.66469],[76.73658,21.66461],[76.73648,21.66459],[76.73727,21.66221],[76.73832,21.66026],[76.73833,21.66026],[76.737,21.65898],[76.73667,21.65867],[76.7363,21.65789],[76.73586,21.65699],[76.73539,21.65654],[76.73501,21.65617],[76.73501,21.6559],[76.73501,21.65581],[76.73453,21.65538],[76.7356,21.65304],[76.73898,21.64892],[76.73977,21.64554],[76.74083,21.64359],[76.73834,21.6412],[76.73835,21.6409],[76.73825,21.64081],[76.73809,21.64067],[76.73832,21.63691],[76.73747,21.63527],[76.7354,21.63426],[76.73316,21.63318],[76.72834,21.63201],[76.72669,21.63116],[76.72206,21.62933],[76.71251,21.62952],[76.71231,21.62901],[76.7123,21.62897],[76.71229,21.62897],[76.71224,21.62884],[76.71185,21.62785],[76.71086,21.62532],[76.70993,21.62351],[76.70993,21.62339],[76.70954,21.62267],[76.70966,21.62067],[76.7098,21.61834],[76.70667,21.61534],[76.70655,21.61521],[76.70586,21.61449],[76.70553,21.61418],[76.70496,21.61362],[76.70496,21.61327],[76.70476,21.61308],[76.70462,21.61296],[76.70464,21.61259],[76.70489,21.60849],[76.70389,21.60753],[76.70292,21.6066],[76.70079,21.60439],[76.70081,21.60348],[76.70075,21.60336],[76.70051,21.60292],[76.70071,21.59957],[76.70072,21.59936],[76.69955,21.59823],[76.69885,21.59756],[76.69896,21.59736],[76.69853,21.59698],[76.70331,21.58818],[76.7027,21.58556],[76.70245,21.58445],[76.70078,21.58364],[76.69947,21.58228],[76.69841,21.58117],[76.69584,21.58034],[76.69462,21.57906],[76.69304,21.57755],[76.6907,21.57875],[76.68947,21.57873],[76.6892,21.57888],[76.68909,21.57884],[76.68863,21.57871],[76.68579,21.57865],[76.68419,21.57699],[76.68168,21.57617],[76.68167,21.57617],[76.68109,21.57578],[76.67919,21.57449],[76.67667,21.57367],[76.67496,21.57279],[76.67496,21.57263],[76.67484,21.5726],[76.67476,21.57132],[76.67472,21.57057],[76.67479,21.56935],[76.67466,21.56929],[76.67167,21.56784],[76.67009,21.56677],[76.66919,21.56616],[76.66571,21.56531],[76.6636,21.56535],[76.66252,21.56867],[76.66043,21.56863],[76.65592,21.56872],[76.65489,21.56874],[76.65336,21.57034],[76.65125,21.57136],[76.64877,21.57515],[76.64503,21.57323],[76.64086,21.57121],[76.64086,21.5712],[76.63975,21.56893],[76.63891,21.56852],[76.63723,21.56771],[76.63251,21.56617],[76.63002,21.56449],[76.62963,21.56441],[76.62584,21.56367],[76.62336,21.56032],[76.62142,21.55846],[76.62106,21.55827],[76.62092,21.55819],[76.62005,21.55864],[76.61723,21.56009],[76.61631,21.55913],[76.61509,21.55785],[76.61202,21.55637],[76.6101,21.55543],[76.60919,21.55449],[76.60667,21.55367],[76.60454,21.55257],[76.60343,21.552],[76.60227,21.55181],[76.59806,21.55113],[76.59612,21.55117],[76.59584,21.55117],[76.59491,21.55098],[76.59049,21.55008],[76.5886,21.55105],[76.58835,21.55118],[76.58776,21.55097],[76.58586,21.55032],[76.58566,21.55033],[76.58502,21.55034],[76.57942,21.55023],[76.57817,21.5502],[76.57734,21.54933],[76.57667,21.54863],[76.57336,21.55034],[76.56834,21.55116],[76.56502,21.55534],[76.56332,21.55616],[76.56338,21.55913],[76.56339,21.55944],[76.56213,21.5619],[76.55525,21.55954],[76.55385,21.5592],[76.55247,21.55887],[76.55167,21.55867],[76.54799,21.55773],[76.54725,21.55754],[76.54131,21.55766],[76.53168,21.55786],[76.5308,21.55784],[76.52839,21.55779],[76.52586,21.55951],[76.52469,21.55967],[76.52455,21.55969],[76.52452,21.55971],[76.52446,21.5597],[76.51998,21.56032],[76.51994,21.56026],[76.51925,21.55884],[76.5186,21.55873],[76.51828,21.55868],[76.5181,21.55557],[76.51818,21.55418],[76.5175,21.55197],[76.51397,21.55204],[76.51257,21.55207],[76.51169,21.55116],[76.51002,21.55119],[76.50756,21.55114],[76.50502,21.55201],[76.50251,21.55282],[76.50169,21.55534],[76.49834,21.55949],[76.49725,21.56173],[76.49445,21.56309],[76.49266,21.56677],[76.48834,21.56782],[76.48716,21.56843],[76.48613,21.56896],[76.48444,21.56853],[76.4805,21.56752],[76.47833,21.56526],[76.47833,21.56525],[76.47327,21.56536],[76.47169,21.56701],[76.47001,21.56782],[76.46669,21.57034],[76.46466,21.57132],[76.46334,21.57539],[76.46167,21.57699],[76.46086,21.57951],[76.45992,21.58226],[76.45594,21.5809],[76.45008,21.58175],[76.44824,21.58202],[76.44764,21.58266],[76.44501,21.58539],[76.44497,21.58539],[76.44435,21.58538],[76.4442,21.58554],[76.44388,21.58543],[76.44371,21.58536],[76.44315,21.58535],[76.44159,21.58532],[76.44143,21.58524],[76.43836,21.58366],[76.4371,21.58305],[76.43534,21.58219],[76.43527,21.58219],[76.43504,21.58217],[76.42919,21.58367],[76.42834,21.58366],[76.42364,21.58462],[76.42293,21.58825],[76.42263,21.58834],[76.42167,21.58865],[76.41999,21.58953],[76.41842,21.59037],[76.41203,21.58869],[76.41097,21.58865],[76.40939,21.58859],[76.4075,21.58948],[76.40586,21.59035],[76.40502,21.59031],[76.4043,21.59034],[76.40335,21.59038],[76.40172,21.59032],[76.40043,21.59026],[76.3971,21.5904],[76.39502,21.59031],[76.39418,21.59035],[76.39168,21.59025],[76.38918,21.59035],[76.38786,21.5903],[76.3876,21.59028],[76.38623,21.59155],[76.38505,21.59283],[76.38503,21.59285],[76.38417,21.59281],[76.38384,21.59299],[76.38102,21.59448],[76.37304,21.59266],[76.37091,21.59036],[76.36851,21.58777],[76.36517,21.58865],[76.36454,21.58881],[76.3625,21.58785],[76.36085,21.58697],[76.35768,21.58865],[76.35753,21.58801],[76.35746,21.58805],[76.35696,21.58604],[76.35628,21.58326],[76.35744,21.57716],[76.35984,21.57725],[76.36061,21.57728],[76.35853,21.57161],[76.35802,21.57022],[76.35735,21.57012],[76.34833,21.56868],[76.34687,21.5679],[76.3467,21.56781],[76.34658,21.56776],[76.34478,21.56691],[76.34301,21.565],[76.34179,21.56368],[76.34004,21.56515],[76.33833,21.57233],[76.335,21.57448],[76.3342,21.57618],[76.32936,21.5793],[76.32936,21.57931],[76.32885,21.58197],[76.32834,21.58465],[76.32272,21.58442],[76.32083,21.58531],[76.31793,21.58731],[76.31494,21.58525],[76.31245,21.58535],[76.31142,21.58539],[76.30911,21.58507],[76.30448,21.58444],[76.30427,21.58385],[76.30425,21.58384],[76.30344,21.58154],[76.30266,21.5793],[76.30394,21.57811],[76.30397,21.57808],[76.30477,21.57722],[76.30545,21.57659],[76.30629,21.57582],[76.30587,21.57531],[76.30517,21.57499],[76.30417,21.57451],[76.30298,21.57389],[76.30252,21.57364],[76.30133,21.57406],[76.30003,21.57451],[76.29583,21.57531],[76.29279,21.57638],[76.2892,21.57448],[76.28489,21.57346],[76.28276,21.57148],[76.2817,21.5705],[76.28173,21.57043],[76.28182,21.57022],[76.28147,21.5699],[76.28221,21.5682],[76.28227,21.56805],[76.28233,21.56794],[76.28308,21.56653],[76.28158,21.56514],[76.27919,21.56293],[76.27902,21.56238],[76.27901,21.56237],[76.27897,21.56233],[76.27791,21.559],[76.27595,21.55718],[76.27587,21.55711],[76.27585,21.5567],[76.27564,21.55651],[76.2756,21.55549],[76.27965,21.55174],[76.27512,21.54881],[76.27476,21.54842],[76.2742,21.54781],[76.27095,21.54572],[76.27093,21.54525],[76.27072,21.54512],[76.27054,21.54058],[76.27205,21.53987],[76.27198,21.5398],[76.27167,21.53951],[76.27158,21.53904],[76.27144,21.53891],[76.27112,21.53724],[76.27002,21.53149],[76.26774,21.53041],[76.26583,21.52951],[76.26571,21.52938],[76.26441,21.52797],[76.26253,21.52698],[76.25667,21.52535],[76.25499,21.52446],[76.25492,21.52442],[76.25491,21.52442],[76.2521,21.52453],[76.24923,21.52442],[76.24875,21.52494],[76.24837,21.52535],[76.24823,21.52547],[76.2475,21.52615],[76.24711,21.52657],[76.24592,21.52785],[76.24502,21.52781],[76.24343,21.52788],[76.24169,21.52626],[76.24164,21.52621],[76.24144,21.526],[76.23988,21.52432],[76.2339,21.5215],[76.22807,21.51773],[76.22806,21.51771],[76.22794,21.51719],[76.22787,21.51715],[76.22784,21.51713],[76.22603,21.50953],[76.22087,21.5079],[76.22098,21.50741],[76.2207,21.50732],[76.22064,21.5073],[76.22144,21.50388],[76.22226,21.50313],[76.22045,21.49971],[76.22052,21.49967],[76.22038,21.49941],[76.22022,21.49911],[76.22552,21.49599],[76.22558,21.49459],[76.22566,21.49266],[76.22009,21.48858],[76.22008,21.48848],[76.22003,21.4881],[76.21986,21.48798],[76.21935,21.48374],[76.21867,21.47804],[76.21668,21.4762],[76.2166,21.47612],[76.21662,21.47574],[76.21649,21.47563],[76.21638,21.47552],[76.21642,21.47449],[76.21649,21.47265],[76.21638,21.46981],[76.21894,21.46805],[76.22227,21.46699],[76.22146,21.46044],[76.22135,21.45956],[76.21917,21.46031],[76.21618,21.46354],[76.21214,21.4637],[76.20439,21.46287],[76.20417,21.46285],[76.20262,21.46118],[76.2,21.46198],[76.19685,21.46365],[76.19552,21.46248],[76.195,21.46201],[76.19491,21.46163],[76.19488,21.46151],[76.19484,21.46147],[76.19477,21.46141],[76.19402,21.45825],[76.18837,21.45365],[76.18212,21.45167],[76.18108,21.45054],[76.18003,21.44942],[76.18003,21.44941],[76.17755,21.44951],[76.17585,21.44958],[76.17483,21.44954],[76.1726,21.44945],[76.17123,21.45072],[76.16929,21.45281],[76.16667,21.45201],[76.16587,21.45115],[76.16458,21.45054],[76.16417,21.45035],[76.16331,21.44989],[76.16253,21.44948],[76.1575,21.44868],[76.15437,21.44702],[76.15084,21.44618],[76.15083,21.44618],[76.15,21.44442],[76.14671,21.44455],[76.14529,21.44357],[76.1442,21.44282],[76.1442,21.44281],[76.13917,21.44201],[76.13803,21.4396],[76.13417,21.43868],[76.13331,21.43775],[76.13312,21.43776],[76.13084,21.43785],[76.12871,21.43612],[76.1267,21.43448],[76.12445,21.43303],[76.12256,21.43181],[76.12085,21.42742],[76.11978,21.42467],[76.11627,21.42356],[76.11639,21.42333],[76.11651,21.4231],[76.11624,21.42302],[76.11605,21.42296],[76.1162,21.42267],[76.11772,21.41979],[76.11336,21.41865],[76.1125,21.41868],[76.10983,21.41774],[76.10614,21.42277],[76.10293,21.4229],[76.09836,21.42272],[76.09453,21.42686],[76.0925,21.42782],[76.09262,21.43089],[76.09163,21.4312],[76.08917,21.43198],[76.08867,21.43511],[76.08837,21.43701],[76.08586,21.43692],[76.08585,21.43692],[76.08452,21.44113],[76.08428,21.44114],[76.08335,21.44118],[76.07993,21.44105],[76.08009,21.44523],[76.07837,21.44848],[76.0783,21.45033],[76.07842,21.45346],[76.07753,21.45535],[76.07408,21.45631],[76.07034,21.45735],[76.06833,21.46115],[76.06722,21.46352],[76.06261,21.46498],[76.06144,21.46865],[76.06,21.46785],[76.05783,21.46618],[76.0567,21.46531],[76.05556,21.46495],[76.05417,21.46451],[76.05285,21.4631],[76.04417,21.46448],[76.04058,21.46638],[76.03711,21.46517],[76.03085,21.46541],[76.02756,21.46528],[76.02585,21.46619],[76.02584,21.46619],[76.02503,21.46531],[76.02439,21.46472],[76.02408,21.46444],[76.02383,21.46391],[76.02216,21.46037],[76.02139,21.46034],[76.02085,21.46031],[76.02055,21.46033],[76.02002,21.46035],[76.01877,21.4603],[76.0175,21.46035],[76.01587,21.45948],[76.01184,21.45821],[76.01172,21.45787],[76.01163,21.45761],[76.01161,21.45761],[76.01061,21.45475],[76.00975,21.45204],[76.00944,21.45202],[76.00793,21.45196],[76.00667,21.45201],[76.00503,21.45115],[76.00417,21.45118],[76.00083,21.45031],[76.00003,21.45618],[75.99917,21.45698],[75.9989,21.45836],[75.99837,21.46118],[75.99832,21.46127],[75.99707,21.46363],[75.99509,21.46781],[75.9925,21.46368],[75.99241,21.4633],[75.99236,21.46322],[75.99227,21.46308],[75.99178,21.46099],[75.99147,21.45971],[75.985,21.45868],[75.98368,21.45798],[75.98336,21.45781],[75.98174,21.45788],[75.97591,21.45548],[75.97093,21.45528],[75.97024,21.45593],[75.97,21.45615],[75.96952,21.45667],[75.96775,21.45857],[75.96418,21.45871],[75.96284,21.45866],[75.9625,21.45865],[75.96065,21.45913],[75.95619,21.4603],[75.95333,21.46041],[75.95102,21.45792],[75.94878,21.45783],[75.94753,21.45778],[75.94724,21.4581],[75.9467,21.45868],[75.9433,21.45949],[75.94343,21.46282],[75.94029,21.4643],[75.93997,21.46445],[75.93985,21.46451],[75.93641,21.46633],[75.92808,21.466],[75.92394,21.46732],[75.92177,21.46933],[75.92003,21.47201],[75.9175,21.47281],[75.91599,21.47444],[75.91377,21.47453],[75.9125,21.47448],[75.91087,21.47535],[75.90756,21.47639],[75.90752,21.47743],[75.9075,21.47783],[75.90751,21.47814],[75.90764,21.48136],[75.90586,21.4817],[75.9,21.48281],[75.89702,21.48439],[75.89101,21.48228],[75.88722,21.48429],[75.88462,21.48306],[75.88417,21.48285],[75.88262,21.48118],[75.87742,21.48277],[75.87535,21.485],[75.87503,21.48535],[75.87447,21.48561],[75.87164,21.48695],[75.87027,21.48842],[75.87003,21.48868],[75.86977,21.48892],[75.86917,21.48948],[75.86837,21.49035],[75.86694,21.49102],[75.86667,21.49115],[75.86645,21.49126],[75.8648,21.49214],[75.8544,21.49173],[75.85234,21.49395],[75.84836,21.49535],[75.84759,21.49532],[75.84375,21.49517],[75.84167,21.49957],[75.83833,21.50115],[75.83732,21.5033],[75.83503,21.50451],[75.8322,21.50585],[75.83027,21.50993],[75.8238,21.51299],[75.82347,21.5152],[75.82328,21.51991],[75.82349,21.52515],[75.82253,21.52618],[75.82086,21.52773],[75.82083,21.52783],[75.81975,21.53123],[75.81745,21.53245],[75.81668,21.53286],[75.81656,21.53279],[75.81615,21.53257],[75.81604,21.53265],[75.81589,21.53248],[75.8158,21.53239],[75.81503,21.53198],[75.81003,21.52962],[75.81021,21.52921],[75.81015,21.52919],[75.80981,21.52902],[75.80991,21.5288],[75.81061,21.52722],[75.81317,21.52387],[75.81311,21.52222],[75.81425,21.51786],[75.81254,21.51628],[75.81252,21.51595],[75.81252,21.51587],[75.81231,21.51568],[75.8123,21.51534],[75.81227,21.51473],[75.81231,21.5137],[75.81232,21.51349],[75.81197,21.5131],[75.8117,21.51281],[75.81126,21.51241],[75.81071,21.51189],[75.8107,21.51189],[75.81072,21.51152],[75.81061,21.51142],[75.81048,21.5113],[75.81062,21.50769],[75.81066,21.50682],[75.81045,21.5066],[75.81003,21.50615],[75.80873,21.50495],[75.80687,21.50294],[75.80314,21.50131],[75.80087,21.50031],[75.7975,21.49951],[75.7942,21.49698],[75.79064,21.4953],[75.78754,21.49384],[75.78752,21.49337],[75.78752,21.49334],[75.78731,21.49324],[75.78727,21.49223],[75.78734,21.4905],[75.78736,21.49015],[75.78578,21.4887],[75.78578,21.48869],[75.78599,21.4885],[75.78587,21.48838],[75.78556,21.4881],[75.78811,21.48573],[75.78774,21.4845],[75.78748,21.48362],[75.78651,21.48317],[75.78583,21.48285],[75.78569,21.48239],[75.78565,21.48227],[75.78562,21.48225],[75.78561,21.48225],[75.78498,21.48027],[75.7829,21.47834],[75.7831,21.47814],[75.7831,21.47813],[75.78268,21.47775],[75.78268,21.47774],[75.78394,21.47638],[75.78499,21.47541],[75.78524,21.47518],[75.78721,21.47306],[75.79067,21.47272],[75.79599,21.47221],[75.795,21.47035],[75.79237,21.46359],[75.79116,21.46364],[75.78677,21.46381],[75.78494,21.45938],[75.78477,21.45896],[75.78479,21.45894],[75.78455,21.45836],[75.78561,21.45722],[75.78684,21.45608],[75.78005,21.45074],[75.78004,21.45043],[75.78003,21.45031],[75.77985,21.45016],[75.77982,21.45014],[75.77977,21.4489],[75.7798,21.44816],[75.77981,21.44807],[75.77979,21.44768],[75.77975,21.4466],[75.78061,21.44388],[75.78231,21.44141],[75.78443,21.43813],[75.78827,21.43722],[75.78562,21.43337],[75.78555,21.43326],[75.78563,21.43311],[75.78551,21.43294],[75.78532,21.43267],[75.78714,21.42923],[75.78485,21.42775],[75.78262,21.42535],[75.77917,21.42615],[75.77732,21.42712],[75.77732,21.42713],[75.7717,21.42281],[75.76949,21.42177],[75.7698,21.42143],[75.76926,21.42117],[75.76995,21.42042],[75.77101,21.41928],[75.77286,21.41757],[75.77286,21.41756],[75.77078,21.41591],[75.76999,21.41528],[75.76926,21.41531],[75.76793,21.41536],[75.76357,21.41519],[75.7607,21.41671],[75.75849,21.41465],[75.7567,21.413],[75.75679,21.41269],[75.75671,21.41262],[75.75647,21.4124],[75.75657,21.41206],[75.75727,21.40972],[75.75865,21.40712],[75.75686,21.40627],[75.75667,21.40618],[75.75542,21.40484],[75.7517,21.40198],[75.7475,21.40118],[75.7467,21.40031],[75.74328,21.39923],[75.7417,21.39873],[75.74168,21.3982],[75.74158,21.39817],[75.74148,21.39813],[75.74135,21.39489],[75.74264,21.39246],[75.74003,21.39285],[75.73877,21.3928],[75.7371,21.39273],[75.73201,21.39293],[75.73168,21.39295],[75.73149,21.39294],[75.72835,21.39281],[75.72668,21.39288],[75.72053,21.39264],[75.71777,21.39253],[75.7167,21.39368],[75.71417,21.39531],[75.71417,21.39532],[75.71394,21.39697],[75.71337,21.40118],[75.71113,21.40443],[75.70833,21.40531],[75.70664,21.40621],[75.70377,21.4061],[75.70157,21.40619],[75.70003,21.40785],[75.69987,21.40788],[75.69583,21.40865],[75.69253,21.41118],[75.69234,21.41117],[75.69168,21.41115],[75.69086,21.41118],[75.69085,21.41118],[75.69032,21.41116],[75.68765,21.41105],[75.68655,21.41797],[75.682,21.42011],[75.67753,21.42285],[75.67733,21.42291],[75.67373,21.42405],[75.67253,21.42535],[75.67113,21.42664],[75.665,21.42781],[75.66393,21.43009],[75.66389,21.43094],[75.66388,21.4313],[75.66404,21.43161],[75.66506,21.43353],[75.66503,21.43364],[75.66506,21.43371],[75.66504,21.43425],[75.66489,21.43804],[75.66333,21.43948],[75.66253,21.44118],[75.65901,21.44229],[75.65245,21.44733],[75.65554,21.44879],[75.65619,21.45002],[75.65676,21.45041],[75.65667,21.45283],[75.6567,21.45366],[75.65667,21.4545],[75.65677,21.4572],[75.6568,21.45782],[75.6566,21.45788],[75.65417,21.45865],[75.65337,21.46118],[75.6522,21.46338],[75.645,21.46948],[75.64447,21.47124],[75.6448,21.47233],[75.64547,21.47295],[75.64649,21.4739],[75.64637,21.47401],[75.64628,21.47409],[75.64672,21.4745],[75.64644,21.47475],[75.64583,21.47531],[75.64503,21.48035],[75.644,21.48131],[75.63954,21.48113],[75.63837,21.47865],[75.63698,21.47799],[75.63667,21.47785],[75.63577,21.47595],[75.63158,21.47704],[75.62874,21.47693],[75.62752,21.47688],[75.62569,21.47695],[75.62418,21.47701],[75.62252,21.47695],[75.62184,21.47787],[75.62184,21.47788],[75.62198,21.47847],[75.62224,21.47961],[75.62378,21.484],[75.6239,21.48435],[75.62389,21.48435],[75.62391,21.48441],[75.62394,21.4845],[75.62391,21.4845],[75.62357,21.48445],[75.62074,21.48531],[75.61972,21.48421],[75.61771,21.48204],[75.615,21.48118],[75.61236,21.48025],[75.60762,21.48044],[75.60555,21.47885],[75.6042,21.47782],[75.6042,21.47781],[75.60238,21.47738],[75.59969,21.47674],[75.59878,21.47577],[75.59835,21.4753],[75.59753,21.47618],[75.5898,21.47724],[75.58898,21.47695],[75.58644,21.47606],[75.58293,21.4762],[75.57937,21.47606],[75.57691,21.47596],[75.57585,21.47677],[75.57337,21.47868],[75.57154,21.47954],[75.5671,21.47937],[75.5633,21.47952],[75.56348,21.48407],[75.56249,21.48784],[75.56647,21.48972],[75.56681,21.49044],[75.56728,21.49143],[75.56967,21.49017],[75.56977,21.49057],[75.57028,21.4925],[75.57078,21.49356],[75.57098,21.494],[75.57079,21.49903],[75.57246,21.50011],[75.57314,21.50055],[75.57399,21.50236],[75.57502,21.50331],[75.5764,21.50459],[75.57645,21.50571],[75.57701,21.5069],[75.57579,21.51389],[75.56791,21.5154],[75.56439,21.51526],[75.5607,21.51622],[75.5609,21.52115],[75.56003,21.52195],[75.56,21.52198],[75.5592,21.52368],[75.55889,21.52414],[75.55719,21.52659],[75.55195,21.52825],[75.5508,21.52862],[75.55073,21.52869],[75.54901,21.53055],[75.54716,21.53447],[75.53989,21.52663],[75.53583,21.52535],[75.53294,21.52433],[75.53279,21.52434],[75.5271,21.52456],[75.52541,21.5245],[75.52502,21.52448],[75.52443,21.5245],[75.52377,21.52453],[75.52338,21.52452],[75.52106,21.52442],[75.5164,21.52564],[75.51505,21.52493],[75.5142,21.52448],[75.51016,21.52464],[75.50473,21.52023],[75.50129,21.52036],[75.50017,21.52041],[75.49923,21.52008],[75.49701,21.5193],[75.49246,21.52171],[75.48659,21.52283],[75.48497,21.52458],[75.48503,21.52621],[75.4821,21.5261],[75.47784,21.52627],[75.47684,21.52838],[75.4767,21.52868],[75.47635,21.52875],[75.47614,21.52878],[75.47609,21.52888],[75.47584,21.52884],[75.47241,21.52948],[75.47187,21.5289],[75.47046,21.52738],[75.46419,21.5254],[75.46337,21.52365],[75.46167,21.52285],[75.46148,21.52227],[75.46147,21.52226],[75.46144,21.52225],[75.46111,21.52119],[75.46083,21.52031],[75.45691,21.51937],[75.45568,21.51942],[75.45256,21.51955],[75.45181,21.51915],[75.45051,21.51846],[75.44441,21.5187],[75.44293,21.51876],[75.43303,21.51837],[75.42965,21.52016],[75.42333,21.52281],[75.42127,21.52391],[75.4192,21.52281],[75.4171,21.5229],[75.41507,21.52282],[75.41377,21.52276],[75.41311,21.52279],[75.41168,21.52285],[75.40601,21.52262],[75.40575,21.52291],[75.40503,21.52368],[75.39917,21.52448],[75.39892,21.5247],[75.39725,21.52616],[75.39723,21.52674],[75.40089,21.53013],[75.40404,21.53305],[75.4039,21.53331],[75.40426,21.53365],[75.40421,21.53375],[75.4025,21.53698],[75.4017,21.53868],[75.40083,21.53948],[75.40003,21.54035],[75.39918,21.54031],[75.38885,21.54072],[75.3856,21.54576],[75.38395,21.54698],[75.37838,21.54503],[75.36998,21.54059],[75.3667,21.54285],[75.36281,21.54408],[75.36279,21.5441],[75.36078,21.54628],[75.35474,21.54604],[75.33502,21.54701],[75.33043,21.54683],[75.32417,21.54708],[75.32295,21.54577],[75.32253,21.54531],[75.32212,21.54494],[75.32167,21.54451],[75.32143,21.54426],[75.32087,21.54365],[75.31722,21.54193],[75.31447,21.54204],[75.31325,21.54845],[75.31197,21.54886],[75.31,21.54948],[75.30574,21.55123],[75.30598,21.5574],[75.30301,21.5588],[75.29348,21.55842],[75.29166,21.56125],[75.28917,21.56115],[75.28671,21.56179],[75.28585,21.56202],[75.28337,21.56115],[75.27651,21.55952],[75.27556,21.56002],[75.27252,21.56163],[75.27002,21.56031],[75.26573,21.56121],[75.26487,21.56117],[75.26156,21.56104],[75.26179,21.56676],[75.26077,21.56967],[75.25546,21.56856],[75.25291,21.56866],[75.24462,21.56899],[75.24337,21.57035],[75.23869,21.57146],[75.23813,21.57159],[75.22535,21.57026],[75.2242,21.56782],[75.2242,21.56781],[75.2221,21.56628],[75.2204,21.56503],[75.21333,21.56368],[75.21302,21.56335],[75.21293,21.56325],[75.20908,21.56669],[75.20996,21.56834],[75.20995,21.56848],[75.20996,21.56849],[75.21012,21.56878],[75.21027,21.56906],[75.20998,21.57386],[75.20412,21.57261],[75.20366,21.57264],[75.19914,21.57291],[75.1882,21.57057],[75.18254,21.57452],[75.17916,21.57531],[75.17759,21.57707],[75.17583,21.57864],[75.17504,21.57952],[75.17337,21.58085],[75.17302,21.58114],[75.17262,21.581],[75.16834,21.57946],[75.16807,21.57976],[75.16686,21.58112],[75.16644,21.58131],[75.16484,21.58204],[75.16507,21.58575],[75.16498,21.58717],[75.16167,21.58697],[75.1592,21.58786],[75.15833,21.5878],[75.15602,21.58906],[75.15333,21.59207],[75.15047,21.5919],[75.14627,21.58962],[75.14296,21.59141],[75.13682,21.59105],[75.13351,21.58874],[75.13334,21.58862],[75.1321,21.59001],[75.13138,21.58921],[75.13008,21.58775],[75.12714,21.5898],[75.12094,21.58943],[75.11975,21.58893],[75.11504,21.58697],[75.10999,21.58619],[75.10924,21.58535],[75.10897,21.58504],[75.1025,21.58619],[75.10243,21.58615],[75.10087,21.58531],[75.09693,21.58469],[75.09583,21.58452],[75.09465,21.58361],[75.09254,21.58197],[75.08956,21.58061],[75.08704,21.57945],[75.08331,21.57888],[75.07653,21.57785],[75.07504,21.57952],[75.07367,21.58031],[75.06359,21.57815],[75.06254,21.57697],[75.06144,21.57599],[75.06117,21.57575],[75.05936,21.57779],[75.05749,21.57864],[75.05587,21.57952],[75.04999,21.58031],[75.04543,21.58128],[75.04337,21.58452],[75.04083,21.58531],[75.04004,21.58952],[75.03627,21.59226],[75.03258,21.59026],[75.03188,21.59064],[75.03006,21.59163],[75.02749,21.59281],[75.02473,21.59474],[75.01754,21.59197],[75.01683,21.59187],[75.01236,21.59119],[75.00951,21.59438],[75.00645,21.59579],[75.00317,21.5935],[75.00171,21.59031],[74.99999,21.58952],[74.99685,21.58733],[74.99631,21.58726],[74.98833,21.58619],[74.98615,21.58501],[74.97798,21.58588],[74.975,21.58619],[74.97287,21.58503],[74.96805,21.58765],[74.95641,21.58696],[74.95405,21.58568],[74.9529,21.58505],[74.95213,21.58483],[74.94811,21.58369],[74.94529,21.58684],[74.94399,21.59104],[74.93893,21.59222],[74.94004,21.59531],[74.94031,21.59681],[74.94083,21.59967],[74.93752,21.59947],[74.93667,21.59952],[74.93635,21.59941],[74.9342,21.59864],[74.93108,21.59882],[74.92634,21.59625],[74.92216,21.59528],[74.92015,21.5954],[74.91621,21.59434],[74.91542,21.59413],[74.91432,21.59431],[74.91182,21.59472],[74.91314,21.59722],[74.91394,21.59891],[74.91564,21.59972],[74.91809,21.60101],[74.92034,21.60207],[74.92064,21.60222],[74.92084,21.60232],[74.92253,21.60322],[74.92251,21.6037],[74.92274,21.60382],[74.92287,21.6039],[74.92258,21.60888],[74.92241,21.6117],[74.91981,21.61289],[74.91793,21.61278],[74.91679,21.61285],[74.91667,21.61286],[74.91401,21.61245],[74.91377,21.61241],[74.91376,21.61242],[74.91333,21.61281],[74.91215,21.61413],[74.91083,21.61531],[74.91023,21.61607],[74.91234,21.61802],[74.91452,21.62037],[74.91426,21.62047],[74.91429,21.6205],[74.91473,21.62099],[74.90999,21.62281],[74.90942,21.62369],[74.91241,21.62562],[74.91255,21.62609],[74.91258,21.62616],[74.91269,21.62624],[74.91416,21.63141],[74.91166,21.63364],[74.91074,21.63564],[74.91097,21.63935],[74.90999,21.64114],[74.90921,21.64702],[74.90583,21.64947],[74.90494,21.65047],[74.90485,21.65056],[74.90477,21.65083],[74.90337,21.65535],[74.90179,21.65827],[74.89764,21.66017],[74.89325,21.6586],[74.89085,21.65874],[74.88916,21.65864],[74.88843,21.65945],[74.88837,21.65952],[74.88705,21.6607],[74.88682,21.66096],[74.88587,21.66202],[74.88199,21.66292],[74.88191,21.66292],[74.8796,21.66278],[74.87797,21.66288],[74.87771,21.66289],[74.87606,21.66668],[74.87821,21.66769],[74.87957,21.66833],[74.88293,21.67631],[74.8829,21.67633],[74.88299,21.67654],[74.88315,21.67693],[74.87916,21.67947],[74.87587,21.68202],[74.87422,21.68278],[74.87484,21.68395],[74.87564,21.68547],[74.87564,21.68558],[74.87583,21.68592],[74.87588,21.68603],[74.87584,21.68671],[74.87581,21.68716],[74.87372,21.68903],[74.87254,21.69035],[74.86972,21.69215],[74.8707,21.694],[74.8707,21.69409],[74.8707,21.69415],[74.87088,21.69448],[74.87096,21.69464],[74.87087,21.69627],[74.87082,21.69711],[74.86644,21.69913],[74.86676,21.70449],[74.87339,21.70576],[74.87628,21.70888],[74.87908,21.70954],[74.87982,21.70972],[74.8797,21.70995],[74.87957,21.7102],[74.88006,21.71031],[74.87837,21.71342],[74.87763,21.71692],[74.88064,21.71972],[74.88071,21.7198],[74.88225,21.72145],[74.88364,21.72139],[74.88479,21.72135],[74.88676,21.72143],[74.88655,21.72201],[74.88656,21.72201],[74.88689,21.72203],[74.887,21.72204],[74.8857,21.72566],[74.88787,21.72768],[74.88769,21.72785],[74.88815,21.72826],[74.88818,21.72829],[74.88484,21.73128],[74.88004,21.73099],[74.8779,21.73338],[74.8713,21.72478],[74.87035,21.72585],[74.87004,21.72619],[74.86968,21.72639],[74.86862,21.72697],[74.8649,21.72438],[74.86226,21.72454],[74.85965,21.72746],[74.85789,21.72903],[74.85671,21.73035],[74.85583,21.73114],[74.85538,21.73184],[74.85366,21.73454],[74.85355,21.73453],[74.85059,21.73436],[74.85051,21.73427],[74.84921,21.73281],[74.84575,21.732],[74.84514,21.73067],[74.84421,21.72864],[74.84236,21.72807],[74.84166,21.72785],[74.84087,21.72614],[74.83813,21.72378],[74.83802,21.72369],[74.83442,21.72771],[74.82749,21.72864],[74.826,21.72945],[74.82587,21.72952],[74.81999,21.73031],[74.81792,21.73159],[74.8208,21.73345],[74.82276,21.73471],[74.82278,21.73483],[74.82287,21.73522],[74.823,21.7353],[74.82416,21.74055],[74.82406,21.74055],[74.82002,21.74031],[74.81814,21.74042],[74.81671,21.74202],[74.81583,21.74281],[74.81515,21.745],[74.81504,21.74535],[74.81503,21.74538],[74.81397,21.74732],[74.81223,21.74887],[74.80678,21.74855],[74.80571,21.7566],[74.80647,21.75805],[74.80669,21.75862],[74.80671,21.75864],[74.80697,21.75932],[74.80889,21.76426],[74.80887,21.76427],[74.80904,21.7647],[74.80911,21.76489],[74.80583,21.76697],[74.80554,21.76746],[74.80296,21.77189],[74.79999,21.77281],[74.79587,21.77929],[74.79501,21.78297],[74.79253,21.78518],[74.79171,21.78785],[74.79078,21.78957],[74.78793,21.7894],[74.78557,21.78954],[74.78092,21.79207],[74.77702,21.79386],[74.77293,21.79361],[74.76739,21.79394],[74.76536,21.79407],[74.76421,21.79535],[74.75499,21.79697],[74.75117,21.79964],[74.74798,21.7985],[74.74606,21.79635],[74.74548,21.7957],[74.74166,21.79452],[74.73999,21.79362],[74.73971,21.79346],[74.73961,21.79346],[74.73584,21.79369],[74.72568,21.79279],[74.71993,21.78636],[74.71994,21.7862],[74.71972,21.78596],[74.71986,21.78265],[74.71954,21.78251],[74.71647,21.7811],[74.71335,21.78129],[74.71002,21.78109],[74.70793,21.78121],[74.70788,21.78121],[74.70618,21.78111],[74.69585,21.78202],[74.69561,21.78201],[74.69327,21.78187],[74.68654,21.776],[74.68276,21.77426],[74.68271,21.77424],[74.68171,21.77535],[74.67863,21.77571],[74.67499,21.77614],[74.67085,21.77703],[74.66927,21.77669],[74.6667,21.77614],[74.66584,21.77619],[74.66507,21.77603],[74.66115,21.77519],[74.65773,21.77539],[74.65332,21.77848],[74.65368,21.77917],[74.65436,21.78044],[74.65435,21.78046],[74.65433,21.78053],[74.65461,21.78106],[74.6519,21.78862],[74.64967,21.78814],[74.64375,21.78688],[74.6418,21.79113],[74.63878,21.79305],[74.63416,21.79447],[74.63337,21.79869],[74.62684,21.79991],[74.62339,21.80377],[74.61798,21.80183],[74.61587,21.79947],[74.61233,21.79869],[74.61004,21.80369],[74.60874,21.80609],[74.60249,21.80781],[74.60087,21.80869],[74.6007,21.80874],[74.5982,21.80951],[74.59809,21.80964],[74.59671,21.81119],[74.59333,21.81197],[74.58963,21.81297],[74.58962,21.81297],[74.58934,21.81388],[74.58837,21.81702],[74.58749,21.81864],[74.58722,21.81951],[74.58667,21.82131],[74.58642,21.82153],[74.58423,21.82349],[74.58358,21.82489],[74.58337,21.82535],[74.58293,21.82556],[74.58166,21.82614],[74.58087,21.82702],[74.57784,21.82864],[74.57226,21.82561],[74.57136,21.82512],[74.56966,21.82321],[74.56658,21.82806],[74.56437,21.83003],[74.56337,21.83535],[74.5621,21.83864],[74.55623,21.83707],[74.55584,21.83697],[74.55265,21.8387],[74.55168,21.83864],[74.5487,21.83882],[74.54587,21.84036],[74.54274,21.84017],[74.54226,21.84043],[74.54058,21.84135],[74.53915,21.84096],[74.53624,21.84018],[74.53328,21.84036],[74.53333,21.84121],[74.53345,21.84155],[74.53354,21.84182],[74.53339,21.84229],[74.5335,21.84408],[74.53287,21.84437],[74.53083,21.84531],[74.53008,21.84929],[74.53004,21.84952],[74.52833,21.85197],[74.52512,21.85748],[74.52498,21.85771],[74.52509,21.85955],[74.52325,21.86295],[74.52012,21.86276],[74.51753,21.86369],[74.51452,21.86351],[74.51391,21.86373],[74.51144,21.86461],[74.50948,21.86681],[74.50654,21.86522],[74.50357,21.86539],[74.49691,21.86438],[74.49627,21.86298],[74.49504,21.86031],[74.49333,21.85952],[74.49269,21.85918],[74.49171,21.85864],[74.48692,21.85814],[74.4835,21.85779],[74.48337,21.8572],[74.48328,21.85719],[74.4831,21.85643],[74.48241,21.85345],[74.48049,21.8507],[74.47791,21.85022],[74.47305,21.84931],[74.47125,21.84729],[74.47124,21.84729],[74.4583,21.84619],[74.45817,21.84617],[74.45652,21.84528],[74.45466,21.84427],[74.45465,21.84426],[74.45485,21.8439],[74.45475,21.84384],[74.45443,21.84367],[74.45565,21.84142],[74.45643,21.83971],[74.4569,21.83885],[74.45732,21.83808],[74.4573,21.83774],[74.45727,21.83723],[74.45745,21.83407],[74.45753,21.83279],[74.45499,21.82952],[74.45498,21.82939],[74.45495,21.82915],[74.45486,21.82905],[74.45477,21.82892],[74.45398,21.82282],[74.45569,21.81967],[74.45555,21.81733],[74.45631,21.81522],[74.45333,21.81452],[74.44671,21.81197],[74.44333,21.81119],[74.44115,21.8095],[74.43982,21.80847],[74.43666,21.80702],[74.43605,21.80655],[74.43316,21.80431],[74.43119,21.80341],[74.42932,21.80255],[74.42914,21.80197],[74.4291,21.80195],[74.42813,21.79882],[74.4246,21.79773],[74.42235,21.79787],[74.42048,21.79996],[74.41881,21.80145],[74.41772,21.80086],[74.41671,21.80031],[74.41454,21.79931],[74.41131,21.7957],[74.40691,21.79177],[74.39428,21.78883],[74.3946,21.78836],[74.39461,21.78836],[74.39405,21.78823],[74.39645,21.7848],[74.39295,21.78399],[74.39062,21.78345],[74.38818,21.78377],[74.38183,21.78461],[74.37995,21.78359],[74.37564,21.78385],[74.37372,21.78396],[74.37187,21.78267],[74.37016,21.78148],[74.36863,21.77976],[74.36829,21.77938],[74.36585,21.77952],[74.36502,21.77947],[74.36376,21.77955],[74.3467,21.77848],[74.33784,21.78006],[74.33544,21.77629],[74.33539,21.77621],[74.33535,21.77604],[74.3353,21.77582],[74.33522,21.77571],[74.33516,21.77561],[74.33444,21.7725],[74.33411,21.7711],[74.33168,21.76998],[74.32972,21.76908],[74.32837,21.76614],[74.32416,21.76535],[74.31575,21.76154],[74.31576,21.76145],[74.31578,21.76106],[74.31557,21.76096],[74.31553,21.76094],[74.31567,21.75851],[74.31372,21.75727],[74.31118,21.75565],[74.311,21.75509],[74.31098,21.75508],[74.31095,21.75505],[74.31039,21.75323],[74.30955,21.75053],[74.30666,21.74869],[74.30637,21.74806],[74.30587,21.74697],[74.30486,21.74512],[74.29933,21.74545],[74.29857,21.74503],[74.29754,21.74447],[74.29249,21.74369],[74.29154,21.74335],[74.28991,21.74276],[74.28938,21.74279],[74.28835,21.74286],[74.28704,21.74278],[74.27717,21.73513],[74.27531,21.73368],[74.27459,21.73357],[74.26999,21.73285],[74.2699,21.73282],[74.26676,21.73169],[74.26257,21.72942],[74.26047,21.72954],[74.25398,21.72602],[74.25321,21.7256],[74.2518,21.72527],[74.24279,21.72318],[74.23179,21.72383],[74.23087,21.72281],[74.22763,21.71991],[74.22778,21.71965],[74.22741,21.71931],[74.22944,21.71557],[74.23136,21.71136],[74.22949,21.70869],[74.22793,21.70645],[74.22617,21.70262],[74.22523,21.70057],[74.22524,21.70056],[74.22526,21.70052],[74.22518,21.70035],[74.225,21.69997],[74.22648,21.69726],[74.22719,21.69408],[74.22439,21.69157],[74.21834,21.69286],[74.21315,21.68845],[74.21095,21.68858],[74.20512,21.68893],[74.20196,21.68539],[74.19528,21.68718],[74.19376,21.68635],[74.19337,21.68614],[74.19166,21.68535],[74.19154,21.68529],[74.19004,21.68447],[74.18802,21.68385],[74.18749,21.68369],[74.18523,21.68269],[74.18171,21.68114],[74.17811,21.68035],[74.17587,21.68285],[74.17366,21.68387],[74.17035,21.68207],[74.16718,21.68109],[74.16421,21.67947],[74.15881,21.67847],[74.15539,21.67969],[74.15445,21.67964],[74.15152,21.67946],[74.15045,21.67827],[74.15004,21.67781],[74.14978,21.67764],[74.14749,21.67619],[74.1449,21.67438],[74.14269,21.67451],[74.1421,21.67455],[74.13953,21.67439],[74.13185,21.67603],[74.13004,21.67702],[74.12803,21.67795],[74.12587,21.68035],[74.12311,21.68281],[74.11418,21.67796],[74.11408,21.67743],[74.11395,21.67736],[74.11322,21.67342],[74.11166,21.67119],[74.11073,21.66917],[74.10858,21.66725],[74.10817,21.66688],[74.09683,21.66476],[74.09572,21.66537],[74.09421,21.66619],[74.09191,21.6669],[74.09158,21.667],[74.09004,21.67035],[74.08687,21.67445],[74.08454,21.67551],[74.07972,21.67351],[74.07604,21.67373],[74.07585,21.67374],[74.07477,21.67367],[74.07078,21.67344],[74.07022,21.67323],[74.06467,21.67124],[74.06171,21.67285],[74.06045,21.67298],[74.05416,21.67364],[74.05337,21.67452],[74.05096,21.67667],[74.05002,21.67874],[74.04833,21.67864],[74.04587,21.67952],[74.0428,21.68019],[74.04227,21.68031],[74.0384,21.6782],[74.03644,21.6773],[74.03483,21.67656],[74.03324,21.67754],[74.0299,21.67961],[74.02995,21.68041],[74.03004,21.682],[74.02996,21.68337],[74.02993,21.68388],[74.02833,21.68531],[74.02675,21.68707],[74.02645,21.68691],[74.02504,21.68614],[74.0239,21.68579],[74.02212,21.68524],[74.0212,21.6838],[74.01917,21.6806],[74.0187,21.68039],[74.01499,21.67869],[74.01442,21.67805],[74.01421,21.67781],[74.01249,21.67702],[74.01013,21.67574],[74.00949,21.67539],[74.00644,21.67452],[74.00337,21.67619],[74.0025,21.67646],[74.00083,21.67697],[74.00017,21.67733],[73.99869,21.67814],[73.99671,21.68035],[73.99416,21.68114],[73.99358,21.68179],[73.99337,21.68202],[73.99315,21.68222],[73.99249,21.68281],[73.99116,21.6843],[73.99101,21.68362],[73.991,21.68362],[73.99094,21.6837],[73.98983,21.67896],[73.9882,21.67595],[73.98377,21.67621],[73.9824,21.67613],[73.98042,21.67183],[73.98012,21.67118],[73.97815,21.67036],[73.97814,21.67035],[73.97336,21.6737],[73.96909,21.67278],[73.9646,21.67781],[73.95925,21.67844],[73.95723,21.67867],[73.95633,21.67899],[73.95241,21.6804],[73.95215,21.68038],[73.95002,21.68026],[73.94886,21.68278],[73.94123,21.68397],[73.94039,21.68338],[73.93837,21.68197],[73.93701,21.68135],[73.9349,21.68038],[73.9349,21.68035],[73.93495,21.67991],[73.93467,21.67978],[73.93578,21.66937],[73.93557,21.66598],[73.93567,21.66436],[73.93002,21.66107],[73.92987,21.66098],[73.92977,21.66067],[73.92969,21.66041],[73.92964,21.66038],[73.92939,21.65955],[73.92832,21.65612],[73.92739,21.65569],[73.92636,21.65522],[73.92553,21.65429],[73.92421,21.65281],[73.92342,21.65237],[73.92279,21.65202],[73.91873,21.65485],[73.91686,21.65695],[73.91499,21.65781],[73.91337,21.65869],[73.9127,21.65865],[73.91154,21.65858],[73.90987,21.65493],[73.90987,21.65484],[73.90964,21.65433],[73.90977,21.65212],[73.90981,21.6514],[73.90962,21.64817],[73.91112,21.64541],[73.91148,21.64475],[73.91147,21.6445],[73.91143,21.64381],[73.91023,21.64344],[73.90833,21.64285],[73.90775,21.64254],[73.90132,21.63905],[73.89516,21.63456],[73.89475,21.63427],[73.89296,21.63144],[73.892,21.62994],[73.8917,21.62946],[73.89148,21.62952],[73.88835,21.63036],[73.88813,21.6303],[73.88487,21.62943],[73.88277,21.62887],[73.88171,21.63119],[73.88012,21.6326],[73.87955,21.63351],[73.87935,21.63382],[73.8787,21.63484],[73.87844,21.63525],[73.87792,21.63607],[73.87319,21.63753],[73.87293,21.63761],[73.87263,21.63664],[73.87259,21.6365],[73.87255,21.63651],[73.87254,21.63647],[73.87238,21.63596],[73.87231,21.63573],[73.87178,21.634],[73.8717,21.63376],[73.87161,21.63347],[73.86994,21.63197],[73.86946,21.63154],[73.86908,21.6312],[73.8687,21.63087],[73.86822,21.63044],[73.86748,21.62977],[73.8675,21.62939],[73.86725,21.62917],[73.8674,21.62659],[73.86734,21.62643],[73.86724,21.62614],[73.86719,21.626],[73.86648,21.62403],[73.86607,21.62313],[73.86594,21.62286],[73.86594,21.62285],[73.86312,21.62106],[73.86167,21.61943],[73.8616,21.61936],[73.8551,21.62035],[73.85491,21.62037],[73.85456,21.62043],[73.85154,21.62025],[73.85104,21.61915],[73.85085,21.61874],[73.85004,21.61697],[73.84972,21.61669],[73.84906,21.6161],[73.84908,21.61583],[73.84908,21.61572],[73.84884,21.6155],[73.84895,21.61354],[73.84915,21.61026],[73.84761,21.60888],[73.84756,21.60884],[73.84734,21.60835],[73.84707,21.60777],[73.84671,21.60697],[73.8461,21.6061],[73.84561,21.60541],[73.84504,21.60459],[73.84499,21.60452],[73.84501,21.60426],[73.84489,21.6041],[73.84476,21.60392],[73.84477,21.60385],[73.84481,21.60312],[73.84492,21.60123],[73.84494,21.60093],[73.84495,21.60079],[73.8443,21.60007],[73.84385,21.59956],[73.83643,21.59818],[73.83673,21.60325],[73.83671,21.6037],[73.83665,21.60457],[73.83314,21.60436],[73.83266,21.60433],[73.83132,21.6055],[73.82671,21.60952],[73.82218,21.61031],[73.82104,21.60902],[73.82009,21.60796],[73.81968,21.6075],[73.81941,21.6072],[73.81893,21.60667],[73.81879,21.60651],[73.81401,21.60822],[73.81392,21.60818],[73.81325,21.60781],[73.81314,21.60786],[73.81293,21.60767],[73.81284,21.60759],[73.81263,21.60748],[73.81095,21.60656],[73.80962,21.60584],[73.80996,21.60535],[73.8101,21.60515],[73.80971,21.60479],[73.81033,21.6039],[73.81046,21.60372],[73.81083,21.60319],[73.8113,21.60252],[73.81193,21.60162],[73.812,21.6012],[73.81213,21.60046],[73.81156,21.59758],[73.8092,21.59548],[73.8091,21.59539],[73.80912,21.59506],[73.80913,21.59502],[73.80904,21.59494],[73.80888,21.5948],[73.80894,21.5937],[73.80895,21.59359],[73.80912,21.59072],[73.80874,21.59002],[73.80787,21.58842],[73.80731,21.58738],[73.80706,21.58692],[73.80663,21.58614],[73.80656,21.58603],[73.80643,21.58581],[73.80417,21.58704],[73.80396,21.5868],[73.80345,21.58623],[73.80281,21.58551],[73.80051,21.58676],[73.80003,21.58702],[73.79882,21.58695],[73.79867,21.58647],[73.79825,21.5851],[73.7982,21.58493],[73.7981,21.58476],[73.79738,21.58242],[73.79737,21.58239],[73.79695,21.58138],[73.79667,21.58071],[73.79666,21.5807],[73.79633,21.57989],[73.79596,21.57901],[73.79579,21.57874],[73.79557,21.5784],[73.7954,21.57813],[73.79523,21.57797],[73.79409,21.57696],[73.79399,21.57687],[73.79372,21.57663],[73.79358,21.5765],[73.7877,21.57537],[73.7876,21.57541],[73.78747,21.57627],[73.78699,21.57946],[73.78704,21.57981],[73.78727,21.58142],[73.78743,21.58157],[73.78761,21.58173],[73.78949,21.58341],[73.78977,21.58366],[73.78947,21.58386],[73.78941,21.5839],[73.78946,21.58396],[73.78999,21.58461],[73.78666,21.58614],[73.78309,21.58863],[73.78004,21.58697],[73.7717,21.58619],[73.77015,21.58605],[73.76694,21.5838],[73.76662,21.58358],[73.76644,21.58378],[73.76631,21.58393],[73.76476,21.58567],[73.76337,21.58869],[73.76292,21.58879],[73.76281,21.58881],[73.76279,21.58888],[73.76265,21.58885],[73.75986,21.58947],[73.75948,21.58904],[73.75787,21.58724],[73.75618,21.58685],[73.7531,21.58614],[73.75245,21.5854],[73.75185,21.58473],[73.75136,21.58419],[73.75109,21.58388],[73.75087,21.58364],[73.74978,21.5837],[73.74973,21.58382],[73.74951,21.58439],[73.74945,21.58454],[73.74754,21.58952],[73.74666,21.59031],[73.74604,21.59167],[73.74601,21.59172],[73.74574,21.5923],[73.7458,21.59318],[73.74589,21.59475],[73.74604,21.59729],[73.74179,21.5986],[73.74166,21.59864],[73.74127,21.59885],[73.73912,21.60002],[73.73423,21.59737],[73.72841,21.59601],[73.72683,21.5985],[73.7267,21.59869],[73.72545,21.59862],[73.72304,21.59775],[73.71925,21.59639],[73.71895,21.59572],[73.71848,21.59472],[73.71804,21.59376],[73.71416,21.59285],[73.71392,21.59258],[73.71347,21.59209],[73.71315,21.59172],[73.71275,21.59127],[73.71241,21.59106],[73.7124,21.59105],[73.71118,21.59027],[73.71088,21.59008],[73.71076,21.59001],[73.70994,21.58949],[73.70936,21.58912],[73.70871,21.58871],[73.7086,21.58863],[73.70819,21.58838],[73.70822,21.58795],[73.70822,21.58794],[73.70797,21.58778],[73.70813,21.58502],[73.70822,21.58356],[73.70822,21.58348],[73.70815,21.58219],[73.70806,21.58069],[73.7081,21.58064],[73.70811,21.58063],[73.7082,21.58053],[73.70843,21.58027],[73.70843,21.58019],[73.70855,21.58014],[73.70913,21.57949],[73.70962,21.57894],[73.71234,21.57769],[73.71229,21.57684],[73.71227,21.5764],[73.71222,21.57557],[73.7123,21.57421],[73.71231,21.5739],[73.71229,21.57348],[73.71219,21.57187],[73.71219,21.57182],[73.71231,21.56982],[73.71238,21.56863],[73.70904,21.57045],[73.70709,21.57033],[73.70634,21.57029],[73.70591,21.57026],[73.70412,21.57123],[73.7001,21.57099],[73.69967,21.57033],[73.69947,21.57001],[73.69932,21.56977],[73.69899,21.56926],[73.69859,21.56863],[73.69804,21.56775],[73.69786,21.56748],[73.69754,21.56698],[73.69754,21.56697],[73.69275,21.56608],[73.69267,21.56607],[73.69245,21.56602],[73.69075,21.56571],[73.69076,21.56553],[73.69079,21.56516],[73.69076,21.56515],[73.69053,21.56511],[73.69056,21.56451],[73.69061,21.56372],[73.69072,21.56182],[73.69065,21.56159],[73.69053,21.56121],[73.69036,21.56065],[73.68998,21.55942],[73.68905,21.55859],[73.68835,21.55797],[73.68824,21.55747],[73.68813,21.55737],[73.68769,21.5555],[73.68751,21.55474],[73.68744,21.55441],[73.6845,21.55254],[73.68449,21.55253],[73.68442,21.55249],[73.68434,21.55244],[73.68407,21.55181],[73.68403,21.55179],[73.68315,21.55123],[73.68344,21.55034],[73.68337,21.55018],[73.68355,21.55002],[73.68356,21.54999],[73.68406,21.5485],[73.68469,21.54816],[73.6847,21.54815],[73.68594,21.54748],[73.68643,21.54721],[73.68711,21.5469],[73.68732,21.5468],[73.68871,21.54616],[73.68878,21.54613],[73.68982,21.54566],[73.6905,21.54534],[73.69034,21.54476],[73.69004,21.54363],[73.6894,21.54176],[73.68898,21.5405],[73.6889,21.54028],[73.68834,21.53861],[73.68829,21.53857],[73.68769,21.53803],[73.68732,21.5377],[73.68679,21.53722],[73.68651,21.53698],[73.68653,21.5366],[73.68565,21.53581],[73.68615,21.53417],[73.68633,21.53358],[73.68671,21.53236],[73.6868,21.53205],[73.68681,21.53191],[73.68687,21.53087],[73.6871,21.53078],[73.68721,21.53074],[73.68744,21.52996],[73.68745,21.52996],[73.68793,21.52977],[73.68915,21.5293],[73.69032,21.52886],[73.69087,21.52864],[73.69112,21.52855],[73.69259,21.52798],[73.69271,21.52794],[73.69349,21.52763],[73.69382,21.52705],[73.6936,21.52629],[73.69358,21.52622],[73.69328,21.52517],[73.69269,21.52434],[73.69216,21.52357],[73.69165,21.52284],[73.69171,21.52266],[73.69142,21.52224],[73.69226,21.51991],[73.69232,21.51973],[73.69264,21.51883],[73.69118,21.51614],[73.69094,21.51587],[73.69071,21.51562],[73.68857,21.51463],[73.68845,21.51458],[73.68832,21.51451],[73.6879,21.51404],[73.68754,21.51364],[73.68572,21.51232],[73.68569,21.5123],[73.68564,21.51226],[73.68391,21.511],[73.6837,21.51077],[73.68338,21.51041],[73.68302,21.51001],[73.6828,21.50977],[73.6827,21.50969],[73.68263,21.50964],[73.68235,21.50944],[73.6823,21.50862],[73.68229,21.50851],[73.68227,21.50807],[73.68227,21.50791],[73.68228,21.50778],[73.68229,21.50759],[73.68146,21.50684],[73.68078,21.50623],[73.68011,21.50549],[73.67972,21.50505],[73.67943,21.50473],[73.67921,21.50447],[73.67443,21.50144],[73.67426,21.50087],[73.67421,21.50084],[73.67398,21.50011],[73.67374,21.49932],[73.67329,21.49788],[73.67248,21.49526],[73.67237,21.49516],[73.67166,21.49452],[73.67149,21.49397],[73.67148,21.49396],[73.67143,21.49392],[73.67094,21.49234],[73.67065,21.49138],[73.67031,21.49043],[73.67026,21.49029],[73.6698,21.48903],[73.66978,21.48895],[73.66975,21.48888],[73.67109,21.48827],[73.67194,21.48788],[73.67206,21.48782],[73.67196,21.48753],[73.67144,21.48609],[73.67127,21.4856],[73.67064,21.48386],[73.67058,21.48368],[73.67047,21.48339],[73.67037,21.48311],[73.66989,21.48176],[73.66984,21.48163],[73.66951,21.4807],[73.66959,21.47939],[73.6698,21.47577],[73.66985,21.47505],[73.66984,21.47504],[73.66944,21.47469],[73.66811,21.4735],[73.66644,21.47201],[73.66639,21.47196],[73.66627,21.47185],[73.66642,21.47159],[73.66635,21.47153],[73.66605,21.47125],[73.6681,21.46747],[73.66777,21.46701],[73.66747,21.46696],[73.66493,21.46657],[73.66249,21.46619],[73.65985,21.46475],[73.65926,21.46434],[73.659,21.46416],[73.65814,21.46356],[73.65748,21.4631],[73.65703,21.46278],[73.65684,21.46265],[73.65673,21.46257],[73.65394,21.46062],[73.65427,21.46016],[73.65427,21.46015],[73.65387,21.45979],[73.65392,21.45972],[73.65403,21.45956],[73.65442,21.45901],[73.65456,21.45881],[73.65492,21.4583],[73.6554,21.45761],[73.65542,21.45759],[73.65624,21.4564],[73.65634,21.45626],[73.65639,21.4561],[73.6564,21.45605],[73.65628,21.45568],[73.6562,21.45547],[73.65585,21.45445],[73.65504,21.45373],[73.65499,21.45369],[73.65483,21.45317],[73.65482,21.45314],[73.6548,21.45312],[73.65477,21.45309],[73.65415,21.4511],[73.65415,21.45109],[73.6537,21.45069],[73.65312,21.45017],[73.65309,21.45014],[73.65311,21.44976],[73.65309,21.44975],[73.65286,21.44954],[73.65293,21.44842],[73.65313,21.44504],[73.6532,21.4439],[73.65309,21.44211],[73.65306,21.44162],[73.65305,21.44145],[73.65459,21.43925],[73.65473,21.43904],[73.65496,21.43871],[73.65413,21.43602],[73.6541,21.43593],[73.65402,21.43566],[73.65339,21.4345],[73.65336,21.43446],[73.65274,21.43331],[73.65267,21.43318],[73.6524,21.43268],[73.65241,21.43256],[73.65241,21.43252],[73.65217,21.43209],[73.65228,21.43036],[73.65253,21.42613],[73.65235,21.42597],[73.65224,21.42587],[73.65161,21.42531],[73.65161,21.42524],[73.65162,21.42521],[73.65163,21.42493],[73.65138,21.42471],[73.65144,21.42374],[73.65149,21.423],[73.65153,21.42232],[73.64949,21.42185],[73.64183,21.42006],[73.64182,21.42003],[73.64164,21.41947],[73.64163,21.41947],[73.6416,21.41946],[73.64092,21.41726],[73.64082,21.41692],[73.63969,21.41592],[73.63968,21.41591],[73.63943,21.41579],[73.63816,21.41521],[73.63623,21.41432],[73.63622,21.4143],[73.63491,21.41224],[73.63478,21.41205],[73.63459,21.41175],[73.63421,21.41114],[73.63418,21.41112],[73.63352,21.41053],[73.63333,21.41035],[73.63277,21.40914],[73.63272,21.40903],[73.63254,21.40864],[73.63199,21.40815],[73.63166,21.40785],[73.63162,21.40755],[73.63162,21.40752],[73.6316,21.40741],[73.6316,21.4074],[73.63073,21.40663],[73.63065,21.40655],[73.63092,21.40445],[73.63107,21.40333],[73.63087,21.40184],[73.63131,21.40145],[73.63143,21.40054],[73.63169,21.40032],[73.63181,21.40021],[73.63239,21.39969],[73.63259,21.39951],[73.6332,21.39896],[73.63368,21.39854],[73.63383,21.39803],[73.63396,21.3959],[73.63403,21.39474],[73.63409,21.39376],[73.63408,21.39371],[73.63376,21.39232],[73.63357,21.39147],[73.63344,21.39092],[73.63326,21.39021],[73.63318,21.39013],[73.63308,21.39005],[73.63293,21.38991],[73.63249,21.38953],[73.63238,21.38952],[73.63112,21.38942],[73.6267,21.3878],[73.62585,21.38786],[73.6239,21.38771],[73.62299,21.38665],[73.62286,21.3865],[73.6219,21.38538],[73.61999,21.38453],[73.6196,21.38431],[73.61907,21.38402],[73.61786,21.38334],[73.61761,21.38321],[73.61758,21.38333],[73.61671,21.3862],[73.61582,21.38697],[73.6148,21.38815],[73.61137,21.38947],[73.60897,21.38813],[73.60838,21.3878],[73.60765,21.38767],[73.60401,21.387],[73.60363,21.38656],[73.60333,21.38621],[73.60298,21.3858],[73.60259,21.38535],[73.60252,21.38526],[73.60199,21.38588],[73.6016,21.38633],[73.60161,21.38648],[73.6017,21.3876],[73.60171,21.38779],[73.60188,21.38991],[73.6018,21.39091],[73.60174,21.39165],[73.60176,21.39186],[73.60177,21.39219],[73.6017,21.39219],[73.60166,21.39265],[73.60164,21.39293],[73.60036,21.39282],[73.59677,21.39254],[73.59549,21.39539],[73.58915,21.3978],[73.5886,21.39962],[73.58854,21.39983],[73.58838,21.40036],[73.58808,21.40062],[73.58749,21.40113],[73.58723,21.4017],[73.5869,21.40244],[73.58679,21.40269],[73.58657,21.40319],[73.58196,21.40282],[73.58091,21.40274],[73.57804,21.40477],[73.57398,21.40658],[73.56443,21.40582],[73.56301,21.40746],[73.56113,21.41167],[73.56081,21.41238],[73.55696,21.41479],[73.5584,21.41685],[73.5588,21.41743],[73.55893,21.4176],[73.56027,21.41952],[73.5606,21.42],[73.56049,21.42009],[73.56051,21.42012],[73.56081,21.42054],[73.55745,21.42343],[73.55631,21.42262],[73.55621,21.42255],[73.55521,21.42184],[73.5547,21.42147],[73.55421,21.42113],[73.55409,21.42106],[73.55394,21.42097],[73.55309,21.42046],[73.55277,21.42027],[73.55242,21.42006],[73.55153,21.41953],[73.55044,21.42198],[73.55005,21.42286],[73.54945,21.42346],[73.54909,21.42383],[73.54906,21.42387],[73.54846,21.42447],[73.54823,21.42319],[73.54798,21.42299],[73.5476,21.42268],[73.54754,21.42263],[73.54749,21.42182],[73.5473,21.41857],[73.54725,21.41785],[73.54723,21.4177],[73.54724,21.41757],[73.54714,21.41601],[73.54714,21.41598],[73.54716,21.41566],[73.54722,21.41458],[73.54734,21.41262],[73.54731,21.4126],[73.54487,21.41152],[73.54415,21.4112],[73.54411,21.41111],[73.54354,21.40982],[73.54306,21.40874],[73.53944,21.40798],[73.53894,21.40788],[73.53887,21.40786],[73.53588,21.40953],[73.53195,21.41071],[73.53119,21.40982],[73.53103,21.40964],[73.53096,21.40955],[73.53088,21.40946],[73.52718,21.40976],[73.52609,21.40985],[73.52588,21.40959],[73.52505,21.40863],[73.52398,21.40786],[73.52326,21.4087],[73.52258,21.40949],[73.52255,21.40953],[73.52165,21.4103],[73.52088,21.41203],[73.5196,21.41193],[73.5151,21.41229],[73.51423,21.41129],[73.51377,21.41076],[73.51344,21.41036],[73.51338,21.4103],[73.51186,21.40899],[73.51167,21.40883],[73.5116,21.40833],[73.51155,21.40828],[73.51151,21.40824],[73.51147,21.40821],[73.51087,21.40626],[73.51073,21.4058],[73.50997,21.40587],[73.50705,21.40615],[73.50693,21.40684],[73.50685,21.40731],[73.5061,21.41172],[73.50565,21.41439],[73.50591,21.41616],[73.50573,21.41741],[73.50596,21.41899],[73.5061,21.41991],[73.50591,21.42118],[73.50524,21.42572],[73.50516,21.42625],[73.50417,21.4261],[73.49951,21.42718],[73.49892,21.42732],[73.49905,21.42821],[73.49938,21.43042],[73.49939,21.43046],[73.49947,21.43104],[73.49798,21.43129],[73.48921,21.43278],[73.48635,21.43105],[73.48507,21.43028],[73.48333,21.42986],[73.48238,21.42963],[73.48196,21.42993],[73.4809,21.43372],[73.47953,21.43599],[73.4783,21.43694],[73.47757,21.44122],[73.47746,21.44183],[73.4755,21.44154],[73.47472,21.44143],[73.47179,21.44099],[73.46936,21.44279],[73.46924,21.44288],[73.46917,21.4429],[73.4658,21.44361],[73.46507,21.44623],[73.46333,21.44598],[73.46264,21.44846],[73.4626,21.4486],[73.46257,21.44873],[73.46006,21.44836],[73.45944,21.44989],[73.45943,21.44992],[73.45924,21.45038],[73.45722,21.45121],[73.45745,21.45277],[73.45764,21.45408],[73.45762,21.45424],[73.4574,21.45569],[73.45739,21.45575],[73.45754,21.45672],[73.45778,21.45837],[73.45663,21.46028],[73.4559,21.46288],[73.45513,21.46487],[73.45606,21.46516],[73.45787,21.46571],[73.45881,21.466],[73.45894,21.46821],[73.45896,21.46846],[73.45926,21.4693],[73.45996,21.47123],[73.45545,21.47471],[73.45553,21.47606],[73.45553,21.47609],[73.45559,21.47646],[73.45591,21.47866],[73.45566,21.48033],[73.4558,21.48125],[73.45594,21.48222],[73.45597,21.48241],[73.45593,21.48272],[73.45556,21.48518],[73.45544,21.48523],[73.45136,21.48691],[73.45158,21.48839],[73.4518,21.48987],[73.45181,21.48991],[73.45129,21.49342],[73.45002,21.4944],[73.44984,21.49454],[73.44989,21.49491],[73.45,21.49565],[73.45008,21.49616],[73.44959,21.49945],[73.44639,21.50034],[73.44507,21.50205],[73.44497,21.50213],[73.44374,21.50307],[73.44168,21.50277],[73.43905,21.50316],[73.43906,21.50323],[73.43918,21.50405],[73.43927,21.5047],[73.43938,21.50544],[73.43945,21.50586],[73.43981,21.50833],[73.43901,21.50855],[73.43554,21.50951],[73.43578,21.51114],[73.43589,21.51186],[73.43589,21.51188],[73.43591,21.512],[73.43582,21.51261],[73.43581,21.51265],[73.43596,21.51292],[73.4362,21.51336],[73.43668,21.51424],[73.43727,21.51532],[73.43701,21.51595],[73.43746,21.51839],[73.43642,21.51776],[73.43574,21.51735],[73.43511,21.51697],[73.43498,21.51689],[73.43404,21.51632],[73.42979,21.51799],[73.42627,21.51741],[73.42623,21.51791],[73.42622,21.51805],[73.42601,21.52111],[73.42594,21.52243],[73.4259,21.52316],[73.42586,21.52389],[73.42585,21.52413],[73.42569,21.52755],[73.42247,21.52903],[73.42072,21.53358],[73.42004,21.53535],[73.41941,21.53651],[73.41828,21.53859],[73.418,21.53911],[73.41666,21.54031],[73.41579,21.54221],[73.41585,21.54322],[73.4159,21.54415],[73.42204,21.54558],[73.42256,21.54617],[73.42282,21.54646],[73.42333,21.54702],[73.42754,21.54781],[73.42789,21.5493],[73.4283,21.55109],[73.42853,21.55208],[73.42866,21.5526],[73.42738,21.55374],[73.42587,21.55702],[73.42487,21.55791],[73.42348,21.5626],[73.42337,21.56294],[73.42406,21.56326],[73.4243,21.56337],[73.42671,21.56447],[73.42705,21.5661],[73.42749,21.56819],[73.42333,21.56947],[73.42175,21.57123],[73.42086,21.57203],[73.41901,21.57369],[73.41917,21.57633],[73.41934,21.57929],[73.41943,21.58073],[73.41947,21.58132],[73.42453,21.58102],[73.42741,21.5778],[73.42898,21.57789],[73.42951,21.57962],[73.42999,21.58119],[73.43,21.58119],[73.43096,21.58189],[73.43107,21.58197],[73.43172,21.58244],[73.43215,21.58275],[73.43398,21.58408],[73.43405,21.58413],[73.43481,21.5858],[73.43513,21.58649],[73.43754,21.58864],[73.43765,21.5891],[73.43828,21.59181],[73.43829,21.59188],[73.43861,21.59325],[73.4374,21.59548],[73.4376,21.59883],[73.43795,21.59881],[73.44085,21.59864],[73.44264,21.59875],[73.44256,21.60005],[73.44244,21.602],[73.4425,21.60298],[73.44255,21.60378],[73.44587,21.60531],[73.44622,21.60565],[73.44665,21.60609],[73.44754,21.60697],[73.4477,21.60748],[73.44806,21.60867],[73.44819,21.60908],[73.44833,21.60952],[73.44837,21.60961],[73.44849,21.60983],[73.44909,21.61093],[73.44931,21.61132],[73.44932,21.61133],[73.45061,21.61192],[73.45108,21.61214],[73.45254,21.61281],[73.45288,21.61354],[73.45329,21.61443],[73.45341,21.61471],[73.45338,21.61517],[73.45331,21.61644],[73.45128,21.62017],[73.44937,21.62104],[73.44916,21.62114],[73.44923,21.62231],[73.44923,21.62241],[73.44914,21.62404],[73.44518,21.62655],[73.44508,21.62662],[73.44476,21.62798],[73.44407,21.63092],[73.44347,21.63354],[73.4431,21.6351],[73.43892,21.63836],[73.43749,21.63947],[73.43587,21.64369],[73.43416,21.64447],[73.43286,21.65007],[73.43166,21.65114],[73.43087,21.65203],[73.43082,21.65202],[73.42827,21.65147],[73.42799,21.65142],[73.42708,21.65122],[73.42603,21.651],[73.42489,21.65075],[73.42379,21.65015],[73.42174,21.64904],[73.42118,21.64874],[73.41919,21.64812],[73.41681,21.64739],[73.41727,21.64655],[73.41781,21.64555],[73.41842,21.64443],[73.41837,21.6444],[73.41654,21.64356],[73.41499,21.64285],[73.41474,21.64205],[73.41414,21.64008],[73.41396,21.64005],[73.40948,21.63921],[73.40516,21.63841],[73.40503,21.63796],[73.40417,21.63518],[73.40402,21.63506],[73.40316,21.63429],[73.40249,21.63369],[73.40238,21.63345],[73.40182,21.63221],[73.40135,21.63121],[73.40131,21.63111],[73.40109,21.63113],[73.40041,21.63117],[73.39963,21.63117],[73.39918,21.63114],[73.39833,21.63119],[73.39663,21.63027],[73.39662,21.63026],[73.39655,21.63026],[73.39425,21.6304],[73.39377,21.63014],[73.39332,21.6299],[73.39254,21.62947],[73.39065,21.62906],[73.38894,21.62869],[73.38866,21.629],[73.38787,21.62988],[73.387,21.63086],[73.38671,21.63119],[73.38623,21.63128],[73.38039,21.63237],[73.37893,21.63399],[73.37746,21.63368],[73.37668,21.63351],[73.37076,21.63225],[73.37077,21.63206],[73.37088,21.63031],[73.37036,21.62985],[73.36989,21.62943],[73.36725,21.62959],[73.3667,21.6296],[73.36568,21.62961],[73.36513,21.62958],[73.36445,21.62954],[73.36335,21.62947],[73.36279,21.62951],[73.36273,21.62951],[73.36168,21.62957],[73.3594,21.62944],[73.35817,21.62858],[73.35738,21.62802],[73.35705,21.62779],[73.35662,21.6275],[73.35637,21.62732],[73.35586,21.62696],[73.35134,21.62817],[73.34897,21.62671],[73.34888,21.62665],[73.34883,21.62662],[73.34769,21.62592],[73.34731,21.62568],[73.34663,21.62526],[73.34425,21.6254],[73.34293,21.62548],[73.34086,21.62536],[73.33977,21.62529],[73.33955,21.62409],[73.33916,21.62204],[73.33868,21.61944],[73.33832,21.61755],[73.33817,21.61671],[73.33808,21.61623],[73.33931,21.61163],[73.33943,21.61119],[73.33952,21.61084],[73.33945,21.6108],[73.33616,21.60929],[73.33562,21.60904],[73.33507,21.60879],[73.33486,21.6085],[73.33413,21.6075],[73.33236,21.60505],[73.33116,21.60395],[73.33054,21.60337],[73.32971,21.60252],[73.32894,21.60182],[73.32873,21.60164],[73.32819,21.60115],[73.32787,21.60087],[73.32744,21.60049],[73.32701,21.6001],[73.32697,21.60007],[73.32692,21.6001],[73.32244,21.60253],[73.32184,21.60278],[73.32179,21.6028],[73.31977,21.60364],[73.31654,21.60188],[73.31266,21.60211],[73.31175,21.60162],[73.31172,21.6016],[73.31054,21.60096],[73.30627,21.60121],[73.30476,21.60112],[73.30341,21.60104],[73.30176,21.60289],[73.30096,21.6026],[73.30071,21.60251],[73.29918,21.60197],[73.29278,21.60443],[73.29276,21.60444],[73.29179,21.60481],[73.2916,21.60439],[73.29125,21.60364],[73.29087,21.60281],[73.29053,21.6025],[73.29011,21.60212],[73.28984,21.60188],[73.28978,21.60189],[73.28596,21.60212],[73.28569,21.60192],[73.2851,21.60151],[73.28457,21.60114],[73.28434,21.60098],[73.2833,21.60026],[73.27896,21.60052],[73.27866,21.60054],[73.27788,21.60011],[73.27735,21.59982],[73.2759,21.59903],[73.27389,21.59857],[73.26955,21.59756],[73.26885,21.59678],[73.26796,21.59578],[73.26741,21.59516],[73.26725,21.59499],[73.26504,21.59619],[73.26346,21.59691],[73.26217,21.5975],[73.25784,21.59595],[73.25636,21.59675],[73.25603,21.59694],[73.25578,21.59707],[73.25565,21.59692],[73.25484,21.59601],[73.25473,21.5959],[73.25428,21.59539],[73.25421,21.59531],[73.25409,21.59525],[73.25219,21.59438],[73.25142,21.59352],[73.25004,21.59197],[73.24653,21.59089],[73.24439,21.59165],[73.24337,21.59202],[73.23999,21.59281],[73.23793,21.59393],[73.23538,21.59254],[73.23247,21.59457],[73.23073,21.59447],[73.2296,21.5944],[73.22784,21.5945],[73.22526,21.59466],[73.2246,21.5947],[73.22083,21.59447],[73.21693,21.59587],[73.21587,21.59513],[73.21573,21.59503],[73.21475,21.59435],[73.21422,21.59398],[73.2142,21.59397],[73.21363,21.59357],[73.21346,21.59345],[73.213,21.59313],[73.21225,21.59261],[73.21113,21.59209],[73.20956,21.59137],[73.20917,21.59117],[73.20812,21.59061],[73.20766,21.59037],[73.20745,21.59026],[73.20736,21.59035],[73.20584,21.59206],[73.2057,21.59174],[73.20504,21.59031],[73.20501,21.59027],[73.2044,21.58949],[73.20439,21.58947],[73.20428,21.58932],[73.20323,21.58797],[73.20318,21.5879],[73.20281,21.58743],[73.20264,21.58721],[73.20239,21.58689],[73.20205,21.58683],[73.1994,21.58633],[73.19858,21.58618],[73.19818,21.5861],[73.19416,21.58535],[73.19254,21.58447],[73.1902,21.58335],[73.18886,21.58262],[73.18846,21.58218],[73.18754,21.58114],[73.18747,21.5811],[73.18499,21.57952],[73.18459,21.57907],[73.18445,21.57892],[73.18365,21.57801],[73.18002,21.57999],[73.17776,21.57876],[73.17754,21.57864],[73.17742,21.57861],[73.17283,21.57754],[73.17108,21.5748],[73.17062,21.57408],[73.17061,21.57407],[73.16666,21.57285],[73.16337,21.57056],[73.16325,21.57005],[73.16251,21.56686],[73.16238,21.56674],[73.16067,21.56522],[73.16042,21.56479],[73.16015,21.56432],[73.15955,21.56329],[73.15943,21.56309],[73.15823,21.56103],[73.158,21.56062],[73.15786,21.56039],[73.1578,21.56028],[73.15728,21.55939],[73.15692,21.55877],[73.15656,21.55815],[73.15648,21.55802],[73.15587,21.55697],[73.15584,21.55694],[73.15535,21.5565],[73.15359,21.55494],[73.15336,21.55473],[73.14666,21.55369],[73.14618,21.55316],[73.14588,21.55281],[73.14587,21.55281],[73.14454,21.55162],[73.14438,21.55147],[73.14415,21.55127],[73.14418,21.55087],[73.14422,21.55014],[73.14425,21.54967],[73.14384,21.54939],[73.14371,21.5493],[73.14272,21.5486],[73.1422,21.54824],[73.1416,21.54782],[73.14144,21.54771],[73.13957,21.5464],[73.13286,21.5417],[73.13266,21.54155],[73.13238,21.54136],[73.13185,21.54099],[73.12845,21.54377],[73.12754,21.54452],[73.12561,21.54531],[73.12282,21.54379],[73.12133,21.54309],[73.12033,21.54263],[73.11977,21.54293],[73.11837,21.54369],[73.11583,21.54447],[73.11386,21.54554],[73.11215,21.54746],[73.11071,21.54874],[73.1092,21.55204],[73.10754,21.55114],[73.09666,21.55035],[73.09648,21.55015],[73.09594,21.54955],[73.09587,21.54947],[73.09425,21.54957],[73.09374,21.54929],[73.09361,21.54922],[73.09173,21.5482],[73.08785,21.5476],[73.08416,21.54702],[73.08084,21.54613],[73.07912,21.54707],[73.07735,21.54696],[73.07678,21.54632],[73.07655,21.54606],[73.07609,21.54555],[73.07587,21.54531],[73.07581,21.54529],[73.07321,21.54469],[73.07271,21.54457],[73.07249,21.54452],[73.07142,21.54333],[73.07065,21.54164],[73.06984,21.53988],[73.06983,21.53987],[73.06666,21.53785],[73.06587,21.53697],[73.06581,21.53693],[73.06472,21.53624],[73.06455,21.53613],[73.06204,21.53454],[73.05639,21.53348],[73.05465,21.53153],[73.05333,21.53035],[73.05286,21.52983],[73.05239,21.52931],[73.05238,21.5293],[73.05104,21.5278],[73.04785,21.52681],[73.04583,21.52619],[73.04514,21.52581],[73.04475,21.5256],[73.04421,21.52531],[73.04166,21.52452],[73.04099,21.52416],[73.04091,21.52411],[73.04004,21.52364],[73.03894,21.52338],[73.03399,21.52223],[73.0336,21.52162],[73.03325,21.52106],[73.03312,21.52086],[73.03252,21.51993],[73.03216,21.51935],[73.0318,21.51879],[73.0312,21.51785],[73.03108,21.51765],[73.03072,21.51709],[73.03036,21.51652],[73.03027,21.51639],[73.03,21.51632],[73.02959,21.51623],[73.02583,21.51535],[73.02268,21.51379],[73.02267,21.51378],[73.02231,21.5136],[73.02043,21.51371],[73.01631,21.51347],[73.01502,21.51393],[73.01448,21.51306],[73.01076,21.51289],[73.01072,21.51363],[73.00914,21.51355],[73.00918,21.51281],[73.00839,21.51278],[73.00847,21.51129],[73.00767,21.51126],[73.00771,21.51052],[73.00692,21.51048],[73.00696,21.50974],[73.00617,21.5097],[73.00621,21.50896],[73.007,21.509],[73.00708,21.50752],[73.0055,21.50745],[73.00554,21.50671],[73.00396,21.50663],[73.00399,21.50589],[73.00479,21.50593],[73.00482,21.50519],[73.00403,21.50515],[73.00411,21.50367],[73.00332,21.50364],[73.00328,21.50438],[72.99854,21.50416],[72.99858,21.50342],[72.99779,21.50338],[72.99782,21.50264],[72.99545,21.50253],[72.99533,21.50475],[72.99454,21.50471],[72.99458,21.50397],[72.99379,21.50393],[72.99383,21.50319],[72.99146,21.50308],[72.99142,21.50382],[72.99063,21.50379],[72.99059,21.50453],[72.98901,21.50445],[72.98897,21.50519],[72.98818,21.50516],[72.98822,21.50442],[72.98743,21.50438],[72.98746,21.50364],[72.98588,21.50357],[72.98592,21.50283],[72.98355,21.50271],[72.98359,21.50197],[72.9828,21.50194],[72.98284,21.5012],[72.98126,21.50112],[72.9813,21.50038],[72.97971,21.50031],[72.97975,21.49957],[72.97896,21.49953],[72.979,21.49879],[72.97821,21.49876],[72.97817,21.4995],[72.97659,21.49942],[72.97655,21.50016],[72.97497,21.50009],[72.97505,21.49861],[72.97426,21.49857],[72.9743,21.49783],[72.97271,21.49776],[72.97279,21.49628],[72.97121,21.4962],[72.97129,21.49472],[72.97208,21.49476],[72.97212,21.49402],[72.97054,21.49395],[72.97058,21.49321],[72.969,21.49313],[72.96904,21.49239],[72.96745,21.49232],[72.96749,21.49158],[72.9667,21.49154],[72.96678,21.49006],[72.96599,21.49002],[72.96607,21.48854],[72.96528,21.48851],[72.96532,21.48777],[72.96611,21.4878],[72.96615,21.48706],[72.96536,21.48703],[72.96548,21.48481],[72.96469,21.48477],[72.96473,21.48403],[72.96156,21.48388],[72.9616,21.48314],[72.96002,21.48307],[72.96006,21.48233],[72.95927,21.48229],[72.95935,21.48081],[72.95856,21.48077],[72.9586,21.48003],[72.95939,21.48007],[72.95947,21.47859],[72.95868,21.47855],[72.95872,21.47781],[72.95793,21.47777],[72.95796,21.47703],[72.95559,21.47692],[72.95563,21.47618],[72.95247,21.47603],[72.95243,21.47677],[72.95164,21.47674],[72.9516,21.47748],[72.95002,21.4774],[72.95006,21.47666],[72.94769,21.47655],[72.94773,21.47581],[72.94693,21.47578],[72.94689,21.47652],[72.9461,21.47648],[72.94614,21.47574],[72.94456,21.47566],[72.9446,21.47492],[72.94302,21.47485],[72.94306,21.47411],[72.94148,21.47404],[72.94152,21.4733],[72.93677,21.47307],[72.93681,21.47233],[72.93365,21.47218],[72.93377,21.46996],[72.9314,21.46985],[72.93144,21.46911],[72.93065,21.46907],[72.93069,21.46833],[72.92278,21.46796],[72.92274,21.4687],[72.92195,21.46867],[72.92191,21.46941],[72.92112,21.46937],[72.92104,21.47085],[72.91946,21.47077],[72.91942,21.47151],[72.91784,21.47144],[72.91788,21.4707],[72.91709,21.47066],[72.91705,21.4714],[72.91467,21.47129],[72.91463,21.47203],[72.91384,21.47199],[72.91388,21.47125],[72.91309,21.47122],[72.91305,21.47196],[72.91147,21.47188],[72.91143,21.47262],[72.91064,21.47258],[72.9106,21.47333],[72.90981,21.47329],[72.90977,21.47403],[72.90819,21.47395],[72.90815,21.47469],[72.90657,21.47462],[72.90653,21.47536],[72.90574,21.47532],[72.90566,21.4768],[72.90645,21.47684],[72.90641,21.47758],[72.90325,21.47743],[72.90321,21.47817],[72.89846,21.47795],[72.89842,21.47869],[72.89763,21.47865],[72.89755,21.48013],[72.89597,21.48005],[72.89593,21.48079],[72.89277,21.48065],[72.89273,21.48139],[72.89194,21.48135],[72.8919,21.48209],[72.89269,21.48213],[72.89257,21.48435],[72.89178,21.48431],[72.8917,21.48579],[72.89249,21.48583],[72.89245,21.48657],[72.89087,21.48649],[72.89083,21.48723],[72.89004,21.48719],[72.88996,21.48867],[72.88916,21.48864],[72.88908,21.49012],[72.88988,21.49015],[72.8898,21.49163],[72.889,21.4916],[72.88897,21.49234],[72.88976,21.49237],[72.88968,21.49385],[72.88809,21.49378],[72.88793,21.49674],[72.88714,21.4967],[72.88706,21.49818],[72.88627,21.49815],[72.88619,21.49963],[72.8854,21.49959],[72.88536,21.50033],[72.88378,21.50025],[72.8837,21.50173],[72.88449,21.50177],[72.88445,21.50251],[72.88366,21.50247],[72.88358,21.50395],[72.88279,21.50392],[72.88275,21.50466],[72.88196,21.50462],[72.88188,21.5061],[72.8803,21.50603],[72.88034,21.50529],[72.87876,21.50521],[72.87872,21.50595],[72.87792,21.50591],[72.87796,21.50517],[72.87322,21.50495],[72.87318,21.50569],[72.8716,21.50561],[72.87156,21.50635],[72.86998,21.50628],[72.86994,21.50702],[72.86835,21.50694],[72.86839,21.5062],[72.86681,21.50613],[72.86673,21.50761],[72.86594,21.50757],[72.8659,21.50831],[72.86511,21.50827],[72.86515,21.50753],[72.86436,21.5075],[72.8644,21.50676],[72.86519,21.50679],[72.86523,21.50605],[72.86444,21.50602],[72.86448,21.50528],[72.8629,21.5052],[72.86294,21.50446],[72.86373,21.5045],[72.86377,21.50376],[72.86298,21.50372],[72.86306,21.50224],[72.86069,21.50213],[72.86077,21.50065],[72.86156,21.50069],[72.8616,21.49995],[72.86081,21.49991],[72.86085,21.49917],[72.85531,21.4989],[72.85535,21.49816],[72.85456,21.49813],[72.85452,21.49887],[72.85373,21.49883],[72.85369,21.49957],[72.85132,21.49946],[72.85136,21.49872],[72.85215,21.49875],[72.85219,21.49801],[72.8514,21.49798],[72.85144,21.49724],[72.84985,21.49716],[72.8499,21.49642],[72.84752,21.49631],[72.84756,21.49557],[72.84598,21.49549],[72.84602,21.49475],[72.84444,21.49468],[72.84448,21.49394],[72.8429,21.49386],[72.84294,21.49312],[72.84136,21.49305],[72.8414,21.49231],[72.84061,21.49227],[72.84065,21.49153],[72.83669,21.49134],[72.83673,21.4906],[72.83594,21.49056],[72.83598,21.48982],[72.83361,21.48971],[72.83365,21.48897],[72.83286,21.48893],[72.83282,21.48967],[72.83203,21.48963],[72.83207,21.48889],[72.83128,21.48886],[72.83132,21.48812],[72.82895,21.488],[72.82903,21.48652],[72.82982,21.48656],[72.8299,21.48508],[72.82911,21.48504],[72.82915,21.4843],[72.82757,21.48423],[72.82744,21.48645],[72.82665,21.48641],[72.82661,21.48715],[72.82582,21.48711],[72.82578,21.48785],[72.82499,21.48782],[72.82503,21.48708],[72.82266,21.48696],[72.8227,21.48622],[72.82191,21.48618],[72.82187,21.48692],[72.8195,21.48681],[72.81946,21.48755],[72.81867,21.48751],[72.81863,21.48825],[72.81784,21.48822],[72.81779,21.48896],[72.81621,21.48888],[72.81617,21.48962],[72.81538,21.48958],[72.8153,21.49106],[72.81372,21.49099],[72.81368,21.49173],[72.81289,21.49169],[72.81281,21.49317],[72.81044,21.49306],[72.81031,21.49528],[72.80952,21.49524],[72.80948,21.49598],[72.80553,21.49579],[72.80549,21.49653],[72.8047,21.49649],[72.80458,21.49871],[72.80379,21.49867],[72.80375,21.49941],[72.80216,21.49934],[72.80212,21.50008],[72.80054,21.5],[72.80042,21.50222],[72.79884,21.50215],[72.79876,21.50363],[72.79797,21.50359],[72.79785,21.50581],[72.79547,21.5057],[72.79543,21.50644],[72.79464,21.5064],[72.79468,21.50566],[72.79231,21.50555],[72.79239,21.50407],[72.79081,21.50399],[72.79085,21.50325],[72.79006,21.50321],[72.7901,21.50247],[72.78852,21.5024],[72.78844,21.50388],[72.78923,21.50391],[72.78919,21.50465],[72.78998,21.50469],[72.78994,21.50543],[72.78756,21.50532],[72.7876,21.50458],[72.78681,21.50454],[72.78685,21.5038],[72.78448,21.50369],[72.7844,21.50517],[72.78361,21.50513],[72.78357,21.50587],[72.78199,21.50579],[72.78195,21.50653],[72.77799,21.50634],[72.77795,21.50708],[72.77637,21.50701],[72.77641,21.50627],[72.77562,21.50623],[72.7757,21.50475],[72.77491,21.50471],[72.77495,21.50397],[72.77337,21.50389],[72.77341,21.50315],[72.77262,21.50312],[72.77258,21.50386],[72.76625,21.50355],[72.76621,21.50429],[72.76542,21.50425],[72.76538,21.50499],[72.76301,21.50488],[72.76293,21.50636],[72.76214,21.50632],[72.76209,21.50706],[72.7613,21.50702],[72.76126,21.50776],[72.76047,21.50773],[72.76051,21.50699],[72.75893,21.50691],[72.75897,21.50617],[72.75818,21.50613],[72.75814,21.50687],[72.75656,21.5068],[72.75652,21.50754],[72.75335,21.50738],[72.75344,21.5059],[72.75185,21.50583],[72.7519,21.50509],[72.7511,21.50505],[72.75106,21.50579],[72.75027,21.50575],[72.75023,21.50649],[72.74944,21.50645],[72.74936,21.50793],[72.75015,21.50797],[72.75011,21.50871],[72.74932,21.50867],[72.74928,21.50941],[72.74849,21.50938],[72.74845,21.51012],[72.74766,21.51008],[72.74761,21.51082],[72.74524,21.5107],[72.7452,21.51144],[72.74441,21.51141],[72.74429,21.51363],[72.74508,21.51366],[72.74504,21.5144],[72.74425,21.51437],[72.74421,21.51511],[72.74183,21.51499],[72.74179,21.51573],[72.74021,21.51565],[72.74025,21.51491],[72.73946,21.51488],[72.73942,21.51562],[72.73784,21.51554],[72.73788,21.5148],[72.73551,21.51469],[72.73547,21.51543],[72.73468,21.51539],[72.73472,21.51465],[72.73393,21.51461],[72.73397,21.51387],[72.73159,21.51375],[72.73163,21.51301],[72.73005,21.51294],[72.73001,21.51368],[72.72922,21.51364],[72.7293,21.51216],[72.72772,21.51208],[72.72776,21.51134],[72.72618,21.51127],[72.72614,21.51201],[72.72456,21.51193],[72.72452,21.51267],[72.72293,21.51259],[72.72298,21.51185],[72.72218,21.51182],[72.72214,21.51256],[72.72056,21.51248],[72.72068,21.51026],[72.7191,21.51018],[72.71918,21.5087],[72.71839,21.50866],[72.71843,21.50792],[72.71923,21.50796],[72.71927,21.50722],[72.71768,21.50715],[72.71773,21.50641],[72.71693,21.50637],[72.71698,21.50563],[72.71539,21.50555],[72.71543,21.50481],[72.71464,21.50477],[72.71473,21.50329],[72.71394,21.50325],[72.71398,21.50251],[72.71319,21.50248],[72.71323,21.50174],[72.71244,21.5017],[72.71248,21.50096],[72.71327,21.501],[72.71331,21.50026],[72.71252,21.50022],[72.71256,21.49948],[72.7086,21.49929],[72.70869,21.49781],[72.7079,21.49777],[72.70794,21.49703],[72.70715,21.49699],[72.7071,21.49773],[72.70631,21.49769],[72.70644,21.49547],[72.70565,21.49543],[72.70561,21.49617],[72.70481,21.49613],[72.70498,21.49317],[72.7034,21.4931],[72.70344,21.49236],[72.69948,21.49216],[72.69944,21.4929],[72.69786,21.49283],[72.6979,21.49209],[72.69711,21.49205],[72.69707,21.49279],[72.69549,21.49271],[72.69545,21.49345],[72.69387,21.49338],[72.69391,21.49264],[72.69312,21.4926],[72.69316,21.49186],[72.69158,21.49178],[72.69154,21.49252],[72.69074,21.49248],[72.69066,21.49396],[72.68987,21.49392],[72.68979,21.4954],[72.68821,21.49533],[72.68817,21.49607],[72.68659,21.49599],[72.68683,21.49155],[72.68525,21.49147],[72.68533,21.48999],[72.68375,21.48992],[72.68392,21.48696],[72.68313,21.48692],[72.68317,21.48618],[72.68238,21.48614],[72.68242,21.4854],[72.68321,21.48544],[72.68329,21.48396],[72.68487,21.48403],[72.68491,21.48329],[72.68649,21.48337],[72.68662,21.48115],[72.68928,21.48128],[72.68921,21.481],[72.68722,21.47863],[72.68475,21.47576],[72.68039,21.47233],[72.67764,21.47078],[72.67397,21.46956],[72.67092,21.46789],[72.66661,21.46532],[72.66474,21.46267],[72.66218,21.45951],[72.66077,21.45755],[72.65689,21.45471],[72.65349,21.45388],[72.65125,21.45366],[72.65125,21.45764],[72.65153,21.45764],[72.65153,21.45986],[72.6518,21.45986],[72.6518,21.46014],[72.65208,21.46014],[72.65208,21.46042],[72.65219,21.46042],[72.65236,21.46042],[72.65236,21.46098],[72.65264,21.46098],[72.65264,21.46125],[72.65236,21.46125],[72.65236,21.46208],[72.6524,21.46208],[72.65264,21.46208],[72.65264,21.46236],[72.65347,21.46236],[72.65347,21.46264],[72.65403,21.46264],[72.65403,21.46319],[72.65404,21.46319],[72.6543,21.46319],[72.6543,21.46375],[72.65459,21.46375],[72.65459,21.46403],[72.65486,21.46402],[72.65486,21.46431],[72.65514,21.46431],[72.65514,21.46375],[72.65569,21.46375],[72.65569,21.46431],[72.65598,21.46431],[72.65598,21.46486],[72.65626,21.46486],[72.65626,21.46542],[72.65598,21.46542],[72.65598,21.46569],[72.65431,21.46569],[72.65431,21.46542],[72.6543,21.46542],[72.65375,21.46542],[72.65375,21.46514],[72.65348,21.46514],[72.65347,21.46486],[72.65236,21.46486],[72.65236,21.46514],[72.65208,21.46514],[72.65208,21.46542],[72.65236,21.46542],[72.65236,21.46569],[72.65236,21.4657],[72.65291,21.4657],[72.65291,21.46597],[72.65347,21.46597],[72.65347,21.46625],[72.65403,21.46625],[72.65403,21.46653],[72.65429,21.46653],[72.6543,21.46653],[72.6543,21.46708],[72.65459,21.46708],[72.65459,21.46736],[72.6548,21.46736],[72.65486,21.46736],[72.65486,21.46792],[72.65514,21.46792],[72.65514,21.4682],[72.65542,21.4682],[72.65542,21.46847],[72.65598,21.46847],[72.65598,21.46875],[72.65626,21.46875],[72.65626,21.46903],[72.65708,21.46903],[72.65708,21.46931],[72.65736,21.46931],[72.65736,21.46958],[72.65737,21.46958],[72.65737,21.46959],[72.65761,21.46958],[72.65764,21.46958],[72.65764,21.47015],[72.65791,21.47014],[72.65791,21.47097],[72.658,21.47097],[72.65819,21.47097],[72.6582,21.47097],[72.6582,21.47098],[72.6582,21.47181],[72.65843,21.4718],[72.65847,21.4718],[72.65847,21.47209],[72.65903,21.47208],[72.65903,21.47236],[72.6593,21.47236],[72.6593,21.47264],[72.65958,21.47264],[72.65958,21.47292],[72.65986,21.47292],[72.65986,21.4732],[72.66014,21.4732],[72.66014,21.47347],[72.66042,21.47347],[72.66042,21.47467],[72.66042,21.47514],[72.6618,21.47514],[72.6618,21.47542],[72.66196,21.47542],[72.66209,21.47542],[72.66209,21.4757],[72.6623,21.47569],[72.66232,21.47569],[72.66236,21.47569],[72.66236,21.47625],[72.66263,21.47625],[72.66263,21.47653],[72.66264,21.47653],[72.66292,21.47653],[72.66292,21.47708],[72.66296,21.47708],[72.66312,21.47708],[72.66319,21.47708],[72.66319,21.47764],[72.66348,21.47764],[72.66348,21.47792],[72.66402,21.47792],[72.66402,21.47764],[72.66458,21.47764],[72.66458,21.47792],[72.66485,21.47792],[72.66485,21.47875],[72.66486,21.47875],[72.66514,21.47875],[72.66514,21.47981],[72.66514,21.47986],[72.66541,21.47986],[72.66541,21.48069],[72.66541,21.4807],[72.6657,21.48069],[72.6657,21.48181],[72.66597,21.48181],[72.66597,21.48236],[72.66625,21.48236],[72.66625,21.48375],[72.66653,21.48375],[72.66653,21.48458],[72.66653,21.48459],[72.66681,21.48459],[72.66681,21.48642],[72.66681,21.48747],[72.66681,21.48847],[72.66707,21.48847],[72.66707,21.48903],[72.66736,21.48903],[72.66736,21.49208],[72.66707,21.49208],[72.66707,21.49236],[72.66736,21.49236],[72.66736,21.49292],[72.66764,21.49292],[72.66764,21.49347],[72.66792,21.49347],[72.66792,21.49375],[72.6682,21.49375],[72.6682,21.49681],[72.66847,21.49681],[72.66847,21.49819],[72.66847,21.4982],[72.66874,21.49819],[72.66875,21.49819],[72.66875,21.49875],[72.66903,21.49875],[72.66903,21.50097],[72.66875,21.50097],[72.66875,21.50208],[72.66903,21.50208],[72.66903,21.50236],[72.6693,21.50236],[72.6693,21.50264],[72.66986,21.50264],[72.66986,21.50292],[72.67022,21.50292],[72.67042,21.50292],[72.67042,21.5032],[72.67069,21.5032],[72.67069,21.50486],[72.67097,21.50486],[72.67097,21.50542],[72.67124,21.50542],[72.67124,21.50681],[72.67097,21.50681],[72.67097,21.50792],[72.67069,21.50792],[72.67069,21.50903],[72.67042,21.50903],[72.67042,21.50932],[72.67069,21.50932],[72.67069,21.51014],[72.67097,21.51014],[72.67097,21.51125],[72.67125,21.51125],[72.67124,21.5118],[72.67127,21.5118],[72.67152,21.51181],[72.67152,21.51236],[72.67157,21.51236],[72.67181,21.51236],[72.67181,21.51292],[72.67347,21.51292],[72.67347,21.5132],[72.67541,21.5132],[72.67541,21.51347],[72.67736,21.51347],[72.67736,21.51375],[72.67764,21.51375],[72.67764,21.51403],[72.67847,21.51403],[72.67847,21.51375],[72.6793,21.51375],[72.6793,21.51403],[72.67986,21.51403],[72.67986,21.51431],[72.68042,21.51431],[72.68042,21.51458],[72.68042,21.51459],[72.68069,21.51458],[72.6807,21.51486],[72.68097,21.51486],[72.68097,21.51514],[72.68125,21.51513],[72.68125,21.51542],[72.68139,21.51542],[72.68153,21.51542],[72.68153,21.51569],[72.68153,21.5157],[72.68181,21.5157],[72.68181,21.51597],[72.68208,21.51597],[72.68208,21.51764],[72.68153,21.51764],[72.68153,21.51736],[72.68125,21.51736],[72.68125,21.51708],[72.68097,21.51708],[72.68097,21.51653],[72.68073,21.51653],[72.68043,21.51653],[72.68043,21.51625],[72.67986,21.51625],[72.67986,21.51597],[72.67958,21.51597],[72.67958,21.5157],[72.67958,21.51569],[72.67848,21.51569],[72.67848,21.51542],[72.67792,21.51542],[72.67792,21.51569],[72.67653,21.51569],[72.67653,21.51542],[72.67639,21.51542],[72.67625,21.51542],[72.67625,21.51513],[72.67597,21.51514],[72.67597,21.51486],[72.67541,21.51486],[72.67541,21.51458],[72.67403,21.51458],[72.67403,21.51431],[72.67236,21.51431],[72.67236,21.51458],[72.67097,21.51458],[72.67097,21.51486],[72.67125,21.51486],[72.67125,21.51514],[72.6714,21.51513],[72.67152,21.51513],[72.67152,21.51542],[72.67167,21.51542],[72.67181,21.51542],[72.67181,21.51569],[72.67181,21.5157],[72.67208,21.51569],[72.67208,21.51625],[72.67236,21.51625],[72.67236,21.51653],[72.67237,21.51653],[72.67292,21.51653],[72.67292,21.51681],[72.67319,21.51681],[72.67319,21.51792],[72.67347,21.51792],[72.67347,21.5182],[72.67375,21.5182],[72.67375,21.51875],[72.67403,21.51875],[72.67403,21.52042],[72.67413,21.52042],[72.67419,21.52042],[72.67431,21.52042],[72.67431,21.52069],[72.67447,21.52069],[72.67458,21.52069],[72.67458,21.52126],[72.67542,21.52126],[72.67542,21.52153],[72.6757,21.52153],[72.6757,21.5218],[72.6757,21.52181],[72.67625,21.52181],[72.67625,21.52208],[72.67653,21.52208],[72.67653,21.52236],[72.67675,21.52236],[72.6768,21.52236],[72.6768,21.52264],[72.67709,21.52264],[72.67709,21.52292],[72.67737,21.52292],[72.67737,21.5232],[72.67792,21.5232],[72.67792,21.52347],[72.67818,21.52347],[72.67819,21.52347],[72.67819,21.52375],[72.67847,21.52375],[72.67847,21.52403],[72.67853,21.52403],[72.67875,21.52403],[72.67875,21.52458],[72.67875,21.52459],[72.6793,21.52458],[72.6793,21.52486],[72.67986,21.52486],[72.67986,21.52514],[72.68043,21.52514],[72.68043,21.52542],[72.68097,21.52542],[72.68097,21.52569],[72.68097,21.5257],[72.68125,21.5257],[72.68125,21.52597],[72.68131,21.52597],[72.68153,21.52597],[72.68153,21.52625],[72.68208,21.52625],[72.68208,21.52653],[72.68209,21.52653],[72.68264,21.52653],[72.68264,21.52681],[72.68459,21.52681],[72.68459,21.52708],[72.68486,21.52707],[72.68486,21.52736],[72.68514,21.52736],[72.68514,21.52764],[72.68542,21.52764],[72.68542,21.52792],[72.68569,21.52792],[72.68569,21.5282],[72.68653,21.5282],[72.68653,21.52847],[72.68757,21.52847],[72.6882,21.52847],[72.6882,21.52831],[72.6882,21.5282],[72.68883,21.5282],[72.68884,21.5282],[72.68903,21.5282],[72.68903,21.52817],[72.68903,21.52792],[72.68986,21.52792],[72.68986,21.5282],[72.69014,21.5282],[72.69014,21.52793],[72.69014,21.52792],[72.69021,21.52792],[72.6918,21.52792],[72.6918,21.5277],[72.6918,21.52764],[72.69243,21.52764],[72.69264,21.52764],[72.69264,21.52762],[72.69264,21.52736],[72.69569,21.52736],[72.69569,21.52727],[72.69569,21.52707],[72.69875,21.52707],[72.69875,21.52736],[72.6993,21.52736],[72.6993,21.52725],[72.6993,21.52707],[72.70042,21.52707],[72.70042,21.52736],[72.70236,21.52736],[72.70236,21.52764],[72.70403,21.52764],[72.70403,21.52792],[72.70478,21.52792],[72.70498,21.52792],[72.70569,21.52792],[72.70569,21.5282],[72.70597,21.5282],[72.70597,21.52847],[72.70653,21.52847],[72.70653,21.52875],[72.7068,21.52875],[72.7068,21.52903],[72.70708,21.52903],[72.70708,21.52924],[72.70708,21.52931],[72.70728,21.52931],[72.70756,21.52931],[72.70764,21.52931],[72.70764,21.52958],[72.7081,21.52958],[72.70903,21.52958],[72.70903,21.52986],[72.70959,21.52986],[72.70959,21.53014],[72.71041,21.53014],[72.71041,21.53042],[72.71125,21.53042],[72.71125,21.5307],[72.71208,21.5307],[72.71208,21.53097],[72.71291,21.53097],[72.71291,21.53125],[72.7143,21.53125],[72.7143,21.53153],[72.71458,21.53153],[72.71458,21.53181],[72.7157,21.53181],[72.7157,21.53208],[72.71625,21.53208],[72.71625,21.53236],[72.71671,21.53236],[72.71709,21.53236],[72.71709,21.53264],[72.71763,21.53264],[72.71763,21.53292],[72.71819,21.53292],[72.71819,21.5332],[72.71866,21.5332],[72.71903,21.53319],[72.71903,21.53347],[72.71985,21.53347],[72.71985,21.53375],[72.7207,21.53375],[72.7207,21.53403],[72.72153,21.53403],[72.72153,21.53431],[72.7218,21.53431],[72.72181,21.53458],[72.72208,21.53458],[72.72209,21.53458],[72.72209,21.53431],[72.72236,21.53431],[72.72236,21.53458],[72.72319,21.53458],[72.7243,21.53458],[72.7243,21.53486],[72.72486,21.53486],[72.72486,21.53514],[72.72625,21.53514],[72.72625,21.53486],[72.72681,21.53486],[72.72681,21.53514],[72.72736,21.53514],[72.72736,21.53542],[72.72791,21.53542],[72.72791,21.53569],[72.72903,21.53569],[72.72903,21.53597],[72.72986,21.53597],[72.72986,21.53625],[72.7307,21.53624],[72.7307,21.53653],[72.73208,21.53653],[72.73208,21.53681],[72.73236,21.53681],[72.73236,21.53653],[72.73292,21.53653],[72.73292,21.53708],[72.73365,21.53708],[72.73375,21.53708],[72.73375,21.53736],[72.73385,21.53736],[72.73431,21.53736],[72.73431,21.53764],[72.73486,21.53764],[72.73486,21.53792],[72.73487,21.53792],[72.7357,21.53792],[72.7357,21.5382],[72.73634,21.5382],[72.73681,21.5382],[72.73681,21.53847],[72.73689,21.53847],[72.73708,21.53847],[72.73708,21.53875],[72.73736,21.53875],[72.73736,21.53897],[72.73736,21.53903],[72.73744,21.53903],[72.73764,21.53903],[72.73764,21.53914],[72.73764,21.53958],[72.73792,21.53958],[72.73792,21.53986],[72.73795,21.53986],[72.7382,21.53986],[72.7382,21.54014],[72.73875,21.54014],[72.73875,21.54042],[72.73903,21.54042],[72.73903,21.54097],[72.73905,21.54097],[72.7393,21.54097],[72.7393,21.54125],[72.73959,21.54125],[72.73959,21.54139],[72.73959,21.54153],[72.74014,21.54153],[72.74014,21.54162],[72.74014,21.54181],[72.74069,21.54181],[72.74069,21.54264],[72.74097,21.54264],[72.74097,21.54319],[72.74098,21.54319],[72.74098,21.5432],[72.74153,21.5432],[72.74153,21.54347],[72.74181,21.54347],[72.74181,21.54569],[72.74264,21.54569],[72.74264,21.54708],[72.74236,21.54708],[72.74236,21.54847],[72.74229,21.54847],[72.74208,21.54847],[72.74208,21.54875],[72.74236,21.54875],[72.74236,21.55014],[72.74208,21.55014],[72.74208,21.55042],[72.74202,21.55042],[72.74181,21.55042],[72.74181,21.55069],[72.74153,21.55069],[72.74153,21.55097],[72.74125,21.55097],[72.74125,21.55125],[72.741,21.55124],[72.74097,21.55124],[72.74097,21.55153],[72.74069,21.55153],[72.74069,21.5518],[72.74069,21.55181],[72.74042,21.5518],[72.74042,21.55209],[72.73986,21.55208],[72.73986,21.55236],[72.73959,21.55236],[72.73959,21.55264],[72.73875,21.55264],[72.73875,21.55292],[72.7382,21.55292],[72.7382,21.55319],[72.73736,21.55319],[72.73736,21.55292],[72.73681,21.55292],[72.73681,21.55319],[72.73597,21.55319],[72.73597,21.55347],[72.73592,21.55347],[72.73569,21.55347],[72.73569,21.55403],[72.73542,21.55403],[72.73542,21.55486],[72.73569,21.55486],[72.73569,21.55514],[72.73625,21.55514],[72.73625,21.55542],[72.73653,21.55542],[72.73653,21.55597],[72.73653,21.55598],[72.73681,21.55598],[72.73681,21.55681],[72.73625,21.55681],[72.73625,21.55653],[72.73569,21.55653],[72.73569,21.55625],[72.73487,21.55625],[72.73487,21.55597],[72.73486,21.55597],[72.73458,21.55597],[72.73458,21.5557],[72.73375,21.5557],[72.73375,21.55542],[72.73347,21.55542],[72.73347,21.55486],[72.73319,21.55486],[72.73319,21.55403],[72.73292,21.55403],[72.73292,21.55264],[72.73319,21.55264],[72.73319,21.55208],[72.73375,21.55209],[72.73375,21.55181],[72.73402,21.55181],[72.73402,21.55153],[72.73431,21.55153],[72.73431,21.55124],[72.73433,21.55124],[72.73458,21.55125],[72.73458,21.55097],[72.73483,21.55097],[72.73597,21.55097],[72.73597,21.5507],[72.73653,21.5507],[72.73653,21.55097],[72.73681,21.55097],[72.73681,21.5507],[72.73764,21.5507],[72.73764,21.55069],[72.73764,21.55042],[72.73852,21.55042],[72.73875,21.55042],[72.73875,21.55014],[72.73938,21.55014],[72.73986,21.55014],[72.73986,21.54986],[72.74014,21.54986],[72.74014,21.54653],[72.74013,21.54653],[72.73989,21.54653],[72.73986,21.54653],[72.73986,21.54625],[72.73959,21.54625],[72.73959,21.54569],[72.73986,21.54569],[72.73986,21.54486],[72.73959,21.54486],[72.73959,21.54375],[72.7393,21.54375],[72.7393,21.54347],[72.73903,21.54347],[72.73903,21.54264],[72.73875,21.54264],[72.73875,21.54236],[72.73847,21.54236],[72.73847,21.54208],[72.7382,21.54208],[72.7382,21.54181],[72.73792,21.54181],[72.73792,21.54125],[72.73764,21.54125],[72.73764,21.54097],[72.73738,21.54097],[72.73736,21.54097],[72.73736,21.5407],[72.73708,21.5407],[72.73708,21.54042],[72.73569,21.54042],[72.73569,21.54014],[72.73514,21.54014],[72.73514,21.53986],[72.7344,21.53986],[72.73431,21.53986],[72.73431,21.53958],[72.73389,21.53958],[72.73263,21.53958],[72.73263,21.53903],[72.73208,21.53903],[72.73208,21.53875],[72.73042,21.53875],[72.73042,21.53847],[72.72875,21.53847],[72.72875,21.5382],[72.72681,21.5382],[72.72681,21.53792],[72.72598,21.53792],[72.72598,21.53764],[72.72486,21.53764],[72.72486,21.53736],[72.72459,21.53736],[72.72459,21.53764],[72.7232,21.53764],[72.7232,21.53736],[72.72157,21.53736],[72.72125,21.53736],[72.72125,21.53708],[72.72101,21.53708],[72.71931,21.53708],[72.71931,21.53681],[72.71878,21.53681],[72.71875,21.53681],[72.71875,21.53653],[72.71819,21.53653],[72.71819,21.53624],[72.71681,21.53625],[72.71681,21.53597],[72.7168,21.53597],[72.71597,21.53597],[72.71597,21.53569],[72.71459,21.53569],[72.71459,21.53542],[72.71458,21.53542],[72.71291,21.53542],[72.71291,21.53514],[72.71208,21.53514],[72.71208,21.53486],[72.71125,21.53486],[72.71125,21.53458],[72.71109,21.53458],[72.71098,21.53458],[72.71098,21.53403],[72.71014,21.53403],[72.71014,21.53375],[72.70959,21.53375],[72.70959,21.53347],[72.70931,21.53347],[72.70931,21.53319],[72.70875,21.53319],[72.70875,21.53347],[72.70848,21.53347],[72.70848,21.53319],[72.70847,21.53319],[72.70822,21.5332],[72.70792,21.5332],[72.70792,21.53292],[72.70708,21.53292],[72.70708,21.53264],[72.70659,21.53264],[72.70653,21.53264],[72.70653,21.53258],[72.70653,21.53236],[72.70597,21.53236],[72.70597,21.53226],[72.70597,21.53208],[72.70486,21.53208],[72.70486,21.53236],[72.70402,21.53236],[72.70402,21.53208],[72.70347,21.53208],[72.70347,21.53236],[72.70236,21.53236],[72.70236,21.53264],[72.70181,21.53264],[72.70181,21.53292],[72.70097,21.53292],[72.70097,21.5332],[72.69969,21.5332],[72.69875,21.53319],[72.69875,21.53347],[72.69847,21.53347],[72.69847,21.53375],[72.69791,21.53375],[72.69791,21.53403],[72.69708,21.53403],[72.69708,21.53431],[72.69597,21.5343],[72.69597,21.53458],[72.69486,21.53458],[72.69486,21.53431],[72.69486,21.5343],[72.69431,21.5343],[72.69431,21.53458],[72.69383,21.53458],[72.69319,21.53458],[72.69319,21.53486],[72.69264,21.53486],[72.69264,21.53458],[72.69248,21.53458],[72.69236,21.53458],[72.69237,21.53486],[72.69124,21.53486],[72.69124,21.53542],[72.6907,21.53542],[72.6907,21.53569],[72.69014,21.53569],[72.69014,21.53597],[72.68958,21.53597],[72.68958,21.53625],[72.68903,21.53624],[72.68903,21.53653],[72.68847,21.53653],[72.68847,21.53708],[72.68823,21.53708],[72.68819,21.53708],[72.68819,21.53736],[72.68764,21.53736],[72.68764,21.53764],[72.68736,21.53764],[72.68736,21.5382],[72.68708,21.5382],[72.68708,21.53847],[72.68681,21.53847],[72.68681,21.53872],[72.68681,21.53875],[72.68653,21.53875],[72.68653,21.53931],[72.68625,21.53931],[72.68625,21.53958],[72.68587,21.53958],[72.68569,21.53958],[72.68569,21.54014],[72.68542,21.54014],[72.68542,21.5407],[72.68514,21.5407],[72.68514,21.54097],[72.68503,21.54097],[72.68459,21.54097],[72.68459,21.54125],[72.6843,21.54125],[72.6843,21.54153],[72.68403,21.54153],[72.68403,21.54292],[72.6832,21.54292],[72.6832,21.54264],[72.68291,21.54264],[72.68291,21.54263],[72.68291,21.54236],[72.68264,21.54236],[72.68264,21.54208],[72.68236,21.54208],[72.68236,21.54125],[72.68209,21.54125],[72.68209,21.54093],[72.68209,21.5407],[72.68208,21.5407],[72.68181,21.5407],[72.68181,21.54042],[72.68153,21.54042],[72.68153,21.54014],[72.68097,21.54014],[72.68097,21.53986],[72.67874,21.53986],[72.67848,21.53986],[72.67848,21.53958],[72.67792,21.53958],[72.67792,21.53931],[72.67736,21.53931],[72.67736,21.53875],[72.67625,21.53875],[72.67625,21.53847],[72.67605,21.53847],[72.67597,21.53847],[72.67597,21.5382],[72.6757,21.5382],[72.6757,21.53792],[72.67542,21.53792],[72.67542,21.53764],[72.67375,21.53764],[72.67375,21.53736],[72.67292,21.53736],[72.67292,21.53708],[72.67278,21.53708],[72.67181,21.53708],[72.67181,21.53681],[72.67127,21.53681],[72.67124,21.53681],[72.67124,21.53653],[72.67069,21.53653],[72.67069,21.53597],[72.6706,21.53597],[72.67042,21.53597],[72.67042,21.53569],[72.66931,21.53569],[72.66931,21.53514],[72.6693,21.53514],[72.66903,21.53514],[72.66903,21.53486],[72.6682,21.53486],[72.6682,21.53458],[72.66804,21.53458],[72.66792,21.53458],[72.66792,21.53431],[72.66792,21.5343],[72.66736,21.53431],[72.66736,21.53375],[72.66681,21.53375],[72.66681,21.53347],[72.66653,21.53347],[72.66653,21.53319],[72.66616,21.5332],[72.6657,21.5332],[72.6657,21.53264],[72.66541,21.53264],[72.66541,21.53236],[72.66514,21.53236],[72.66514,21.53208],[72.66487,21.53208],[72.66487,21.5318],[72.66486,21.53181],[72.66486,21.5318],[72.66458,21.53181],[72.66458,21.53153],[72.66431,21.53153],[72.66431,21.5307],[72.66402,21.5307],[72.66402,21.53042],[72.66375,21.53042],[72.66375,21.52986],[72.66347,21.52986],[72.66347,21.52958],[72.66319,21.52958],[72.66319,21.52903],[72.66264,21.52903],[72.66264,21.52875],[72.66263,21.52875],[72.66236,21.52875],[72.66236,21.52847],[72.66209,21.52847],[72.66209,21.5282],[72.6618,21.5282],[72.6618,21.52792],[72.66125,21.52792],[72.66125,21.52764],[72.66097,21.52764],[72.66097,21.52736],[72.66042,21.52736],[72.66042,21.5272],[72.66042,21.52719],[72.66014,21.5272],[72.66,21.5272],[72.65982,21.52721],[72.65918,21.52726],[72.6585,21.52732],[72.65801,21.52736],[72.6574,21.52741],[72.65695,21.52745],[72.65626,21.52751],[72.65539,21.52751],[72.65377,21.52751],[72.65306,21.52735],[72.65246,21.52722],[72.65181,21.52707],[72.65123,21.52694],[72.65096,21.52688],[72.65075,21.5267],[72.65053,21.52651],[72.65022,21.52625],[72.64998,21.52604],[72.6497,21.52581],[72.6492,21.52538],[72.64878,21.52501],[72.64808,21.52496],[72.64739,21.52491],[72.64605,21.5248],[72.64473,21.5247],[72.64427,21.52493],[72.6428,21.52566],[72.64161,21.52626],[72.64161,21.52732],[72.64161,21.52853],[72.64161,21.52969],[72.64184,21.52985],[72.64348,21.53094],[72.64353,21.53101],[72.64455,21.53254],[72.64473,21.53281],[72.64441,21.53374],[72.64317,21.53436],[72.642,21.53495],[72.6413,21.5353],[72.63992,21.5355],[72.6376,21.53583],[72.63693,21.53592],[72.63584,21.53647],[72.6347,21.53704],[72.63361,21.53759],[72.63286,21.53796],[72.63223,21.53828],[72.63177,21.5385],[72.63134,21.53872],[72.63105,21.53887],[72.6307,21.53904],[72.63031,21.53947],[72.63008,21.53974],[72.6297,21.54017],[72.6289,21.54106],[72.62821,21.54185],[72.62719,21.54272],[72.62641,21.54338],[72.62602,21.54372],[72.62575,21.5439],[72.62514,21.54431],[72.62433,21.54484],[72.62396,21.54509],[72.62355,21.54537],[72.62322,21.54559],[72.62293,21.54584],[72.62206,21.5466],[72.62151,21.54708],[72.62106,21.54748],[72.62072,21.54777],[72.62042,21.54809],[72.61985,21.54871],[72.61958,21.549],[72.61929,21.54931],[72.61891,21.54972],[72.61846,21.5502],[72.61806,21.55064],[72.61749,21.55126],[72.61713,21.55164],[72.61685,21.55194],[72.61654,21.55227],[72.61596,21.55285],[72.61563,21.55318],[72.6153,21.55351],[72.61491,21.55389],[72.61463,21.55417],[72.61436,21.55444],[72.61418,21.55463],[72.61387,21.55518],[72.61372,21.55544],[72.61356,21.55573],[72.61331,21.55619],[72.61262,21.55743],[72.61271,21.55807],[72.61282,21.5588],[72.6129,21.55937],[72.61293,21.55961],[72.61293,21.56009],[72.61293,21.56066],[72.61293,21.56174],[72.61293,21.56325],[72.61293,21.56436],[72.61293,21.56554],[72.61293,21.56662],[72.61293,21.56737],[72.61293,21.56858],[72.61293,21.5687],[72.61282,21.56969],[72.61272,21.5706],[72.61262,21.57146],[72.61247,21.57181],[72.61219,21.57245],[72.61169,21.57364],[72.61158,21.5738],[72.61103,21.57463],[72.61086,21.57488],[72.61065,21.57519],[72.61033,21.57568],[72.60982,21.57644],[72.60953,21.5773],[72.60929,21.57803],[72.60919,21.57831],[72.60919,21.57886],[72.60919,21.57979],[72.60919,21.57987],[72.60896,21.58043],[72.60875,21.58094],[72.60856,21.5814],[72.60834,21.58194],[72.60812,21.58248],[72.608,21.58276],[72.60795,21.58288],[72.60792,21.58296],[72.60792,21.58297],[72.60792,21.58319],[72.60792,21.5832],[72.60819,21.58319],[72.60819,21.58375],[72.60847,21.58375],[72.60847,21.58403],[72.60875,21.58403],[72.60875,21.58458],[72.60875,21.58459],[72.60902,21.58459],[72.60902,21.58486],[72.60931,21.58486],[72.60931,21.58542],[72.60956,21.58542],[72.60958,21.58542],[72.60958,21.58597],[72.60986,21.58597],[72.60986,21.58625],[72.60987,21.58625],[72.61014,21.58625],[72.61014,21.58653],[72.61042,21.58653],[72.61042,21.58681],[72.61069,21.58681],[72.61069,21.58708],[72.6107,21.58708],[72.61097,21.58708],[72.61097,21.58736],[72.61125,21.58735],[72.61125,21.58764],[72.61153,21.58764],[72.61153,21.58792],[72.61181,21.58792],[72.61181,21.58819],[72.61195,21.58819],[72.61208,21.58819],[72.61208,21.58875],[72.61236,21.58875],[72.61236,21.58931],[72.61264,21.58931],[72.61264,21.58958],[72.61292,21.58958],[72.61292,21.58986],[72.61347,21.58986],[72.61347,21.59014],[72.61375,21.59014],[72.61375,21.59042],[72.61403,21.59042],[72.61403,21.59097],[72.61429,21.59097],[72.61429,21.59153],[72.61459,21.59153],[72.61459,21.59181],[72.61486,21.59181],[72.61486,21.59208],[72.61514,21.59208],[72.61514,21.59264],[72.61597,21.59264],[72.61597,21.59292],[72.61681,21.59292],[72.61681,21.59348],[72.61708,21.59347],[72.61708,21.59458],[72.61719,21.59458],[72.61736,21.59458],[72.61736,21.59514],[72.61764,21.59514],[72.61764,21.59542],[72.61819,21.59542],[72.61819,21.59569],[72.61875,21.59569],[72.61875,21.59597],[72.61882,21.59597],[72.61958,21.59597],[72.61958,21.59625],[72.6207,21.59625],[72.6207,21.59681],[72.62097,21.59681],[72.62097,21.59736],[72.62125,21.59736],[72.62125,21.59931],[72.62153,21.59931],[72.62153,21.60042],[72.6218,21.60042],[72.6218,21.60208],[72.622,21.60208],[72.62209,21.60208],[72.62209,21.6032],[72.62236,21.6032],[72.62236,21.60375],[72.62264,21.60375],[72.62264,21.60403],[72.62292,21.60403],[72.62292,21.60431],[72.62294,21.60431],[72.62319,21.6043],[72.62319,21.60459],[72.62347,21.60458],[72.62347,21.60486],[72.62375,21.60486],[72.62375,21.60542],[72.62403,21.60542],[72.62403,21.6057],[72.62431,21.60569],[72.62431,21.60653],[72.62432,21.60653],[72.62486,21.60653],[72.62486,21.60708],[72.62514,21.60708],[72.62514,21.60764],[72.62542,21.60764],[72.62542,21.60848],[72.62597,21.60848],[72.62597,21.60875],[72.62625,21.60875],[72.62625,21.60958],[72.62653,21.60958],[72.62653,21.61042],[72.62681,21.61042],[72.62681,21.61125],[72.62708,21.61125],[72.62708,21.61181],[72.62736,21.61181],[72.62736,21.61236],[72.62708,21.61236],[72.62708,21.61347],[72.62736,21.61347],[72.62736,21.61431],[72.62764,21.61431],[72.62764,21.61458],[72.62779,21.61458],[72.62791,21.61458],[72.62791,21.61542],[72.6282,21.61542],[72.6282,21.61681],[72.62857,21.61681],[72.62875,21.6168],[72.62875,21.61708],[72.62887,21.61708],[72.6293,21.61708],[72.6293,21.61765],[72.63014,21.61765],[72.63014,21.61792],[72.63073,21.61792],[72.63097,21.61791],[72.63097,21.6182],[72.63098,21.6182],[72.63208,21.6182],[72.63208,21.61848],[72.63264,21.61847],[72.63264,21.61875],[72.63347,21.61875],[72.63347,21.61903],[72.63402,21.61903],[72.63402,21.61931],[72.63403,21.61931],[72.63458,21.61931],[72.63458,21.61986],[72.63486,21.61986],[72.63486,21.62014],[72.63513,21.62014],[72.63513,21.62042],[72.63847,21.62042],[72.63847,21.62014],[72.63931,21.62014],[72.63931,21.61986],[72.63958,21.61986],[72.63958,21.61959],[72.6407,21.61959],[72.6407,21.61931],[72.64125,21.61931],[72.64125,21.61903],[72.64153,21.61903],[72.64153,21.61875],[72.64208,21.61875],[72.64208,21.61847],[72.64237,21.61848],[72.64237,21.6182],[72.6432,21.6182],[72.6432,21.61791],[72.64328,21.61792],[72.64347,21.61792],[72.64347,21.61765],[72.64403,21.61765],[72.64403,21.61736],[72.64542,21.61736],[72.64542,21.61708],[72.64792,21.61708],[72.64792,21.61736],[72.64848,21.61736],[72.64848,21.61765],[72.64875,21.61765],[72.64875,21.61792],[72.64894,21.61792],[72.64902,21.61791],[72.64902,21.6182],[72.64931,21.6182],[72.64931,21.61847],[72.64931,21.61848],[72.64958,21.61847],[72.64958,21.61903],[72.64986,21.61903],[72.64986,21.62014],[72.65013,21.62014],[72.65013,21.62042],[72.65041,21.62042],[72.65041,21.62097],[72.65042,21.62097],[72.65069,21.62097],[72.65069,21.62125],[72.6507,21.62125],[72.65097,21.62125],[72.65097,21.62181],[72.65119,21.62181],[72.65125,21.62181],[72.65125,21.62208],[72.6518,21.62208],[72.6518,21.62319],[72.65208,21.62319],[72.65208,21.62347],[72.65209,21.62347],[72.65236,21.62346],[72.65236,21.62375],[72.65264,21.62375],[72.65264,21.62346],[72.65291,21.62347],[72.65291,21.62319],[72.6532,21.62319],[72.6532,21.62347],[72.65375,21.62346],[72.65375,21.62375],[72.65542,21.62375],[72.65542,21.62403],[72.65569,21.62403],[72.65569,21.62431],[72.65598,21.62431],[72.65598,21.62458],[72.65598,21.62459],[72.65664,21.62458],[72.65681,21.62458],[72.65681,21.62486],[72.65764,21.62486],[72.65764,21.62514],[72.65791,21.62514],[72.65791,21.62542],[72.65792,21.62542],[72.6582,21.62542],[72.6582,21.62597],[72.65736,21.62597],[72.65736,21.62625],[72.65708,21.62625],[72.65708,21.62681],[72.65726,21.62681],[72.65736,21.62681],[72.65736,21.62708],[72.65737,21.62708],[72.65764,21.62708],[72.65764,21.62736],[72.65782,21.62736],[72.65791,21.62736],[72.65791,21.62764],[72.65792,21.62764],[72.65958,21.62764],[72.65958,21.62792],[72.66017,21.62792],[72.66042,21.62792],[72.66042,21.62819],[72.66319,21.62819],[72.66319,21.62798],[72.66319,21.62792],[72.66331,21.62792],[72.66486,21.62792],[72.66486,21.62764],[72.66541,21.62764],[72.66541,21.62736],[72.6657,21.62736],[72.6657,21.62792],[72.66589,21.62792],[72.66597,21.62792],[72.66597,21.62819],[72.66709,21.62819],[72.66709,21.62792],[72.67159,21.62792],[72.67264,21.62792],[72.67264,21.62819],[72.67289,21.62819],[72.6732,21.62819],[72.6732,21.62847],[72.67339,21.62847],[72.67347,21.62847],[72.67347,21.62875],[72.6738,21.62875],[72.6743,21.62875],[72.6743,21.62903],[72.67452,21.62903],[72.67514,21.62903],[72.67514,21.62986],[72.67514,21.62987],[72.6757,21.62986],[72.6757,21.63014],[72.67653,21.63014],[72.67653,21.63042],[72.6768,21.63042],[72.6768,21.6307],[72.67685,21.6307],[72.67709,21.63069],[72.67709,21.63097],[72.67711,21.63097],[72.67737,21.63097],[72.67764,21.63097],[72.67764,21.63153],[72.67792,21.63153],[72.67792,21.63209],[72.67847,21.63208],[72.67847,21.63265],[72.67903,21.63265],[72.67903,21.63292],[72.67924,21.63292],[72.68028,21.63292],[72.68042,21.63292],[72.68042,21.6332],[72.6807,21.6332],[72.6807,21.63347],[72.68125,21.63347],[72.68125,21.63403],[72.68153,21.63403],[72.68153,21.63431],[72.68236,21.63431],[72.68236,21.63458],[72.68264,21.63458],[72.68264,21.63486],[72.6832,21.63486],[72.6832,21.63514],[72.68403,21.63514],[72.68403,21.63542],[72.68459,21.63542],[72.68459,21.63569],[72.68486,21.63569],[72.68486,21.63597],[72.68487,21.63597],[72.68542,21.63597],[72.68542,21.63625],[72.68569,21.63625],[72.68569,21.63653],[72.68597,21.63653],[72.68597,21.6368],[72.68653,21.63681],[72.68653,21.63708],[72.68708,21.63708],[72.68708,21.63736],[72.68736,21.63736],[72.68736,21.63764],[72.68792,21.63764],[72.68792,21.63792],[72.68799,21.63792],[72.68819,21.63792],[72.68819,21.63847],[72.6882,21.63847],[72.68847,21.63846],[72.68847,21.63875],[72.68875,21.63875],[72.68875,21.63903],[72.68931,21.63903],[72.68931,21.63931],[72.68958,21.63931],[72.68958,21.63986],[72.69041,21.63986],[72.69041,21.64014],[72.69124,21.64014],[72.69124,21.64015],[72.69124,21.64042],[72.69143,21.64042],[72.6918,21.64042],[72.6918,21.64069],[72.6918,21.6407],[72.69237,21.64069],[72.69237,21.64153],[72.69264,21.64153],[72.69264,21.64181],[72.69276,21.64181],[72.69292,21.64181],[72.69292,21.64208],[72.69309,21.64208],[72.69319,21.64208],[72.69319,21.64264],[72.69328,21.64264],[72.69347,21.64264],[72.69347,21.64319],[72.69319,21.64319],[72.69319,21.64347],[72.69319,21.64348],[72.69346,21.64347],[72.69346,21.64403],[72.69347,21.64403],[72.69375,21.64403],[72.69375,21.64431],[72.69403,21.64431],[72.69403,21.64486],[72.69431,21.64486],[72.69431,21.64514],[72.69458,21.64514],[72.69458,21.6457],[72.69486,21.64569],[72.69486,21.64625],[72.69514,21.64625],[72.69514,21.64653],[72.69542,21.64653],[72.69542,21.64681],[72.69569,21.64681],[72.69569,21.64736],[72.6957,21.64736],[72.69597,21.64736],[72.69597,21.64765],[72.69625,21.64765],[72.69625,21.6482],[72.69653,21.6482],[72.69653,21.64847],[72.69681,21.64847],[72.69681,21.64875],[72.69653,21.64875],[72.69653,21.64903],[72.69654,21.64903],[72.69708,21.64903],[72.69708,21.64931],[72.69737,21.64931],[72.69737,21.64958],[72.6974,21.64958],[72.69764,21.64958],[72.69764,21.64986],[72.69813,21.64986],[72.6982,21.64986],[72.6982,21.65014],[72.69847,21.65014],[72.69847,21.65042],[72.69858,21.65042],[72.69875,21.65042],[72.69875,21.65069],[72.69903,21.65069],[72.69903,21.65097],[72.69958,21.65097],[72.69958,21.65125],[72.70014,21.65125],[72.70042,21.65125],[72.70042,21.65153],[72.70097,21.65153],[72.70097,21.65181],[72.70122,21.65181],[72.70236,21.65181],[72.70236,21.65208],[72.70487,21.65208],[72.70487,21.65189],[72.70487,21.65181],[72.70517,21.65181],[72.70541,21.65181],[72.70541,21.65168],[72.70541,21.65153],[72.7057,21.65153],[72.7057,21.65147],[72.7057,21.65125],[72.70597,21.65125],[72.70597,21.65097],[72.70625,21.65097],[72.70625,21.65042],[72.7068,21.65042],[72.7068,21.65069],[72.70709,21.65069],[72.70709,21.65068],[72.70709,21.65042],[72.70725,21.65042],[72.70735,21.65042],[72.70735,21.65014],[72.70764,21.65014],[72.70764,21.64958],[72.70833,21.64958],[72.70844,21.64958],[72.70847,21.64958],[72.70848,21.64958],[72.70848,21.64945],[72.70848,21.64903],[72.70889,21.64903],[72.70903,21.64903],[72.70903,21.64875],[72.70917,21.64875],[72.7093,21.64875],[72.7093,21.64847],[72.70945,21.64847],[72.70986,21.64847],[72.70986,21.6482],[72.71041,21.6482],[72.71041,21.64765],[72.7107,21.64765],[72.7107,21.64708],[72.71098,21.64709],[72.71098,21.64653],[72.71125,21.64653],[72.71125,21.64625],[72.71152,21.64625],[72.71152,21.64597],[72.71181,21.64597],[72.71181,21.64529],[72.71181,21.64514],[72.71236,21.64514],[72.71236,21.64459],[72.71264,21.64459],[72.71264,21.64431],[72.71291,21.64431],[72.71291,21.64375],[72.71375,21.64375],[72.71375,21.64319],[72.71385,21.64319],[72.71403,21.64319],[72.71403,21.64264],[72.71422,21.64264],[72.7143,21.64264],[72.7143,21.64236],[72.71486,21.64236],[72.71486,21.64181],[72.71514,21.64181],[72.71514,21.64153],[72.71542,21.64153],[72.71542,21.64097],[72.71625,21.64097],[72.71625,21.6407],[72.71681,21.6407],[72.71681,21.64042],[72.71736,21.64042],[72.71736,21.64014],[72.71763,21.64014],[72.71764,21.64014],[72.71764,21.63986],[72.71819,21.63986],[72.71819,21.63958],[72.71931,21.63959],[72.71931,21.63931],[72.72042,21.63931],[72.72042,21.63903],[72.7232,21.63903],[72.7232,21.63875],[72.72625,21.63875],[72.72625,21.63903],[72.7282,21.63903],[72.7282,21.63931],[72.72875,21.63931],[72.72875,21.63958],[72.72875,21.63959],[72.72931,21.63958],[72.72931,21.63986],[72.73125,21.63986],[72.73125,21.64014],[72.73265,21.64014],[72.73265,21.63986],[72.73292,21.63986],[72.73292,21.63958],[72.73348,21.63959],[72.73348,21.63955],[72.73348,21.63931],[72.73486,21.63931],[72.73486,21.63932],[72.73486,21.63958],[72.73487,21.63958],[72.73487,21.63959],[72.73569,21.63958],[72.73569,21.64014],[72.73591,21.64014],[72.73597,21.64014],[72.73597,21.64069],[72.73597,21.6407],[72.7393,21.6407],[72.7393,21.64097],[72.73986,21.64097],[72.73986,21.64125],[72.74014,21.64125],[72.74014,21.64181],[72.74026,21.64181],[72.74042,21.64181],[72.74042,21.64208],[72.74162,21.64208],[72.74236,21.64208],[72.74236,21.64236],[72.74292,21.64236],[72.74292,21.64208],[72.74335,21.64208],[72.74403,21.64208],[72.74403,21.64182],[72.74403,21.64181],[72.74458,21.64181],[72.74458,21.64208],[72.74459,21.64208],[72.74501,21.64208],[72.74541,21.64208],[72.74541,21.64236],[72.746,21.64236],[72.74736,21.64236],[72.74736,21.64264],[72.74792,21.64264],[72.74792,21.64292],[72.74802,21.64292],[72.74819,21.64292],[72.74819,21.64319],[72.74847,21.64319],[72.74847,21.64347],[72.74848,21.64347],[72.74848,21.64348],[72.74875,21.64347],[72.74875,21.64403],[72.74903,21.64403],[72.74903,21.64459],[72.74931,21.64458],[72.74931,21.64597],[72.74958,21.64597],[72.74958,21.64653],[72.74986,21.64653],[72.74986,21.64708],[72.74958,21.64708],[72.74958,21.64765],[72.74986,21.64765],[72.74986,21.64792],[72.75001,21.64792],[72.75014,21.64792],[72.75014,21.6482],[72.75042,21.6482],[72.75042,21.64847],[72.75069,21.64847],[72.75069,21.64875],[72.75097,21.64875],[72.75097,21.64903],[72.75125,21.64903],[72.75125,21.64931],[72.75097,21.64931],[72.75097,21.64958],[72.75105,21.64958],[72.75153,21.64958],[72.75153,21.64986],[72.75208,21.64986],[72.75208,21.65014],[72.75236,21.65014],[72.75236,21.64986],[72.75375,21.64986],[72.75375,21.65014],[72.75458,21.65014],[72.75682,21.65014],[72.75682,21.64986],[72.75736,21.64986],[72.75736,21.64958],[72.75806,21.64958],[72.7582,21.64958],[72.7582,21.64931],[72.75903,21.64931],[72.75904,21.64931],[72.75904,21.64903],[72.75958,21.64903],[72.75958,21.64875],[72.76041,21.64875],[72.76041,21.64792],[72.76347,21.64792],[72.76347,21.64765],[72.76403,21.64765],[72.76403,21.64736],[72.76625,21.64736],[72.76625,21.64709],[72.76792,21.64709],[72.76792,21.64681],[72.76959,21.64681],[72.76959,21.64653],[72.77014,21.64653],[72.77014,21.64648],[72.77014,21.64625],[72.77098,21.64625],[72.77098,21.64597],[72.77375,21.64597],[72.77375,21.6457],[72.77625,21.6457],[72.77625,21.64541],[72.77988,21.64542],[72.78042,21.64542],[72.78042,21.6453],[72.78042,21.64514],[72.7843,21.64514],[72.7843,21.64511],[72.7843,21.64486],[72.78458,21.64486],[72.78458,21.64514],[72.78736,21.64514],[72.78736,21.64542],[72.78841,21.64542],[72.78875,21.64541],[72.78875,21.6457],[72.78911,21.6457],[72.78986,21.6457],[72.78986,21.64597],[72.78987,21.64597],[72.79097,21.64597],[72.79097,21.64625],[72.79264,21.64625],[72.79264,21.64653],[72.7932,21.64653],[72.7932,21.64681],[72.79403,21.64681],[72.79403,21.64708],[72.79403,21.64709],[72.79514,21.64709],[72.79514,21.64736],[72.79597,21.64736],[72.79597,21.64765],[72.79681,21.64765],[72.79681,21.64792],[72.79708,21.64792],[72.79708,21.64765],[72.79749,21.64765],[72.79763,21.64765],[72.79763,21.64792],[72.79812,21.64792],[72.79847,21.64792],[72.79847,21.6482],[72.79875,21.6482],[72.79875,21.64847],[72.79926,21.64847],[72.79991,21.64847],[72.80042,21.64847],[72.80042,21.64903],[72.8014,21.64903],[72.80153,21.64903],[72.80153,21.64931],[72.80209,21.64931],[72.80209,21.64958],[72.80297,21.64958],[72.80319,21.64958],[72.80319,21.64986],[72.8032,21.64986],[72.80321,21.64986],[72.80403,21.64986],[72.80403,21.65014],[72.80486,21.65014],[72.80486,21.65042],[72.80508,21.65042],[72.80542,21.65042],[72.80542,21.65069],[72.80625,21.65069],[72.80625,21.65097],[72.8068,21.65097],[72.8068,21.65125],[72.80736,21.65125],[72.80736,21.65153],[72.80791,21.65153],[72.80791,21.65181],[72.80815,21.65181],[72.80892,21.65181],[72.80903,21.65181],[72.80903,21.65208],[72.80958,21.65208],[72.80958,21.65236],[72.80959,21.65236],[72.80986,21.65236],[72.80986,21.65264],[72.81042,21.65264],[72.81042,21.65292],[72.81097,21.65292],[72.81097,21.65319],[72.81098,21.65319],[72.81098,21.6532],[72.81129,21.6532],[72.81153,21.6532],[72.81153,21.65347],[72.81208,21.65347],[72.81208,21.65375],[72.81236,21.65375],[72.81236,21.65403],[72.81292,21.65403],[72.81292,21.65431],[72.81345,21.65431],[72.81375,21.65431],[72.81375,21.65458],[72.81431,21.65458],[72.81431,21.65486],[72.81452,21.65486],[72.81458,21.65486],[72.81458,21.65514],[72.81486,21.65514],[72.81486,21.65542],[72.81514,21.65542],[72.81514,21.6557],[72.8157,21.6557],[72.8157,21.65597],[72.81592,21.65597],[72.81597,21.65597],[72.81597,21.65625],[72.81606,21.65625],[72.81625,21.65625],[72.81625,21.65653],[72.81653,21.65653],[72.81653,21.65682],[72.81697,21.65681],[72.81736,21.65681],[72.81736,21.65708],[72.81736,21.65709],[72.81792,21.65709],[72.81792,21.65736],[72.81792,21.65737],[72.81819,21.65736],[72.81819,21.65764],[72.81847,21.65764],[72.81847,21.65792],[72.81885,21.65792],[72.81903,21.65792],[72.81903,21.65819],[72.81946,21.65819],[72.81955,21.65814],[72.81958,21.65847],[72.81986,21.65847],[72.81986,21.65875],[72.82069,21.65875],[72.82069,21.65903],[72.82081,21.65903],[72.82097,21.65903],[72.82097,21.65931],[72.82125,21.65931],[72.82125,21.65959],[72.82164,21.65959],[72.8218,21.65959],[72.8218,21.65986],[72.82201,21.65986],[72.82236,21.65986],[72.82236,21.66042],[72.82258,21.66042],[72.82276,21.66042],[72.82291,21.66042],[72.82291,21.6607],[72.8232,21.6607],[72.8232,21.66097],[72.82339,21.66097],[72.82341,21.66097],[72.82347,21.66097],[72.82347,21.66125],[72.82397,21.66125],[72.82403,21.66125],[72.82403,21.66153],[72.8244,21.66153],[72.8246,21.66153],[72.82486,21.66153],[72.82486,21.66208],[72.82509,21.66208],[72.82527,21.66208],[72.82542,21.66208],[72.82542,21.66236],[72.82625,21.66236],[72.82625,21.66264],[72.82653,21.66263],[72.82653,21.66292],[72.82684,21.66292],[72.82708,21.66292],[72.82708,21.6632],[72.82736,21.6632],[72.82736,21.66347],[72.82764,21.66347],[72.82764,21.66375],[72.82818,21.66375],[72.82818,21.66403],[72.82848,21.66403],[72.82848,21.6643],[72.82903,21.6643],[72.82903,21.66458],[72.82931,21.66458],[72.82931,21.66486],[72.82958,21.66486],[72.82958,21.66514],[72.83041,21.66514],[72.83041,21.66542],[72.83052,21.66542],[72.8307,21.66542],[72.8307,21.66569],[72.8307,21.6657],[72.8311,21.6657],[72.83125,21.6657],[72.83125,21.66597],[72.83179,21.66597],[72.8318,21.66598],[72.8318,21.66625],[72.83236,21.66625],[72.83236,21.66653],[72.83258,21.66653],[72.83319,21.66653],[72.83319,21.66681],[72.83347,21.66681],[72.83347,21.66708],[72.83348,21.66708],[72.83348,21.66709],[72.83353,21.66709],[72.83403,21.66708],[72.83403,21.66736],[72.83514,21.66736],[72.83514,21.66792],[72.83486,21.66792],[72.83486,21.66876],[72.83459,21.66876],[72.83459,21.66931],[72.8343,21.66931],[72.8343,21.67014],[72.83423,21.67014],[72.83403,21.67014],[72.83403,21.67069],[72.83381,21.67069],[72.83374,21.67069],[72.83374,21.67153],[72.83372,21.67153],[72.83347,21.67153],[72.83347,21.67236],[72.83319,21.67236],[72.83319,21.67252],[72.83319,21.67263],[72.83319,21.67292],[72.83297,21.67292],[72.83292,21.67291],[72.83292,21.6732],[72.83236,21.6732],[72.83236,21.67291],[72.83226,21.67292],[72.8318,21.67292],[72.8318,21.67264],[72.83125,21.67264],[72.83125,21.67243],[72.83125,21.67236],[72.83081,21.67236],[72.8307,21.67236],[72.8307,21.67229],[72.8307,21.67208],[72.83014,21.67208],[72.83014,21.6718],[72.82976,21.67181],[72.82931,21.67182],[72.82931,21.67153],[72.82819,21.67153],[72.82819,21.67125],[72.82736,21.67125],[72.82736,21.67097],[72.82653,21.67097],[72.82653,21.67069],[72.82569,21.67069],[72.82569,21.67058],[72.82569,21.67042],[72.82569,21.67041],[72.82545,21.67042],[72.82538,21.67042],[72.8243,21.67042],[72.8243,21.67014],[72.8232,21.67014],[72.8232,21.6696],[72.8232,21.66958],[72.82314,21.66958],[72.82296,21.66958],[72.82264,21.66958],[72.82264,21.66942],[72.82264,21.66931],[72.82246,21.66931],[72.82226,21.66931],[72.82153,21.66931],[72.82153,21.66903],[72.82129,21.66903],[72.82125,21.66903],[72.82125,21.66876],[72.82042,21.66876],[72.82042,21.66847],[72.82014,21.66847],[72.81958,21.66847],[72.81958,21.6682],[72.81958,21.66819],[72.81875,21.66819],[72.81875,21.66792],[72.81851,21.66792],[72.81764,21.66792],[72.81764,21.66764],[72.81709,21.66764],[72.81709,21.66736],[72.81604,21.66736],[72.8157,21.66736],[72.8157,21.66725],[72.8157,21.66708],[72.81547,21.66708],[72.81524,21.66708],[72.81522,21.66708],[72.81514,21.66708],[72.81514,21.66705],[72.81514,21.66681],[72.81431,21.66681],[72.81431,21.66656],[72.81431,21.66625],[72.81319,21.66625],[72.81319,21.66597],[72.81236,21.66597],[72.81236,21.6657],[72.81236,21.66569],[72.81181,21.66569],[72.81181,21.66542],[72.81069,21.66542],[72.81069,21.66514],[72.8096,21.66514],[72.8096,21.66486],[72.80959,21.66486],[72.80875,21.66486],[72.80875,21.66458],[72.80764,21.66458],[72.80764,21.6643],[72.80708,21.6643],[72.80708,21.66403],[72.80597,21.66403],[72.80597,21.66375],[72.80486,21.66375],[72.80486,21.66347],[72.80403,21.66347],[72.80403,21.66319],[72.80319,21.66319],[72.80319,21.66292],[72.8027,21.66292],[72.80209,21.66292],[72.80209,21.66263],[72.80125,21.66264],[72.80125,21.66236],[72.79986,21.66236],[72.79986,21.66208],[72.79931,21.66208],[72.79931,21.66181],[72.79876,21.66181],[72.79819,21.66181],[72.79819,21.66153],[72.79681,21.66153],[72.79681,21.66181],[72.79486,21.66181],[72.79486,21.66153],[72.79403,21.66153],[72.79403,21.66181],[72.79389,21.66181],[72.79375,21.66181],[72.79375,21.66208],[72.7903,21.66208],[72.78951,21.66208],[72.78873,21.66208],[72.78709,21.66208],[72.78709,21.66236],[72.78597,21.66236],[72.78597,21.66264],[72.78375,21.66263],[72.78375,21.66292],[72.78289,21.66292],[72.78237,21.66292],[72.78236,21.66292],[72.78236,21.66319],[72.78188,21.66319],[72.77986,21.66319],[72.77986,21.66347],[72.77903,21.66347],[72.77903,21.66375],[72.7782,21.66375],[72.7782,21.66403],[72.77736,21.66403],[72.77736,21.66419],[72.77736,21.6643],[72.77685,21.6643],[72.77653,21.6643],[72.77653,21.66458],[72.7757,21.66458],[72.7757,21.66486],[72.77402,21.66486],[72.77402,21.66514],[72.77386,21.66514],[72.77349,21.66514],[72.77348,21.66514],[72.77348,21.66542],[72.77328,21.66542],[72.773,21.66542],[72.77291,21.66542],[72.77264,21.66542],[72.77264,21.66569],[72.7718,21.66569],[72.7718,21.66597],[72.77125,21.66597],[72.77125,21.66625],[72.77077,21.66625],[72.77064,21.66625],[72.7693,21.66625],[72.7693,21.66653],[72.76903,21.66653],[72.76903,21.66681],[72.76847,21.66681],[72.76847,21.66708],[72.76764,21.66708],[72.76765,21.66736],[72.76681,21.66736],[72.76681,21.66764],[72.76598,21.66764],[72.76598,21.66792],[72.76531,21.66792],[72.76514,21.66792],[72.76514,21.66819],[72.76403,21.66819],[72.76403,21.66847],[72.76385,21.66847],[72.76375,21.66847],[72.76375,21.66876],[72.76347,21.66876],[72.76347,21.66903],[72.76264,21.66903],[72.76264,21.66931],[72.76252,21.66931],[72.76228,21.66931],[72.7618,21.66931],[72.7618,21.66958],[72.76161,21.66958],[72.76152,21.66958],[72.76152,21.66986],[72.76125,21.66986],[72.76125,21.67014],[72.76089,21.67014],[72.7607,21.67014],[72.7607,21.67042],[72.76062,21.67042],[72.76041,21.67041],[72.76041,21.67069],[72.76014,21.67069],[72.76014,21.67097],[72.75986,21.67097],[72.75986,21.67119],[72.75986,21.67125],[72.75931,21.67125],[72.75931,21.67153],[72.75875,21.67153],[72.75875,21.67182],[72.75832,21.67181],[72.75792,21.6718],[72.75792,21.67208],[72.75764,21.67208],[72.75764,21.67236],[72.75747,21.67236],[72.75681,21.67236],[72.75681,21.67292],[72.75659,21.67292],[72.75653,21.67291],[72.75653,21.6732],[72.75597,21.6732],[72.75597,21.67347],[72.75569,21.67347],[72.75569,21.67375],[72.75514,21.67375],[72.75514,21.67403],[72.75459,21.67403],[72.75459,21.67431],[72.75403,21.67431],[72.75403,21.67458],[72.75375,21.67458],[72.75375,21.67486],[72.75347,21.67486],[72.75347,21.67514],[72.7532,21.67514],[72.7532,21.67542],[72.75291,21.67542],[72.75291,21.67569],[72.75248,21.6757],[72.75236,21.6757],[72.75236,21.67653],[72.75181,21.67653],[72.75181,21.67681],[72.75153,21.67681],[72.75153,21.67708],[72.75125,21.67708],[72.75125,21.67764],[72.75097,21.67763],[72.75097,21.67792],[72.75088,21.67792],[72.75069,21.67792],[72.75069,21.67847],[72.75042,21.67847],[72.75042,21.67875],[72.75036,21.67875],[72.74986,21.67875],[72.74986,21.67986],[72.74958,21.67986],[72.74958,21.6807],[72.74952,21.6807],[72.74931,21.68069],[72.74931,21.68125],[72.74903,21.68125],[72.74903,21.6818],[72.74875,21.6818],[72.74875,21.68236],[72.74852,21.68236],[72.74847,21.68236],[72.74847,21.6832],[72.74819,21.6832],[72.74819,21.68376],[72.74811,21.68376],[72.74792,21.68376],[72.74792,21.68403],[72.74764,21.68403],[72.74764,21.68431],[72.74736,21.6843],[72.74736,21.68458],[72.74736,21.68459],[72.74763,21.68458],[72.74764,21.68458],[72.74764,21.68465],[72.74764,21.68486],[72.74736,21.68486],[72.74736,21.68514],[72.74681,21.68514],[72.7468,21.68514],[72.7468,21.68542],[72.74661,21.68542],[72.74653,21.68542],[72.74653,21.68597],[72.74638,21.68597],[72.74597,21.68597],[72.74597,21.68625],[72.7457,21.68625],[72.7457,21.68653],[72.74549,21.68653],[72.74542,21.68653],[72.74542,21.68681],[72.74514,21.68681],[72.74514,21.68708],[72.74458,21.68708],[72.74458,21.68736],[72.74431,21.68736],[72.74431,21.68764],[72.74375,21.68764],[72.74375,21.68792],[72.74347,21.68792],[72.74347,21.6882],[72.74319,21.6882],[72.74319,21.68847],[72.74236,21.68847],[72.74236,21.68875],[72.74208,21.68875],[72.74208,21.68903],[72.74097,21.68903],[72.74097,21.68931],[72.74032,21.68931],[72.73986,21.68931],[72.73986,21.68958],[72.73798,21.68958],[72.73776,21.68958],[72.73625,21.68958],[72.73625,21.68931],[72.73542,21.68931],[72.73542,21.68903],[72.73487,21.68903],[72.73487,21.68875],[72.73402,21.68875],[72.73402,21.68847],[72.73375,21.68847],[72.73375,21.6882],[72.73292,21.6882],[72.73292,21.68792],[72.73265,21.68792],[72.73265,21.68764],[72.73208,21.68764],[72.73208,21.68736],[72.73153,21.68736],[72.73153,21.68709],[72.73097,21.68709],[72.73097,21.68681],[72.7307,21.68681],[72.7307,21.68653],[72.72986,21.68653],[72.72986,21.68625],[72.72931,21.68625],[72.72931,21.68597],[72.72875,21.68597],[72.72875,21.68569],[72.7282,21.68569],[72.7282,21.68542],[72.72764,21.68542],[72.72764,21.68514],[72.72681,21.68514],[72.72681,21.68486],[72.72486,21.68486],[72.72486,21.68458],[72.72375,21.68459],[72.72375,21.68431],[72.72293,21.68431],[72.72293,21.68403],[72.72235,21.68403],[72.72235,21.68376],[72.7218,21.68376],[72.7218,21.68349],[72.72097,21.68347],[72.72097,21.6832],[72.7207,21.6832],[72.7207,21.68292],[72.72014,21.68292],[72.72014,21.68264],[72.71931,21.68264],[72.71931,21.68236],[72.71903,21.68236],[72.71903,21.68181],[72.71848,21.68181],[72.71848,21.68153],[72.71819,21.68153],[72.71819,21.68125],[72.71763,21.68125],[72.71763,21.68097],[72.71681,21.68097],[72.71681,21.6807],[72.71597,21.6807],[72.71597,21.68042],[72.71542,21.68042],[72.71542,21.68014],[72.71486,21.68014],[72.71486,21.67986],[72.71458,21.67986],[72.71458,21.67958],[72.71347,21.67958],[72.71347,21.67931],[72.71299,21.67931],[72.71236,21.67931],[72.71236,21.67903],[72.71181,21.67903],[72.71181,21.67875],[72.71125,21.67875],[72.71125,21.67847],[72.70819,21.67847],[72.70819,21.67875],[72.70708,21.67875],[72.70708,21.67903],[72.70514,21.67903],[72.70514,21.67958],[72.70486,21.67958],[72.70486,21.67986],[72.70458,21.67986],[72.70458,21.68014],[72.70319,21.68014],[72.70319,21.68042],[72.70264,21.68042],[72.70264,21.68014],[72.70208,21.68014],[72.70208,21.67986],[72.70181,21.67986],[72.70181,21.68042],[72.70042,21.68042],[72.70042,21.68014],[72.69986,21.68014],[72.69986,21.68042],[72.6993,21.68042],[72.6993,21.68097],[72.69903,21.68097],[72.69903,21.68125],[72.69847,21.68125],[72.69847,21.68153],[72.69791,21.68153],[72.69791,21.68125],[72.69708,21.68125],[72.69708,21.68153],[72.69625,21.68153],[72.69625,21.68125],[72.69569,21.68125],[72.69569,21.68097],[72.69458,21.68097],[72.69458,21.6807],[72.69403,21.6807],[72.69403,21.68042],[72.69209,21.68042],[72.69209,21.68014],[72.69124,21.68014],[72.69124,21.67986],[72.68903,21.67986],[72.68903,21.67958],[72.68764,21.67958],[72.68764,21.67986],[72.68653,21.67986],[72.68653,21.67958],[72.68625,21.67958],[72.68625,21.67931],[72.68594,21.67931],[72.68403,21.67931],[72.68403,21.67958],[72.68125,21.67958],[72.68125,21.67986],[72.68069,21.67986],[72.68069,21.68014],[72.6793,21.68014],[72.6793,21.68042],[72.67875,21.68042],[72.67875,21.6807],[72.67736,21.6807],[72.67736,21.68097],[72.67709,21.68097],[72.67709,21.68125],[72.6768,21.68125],[72.6768,21.68153],[72.67597,21.68153],[72.67597,21.68181],[72.67431,21.68181],[72.67431,21.68208],[72.67375,21.68208],[72.67375,21.68236],[72.67292,21.68236],[72.67292,21.68264],[72.67181,21.68264],[72.67181,21.68292],[72.66959,21.68292],[72.66959,21.6832],[72.66707,21.6832],[72.66707,21.68292],[72.66625,21.68292],[72.66625,21.68264],[72.66556,21.68264],[72.66541,21.68264],[72.66541,21.68236],[72.66431,21.68236],[72.66431,21.68208],[72.66402,21.68208],[72.66402,21.68181],[72.66375,21.68181],[72.66375,21.68153],[72.66348,21.68153],[72.66348,21.68125],[72.66319,21.68125],[72.66319,21.68097],[72.66209,21.68097],[72.66209,21.6807],[72.6618,21.6807],[72.6618,21.68043],[72.66153,21.68042],[72.66153,21.68014],[72.66125,21.68014],[72.66125,21.67986],[72.66097,21.67986],[72.66097,21.67958],[72.6607,21.67958],[72.6607,21.67931],[72.66014,21.67931],[72.66014,21.67903],[72.65958,21.67903],[72.65958,21.67847],[72.65903,21.67847],[72.65903,21.67819],[72.65737,21.67819],[72.65737,21.67792],[72.65652,21.67792],[72.65652,21.67763],[72.65625,21.67764],[72.65625,21.67736],[72.65598,21.67736],[72.65598,21.67708],[72.65542,21.67708],[72.65542,21.67736],[72.65291,21.67736],[72.65291,21.67764],[72.65236,21.67764],[72.65236,21.67736],[72.65209,21.67736],[72.65209,21.67764],[72.6518,21.67763],[72.6518,21.67792],[72.65097,21.67792],[72.65097,21.67819],[72.65014,21.67819],[72.65014,21.67847],[72.64625,21.67847],[72.64625,21.67875],[72.64598,21.67875],[72.64598,21.67847],[72.64486,21.67847],[72.64486,21.67875],[72.64126,21.67875],[72.64126,21.67903],[72.63792,21.67903],[72.63792,21.67931],[72.6368,21.67931],[72.6368,21.67903],[72.63541,21.67903],[72.63541,21.67931],[72.63403,21.67931],[72.63403,21.67903],[72.63236,21.67903],[72.63236,21.67931],[72.63098,21.67931],[72.63098,21.67958],[72.6293,21.67958],[72.6293,21.67986],[72.62486,21.67986],[72.62486,21.68014],[72.62458,21.68014],[72.62458,21.67986],[72.62431,21.67986],[72.62432,21.68014],[72.6218,21.68014],[72.6218,21.68042],[72.61625,21.68042],[72.61625,21.68014],[72.61597,21.68014],[72.61597,21.68042],[72.61542,21.68042],[72.61542,21.6807],[72.61486,21.6807],[72.61486,21.68097],[72.61375,21.68097],[72.61375,21.68125],[72.61292,21.68125],[72.61292,21.68153],[72.61236,21.68153],[72.61236,21.68181],[72.61181,21.68181],[72.61181,21.68208],[72.61019,21.68208],[72.60946,21.68208],[72.60848,21.68208],[72.60848,21.68181],[72.60819,21.68181],[72.60819,21.68153],[72.60597,21.68153],[72.60597,21.68125],[72.60375,21.68125],[72.60375,21.68097],[72.6032,21.68097],[72.6032,21.68125],[72.60291,21.68125],[72.60291,21.68097],[72.60237,21.68097],[72.60237,21.6807],[72.60125,21.6807],[72.60125,21.68097],[72.60098,21.68097],[72.60098,21.68125],[72.60069,21.68125],[72.60069,21.68153],[72.60042,21.68153],[72.60042,21.68125],[72.60014,21.68125],[72.60014,21.68097],[72.59958,21.68097],[72.59958,21.68078],[72.59959,21.68078],[72.59959,21.68069],[72.59934,21.6807],[72.59847,21.6807],[72.59847,21.68042],[72.59793,21.68042],[72.59793,21.6807],[72.59736,21.6807],[72.59736,21.68042],[72.59729,21.68042],[72.5973,21.68042],[72.59699,21.68042],[72.597,21.68042],[72.5968,21.68042],[72.5968,21.68014],[72.59653,21.68014],[72.59653,21.67986],[72.59596,21.67986],[72.59596,21.67958],[72.59526,21.67958],[72.59487,21.67958],[72.59487,21.67931],[72.59458,21.67931],[72.59458,21.67903],[72.59431,21.67903],[72.59431,21.67875],[72.59402,21.67875],[72.59402,21.67847],[72.59375,21.67847],[72.59375,21.67819],[72.59319,21.67819],[72.59319,21.67792],[72.59292,21.67792],[72.59292,21.67763],[72.59264,21.67764],[72.59264,21.67708],[72.59236,21.67708],[72.59236,21.67681],[72.5918,21.67681],[72.5918,21.67653],[72.59153,21.67653],[72.59153,21.67625],[72.5907,21.67625],[72.59069,21.67597],[72.59042,21.67597],[72.59042,21.67542],[72.59015,21.67542],[72.59015,21.67514],[72.58903,21.67514],[72.58903,21.67486],[72.58875,21.67486],[72.58875,21.67431],[72.58764,21.67431],[72.58764,21.67459],[72.58681,21.67459],[72.58681,21.67403],[72.58652,21.67403],[72.58652,21.67375],[72.58625,21.67375],[72.58625,21.67347],[72.58542,21.67347],[72.58542,21.6732],[72.58514,21.6732],[72.58514,21.67291],[72.58402,21.67292],[72.58402,21.67264],[72.58375,21.67264],[72.58375,21.67236],[72.58348,21.67236],[72.58348,21.67208],[72.58264,21.67208],[72.58264,21.67236],[72.58236,21.67236],[72.58236,21.67292],[72.58208,21.67292],[72.58208,21.67264],[72.58153,21.67264],[72.58153,21.67236],[72.58125,21.67236],[72.58125,21.6718],[72.58098,21.67182],[72.58098,21.67125],[72.5807,21.67125],[72.5807,21.67097],[72.58014,21.67098],[72.58014,21.67069],[72.57931,21.67069],[72.57931,21.67042],[72.57736,21.67042],[72.57736,21.67014],[72.57681,21.67014],[72.57681,21.66986],[72.57625,21.66986],[72.57625,21.66958],[72.57598,21.66958],[72.57598,21.66931],[72.57569,21.66931],[72.57569,21.66903],[72.57542,21.66903],[72.57542,21.66876],[72.57485,21.66876],[72.57485,21.66847],[72.5743,21.66847],[72.5743,21.6682],[72.57347,21.6682],[72.57347,21.66792],[72.57264,21.66792],[72.57264,21.66764],[72.57236,21.66764],[72.57236,21.66736],[72.57208,21.66736],[72.57208,21.66708],[72.57181,21.66709],[72.57181,21.66681],[72.57097,21.66681],[72.57097,21.66653],[72.57042,21.66653],[72.57042,21.66625],[72.56958,21.66625],[72.56958,21.66635],[72.56958,21.66653],[72.56904,21.66653],[72.56904,21.66625],[72.56847,21.66625],[72.56847,21.66597],[72.56792,21.66597],[72.56791,21.6657],[72.56736,21.6657],[72.56736,21.66548],[72.56736,21.66514],[72.56709,21.66514],[72.56709,21.66486],[72.56597,21.66486],[72.56597,21.66458],[72.56542,21.66458],[72.56542,21.6643],[72.56514,21.6643],[72.56514,21.66375],[72.56486,21.66375],[72.56486,21.66263],[72.56458,21.66264],[72.56458,21.66208],[72.56486,21.66208],[72.56486,21.66181],[72.56403,21.66181],[72.56403,21.66153],[72.56375,21.66153],[72.56375,21.66181],[72.56291,21.66181],[72.56291,21.66153],[72.56264,21.66153],[72.56264,21.65931],[72.56291,21.65931],[72.56291,21.65903],[72.56264,21.65903],[72.56264,21.65875],[72.56181,21.65875],[72.56181,21.65847],[72.56153,21.65847],[72.56153,21.65875],[72.56069,21.65875],[72.56069,21.6607],[72.55986,21.6607],[72.55986,21.66042],[72.5596,21.66042],[72.5596,21.66014],[72.55931,21.66014],[72.55931,21.65986],[72.55903,21.65986],[72.55903,21.65959],[72.55875,21.65959],[72.55875,21.65931],[72.55653,21.65931],[72.55653,21.65903],[72.55512,21.65903],[72.55375,21.65903],[72.55375,21.65875],[72.55153,21.65875],[72.55153,21.65903],[72.55042,21.65903],[72.55042,21.65875],[72.54986,21.65875],[72.54986,21.65847],[72.54737,21.65847],[72.54737,21.65875],[72.54681,21.65875],[72.54681,21.65903],[72.54652,21.65903],[72.54652,21.65959],[72.54597,21.65959],[72.54597,21.65986],[72.5443,21.65986],[72.5443,21.66014],[72.5432,21.66014],[72.5432,21.66042],[72.54264,21.66042],[72.54264,21.66097],[72.54208,21.66097],[72.54208,21.66125],[72.54181,21.66125],[72.54181,21.66153],[72.54153,21.66153],[72.54153,21.66181],[72.54125,21.66181],[72.54125,21.66236],[72.5407,21.66236],[72.5407,21.66264],[72.53986,21.66263],[72.53986,21.66292],[72.53931,21.66292],[72.53931,21.66311],[72.53931,21.66319],[72.53903,21.66319],[72.53903,21.6632],[72.53902,21.6632],[72.53902,21.66333],[72.53903,21.66333],[72.53903,21.66347],[72.53885,21.66347],[72.53874,21.66347],[72.53874,21.66356],[72.53874,21.66403],[72.53819,21.66403],[72.53819,21.6643],[72.53764,21.6643],[72.53764,21.66486],[72.53736,21.66486],[72.53736,21.66514],[72.5368,21.66514],[72.5368,21.66542],[72.53653,21.66542],[72.53653,21.6657],[72.53625,21.66569],[72.53625,21.66681],[72.53597,21.66681],[72.53597,21.66736],[72.5357,21.66736],[72.5357,21.66764],[72.53542,21.66764],[72.53542,21.6682],[72.53514,21.6682],[72.53514,21.66847],[72.53486,21.66847],[72.53486,21.66876],[72.53457,21.66876],[72.53457,21.66903],[72.53431,21.66903],[72.5343,21.66958],[72.53403,21.66958],[72.53403,21.67014],[72.53375,21.67014],[72.53375,21.67042],[72.53347,21.67042],[72.53347,21.67069],[72.53292,21.67069],[72.53292,21.67125],[72.53235,21.67125],[72.53235,21.67146],[72.53315,21.67153],[72.53567,21.67154],[72.53762,21.67179],[72.53945,21.67352],[72.54053,21.67481],[72.5431,21.67542],[72.54695,21.67629],[72.55159,21.67732],[72.55427,21.67985],[72.5542,21.68332],[72.55421,21.68696],[72.55561,21.68785],[72.55749,21.6888],[72.56106,21.69011],[72.56514,21.69135],[72.57316,21.69289],[72.57705,21.69412],[72.58377,21.6971],[72.58847,21.70008],[72.58863,21.70075],[72.5887,21.70322],[72.59282,21.7073],[72.59958,21.71381],[72.60144,21.71715],[72.60211,21.72043],[72.62442,21.74049],[72.63753,21.75184],[72.65199,21.76049],[72.6637,21.76734],[72.67733,21.77552],[72.68589,21.7795],[72.68824,21.77823],[72.69004,21.77875],[72.70097,21.78125],[72.70548,21.78424],[72.71052,21.78688],[72.72694,21.79433],[72.73516,21.79835],[72.74595,21.8002],[72.75171,21.80133],[72.7617,21.80735],[72.76907,21.81127],[72.77753,21.81615],[72.77927,21.81677],[72.78509,21.81875],[72.78916,21.82055],[72.79144,21.82162],[72.80023,21.82465],[72.81473,21.82971],[72.81953,21.83286],[72.83083,21.84011],[72.83258,21.84142],[72.83328,21.84231],[72.83327,21.84337],[72.83235,21.84562],[72.83201,21.84667],[72.83317,21.84955],[72.83568,21.8557],[72.83713,21.85691],[72.84242,21.85867],[72.84403,21.85875],[72.84859,21.85897],[72.85156,21.85835],[72.85539,21.85881],[72.85857,21.8601],[72.85983,21.8612],[72.86153,21.86356],[72.86266,21.86512],[72.86536,21.86582],[72.87604,21.86727],[72.88234,21.867],[72.88249,21.86713],[72.88249,21.86712],[72.88529,21.86725],[72.88533,21.86638],[72.88627,21.86643],[72.88631,21.86556],[72.88911,21.86569],[72.88907,21.86656],[72.89,21.8666],[72.89004,21.86573],[72.89098,21.86578],[72.89093,21.86665],[72.89466,21.86682],[72.89461,21.86769],[72.89648,21.86778],[72.89653,21.86691],[72.89932,21.86704],[72.89928,21.86791],[72.90394,21.86813],[72.9038,21.87074],[72.90473,21.87079],[72.90478,21.86992],[72.90664,21.87],[72.90655,21.87175],[72.90748,21.87179],[72.90744,21.87266],[72.90837,21.8727],[72.90832,21.87357],[72.91112,21.87371],[72.91121,21.87196],[72.91774,21.87227],[72.91769,21.87314],[72.91956,21.87323],[72.91951,21.8741],[72.92045,21.87414],[72.92049,21.87327],[72.92236,21.87336],[72.9225,21.87075],[72.92259,21.86901],[72.92166,21.86896],[72.92171,21.86809],[72.92077,21.86805],[72.92082,21.86718],[72.91989,21.86714],[72.92003,21.86452],[72.92096,21.86457],[72.92106,21.86283],[72.92199,21.86287],[72.92213,21.86026],[72.9212,21.86022],[72.92124,21.85934],[72.92218,21.85939],[72.92241,21.85504],[72.92334,21.85508],[72.92348,21.85247],[72.92442,21.85251],[72.92456,21.8499],[72.92362,21.84986],[72.92367,21.84899],[72.9246,21.84903],[72.92474,21.84642],[72.92568,21.84646],[72.92572,21.84559],[72.92666,21.84563],[72.92689,21.84128],[72.92782,21.84133],[72.92787,21.84046],[72.9288,21.8405],[72.92885,21.83963],[72.92792,21.83958],[72.92794,21.8391],[72.92966,21.83989],[72.9298,21.8402],[72.92983,21.84025],[72.93003,21.84071],[72.93066,21.84206],[72.93069,21.84214],[72.93079,21.84236],[72.93099,21.84239],[72.93117,21.84278],[72.93154,21.84284],[72.93428,21.84326],[72.93563,21.84347],[72.9362,21.84356],[72.93767,21.84379],[72.93826,21.84388],[72.93877,21.84396],[72.93919,21.84463],[72.93969,21.84542],[72.93992,21.84577],[72.94017,21.84617],[72.94062,21.84688],[72.94062,21.84699],[72.9406,21.84728],[72.94044,21.84993],[72.94083,21.85028],[72.94082,21.85035],[72.94103,21.85054],[72.94133,21.8508],[72.94212,21.85151],[72.94303,21.85253],[72.94302,21.85273],[72.943,21.85316],[72.94297,21.85363],[72.94291,21.8547],[72.94255,21.85521],[72.94214,21.85579],[72.9417,21.85643],[72.94165,21.8565],[72.94044,21.85822],[72.93994,21.85984],[72.93965,21.8608],[72.93948,21.86135],[72.93957,21.86153],[72.93983,21.862],[72.93997,21.86226],[72.93998,21.86228],[72.94027,21.86281],[72.94049,21.86322],[72.94049,21.86327],[72.94049,21.86329],[72.94042,21.86449],[72.94045,21.86503],[72.94046,21.86523],[72.9405,21.86582],[72.94072,21.8658],[72.94084,21.86579],[72.94087,21.86614],[72.94088,21.8662],[72.94088,21.86624],[72.94247,21.86614],[72.94283,21.86612],[72.94293,21.86611],[72.94359,21.86615],[72.94419,21.86619],[72.94698,21.86636],[72.94742,21.86684],[72.94764,21.86709],[72.94826,21.86779],[72.94964,21.86932],[72.95,21.86973],[72.95038,21.87015],[72.95254,21.87114],[72.95344,21.87163],[72.95358,21.87171],[72.95496,21.87246],[72.95497,21.87246],[72.95507,21.87251],[72.95792,21.87381],[72.95809,21.87437],[72.95837,21.87528],[72.95847,21.8756],[72.95878,21.8766],[72.95895,21.87709],[72.95936,21.87823],[72.95943,21.87843],[72.95949,21.87858],[72.95949,21.87859],[72.95955,21.87876],[72.95966,21.87905],[72.96002,21.88062],[72.96041,21.88228],[72.96043,21.88236],[72.96043,21.88241],[72.96044,21.88243],[72.96059,21.88265],[72.96073,21.88284],[72.96077,21.88291],[72.96203,21.88338],[72.96222,21.88345],[72.96227,21.88358],[72.96235,21.88384],[72.96247,21.88422],[72.96289,21.8856],[72.96295,21.88577],[72.96318,21.88587],[72.96323,21.88608],[72.96327,21.88624],[72.96392,21.88644],[72.96442,21.8866],[72.96546,21.88692],[72.96595,21.8862],[72.96601,21.88613],[72.96661,21.88526],[72.96817,21.88418],[72.96873,21.8843],[72.96893,21.88435],[72.97129,21.88488],[72.97421,21.88298],[72.97491,21.88196],[72.97494,21.88192],[72.97709,21.88158],[72.97724,21.88156],[72.97897,21.88129],[72.97926,21.88124],[72.97962,21.88101],[72.98174,21.87963],[72.98187,21.87954],[72.98233,21.87924],[72.98295,21.87994],[72.98429,21.88187],[72.98433,21.88193],[72.98453,21.88223],[72.98474,21.88253],[72.98735,21.88194],[72.98805,21.88178],[72.99034,21.87847],[72.99046,21.87829],[72.99075,21.87847],[72.9909,21.87857],[72.99151,21.87897],[72.99191,21.87923],[72.99211,21.87936],[72.99244,21.87957],[72.9964,21.8801],[72.99708,21.88019],[72.99731,21.88022],[72.99732,21.88025],[72.99747,21.88057],[72.99768,21.88101],[72.99769,21.88104],[72.99798,21.88169],[72.99816,21.88177],[72.99819,21.88184],[72.9983,21.88214],[72.99837,21.88232],[72.99916,21.88262],[72.99917,21.88262],[72.99947,21.88273],[73.0005,21.88312],[73.00176,21.88359],[73.0021,21.88408],[73.00486,21.88327],[73.00672,21.88104],[73.00884,21.88126],[73.00882,21.8816],[73.00876,21.88263],[73.00873,21.88319],[73.00912,21.88381],[73.00949,21.88441],[73.00979,21.88488],[73.00989,21.88477],[73.01026,21.88529],[73.01164,21.88363],[73.01363,21.88198],[73.01396,21.8817],[73.01402,21.88178],[73.01411,21.88187],[73.01411,21.88188],[73.01423,21.88201],[73.01445,21.88226],[73.01467,21.8825],[73.01476,21.88261],[73.01502,21.88292],[73.01508,21.88299],[73.01533,21.88329],[73.01563,21.88365],[73.01624,21.88383],[73.01631,21.88385],[73.01681,21.88399],[73.0174,21.88417],[73.01808,21.88437],[73.01839,21.88446],[73.0199,21.88532],[73.02044,21.88562],[73.02249,21.88445],[73.02335,21.88454],[73.02748,21.88412],[73.02805,21.88433],[73.02975,21.88497],[73.0302,21.88514],[73.03088,21.8854],[73.03172,21.88571],[73.03204,21.88568],[73.03486,21.88539],[73.03674,21.8852],[73.0381,21.88506],[73.03895,21.88574],[73.03898,21.88577],[73.03902,21.8858],[73.03919,21.88594],[73.03949,21.88618],[73.03978,21.88641],[73.04013,21.88669],[73.04032,21.88684],[73.03974,21.88736],[73.03972,21.88737],[73.03967,21.88742],[73.03954,21.88754],[73.03952,21.88755],[73.03878,21.88822],[73.03814,21.89028],[73.03777,21.89149],[73.03793,21.89159],[73.03797,21.89162],[73.03811,21.89171],[73.03818,21.89175],[73.03822,21.89177],[73.03817,21.89195],[73.0402,21.8932],[73.04039,21.89332],[73.04246,21.89459],[73.04415,21.89363],[73.04425,21.8936],[73.0462,21.89309],[73.04694,21.89289],[73.04701,21.89287],[73.04705,21.89289],[73.04739,21.89314],[73.04753,21.89324],[73.04803,21.8936],[73.04813,21.89368],[73.04861,21.89402],[73.04892,21.89424],[73.05024,21.89519],[73.0503,21.89523],[73.05031,21.89524],[73.05105,21.89578],[73.05114,21.89584],[73.05128,21.89594],[73.0514,21.89602],[73.05164,21.8962],[73.05313,21.89664],[73.05336,21.89671],[73.05352,21.89675],[73.05389,21.89686],[73.05406,21.89691],[73.05407,21.89694],[73.05439,21.89763],[73.05489,21.89872],[73.05544,21.89993],[73.05557,21.89997],[73.0556,21.89998],[73.05565,21.9],[73.05581,21.90036],[73.05638,21.90054],[73.05645,21.90056],[73.05686,21.90068],[73.05839,21.90113],[73.05959,21.90182],[73.06,21.90205],[73.06024,21.90219],[73.0632,21.90189],[73.06362,21.90184],[73.06474,21.90173],[73.06484,21.90195],[73.06486,21.90199],[73.06544,21.90326],[73.06544,21.90327],[73.06554,21.90344],[73.06561,21.90358],[73.06568,21.90371],[73.0661,21.90447],[73.06651,21.90522],[73.06631,21.90843],[73.06629,21.90885],[73.06627,21.9091],[73.06652,21.90917],[73.06667,21.90922],[73.06664,21.90953],[73.06745,21.90977],[73.06816,21.90998],[73.06913,21.91027],[73.06918,21.91028],[73.06936,21.91048],[73.06957,21.91072],[73.06959,21.91074],[73.06962,21.91078],[73.06967,21.91084],[73.07059,21.91194],[73.07323,21.91095],[73.07332,21.91091],[73.07499,21.91029],[73.07665,21.91046],[73.07696,21.91112],[73.07709,21.91141],[73.07745,21.9122],[73.07764,21.91261],[73.07794,21.91327],[73.07806,21.91337],[73.07823,21.91353],[73.07831,21.9137],[73.07835,21.91373],[73.07839,21.91377],[73.07865,21.91398],[73.07888,21.91418],[73.0791,21.91466],[73.07913,21.91472],[73.07955,21.91563],[73.0798,21.91619],[73.07974,21.91637],[73.07971,21.91644],[73.0785,21.91984],[73.07842,21.91998],[73.07803,21.92069],[73.078,21.92075],[73.07764,21.92141],[73.07713,21.92235],[73.0771,21.92241],[73.07712,21.92245],[73.07737,21.92286],[73.07742,21.92293],[73.07841,21.92454],[73.07856,21.92503],[73.07858,21.92511],[73.07858,21.92512],[73.07877,21.92575],[73.0788,21.92578],[73.07961,21.92647],[73.07989,21.92693],[73.08002,21.92713],[73.08017,21.92738],[73.08027,21.92754],[73.08064,21.92815],[73.08115,21.92824],[73.08121,21.92832],[73.0813,21.92842],[73.08151,21.92867],[73.08206,21.92877],[73.08399,21.92912],[73.08586,21.92946],[73.08606,21.92969],[73.08624,21.92989],[73.08642,21.93009],[73.08933,21.93347],[73.08937,21.93351],[73.09193,21.93372],[73.09211,21.9335],[73.09276,21.93275],[73.09317,21.93227],[73.09348,21.93191],[73.0937,21.93166],[73.09452,21.93071],[73.09528,21.93076],[73.09562,21.93104],[73.09574,21.93114],[73.09603,21.93139],[73.09637,21.93168],[73.09629,21.93291],[73.0962,21.93442],[73.09658,21.93453],[73.09657,21.93467],[73.09652,21.93522],[73.09703,21.93526],[73.09746,21.93529],[73.09769,21.93531],[73.09981,21.93548],[73.10062,21.93572],[73.10077,21.93556],[73.10149,21.93562],[73.10372,21.93304],[73.10382,21.93303],[73.10447,21.93298],[73.1072,21.93276],[73.10903,21.93261],[73.10961,21.93327],[73.10984,21.93353],[73.10988,21.93357],[73.10995,21.93366],[73.1102,21.93394],[73.11028,21.93395],[73.11419,21.93426],[73.11654,21.93445],[73.11752,21.93453],[73.11786,21.9345],[73.11829,21.93447],[73.1191,21.9344],[73.11966,21.93472],[73.11985,21.93482],[73.12031,21.93508],[73.12082,21.93536],[73.12119,21.93553],[73.12127,21.93556],[73.12167,21.93574],[73.12372,21.93666],[73.12466,21.93746],[73.12465,21.93762],[73.12462,21.93807],[73.12461,21.93821],[73.12461,21.93824],[73.12464,21.93874],[73.12469,21.93967],[73.12471,21.93991],[73.12468,21.94041],[73.12461,21.9416],[73.12499,21.94195],[73.12498,21.94203],[73.12505,21.94208],[73.12517,21.94219],[73.12546,21.94244],[73.12579,21.94273],[73.12628,21.94327],[73.12629,21.94327],[73.12641,21.94342],[73.12665,21.94369],[73.12674,21.9438],[73.12681,21.94386],[73.12719,21.94417],[73.12854,21.94529],[73.12895,21.94566],[73.12906,21.94575],[73.12916,21.94584],[73.12965,21.94628],[73.13074,21.94726],[73.13076,21.94727],[73.13105,21.94736],[73.13119,21.94748],[73.13134,21.9476],[73.13148,21.94772],[73.13154,21.94777],[73.13189,21.94806],[73.1323,21.94839],[73.13241,21.94849],[73.13307,21.94854],[73.13505,21.9487],[73.13507,21.94865],[73.13526,21.94821],[73.13538,21.94794],[73.13547,21.94775],[73.13637,21.94572],[73.13643,21.94573],[73.13698,21.94576],[73.13714,21.9459],[73.13732,21.94605],[73.13739,21.94611],[73.13741,21.94613],[73.1377,21.94638],[73.13798,21.94662],[73.13789,21.94687],[73.13787,21.94694],[73.13784,21.94703],[73.13738,21.94831],[73.13695,21.9495],[73.1368,21.94991],[73.13691,21.95021],[73.13701,21.95048],[73.13706,21.95062],[73.13693,21.95098],[73.13708,21.95122],[73.13708,21.95123],[73.13717,21.95136],[73.13751,21.95191],[73.13753,21.95194],[73.13853,21.95471],[73.13908,21.95442],[73.13928,21.95472],[73.13933,21.95481],[73.13938,21.9549],[73.14274,21.95302],[73.14281,21.95302],[73.14296,21.953],[73.14344,21.95293],[73.14695,21.95353],[73.14709,21.95356],[73.14714,21.95356],[73.14706,21.95491],[73.14712,21.95494],[73.14744,21.95508],[73.14742,21.95532],[73.14742,21.95533],[73.14749,21.95536],[73.14899,21.95604],[73.14955,21.95629],[73.15048,21.95671],[73.15048,21.95681],[73.15047,21.95696],[73.15046,21.9572],[73.15044,21.95743],[73.15083,21.95761],[73.15082,21.95786],[73.15138,21.95811],[73.15227,21.95851],[73.15251,21.95862],[73.1526,21.95871],[73.15289,21.95903],[73.15291,21.95906],[73.15294,21.9591],[73.15308,21.95926],[73.15311,21.95928],[73.15348,21.95971],[73.15368,21.95995],[73.15369,21.95996],[73.15376,21.96004],[73.15436,21.96074],[73.15448,21.96087],[73.15486,21.96132],[73.15524,21.96165],[73.15525,21.96165],[73.15541,21.96179],[73.15592,21.96223],[73.15605,21.96234],[73.15614,21.96242],[73.15617,21.96245],[73.15647,21.96271],[73.15695,21.96312],[73.15704,21.9632],[73.15716,21.9633],[73.15712,21.96386],[73.15711,21.9641],[73.15733,21.9643],[73.15736,21.96432],[73.15749,21.96444],[73.15748,21.9645],[73.15748,21.96451],[73.15787,21.96486],[73.15789,21.96488],[73.158,21.96497],[73.15813,21.96508],[73.1583,21.96523],[73.15843,21.96538],[73.15857,21.96553],[73.15864,21.96561],[73.15887,21.96587],[73.15892,21.96592],[73.16042,21.96767],[73.16044,21.96769],[73.16076,21.96783],[73.16123,21.96805],[73.16152,21.96817],[73.1622,21.96848],[73.16237,21.96856],[73.16251,21.96862],[73.16265,21.96877],[73.16296,21.96911],[73.16308,21.96925],[73.16308,21.96926],[73.16326,21.96946],[73.16339,21.96961],[73.16374,21.97002],[73.16398,21.9703],[73.16423,21.97058],[73.16438,21.97076],[73.16523,21.97123],[73.16565,21.97147],[73.16585,21.97158],[73.16596,21.97164],[73.1664,21.97189],[73.16665,21.97203],[73.16718,21.97219],[73.16779,21.97237],[73.16793,21.97241],[73.16804,21.97249],[73.16802,21.97279],[73.16802,21.97283],[73.16797,21.97364],[73.16794,21.97418],[73.16809,21.97431],[73.16814,21.97437],[73.16829,21.9745],[73.16828,21.97457],[73.16827,21.97462],[73.16827,21.97463],[73.16826,21.97471],[73.1693,21.97552],[73.16969,21.97582],[73.16975,21.97586],[73.16979,21.97593],[73.17083,21.97756],[73.17124,21.97821],[73.17128,21.97827],[73.17139,21.97842],[73.17156,21.97867],[73.17192,21.97918],[73.17294,21.98065],[73.17302,21.98076],[73.17306,21.98082],[73.17331,21.98118],[73.17297,21.98162],[73.17257,21.98214],[73.17213,21.98271],[73.17202,21.98285],[73.17045,21.98488],[73.17042,21.98491],[73.17044,21.98493],[73.17053,21.98501],[73.1706,21.98507],[73.17081,21.98526],[73.17074,21.98534],[73.17132,21.98579],[73.17128,21.98658],[73.1713,21.98694],[73.17131,21.98721],[73.17135,21.98783],[73.1713,21.98869],[73.17127,21.9891],[73.17165,21.98927],[73.17162,21.9895],[73.17162,21.98954],[73.17319,21.99019],[73.1733,21.99043],[73.17355,21.99098],[73.17401,21.99196],[73.17417,21.99231],[73.17423,21.99245],[73.17424,21.99247],[73.17458,21.9932],[73.17476,21.9936],[73.17508,21.99406],[73.17511,21.9941],[73.17513,21.99412],[73.17514,21.99415],[73.17517,21.99421],[73.17519,21.99428],[73.17595,21.99531],[73.176,21.99537],[73.17637,21.9959],[73.17683,21.99655],[73.177,21.9968],[73.17764,21.99771],[73.17767,21.99775],[73.17832,21.99869],[73.17837,21.99874],[73.17857,21.99892],[73.17874,21.99907],[73.17886,21.99922],[73.1789,21.99928],[73.17906,21.9995],[73.17956,21.99988],[73.17962,21.99993],[73.17968,21.99997],[73.17984,22.00066],[73.1802,22.00218],[73.18022,22.00227],[73.18046,22.00332],[73.18051,22.00332],[73.18071,22.0033],[73.18073,22.00338],[73.18075,22.00351],[73.18083,22.00385],[73.18132,22.00378],[73.18252,22.0036],[73.18283,22.00365],[73.18459,22.00391],[73.18484,22.00444],[73.18511,22.00504],[73.18528,22.0054],[73.18529,22.00542],[73.18582,22.00658],[73.18623,22.00748],[73.18636,22.00759],[73.18639,22.00767],[73.18641,22.00771],[73.18644,22.00779],[73.18652,22.00799],[73.18653,22.008],[73.1871,22.00844],[73.18878,22.00973],[73.19219,22.00839],[73.19431,22.00803],[73.19597,22.00775],[73.19868,22.00729],[73.20044,22.00699],[73.2013,22.00684],[73.20248,22.00712],[73.20384,22.00743],[73.20481,22.00766],[73.20539,22.00779],[73.20714,22.0082],[73.20774,22.00918],[73.20785,22.00934],[73.20797,22.00955],[73.20841,22.01026],[73.20878,22.01087],[73.20838,22.01084],[73.20791,22.01081],[73.20697,22.01076],[73.20681,22.01075],[73.20628,22.01072],[73.20603,22.01087],[73.20554,22.01118],[73.20521,22.01139],[73.20506,22.01148],[73.20466,22.01173],[73.20503,22.01207],[73.20506,22.01209],[73.2052,22.01222],[73.20507,22.01232],[73.20587,22.01294],[73.20627,22.01325],[73.20658,22.01349],[73.20682,22.01368],[73.20693,22.01376],[73.20705,22.01387],[73.20927,22.01585],[73.2095,22.01626],[73.2099,22.017],[73.21037,22.01785],[73.21038,22.01785],[73.21044,22.01797],[73.21039,22.01805],[73.21036,22.01809],[73.2101,22.01847],[73.20974,22.01898],[73.20951,22.01931],[73.20875,22.0204],[73.20866,22.02052],[73.20825,22.02111],[73.20782,22.02174],[73.2073,22.02247],[73.20721,22.02261],[73.20729,22.02268],[73.20775,22.02309],[73.20796,22.02328],[73.20797,22.0233],[73.20815,22.02352],[73.20828,22.02368],[73.20841,22.02384],[73.20886,22.02441],[73.20907,22.02443],[73.20928,22.02446],[73.20939,22.02456],[73.20946,22.02456],[73.20956,22.02455],[73.20988,22.02453],[73.21249,22.02486],[73.21338,22.02497],[73.21377,22.02502],[73.21498,22.02486],[73.21528,22.02483],[73.21598,22.02474],[73.21749,22.02455],[73.21971,22.02428],[73.21973,22.02436],[73.21983,22.02479],[73.22016,22.02619],[73.22044,22.02743],[73.22059,22.02753],[73.22067,22.02758],[73.22075,22.02763],[73.22077,22.02773],[73.22079,22.02783],[73.22082,22.02794],[73.2239,22.02975],[73.22413,22.02988],[73.22502,22.0304],[73.22713,22.02916],[73.23043,22.02992],[73.23068,22.0296],[73.23075,22.0295],[73.2308,22.02944],[73.23412,22.02745],[73.23474,22.02523],[73.23497,22.02443],[73.23517,22.02446],[73.23603,22.02459],[73.23664,22.02239],[73.2369,22.02147],[73.23746,22.01944],[73.2384,22.01789],[73.23843,22.01784],[73.23887,22.01711],[73.23925,22.01618],[73.23936,22.01591],[73.23948,22.01563],[73.23957,22.01541],[73.2403,22.01361],[73.24058,22.01293],[73.24238,22.01267],[73.24415,22.01373],[73.24426,22.01371],[73.24692,22.01332],[73.24695,22.01332],[73.24708,22.01342],[73.24776,22.01395],[73.24874,22.0147],[73.249,22.01527],[73.24951,22.01637],[73.24961,22.0166],[73.24986,22.0168],[73.25005,22.01726],[73.25008,22.01728],[73.25152,22.01815],[73.25169,22.01825],[73.252,22.0185],[73.25211,22.01859],[73.25247,22.01887],[73.2527,22.01905],[73.25285,22.01895],[73.25344,22.01931],[73.25661,22.01696],[73.25722,22.01651],[73.25741,22.01637],[73.26048,22.01591],[73.2608,22.01586],[73.26085,22.01586],[73.26143,22.01594],[73.2631,22.01619],[73.26323,22.01621],[73.26335,22.01623],[73.26389,22.01615],[73.26397,22.01613],[73.2667,22.01573],[73.26701,22.01568],[73.26784,22.01556],[73.26789,22.01555],[73.26857,22.01664],[73.26878,22.01695],[73.26931,22.01779],[73.26943,22.01799],[73.26998,22.01884],[73.27001,22.0188],[73.27017,22.01907],[73.27037,22.01941],[73.27297,22.01605],[73.2741,22.01621],[73.27449,22.01627],[73.2746,22.01629],[73.27646,22.01601],[73.2769,22.01595],[73.27708,22.01592],[73.27736,22.01614],[73.27737,22.01615],[73.27781,22.01648],[73.27798,22.01662],[73.27834,22.0169],[73.27856,22.01707],[73.27871,22.01718],[73.27879,22.01724],[73.27937,22.01972],[73.27949,22.02024],[73.27973,22.02127],[73.27981,22.02131],[73.27987,22.02133],[73.28,22.0214],[73.28002,22.0215],[73.28009,22.02176],[73.28029,22.02184],[73.28087,22.02208],[73.2811,22.02217],[73.28126,22.02224],[73.28176,22.02245],[73.28217,22.02261],[73.2822,22.02262],[73.28213,22.02368],[73.2821,22.0242],[73.2825,22.02418],[73.2825,22.02422],[73.28247,22.02443],[73.28241,22.02482],[73.283,22.02473],[73.28309,22.02472],[73.28388,22.0246],[73.28671,22.02419],[73.29085,22.02685],[73.29231,22.02779],[73.29264,22.028],[73.29551,22.02757],[73.29564,22.02755],[73.29582,22.02776],[73.29591,22.02786],[73.29601,22.02796],[73.29628,22.02827],[73.29645,22.02849],[73.29647,22.02851],[73.29663,22.02872],[73.29697,22.02898],[73.29722,22.02917],[73.29737,22.02929],[73.29776,22.02973],[73.29795,22.02993],[73.2982,22.03026],[73.2983,22.03039],[73.30205,22.03143],[73.30237,22.03179],[73.30248,22.03191],[73.30282,22.03229],[73.30295,22.03244],[73.30297,22.03246],[73.30299,22.03248],[73.30311,22.03265],[73.30314,22.03268],[73.30378,22.03351],[73.30647,22.03512],[73.30794,22.03743],[73.30808,22.03753],[73.30868,22.03853],[73.30944,22.03864],[73.30972,22.03868],[73.31025,22.03905],[73.31033,22.03877],[73.31075,22.03884],[73.31082,22.03884],[73.31087,22.03885],[73.31116,22.03778],[73.31118,22.03772],[73.3114,22.03695],[73.31142,22.03685],[73.31146,22.03672],[73.31146,22.03671],[73.31176,22.03563],[73.31239,22.03552],[73.3124,22.03552],[73.31251,22.0355],[73.3126,22.03548],[73.31282,22.03551],[73.31394,22.03565],[73.31757,22.03611],[73.3203,22.03776],[73.32113,22.03639],[73.32146,22.03584],[73.32163,22.03556],[73.32178,22.03532],[73.32195,22.03504],[73.32187,22.03454],[73.32183,22.03424],[73.32164,22.03294],[73.32162,22.03281],[73.32164,22.03276],[73.3219,22.03208],[73.32192,22.03204],[73.32195,22.03197],[73.32201,22.0318],[73.32224,22.03122],[73.32248,22.03061],[73.32256,22.0304],[73.32263,22.02988],[73.32271,22.02921],[73.32299,22.02697],[73.32331,22.02431],[73.32552,22.02463],[73.32565,22.02465],[73.32918,22.02326],[73.33138,22.02294],[73.3325,22.02277],[73.33295,22.02327],[73.33299,22.02332],[73.33325,22.02366],[73.3333,22.02372],[73.33351,22.02376],[73.34007,22.02515],[73.34211,22.02743],[73.34302,22.02861],[73.34507,22.02789],[73.34696,22.02544],[73.34706,22.0254],[73.34927,22.02612],[73.34977,22.02668],[73.35045,22.02744],[73.35047,22.02746],[73.35052,22.02752],[73.35104,22.0282],[73.3525,22.03009],[73.35719,22.03181],[73.35713,22.03286],[73.35706,22.03406],[73.35736,22.03432],[73.35736,22.03434],[73.35733,22.03452],[73.35731,22.03462],[73.35796,22.03501],[73.35829,22.03521],[73.35869,22.03545],[73.3592,22.03575],[73.35935,22.03584],[73.36025,22.03639],[73.36074,22.03669],[73.36101,22.0368],[73.36237,22.03736],[73.3633,22.03774],[73.36335,22.03779],[73.36379,22.03828],[73.36416,22.03876],[73.36598,22.03767],[73.36793,22.03795],[73.36961,22.03771],[73.36964,22.0377],[73.36971,22.03769],[73.36987,22.03782],[73.37031,22.03815],[73.37058,22.03837],[73.37057,22.03859],[73.37049,22.04004],[73.37047,22.04033],[73.37044,22.04077],[73.37047,22.04077],[73.37051,22.04079],[73.37083,22.0409],[73.37078,22.04122],[73.37071,22.04167],[73.37292,22.042],[73.37471,22.04226],[73.37481,22.04228],[73.37513,22.04239],[73.37516,22.04233],[73.37576,22.04241],[73.37615,22.04145],[73.37663,22.04028],[73.38105,22.03905],[73.38109,22.03904],[73.38076,22.03679],[73.38228,22.03561],[73.38258,22.03537],[73.38249,22.03475],[73.3824,22.03411],[73.38238,22.03397],[73.38215,22.03241],[73.38358,22.03183],[73.38419,22.03158],[73.38477,22.03134],[73.3849,22.03129],[73.38507,22.03122],[73.38511,22.03116],[73.38524,22.031],[73.3858,22.03028],[73.38831,22.02958],[73.38862,22.02949],[73.38895,22.02939],[73.38903,22.02933],[73.3909,22.02789],[73.3919,22.02643],[73.39197,22.02633],[73.39224,22.02593],[73.39245,22.02562],[73.39247,22.0256],[73.39309,22.02469],[73.39391,22.02349],[73.39421,22.02304],[73.39449,22.02264],[73.39496,22.02194],[73.39592,22.02137],[73.39641,22.02108],[73.39705,22.02069],[73.39722,22.02059],[73.39741,22.02048],[73.39758,22.02038],[73.39739,22.01908],[73.39756,22.01797],[73.39758,22.01784],[73.39755,22.01764],[73.39752,22.01746],[73.39747,22.01708],[73.39742,22.01676],[73.39723,22.0155],[73.40136,22.01463],[73.40144,22.01461],[73.4022,22.01445],[73.40236,22.01433],[73.40238,22.01432],[73.40296,22.01387],[73.4049,22.01237],[73.40508,22.01113],[73.40486,22.01078],[73.40479,22.01067],[73.40437,22.01003],[73.40406,22.00954],[73.40389,22.00927],[73.40377,22.00908],[73.40441,22.00856],[73.40492,22.00816],[73.40516,22.00797],[73.40672,22.00601],[73.40749,22.00611],[73.40824,22.0062],[73.40837,22.00622],[73.4084,22.00621],[73.40842,22.0062],[73.41083,22.00528],[73.41172,22.00539],[73.41185,22.00523],[73.41215,22.00485],[73.41255,22.00435],[73.41812,22.00504],[73.41836,22.0053],[73.41841,22.00536],[73.41851,22.00546],[73.41871,22.00568],[73.41874,22.00571],[73.4188,22.00579],[73.41919,22.00628],[73.41976,22.00698],[73.42099,22.00734],[73.42188,22.00759],[73.42222,22.00769],[73.42238,22.00773],[73.42249,22.00776],[73.42261,22.00789],[73.42288,22.00818],[73.42322,22.0086],[73.42387,22.00941],[73.42511,22.00868],[73.42514,22.00867],[73.4261,22.0081],[73.42613,22.00808],[73.42738,22.00735],[73.43086,22.00778],[73.43168,22.00788],[73.43173,22.00788],[73.43285,22.00774],[73.43305,22.00771],[73.43319,22.00828],[73.43321,22.00835],[73.43332,22.0088],[73.43342,22.00924],[73.43351,22.00962],[73.43379,22.01076],[73.43384,22.01081],[73.4341,22.01105],[73.43414,22.01121],[73.43429,22.01133],[73.43431,22.01135],[73.43443,22.01145],[73.43468,22.01164],[73.43514,22.01313],[73.43528,22.01356],[73.43546,22.01413],[73.43552,22.01431],[73.43571,22.0149],[73.43548,22.01578],[73.4351,22.01723],[73.43472,22.01867],[73.43471,22.0187],[73.43461,22.01909],[73.43502,22.01928],[73.43498,22.01942],[73.43495,22.01953],[73.43508,22.01959],[73.43638,22.02014],[73.4365,22.02066],[73.43667,22.02137],[73.43692,22.02243],[73.4371,22.02317],[73.43724,22.02376],[73.43663,22.02608],[73.43644,22.02681],[73.43626,22.0275],[73.43535,22.02793],[73.43478,22.0282],[73.43349,22.02881],[73.43295,22.02906],[73.43293,22.02912],[73.43256,22.0303],[73.43254,22.03037],[73.43246,22.03063],[73.43233,22.03102],[73.4321,22.03175],[73.432,22.03206],[73.43187,22.03247],[73.43185,22.03254],[73.43174,22.03288],[73.43142,22.03276],[73.43063,22.03249],[73.42809,22.0316],[73.42796,22.03155],[73.42772,22.03181],[73.42729,22.03227],[73.42715,22.03243],[73.42674,22.03281],[73.42634,22.03317],[73.42585,22.03363],[73.42479,22.03477],[73.42425,22.03536],[73.42411,22.03549],[73.42379,22.03578],[73.42338,22.03617],[73.42314,22.03638],[73.42289,22.03662],[73.42295,22.03826],[73.42296,22.03836],[73.42297,22.03869],[73.42298,22.03908],[73.42298,22.03913],[73.42298,22.03919],[73.42297,22.03949],[73.42292,22.04074],[73.42292,22.04079],[73.42295,22.0416],[73.42296,22.04175],[73.423,22.04283],[73.42297,22.0435],[73.42296,22.0438],[73.42295,22.04419],[73.42274,22.04438],[73.4224,22.0447],[73.42186,22.04519],[73.42183,22.04522],[73.42142,22.04561],[73.42109,22.04591],[73.42108,22.04592],[73.42047,22.04649],[73.42016,22.04808],[73.41966,22.05068],[73.41965,22.05076],[73.4195,22.05098],[73.41935,22.05119],[73.41926,22.05133],[73.41925,22.05134],[73.41901,22.05169],[73.41877,22.05204],[73.41825,22.0528],[73.41786,22.05337],[73.41787,22.05375],[73.41796,22.05604],[73.41797,22.05637],[73.41799,22.05666],[73.41805,22.05669],[73.41819,22.05675],[73.41826,22.05678],[73.41828,22.05679],[73.41834,22.05682],[73.41838,22.05684],[73.41843,22.05723],[73.41852,22.05727],[73.41894,22.05744],[73.41921,22.05756],[73.41987,22.05783],[73.42175,22.05863],[73.42181,22.0587],[73.42207,22.05897],[73.42276,22.05972],[73.42288,22.05985],[73.4233,22.06038],[73.42407,22.0607],[73.42428,22.06079],[73.42486,22.06103],[73.4251,22.06114],[73.42453,22.06276],[73.42426,22.06353],[73.42412,22.06394],[73.42397,22.06436],[73.42393,22.06448],[73.4237,22.06513],[73.42346,22.06583],[73.42317,22.06664],[73.42295,22.06729],[73.42295,22.0674],[73.42297,22.0678],[73.42297,22.06798],[73.42301,22.06878],[73.42343,22.06886],[73.42344,22.06895],[73.42345,22.06904],[73.42348,22.06928],[73.4249,22.06953],[73.42667,22.06984],[73.42774,22.07003],[73.42861,22.07018],[73.42867,22.07019],[73.42905,22.07025],[73.42907,22.07029],[73.42917,22.07044],[73.42922,22.07052],[73.43,22.07172],[73.43025,22.07261],[73.43043,22.07325],[73.43228,22.07359],[73.43254,22.07364],[73.43292,22.07385],[73.43353,22.07418],[73.43377,22.07431],[73.43425,22.07457],[73.43434,22.07456],[73.43452,22.07455],[73.43601,22.07446],[73.43664,22.07376],[73.43687,22.0735],[73.43758,22.07271],[73.43771,22.07272],[73.43843,22.07276],[73.44043,22.07288],[73.44383,22.07268],[73.44668,22.07113],[73.44888,22.07172],[73.45015,22.07206],[73.45043,22.07205],[73.45361,22.07186],[73.45507,22.07022],[73.45669,22.0704],[73.4567,22.0704],[73.45669,22.07041],[73.45618,22.07088],[73.45598,22.07107],[73.45478,22.07218],[73.45512,22.07272],[73.45532,22.07304],[73.45647,22.07489],[73.4566,22.07483],[73.45684,22.07519],[73.45689,22.07526],[73.45693,22.07531],[73.45955,22.07388],[73.45999,22.07364],[73.46002,22.07363],[73.4601,22.07369],[73.46051,22.074],[73.46075,22.07419],[73.46335,22.0762],[73.46359,22.07607],[73.46488,22.07537],[73.465,22.07531],[73.46515,22.07531],[73.46553,22.07534],[73.46675,22.07541],[73.46841,22.07355],[73.46841,22.07354],[73.47,22.07364],[73.47253,22.07379],[73.47369,22.07386],[73.47426,22.07475],[73.47463,22.07533],[73.47465,22.07535],[73.47469,22.07541],[73.47513,22.07609],[73.47536,22.07646],[73.47562,22.07685],[73.47576,22.07707],[73.47566,22.0772],[73.47537,22.07757],[73.4753,22.07766],[73.47483,22.07828],[73.47446,22.07876],[73.47436,22.07889],[73.47428,22.07899],[73.47403,22.07932],[73.47371,22.07973],[73.47278,22.08095],[73.47211,22.08183],[73.47203,22.08193],[73.47194,22.08204],[73.47143,22.08271],[73.47138,22.08312],[73.47137,22.08326],[73.47085,22.08811],[73.47073,22.08928],[73.47048,22.09166],[73.47032,22.0918],[73.47011,22.092],[73.46986,22.09223],[73.46964,22.09244],[73.46942,22.09264],[73.46936,22.0927],[73.46865,22.09335],[73.46829,22.09369],[73.46831,22.09371],[73.46836,22.09376],[73.46862,22.094],[73.46869,22.09406],[73.46862,22.09413],[73.46863,22.09413],[73.46888,22.09436],[73.46897,22.09444],[73.46949,22.0949],[73.46951,22.09492],[73.46991,22.09528],[73.47131,22.09653],[73.47141,22.09662],[73.47196,22.09748],[73.47227,22.09795],[73.47269,22.09861],[73.47276,22.09871],[73.47288,22.0989],[73.47305,22.09916],[73.47342,22.09974],[73.47346,22.09979],[73.47373,22.10021],[73.47392,22.1005],[73.47415,22.10087],[73.47462,22.10159],[73.47472,22.10169],[73.47475,22.10171],[73.47476,22.10172],[73.47487,22.10182],[73.47499,22.10202],[73.47539,22.10238],[73.47583,22.10277],[73.47619,22.10309],[73.47639,22.1033],[73.47658,22.10351],[73.47688,22.10383],[73.47711,22.10409],[73.47718,22.10417],[73.47717,22.10432],[73.47714,22.10519],[73.47708,22.10658],[73.47709,22.10679],[73.47711,22.10718],[73.47713,22.10769],[73.47713,22.10781],[73.47715,22.10824],[73.47714,22.10842],[73.47713,22.10868],[73.47712,22.10889],[73.47712,22.10901],[73.47711,22.10914],[73.47713,22.10915],[73.47736,22.1093],[73.4775,22.10939],[73.47749,22.10957],[73.47749,22.10959],[73.47917,22.11066],[73.47924,22.11071],[73.47994,22.11116],[73.48039,22.11144],[73.48085,22.11173],[73.48176,22.11231],[73.48298,22.11309],[73.48299,22.11309],[73.48298,22.1133],[73.48292,22.11491],[73.48304,22.11497],[73.48307,22.11498],[73.48322,22.11505],[73.48329,22.11509],[73.48329,22.11518],[73.48328,22.11528],[73.48328,22.1153],[73.48327,22.11533],[73.4858,22.11649],[73.48864,22.11632],[73.49022,22.11623],[73.49056,22.11621],[73.49093,22.11619],[73.49226,22.11611],[73.4925,22.1161],[73.49271,22.11633],[73.49279,22.11642],[73.49404,22.11782],[73.49523,22.11819],[73.49685,22.11869],[73.49725,22.11881],[73.49828,22.11913],[73.49848,22.11919],[73.49849,22.1192],[73.4987,22.11966],[73.49893,22.12013],[73.49912,22.12053],[73.49914,22.12058],[73.49962,22.12159],[73.49975,22.12185],[73.49977,22.12187],[73.49983,22.12199],[73.49999,22.1223],[73.50015,22.1226],[73.50024,22.12277],[73.50085,22.12392],[73.50118,22.12455],[73.50135,22.12487],[73.50132,22.12558],[73.5013,22.1263],[73.50129,22.12635],[73.50128,22.12657],[73.50129,22.12666],[73.50129,22.12684],[73.50131,22.12718],[73.50132,22.12742],[73.50011,22.128],[73.49874,22.12864],[73.49873,22.12864],[73.49874,22.12875],[73.49878,22.12968],[73.49878,22.12986],[73.49881,22.13056],[73.49881,22.1306],[73.49882,22.13075],[73.49861,22.13135],[73.49858,22.13145],[73.49828,22.13228],[73.49811,22.13276],[73.49795,22.13323],[73.49778,22.13488],[73.4976,22.13662],[73.49748,22.13774],[73.49725,22.13993],[73.49715,22.14085],[73.49728,22.14096],[73.49732,22.141],[73.49737,22.14105],[73.49755,22.14123],[73.49754,22.14132],[73.49779,22.14154],[73.49816,22.14188],[73.49899,22.14261],[73.49917,22.14277],[73.49919,22.14279],[73.4992,22.14281],[73.49932,22.14294],[73.49947,22.14311],[73.49954,22.14319],[73.49971,22.14338],[73.49966,22.14456],[73.49966,22.14474],[73.49964,22.14528],[73.49963,22.14544],[73.49961,22.14574],[73.49955,22.14602],[73.49954,22.14606],[73.49941,22.1463],[73.49937,22.14638],[73.49902,22.14704],[73.49881,22.14745],[73.49854,22.14794],[73.49843,22.14816],[73.49768,22.14958],[73.49738,22.15014],[73.49764,22.15027],[73.49778,22.15033],[73.49786,22.15037],[73.49776,22.15056],[73.49787,22.15061],[73.4984,22.15086],[73.4988,22.15105],[73.49893,22.15111],[73.49994,22.15159],[73.50064,22.15192],[73.50224,22.15268],[73.50234,22.15273],[73.50301,22.15304],[73.50315,22.15311],[73.50351,22.15328],[73.50358,22.15345],[73.5036,22.15351],[73.50375,22.1539],[73.50382,22.15407],[73.50402,22.15457],[73.50418,22.155],[73.50445,22.15569],[73.50447,22.15575],[73.50462,22.15612],[73.50515,22.15748],[73.50534,22.15798],[73.50545,22.15826],[73.50551,22.15829],[73.50554,22.15832],[73.50574,22.15845],[73.50579,22.15856],[73.50581,22.15861],[73.50583,22.15868],[73.50588,22.15871],[73.50593,22.15874],[73.5066,22.15917],[73.50891,22.16066],[73.50937,22.16096],[73.51013,22.16258],[73.51017,22.16267],[73.5105,22.16335],[73.51051,22.16339],[73.51057,22.16351],[73.51049,22.16553],[73.51049,22.16569],[73.51048,22.16597],[73.51041,22.16771],[73.51039,22.1682],[73.51048,22.16846],[73.51052,22.16859],[73.51074,22.16922],[73.51076,22.16925],[73.51078,22.16932],[73.51085,22.16951],[73.51126,22.17069],[73.51146,22.17125],[73.51154,22.17147],[73.5116,22.17166],[73.51178,22.17218],[73.51208,22.17302],[73.5122,22.17336],[73.51223,22.17335],[73.51246,22.17335],[73.51269,22.17334],[73.51285,22.17369],[73.51289,22.17376],[73.5138,22.17373],[73.51457,22.1737],[73.51482,22.17369],[73.51565,22.17366],[73.51586,22.17365],[73.51834,22.17535],[73.52109,22.17524],[73.52141,22.17593],[73.52153,22.17617],[73.52165,22.17642],[73.52228,22.17776],[73.52231,22.17782],[73.52244,22.1781],[73.52251,22.17812],[73.52253,22.17813],[73.52265,22.17816],[73.52291,22.17872],[73.52322,22.17938],[73.52613,22.17949],[73.52621,22.17949],[73.52668,22.17951],[73.52822,22.17945],[73.52842,22.17989],[73.52858,22.18022],[73.52914,22.1814],[73.52964,22.18247],[73.52965,22.1825],[73.52986,22.18294],[73.53002,22.18288],[73.53024,22.18336],[73.53458,22.18184],[73.53461,22.18183],[73.53463,22.18184],[73.53548,22.18224],[73.53606,22.18251],[73.53636,22.18265],[73.53654,22.18274],[73.53658,22.18279],[73.53691,22.18331],[73.53704,22.18352],[73.53724,22.18382],[73.53724,22.18383],[73.53758,22.18435],[73.53764,22.18444],[73.53795,22.18493],[73.53808,22.18495],[73.53813,22.18503],[73.53815,22.18507],[73.53821,22.18515],[73.53833,22.18535],[73.53838,22.18536],[73.53911,22.1855],[73.53929,22.18553],[73.54068,22.1858],[73.54089,22.18583],[73.54187,22.18602],[73.54083,22.18698],[73.54082,22.18699],[73.54083,22.187],[73.5409,22.18707],[73.54121,22.18736],[73.54124,22.18738],[73.54087,22.18773],[73.54157,22.1881],[73.54177,22.18821],[73.54208,22.18838],[73.54265,22.18869],[73.54273,22.18877],[73.54281,22.18884],[73.54284,22.18887],[73.54308,22.18892],[73.54417,22.18951],[73.5477,22.19036],[73.54906,22.19108],[73.54928,22.19119],[73.55089,22.19205],[73.55093,22.19204],[73.55159,22.19202],[73.55371,22.19194],[73.55399,22.19193],[73.55405,22.19196],[73.5562,22.19297],[73.55682,22.19428],[73.55698,22.19462],[73.55713,22.19493],[73.55716,22.19492],[73.5573,22.19492],[73.55731,22.19494],[73.5575,22.19535],[73.55906,22.19529],[73.55912,22.19539],[73.55916,22.19544],[73.55916,22.19545],[73.5595,22.19599],[73.55985,22.19656],[73.56003,22.19684],[73.56003,22.19691],[73.56007,22.19787],[73.55997,22.19796],[73.55978,22.19814],[73.55951,22.19839],[73.55928,22.1986],[73.55879,22.19906],[73.55805,22.20053],[73.55799,22.20065],[73.55882,22.20076],[73.55886,22.20081],[73.55917,22.20118],[73.55951,22.20123],[73.56053,22.20137],[73.56559,22.20206],[73.56587,22.20221],[73.56611,22.20234],[73.56612,22.20234],[73.56796,22.20405],[73.56888,22.20504],[73.5692,22.20538],[73.56965,22.20536],[73.57179,22.20528],[73.572,22.20551],[73.57201,22.20552],[73.5735,22.20712],[73.57357,22.20721],[73.57413,22.20781],[73.57424,22.20793],[73.57428,22.20796],[73.57446,22.20817],[73.57484,22.20857],[73.57497,22.20871],[73.57502,22.20874],[73.57533,22.20888],[73.57537,22.2089],[73.57555,22.20899],[73.57576,22.20909],[73.57635,22.20937],[73.57736,22.20984],[73.57807,22.21017],[73.57811,22.2102],[73.57837,22.21032],[73.57879,22.21077],[73.57957,22.21161],[73.57988,22.2119],[73.58005,22.21206],[73.58051,22.21249],[73.58074,22.21321],[73.58077,22.21331],[73.58102,22.21409],[73.58136,22.21515],[73.58141,22.21525],[73.58151,22.21544],[73.5816,22.21561],[73.58172,22.21584],[73.58231,22.21694],[73.58235,22.21703],[73.58244,22.2172],[73.58246,22.21723],[73.5827,22.21769],[73.58283,22.21793],[73.58302,22.21829],[73.58298,22.21917],[73.58296,22.21968],[73.58295,22.2199],[73.58295,22.21992],[73.58308,22.22029],[73.58317,22.22056],[73.5832,22.22064],[73.58322,22.2207],[73.5838,22.22233],[73.58385,22.22248],[73.5838,22.2236],[73.58378,22.22408],[73.58379,22.22433],[73.5838,22.22436],[73.58381,22.2247],[73.58385,22.22574],[73.58384,22.22604],[73.58382,22.22653],[73.58382,22.22657],[73.58381,22.2267],[73.58378,22.22742],[73.58414,22.22801],[73.58442,22.22847],[73.5847,22.22891],[73.58552,22.23026],[73.58556,22.23033],[73.58572,22.23058],[73.58607,22.23116],[73.58617,22.23133],[73.58632,22.23156],[73.58631,22.23177],[73.5863,22.23204],[73.58628,22.23242],[73.58636,22.2325],[73.58667,22.23278],[73.58667,22.23285],[73.58676,22.23293],[73.58679,22.23296],[73.58723,22.23337],[73.58729,22.23342],[73.58774,22.23384],[73.58795,22.23403],[73.58798,22.23407],[73.58796,22.23473],[73.58793,22.23533],[73.58794,22.2355],[73.58801,22.23734],[73.58789,22.23769],[73.58771,22.23821],[73.58738,22.23914],[73.58713,22.23986],[73.58711,22.23992],[73.58712,22.23993],[73.58719,22.24002],[73.58759,22.24055],[73.58765,22.24061],[73.58766,22.24063],[73.58833,22.24151],[73.58874,22.24204],[73.58881,22.24213],[73.58907,22.24248],[73.5892,22.24263],[73.58939,22.24288],[73.58962,22.24319],[73.58965,22.24323],[73.58979,22.24395],[73.58988,22.24441],[73.59021,22.24617],[73.59029,22.24659],[73.59042,22.24724],[73.59043,22.24732],[73.59045,22.24743],[73.59085,22.24794],[73.59124,22.24845],[73.59223,22.24974],[73.59263,22.25026],[73.59269,22.25035],[73.593,22.25075],[73.59337,22.25123],[73.59378,22.25176],[73.59372,22.25186],[73.59351,22.25227],[73.5933,22.25267],[73.59297,22.25329],[73.59287,22.25348],[73.59253,22.25412],[73.59221,22.25472],[73.59211,22.25491],[73.59215,22.25498],[73.59238,22.25541],[73.5924,22.25547],[73.59274,22.2561],[73.59302,22.25662],[73.59294,22.25842],[73.59292,22.25915],[73.59283,22.26137],[73.5928,22.26195],[73.5928,22.26198],[73.59266,22.26284],[73.5924,22.26309],[73.59175,22.26369],[73.59142,22.264],[73.59119,22.26421],[73.59085,22.26452],[73.59045,22.26489],[73.59045,22.26491],[73.59048,22.26564],[73.59049,22.26576],[73.59038,22.26595],[73.59028,22.26615],[73.59017,22.26636],[73.58978,22.26709],[73.58941,22.26779],[73.58935,22.2679],[73.58888,22.26878],[73.58924,22.27015],[73.58929,22.27032],[73.58958,22.27146],[73.58995,22.27285],[73.59036,22.27443],[73.59054,22.27512],[73.59045,22.27743],[73.59084,22.27755],[73.59084,22.27761],[73.59083,22.27785],[73.5917,22.27812],[73.59242,22.27835],[73.59307,22.27855],[73.59314,22.27883],[73.59324,22.2792],[73.59345,22.27999],[73.59352,22.28027],[73.59367,22.28083],[73.59353,22.28138],[73.59347,22.28141],[73.59338,22.28145],[73.59255,22.28184],[73.59186,22.28217],[73.59113,22.28252],[73.58863,22.28369],[73.58836,22.28382],[73.58846,22.28391],[73.5885,22.28395],[73.58879,22.28422],[73.58874,22.28424],[73.58905,22.28453],[73.58938,22.28484],[73.59132,22.28663],[73.59133,22.28672],[73.59142,22.28784],[73.59151,22.28899],[73.59152,22.28907],[73.59158,22.28986],[73.59176,22.29207],[73.59186,22.29333],[73.59201,22.29518],[73.59211,22.29648],[73.59212,22.29659],[73.59227,22.29687],[73.59259,22.29749],[73.59274,22.29776],[73.59285,22.29797],[73.59291,22.29808],[73.59298,22.29823],[73.59297,22.29865],[73.59291,22.30016],[73.59251,22.30091],[73.59242,22.30109],[73.59214,22.30161],[73.59189,22.30209],[73.59138,22.30304],[73.59128,22.30324],[73.59133,22.30335],[73.59148,22.30364],[73.59158,22.30382],[73.59196,22.30453],[73.59206,22.30472],[73.59222,22.30503],[73.5923,22.30518],[73.59231,22.30519],[73.59219,22.3082],[73.59216,22.30893],[73.59207,22.31116],[73.59212,22.31258],[73.59213,22.3126],[73.59214,22.31291],[73.59215,22.31317],[73.59215,22.31324],[73.59215,22.31333],[73.59213,22.31383],[73.59213,22.31387],[73.59208,22.31491],[73.59211,22.31553],[73.59223,22.31866],[73.59213,22.32119],[73.59213,22.3213],[73.59207,22.32266],[73.59205,22.32314],[73.59209,22.32321],[73.59227,22.32354],[73.59243,22.32384],[73.5924,22.32441],[73.59286,22.32465],[73.59295,22.32483],[73.59302,22.32496],[73.5934,22.32494],[73.59417,22.32535],[73.60548,22.3249],[73.60602,22.3299],[73.60604,22.33016],[73.60628,22.33237],[73.60629,22.33243],[73.60658,22.33299],[73.60668,22.33318],[73.60698,22.33374],[73.60715,22.33406],[73.60715,22.33416],[73.60714,22.33448],[73.60712,22.33492],[73.60718,22.33503],[73.6073,22.33521],[73.60737,22.33533],[73.60749,22.33554],[73.60749,22.33566],[73.60748,22.33575],[73.60748,22.33578],[73.60762,22.33596],[73.60804,22.33654],[73.60809,22.33661],[73.60816,22.33671],[73.60844,22.33708],[73.60848,22.33714],[73.60868,22.33747],[73.60883,22.33772],[73.60935,22.33856],[73.60938,22.33861],[73.6097,22.33914],[73.6099,22.33946],[73.60991,22.33949],[73.61022,22.33978],[73.61082,22.34033],[73.61089,22.34042],[73.61097,22.34054],[73.61112,22.34067],[73.61184,22.34134],[73.61202,22.3415],[73.61217,22.34164],[73.61249,22.34333],[73.61261,22.34399],[73.61278,22.34487],[73.61294,22.34571],[73.61295,22.34575],[73.61295,22.34576],[73.61305,22.34622],[73.61312,22.34656],[73.61325,22.34719],[73.61355,22.34861],[73.6136,22.34885],[73.61369,22.34927],[73.61389,22.35027],[73.61435,22.35041],[73.61442,22.35043],[73.61527,22.35088],[73.61531,22.3509],[73.61538,22.35094],[73.61568,22.3511],[73.61583,22.35118],[73.61805,22.35188],[73.61808,22.35189],[73.6186,22.35206],[73.61862,22.3521],[73.61898,22.35264],[73.61911,22.35285],[73.61941,22.35331],[73.61978,22.35389],[73.61984,22.35399],[73.61985,22.354],[73.62038,22.35481],[73.62058,22.35512],[73.62065,22.35523],[73.62083,22.3554],[73.62092,22.35548],[73.62094,22.35551],[73.62096,22.35555],[73.62098,22.35557],[73.62103,22.35565],[73.62107,22.35569],[73.62162,22.3562],[73.62206,22.3566],[73.62234,22.35687],[73.62302,22.35749],[73.6238,22.35822],[73.62431,22.35877],[73.62434,22.3588],[73.62484,22.35934],[73.6249,22.3594],[73.625,22.35951],[73.6267,22.36031],[73.62739,22.36084],[73.62756,22.36098],[73.62815,22.36142],[73.62857,22.36175],[73.62891,22.36201],[73.62959,22.36253],[73.63105,22.36365],[73.6342,22.36285],[73.63585,22.36197],[73.63667,22.36285],[73.63828,22.36353],[73.63854,22.36364],[73.63983,22.36418],[73.64,22.36425],[73.64024,22.36435],[73.64048,22.36445],[73.64253,22.36532],[73.6429,22.36572],[73.64306,22.36589],[73.6431,22.36593],[73.6432,22.36603],[73.64333,22.36618],[73.64419,22.36697],[73.64383,22.36899],[73.6437,22.36973],[73.64341,22.3714],[73.6434,22.37151],[73.64307,22.37335],[73.64295,22.37406],[73.6429,22.37438],[73.64295,22.37581],[73.64297,22.37628],[73.64306,22.37845],[73.64306,22.3786],[73.64315,22.38068],[73.64315,22.38078],[73.64348,22.38077],[73.64389,22.38076],[73.64394,22.38075],[73.64409,22.38075],[73.64423,22.38151],[73.6467,22.38035],[73.64936,22.37894],[73.65231,22.37882],[73.65619,22.37867],[73.66084,22.37848],[73.66089,22.37852],[73.66118,22.37873],[73.66129,22.37881],[73.66117,22.37886],[73.66086,22.37901],[73.66053,22.37917],[73.66044,22.37921],[73.65956,22.37962],[73.65901,22.37988],[73.65894,22.37991],[73.65883,22.37997],[73.65798,22.38037],[73.65795,22.38038],[73.65713,22.38077],[73.6563,22.38116],[73.65616,22.38123],[73.65601,22.38129],[73.65553,22.38152],[73.65545,22.38156],[73.65538,22.3816],[73.6551,22.38175],[73.65495,22.38183],[73.65481,22.3819],[73.65472,22.38195],[73.6539,22.38238],[73.65382,22.38243],[73.65349,22.38258],[73.65221,22.38318],[73.65212,22.38323],[73.65175,22.384],[73.65174,22.38403],[73.65144,22.38467],[73.65143,22.38469],[73.65118,22.38522],[73.65109,22.38541],[73.65099,22.38562],[73.65115,22.3857],[73.65129,22.38576],[73.65159,22.3859],[73.65162,22.38592],[73.65167,22.38594],[73.65167,22.38605],[73.65167,22.38609],[73.65167,22.38618],[73.6524,22.38653],[73.65245,22.38655],[73.65337,22.38698],[73.65389,22.38734],[73.65431,22.38763],[73.65444,22.38772],[73.65448,22.38775],[73.6548,22.38797],[73.6552,22.38825],[73.65561,22.38853],[73.65566,22.38856],[73.65613,22.38888],[73.65934,22.38775],[73.65945,22.38776],[73.66044,22.3878],[73.6621,22.38786],[73.66231,22.38786],[73.66419,22.38778],[73.66467,22.38776],[73.66466,22.38807],[73.66463,22.38873],[73.66462,22.38894],[73.66457,22.39033],[73.66463,22.39184],[73.66469,22.3933],[73.66469,22.39345],[73.66485,22.39359],[73.66517,22.39389],[73.66536,22.39407],[73.66551,22.39421],[73.66575,22.39443],[73.66583,22.3945],[73.66585,22.39454],[73.66586,22.39457],[73.66588,22.39462],[73.66592,22.39466],[73.66611,22.39483],[73.66642,22.39512],[73.66656,22.39525],[73.66666,22.39534],[73.66721,22.39585],[73.66742,22.39629],[73.66744,22.39635],[73.66752,22.39652],[73.66795,22.39742],[73.66828,22.39773],[73.66832,22.39782],[73.66855,22.39831],[73.66929,22.3987],[73.66936,22.39874],[73.66937,22.39874],[73.6696,22.39896],[73.66977,22.39898],[73.66983,22.39899],[73.66986,22.399],[73.67021,22.39918],[73.67042,22.3993],[73.67065,22.39941],[73.67116,22.39968],[73.67206,22.40016],[73.67793,22.4004],[73.67814,22.40039],[73.67825,22.40038],[73.67904,22.40035],[73.67965,22.40033],[73.68153,22.40026],[73.68233,22.40078],[73.68274,22.40104],[73.6837,22.40166],[73.68381,22.40173],[73.6838,22.40196],[73.68373,22.40374],[73.68367,22.40388],[73.68359,22.4039],[73.68311,22.40405],[73.68233,22.4043],[73.68173,22.40449],[73.68039,22.40491],[73.68029,22.40495],[73.68025,22.40496],[73.68002,22.40503],[73.67987,22.40528],[73.67964,22.40569],[73.67957,22.40572],[73.67927,22.40581],[73.6792,22.40583],[73.67927,22.40593],[73.67935,22.40605],[73.67939,22.40612],[73.67925,22.40637],[73.67882,22.40711],[73.68014,22.40737],[73.68025,22.40739],[73.68031,22.40746],[73.68036,22.40754],[73.68053,22.40779],[73.68147,22.40797],[73.68477,22.4086],[73.68632,22.4089],[73.6863,22.40938],[73.6863,22.40959],[73.6863,22.40962],[73.68628,22.41],[73.68483,22.41094],[73.68475,22.41099],[73.68402,22.41146],[73.68368,22.41168],[73.68272,22.4123],[73.6826,22.41238],[73.68175,22.41293],[73.68133,22.4132],[73.68078,22.41355],[73.68076,22.41356],[73.68048,22.41375],[73.68006,22.41402],[73.67995,22.41409],[73.67981,22.41418],[73.67953,22.41436],[73.67953,22.41444],[73.67955,22.41487],[73.67962,22.41662],[73.67962,22.41664],[73.67965,22.41745],[73.67967,22.41783],[73.67966,22.41792],[73.67966,22.41811],[73.67965,22.41813],[73.67952,22.42164],[73.67992,22.4215],[73.67991,22.42178],[73.67991,22.42187],[73.6799,22.42206],[73.68062,22.42181],[73.68269,22.42108],[73.68305,22.42095],[73.68321,22.42145],[73.68334,22.42187],[73.68349,22.42234],[73.68353,22.42245],[73.68384,22.42341],[73.68396,22.42378],[73.68404,22.42382],[73.68417,22.42388],[73.6842,22.4239],[73.68424,22.42391],[73.6843,22.42409],[73.68431,22.42412],[73.68432,22.42416],[73.68433,22.4242],[73.68543,22.42472],[73.68678,22.42535],[73.68746,22.42567],[73.6877,22.42579],[73.68802,22.42594],[73.68814,22.42657],[73.6885,22.42859],[73.68861,22.42918],[73.68858,22.42929],[73.68843,22.43003],[73.68842,22.43008],[73.6884,22.43019],[73.68836,22.43039],[73.68782,22.43071],[73.68752,22.43089],[73.68701,22.43119],[73.68648,22.43149],[73.68635,22.43157],[73.68609,22.43173],[73.68538,22.43214],[73.68519,22.43226],[73.68457,22.43262],[73.68402,22.43294],[73.68376,22.4331],[73.68358,22.4332],[73.68332,22.43336],[73.68286,22.43362],[73.68214,22.43405],[73.68212,22.43406],[73.68181,22.43431],[73.68132,22.43471],[73.68095,22.43501],[73.67939,22.43628],[73.67838,22.4371],[73.67804,22.43738],[73.67792,22.43748],[73.67793,22.43777],[73.67796,22.43837],[73.67797,22.43875],[73.67798,22.43909],[73.67797,22.43911],[73.67791,22.43924],[73.67778,22.43947],[73.67764,22.43975],[73.67751,22.43999],[73.67745,22.44009],[73.67713,22.44071],[73.67711,22.44074],[73.67719,22.44095],[73.67748,22.4418],[73.67753,22.44193],[73.67756,22.44201],[73.67781,22.44273],[73.67836,22.44429],[73.67843,22.44451],[73.67834,22.4446],[73.67776,22.44513],[73.67754,22.44533],[73.67638,22.44641],[73.676,22.44701],[73.67584,22.44725],[73.67536,22.44799],[73.67514,22.44833],[73.67453,22.44928],[73.67453,22.44939],[73.67454,22.44957],[73.67461,22.45143],[73.67455,22.45159],[73.67442,22.45198],[73.67435,22.45218],[73.67431,22.45229],[73.67422,22.45253],[73.67513,22.45285],[73.6759,22.45312],[73.6775,22.45368],[73.67871,22.45397],[73.683,22.45499],[73.68347,22.4551],[73.68387,22.4552],[73.68405,22.45524],[73.68438,22.45555],[73.685,22.45612],[73.68501,22.45613],[73.68503,22.45615],[73.6853,22.45644],[73.68576,22.45694],[73.68583,22.45701],[73.68602,22.45719],[73.68604,22.4572],[73.68618,22.45733],[73.68626,22.45741],[73.68637,22.45751],[73.68639,22.45754],[73.68649,22.45777],[73.68651,22.4578],[73.68712,22.45909],[73.68737,22.45945],[73.6877,22.45994],[73.68802,22.46061],[73.68824,22.46108],[73.68863,22.46129],[73.68893,22.46172],[73.68936,22.46186],[73.68943,22.46188],[73.69022,22.46213],[73.6904,22.46222],[73.69063,22.46235],[73.69072,22.4624],[73.69086,22.46247],[73.69164,22.46288],[73.69339,22.46344],[73.69344,22.46345],[73.69524,22.46402],[73.69543,22.46408],[73.69804,22.46442],[73.69838,22.46447],[73.6985,22.46453],[73.69896,22.46479],[73.70019,22.46548],[73.70031,22.46554],[73.70081,22.4655],[73.70269,22.46535],[73.70363,22.46528],[73.7041,22.46524],[73.70488,22.46567],[73.70504,22.46576],[73.70511,22.4658],[73.7056,22.46607],[73.70572,22.46614],[73.70582,22.4662],[73.70612,22.46628],[73.70641,22.46636],[73.70691,22.4665],[73.70702,22.46655],[73.70709,22.46655],[73.70814,22.46684],[73.70845,22.46692],[73.7116,22.46779],[73.71161,22.46769],[73.71177,22.46665],[73.71202,22.46665],[73.71204,22.46597],[73.71206,22.46475],[73.71213,22.46428],[73.71317,22.4575],[73.71256,22.45698],[73.71251,22.45694],[73.71249,22.45691],[73.71237,22.45682],[73.71222,22.45669],[73.71223,22.45665],[73.71193,22.45636],[73.71162,22.45607],[73.71142,22.45587],[73.71105,22.45552],[73.71103,22.4555],[73.71082,22.4553],[73.71074,22.45522],[73.71068,22.4551],[73.71045,22.45469],[73.71032,22.45445],[73.70962,22.4532],[73.70962,22.45305],[73.70961,22.45268],[73.70961,22.4524],[73.7096,22.45221],[73.70964,22.45219],[73.71255,22.45036],[73.71264,22.45028],[73.71268,22.45025],[73.71281,22.45014],[73.71289,22.45008],[73.71665,22.44697],[73.72088,22.4462],[73.72088,22.44619],[73.72096,22.44617],[73.72336,22.44529],[73.72337,22.4453],[73.72375,22.44551],[73.72402,22.44566],[73.72429,22.44581],[73.72503,22.44622],[73.72545,22.44645],[73.72636,22.44696],[73.72653,22.447],[73.72696,22.4471],[73.73005,22.4478],[73.73074,22.44834],[73.73084,22.44842],[73.73164,22.44905],[73.73202,22.44934],[73.73255,22.44976],[73.73319,22.45026],[73.73349,22.45049],[73.73438,22.45076],[73.73601,22.45125],[73.73808,22.45188],[73.73872,22.45207],[73.73901,22.45205],[73.74228,22.45178],[73.74305,22.45172],[73.74329,22.4517],[73.74351,22.45237],[73.74312,22.45362],[73.74298,22.45408],[73.74277,22.45415],[73.74202,22.4544],[73.74024,22.45497],[73.74002,22.45504],[73.73896,22.45539],[73.73884,22.45564],[73.73861,22.45611],[73.73796,22.45744],[73.73775,22.45788],[73.7377,22.45798],[73.73694,22.45813],[73.73684,22.45815],[73.73633,22.45825],[73.73503,22.4585],[73.73216,22.45906],[73.7321,22.45907],[73.73152,22.45919],[73.73131,22.45923],[73.7319,22.46154],[73.73171,22.4622],[73.73194,22.46239],[73.73197,22.46242],[73.73199,22.46243],[73.732,22.46245],[73.73228,22.46269],[73.7324,22.46279],[73.73284,22.46317],[73.73305,22.46335],[73.73338,22.46363],[73.73351,22.46392],[73.73372,22.4644],[73.73378,22.46454],[73.7338,22.46504],[73.73384,22.46724],[73.73384,22.46739],[73.73357,22.46765],[73.73348,22.46773],[73.73258,22.46859],[73.73249,22.46868],[73.73239,22.46878],[73.73218,22.46898],[73.73214,22.46902],[73.73218,22.46927],[73.73227,22.46979],[73.7324,22.47061],[73.73247,22.47103],[73.73268,22.47236],[73.73255,22.47315],[73.73291,22.4738],[73.73294,22.47397],[73.73295,22.47401],[73.73296,22.47408],[73.73302,22.4742],[73.73319,22.47454],[73.73339,22.47492],[73.73367,22.47547],[73.73374,22.4756],[73.734,22.47611],[73.73385,22.47647],[73.73374,22.47676],[73.73367,22.47692],[73.73315,22.4782],[73.73278,22.47912],[73.73257,22.47965],[73.73211,22.48076],[73.73203,22.48097],[73.73217,22.48107],[73.73221,22.4811],[73.73223,22.4811],[73.73244,22.48124],[73.73236,22.48143],[73.73266,22.48162],[73.73306,22.48186],[73.7338,22.48233],[73.73419,22.48257],[73.73423,22.4826],[73.73431,22.48265],[73.73563,22.48347],[73.73572,22.48353],[73.73583,22.4836],[73.73597,22.48374],[73.73606,22.48384],[73.73609,22.48388],[73.73618,22.48398],[73.73637,22.4842],[73.73647,22.48432],[73.73658,22.48444],[73.73665,22.48453],[73.73685,22.4847],[73.73729,22.48508],[73.73742,22.48519],[73.73755,22.4853],[73.73756,22.48535],[73.73762,22.48554],[73.73794,22.48661],[73.73797,22.48793],[73.73797,22.48799],[73.73799,22.48907],[73.73767,22.48938],[73.73733,22.48971],[73.7372,22.48983],[73.73713,22.4899],[73.73713,22.49009],[73.73714,22.49057],[73.73716,22.49156],[73.73716,22.4916],[73.7369,22.49185],[73.73647,22.49226],[73.73613,22.49259],[73.73557,22.49313],[73.73525,22.49344],[73.73515,22.49354],[73.73501,22.49367],[73.73442,22.49423],[73.73383,22.4948],[73.73382,22.49499],[73.73382,22.49523],[73.73381,22.49581],[73.73379,22.49655],[73.73379,22.49658],[73.7338,22.49712],[73.7338,22.49722],[73.73381,22.49728],[73.73381,22.49742],[73.73366,22.49812],[73.73338,22.49951],[73.73328,22.50001],[73.73309,22.50091],[73.73296,22.50155],[73.73295,22.50164],[73.73292,22.50174],[73.73284,22.50213],[73.7333,22.50205],[73.73326,22.50224],[73.74095,22.50162],[73.74306,22.50045],[73.74329,22.50032],[73.74332,22.5003],[73.74335,22.50029],[73.74347,22.50024],[73.74507,22.49963],[73.74514,22.4996],[73.74517,22.49963],[73.74517,22.49964],[73.74531,22.49976],[73.74568,22.50008],[73.74608,22.5005],[73.74613,22.50054],[73.74619,22.5006],[73.7466,22.50104],[73.74671,22.50115],[73.7469,22.50135],[73.74698,22.50144],[73.74699,22.50145],[73.74702,22.50149],[73.74748,22.50203],[73.75057,22.50273],[73.75067,22.50275],[73.75088,22.5028],[73.751,22.50306],[73.75102,22.50312],[73.75112,22.50334],[73.75128,22.50371],[73.75129,22.50384],[73.75129,22.50416],[73.7513,22.50425],[73.75134,22.50616],[73.75131,22.50753],[73.7513,22.50774],[73.7513,22.50802],[73.75129,22.50822],[73.75129,22.50825],[73.75132,22.50826],[73.75168,22.50834],[73.75166,22.50859],[73.75165,22.50863],[73.75165,22.50868],[73.75331,22.50907],[73.75416,22.50926],[73.75498,22.50945],[73.75505,22.50947],[73.75528,22.50989],[73.75546,22.51021],[73.75547,22.51026],[73.75547,22.51053],[73.75553,22.51315],[73.75532,22.51355],[73.75386,22.51638],[73.75385,22.51641],[73.75384,22.51691],[73.75383,22.51715],[73.7538,22.51862],[73.75378,22.51949],[73.7538,22.52008],[73.75381,22.52093],[73.75382,22.52107],[73.75382,22.52134],[73.75382,22.52154],[73.75382,22.52155],[73.75373,22.5218],[73.75358,22.52225],[73.75349,22.52253],[73.75347,22.52256],[73.75333,22.52299],[73.75329,22.52311],[73.75314,22.52353],[73.75269,22.52485],[73.75279,22.52517],[73.75282,22.52526],[73.75329,22.52669],[73.75336,22.52691],[73.75347,22.52726],[73.75354,22.52813],[73.75355,22.52818],[73.75367,22.52829],[73.75379,22.52839],[73.75386,22.52845],[73.7539,22.52857],[73.75397,22.5288],[73.75405,22.52905],[73.75459,22.52907],[73.75503,22.52944],[73.75537,22.52973],[73.75605,22.5303],[73.7565,22.52977],[73.75692,22.52929],[73.75723,22.52893],[73.75749,22.52863],[73.75847,22.52792],[73.75881,22.52823],[73.75891,22.52834],[73.75904,22.52847],[73.7594,22.52885],[73.75955,22.52903],[73.75957,22.52904],[73.75963,22.52911],[73.75981,22.52932],[73.75993,22.52946],[73.75999,22.52953],[73.76268,22.53185],[73.76346,22.52927],[73.76348,22.52919],[73.76351,22.52912],[73.76415,22.52697],[73.76665,22.52629],[73.76748,22.52646],[73.76922,22.52744],[73.76969,22.5277],[73.7703,22.52804],[73.77199,22.52854],[73.77245,22.52868],[73.77298,22.52884],[73.77331,22.52894],[73.77376,22.52908],[73.77477,22.52938],[73.77576,22.52968],[73.77569,22.52975],[73.77487,22.53053],[73.7747,22.53069],[73.77446,22.53093],[73.7742,22.53118],[73.774,22.53137],[73.77372,22.53164],[73.77363,22.53172],[73.77301,22.53232],[73.77298,22.53406],[73.77296,22.53479],[73.77296,22.53492],[73.77322,22.53505],[73.77315,22.53529],[73.77732,22.53715],[73.77737,22.53717],[73.77809,22.53749],[73.77813,22.53751],[73.77814,22.53752],[73.77851,22.53795],[73.77879,22.53828],[73.7788,22.53854],[73.77881,22.53908],[73.7788,22.53942],[73.7788,22.53943],[73.77878,22.54073],[73.77888,22.54083],[73.77894,22.5409],[73.77909,22.54104],[73.77909,22.54114],[73.77913,22.54118],[73.77981,22.54177],[73.78015,22.54205],[73.78019,22.54209],[73.78071,22.5426],[73.78114,22.543],[73.78161,22.54346],[73.78205,22.54388],[73.78207,22.54392],[73.78249,22.54478],[73.78255,22.5449],[73.78286,22.54555],[73.78293,22.5457],[73.78327,22.54638],[73.78343,22.54644],[73.78355,22.54648],[73.78397,22.54662],[73.78404,22.54665],[73.78459,22.54699],[73.78536,22.54747],[73.7855,22.54756],[73.78571,22.5477],[73.78584,22.54777],[73.78625,22.54803],[73.79458,22.54736],[73.79462,22.54736],[73.79495,22.54787],[73.79499,22.54794],[73.79514,22.54815],[73.79546,22.54865],[73.79568,22.54899],[73.79612,22.54966],[73.79617,22.54973],[73.79629,22.54992],[73.79633,22.54995],[73.79634,22.54996],[73.79636,22.54999],[73.79642,22.55004],[73.7965,22.55011],[73.79665,22.55036],[73.79671,22.55042],[73.79697,22.55063],[73.79717,22.5508],[73.79723,22.551],[73.79786,22.55295],[73.79794,22.55321],[73.79797,22.55329],[73.79801,22.5534],[73.79805,22.55352],[73.79808,22.55363],[73.79812,22.55376],[73.79822,22.55381],[73.79827,22.55383],[73.79838,22.55388],[73.79847,22.55419],[73.79848,22.55423],[73.80088,22.5553],[73.80129,22.55553],[73.80167,22.55574],[73.80168,22.55575],[73.8017,22.55576],[73.80224,22.55606],[73.80229,22.55609],[73.80273,22.55633],[73.80279,22.55639],[73.8029,22.55649],[73.80298,22.55657],[73.8032,22.5568],[73.80351,22.55713],[73.80357,22.55718],[73.80366,22.55729],[73.80415,22.55786],[73.80427,22.55792],[73.80588,22.55863],[73.80624,22.55905],[73.80625,22.55906],[73.80633,22.55915],[73.80656,22.55961],[73.8071,22.56065],[73.80711,22.56066],[73.80714,22.56073],[73.80765,22.56281],[73.80777,22.56329],[73.8079,22.56383],[73.80795,22.56406],[73.8082,22.56506],[73.80824,22.56526],[73.80832,22.56533],[73.80853,22.56553],[73.80859,22.5658],[73.80869,22.56624],[73.8087,22.56629],[73.80877,22.56658],[73.80975,22.56714],[73.80982,22.56718],[73.81054,22.56758],[73.81078,22.56772],[73.81104,22.56799],[73.81111,22.56806],[73.81115,22.56811],[73.81133,22.56833],[73.81139,22.5684],[73.81198,22.56914],[73.81216,22.56936],[73.8128,22.57017],[73.81292,22.57022],[73.81334,22.57039],[73.81363,22.57052],[73.81506,22.57112],[73.81507,22.57112],[73.81546,22.57135],[73.81566,22.57147],[73.81591,22.57162],[73.81599,22.57167],[73.81609,22.57172],[73.8167,22.57208],[73.81892,22.56931],[73.82324,22.56985],[73.82358,22.56989],[73.82377,22.56991],[73.82381,22.56991],[73.82443,22.5698],[73.82724,22.56933],[73.82804,22.56919],[73.82832,22.56908],[73.83043,22.56825],[73.8284,22.56093],[73.83003,22.55785],[73.83153,22.55467],[73.83155,22.55466],[73.83182,22.55461],[73.83532,22.55394],[73.83561,22.55389],[73.83698,22.55363],[73.83873,22.5537],[73.8412,22.555],[73.84131,22.55506],[73.84395,22.55646],[73.84423,22.5566],[73.84452,22.55676],[73.84488,22.55695],[73.84518,22.55711],[73.84697,22.55704],[73.84768,22.55701],[73.84815,22.55699],[73.84836,22.55698],[73.84861,22.55725],[73.84896,22.55762],[73.84901,22.55768],[73.84906,22.55773],[73.84917,22.55785],[73.84921,22.55786],[73.84932,22.55797],[73.84935,22.558],[73.84936,22.55801],[73.84951,22.55816],[73.85098,22.55819],[73.85365,22.5587],[73.85595,22.55861],[73.85691,22.55657],[73.85712,22.55612],[73.85745,22.55543],[73.8575,22.55532],[73.85753,22.55529],[73.85837,22.55451],[73.85842,22.55439],[73.85854,22.55415],[73.859,22.55316],[73.85915,22.55284],[73.85922,22.55271],[73.85964,22.55231],[73.86093,22.55112],[73.86111,22.55113],[73.86253,22.55118],[73.8631,22.54998],[73.86315,22.54988],[73.86333,22.54948],[73.86337,22.54943],[73.86369,22.54897],[73.86601,22.54559],[73.86608,22.5455],[73.86616,22.54538],[73.86813,22.54406],[73.86832,22.54394],[73.86865,22.54372],[73.8687,22.54368],[73.87032,22.54402],[73.87126,22.54422],[73.87138,22.54424],[73.87549,22.5451],[73.87667,22.54535],[73.87678,22.54534],[73.877,22.54534],[73.87848,22.54528],[73.88014,22.54616],[73.88015,22.54616],[73.88112,22.54668],[73.88197,22.54713],[73.88403,22.54821],[73.8846,22.547],[73.88482,22.54653],[73.88505,22.54605],[73.88765,22.54615],[73.88802,22.54617],[73.88801,22.54648],[73.88798,22.54822],[73.88796,22.54909],[73.88794,22.5499],[73.88857,22.5497],[73.88873,22.54983],[73.88884,22.54992],[73.88935,22.55032],[73.8925,22.54865],[73.89734,22.54712],[73.8978,22.54687],[73.89796,22.54679],[73.89932,22.54607],[73.89984,22.54686],[73.89989,22.54694],[73.90011,22.54729],[73.90048,22.54785],[73.90062,22.54807],[73.90071,22.5482],[73.90159,22.54954],[73.90166,22.54965],[73.90183,22.5499],[73.90212,22.54978],[73.90303,22.55032],[73.90388,22.54974],[73.90402,22.54964],[73.90442,22.54937],[73.90451,22.5493],[73.90627,22.54809],[73.90636,22.54803],[73.90671,22.54778],[73.90679,22.54773],[73.90678,22.54745],[73.90677,22.54701],[73.90676,22.54682],[73.90665,22.54408],[73.90666,22.54389],[73.90683,22.53954],[73.90675,22.53951],[73.9066,22.53944],[73.90655,22.53941],[73.90644,22.53936],[73.90637,22.53933],[73.90638,22.5391],[73.905,22.53844],[73.90426,22.53808],[73.90401,22.53795],[73.90394,22.53792],[73.90364,22.53777],[73.90305,22.53748],[73.9027,22.53732],[73.90258,22.53726],[73.9023,22.53639],[73.90222,22.53611],[73.902,22.53544],[73.90181,22.53482],[73.90151,22.53388],[73.90142,22.53342],[73.90133,22.53294],[73.90128,22.53268],[73.90006,22.5263],[73.8999,22.52543],[73.89987,22.5253],[73.89984,22.52514],[73.89961,22.52391],[73.89959,22.52313],[73.90213,22.52078],[73.90259,22.52028],[73.90271,22.52015],[73.90283,22.52002],[73.90333,22.51948],[73.90488,22.51823],[73.90492,22.51823],[73.9052,22.51822],[73.90543,22.51893],[73.90554,22.51926],[73.90578,22.52002],[73.90639,22.5219],[73.9064,22.52191],[73.90655,22.52239],[73.90661,22.52255],[73.90664,22.52264],[73.90667,22.52274],[73.90672,22.5228],[73.90729,22.52339],[73.9075,22.5236],[73.90752,22.52363],[73.9078,22.52415],[73.90791,22.52436],[73.90806,22.52443],[73.90836,22.52457],[73.90844,22.52461],[73.90849,22.52463],[73.90852,22.52467],[73.9086,22.52475],[73.90872,22.52488],[73.90931,22.52503],[73.90935,22.52504],[73.91046,22.52556],[73.91183,22.52621],[73.91335,22.52615],[73.9142,22.52618],[73.91867,22.5224],[73.92048,22.52087],[73.92057,22.52248],[73.92064,22.52376],[73.92066,22.52418],[73.92085,22.52761],[73.9209,22.5286],[73.92095,22.52948],[73.92109,22.532],[73.92109,22.5321],[73.92115,22.53307],[73.92129,22.53568],[73.92133,22.53647],[73.92141,22.53787],[73.92164,22.53793],[73.92176,22.53796],[73.92178,22.53831],[73.92284,22.53856],[73.92339,22.53869],[73.92649,22.53943],[73.9267,22.53948],[73.92682,22.53962],[73.92689,22.53969],[73.92716,22.53997],[73.92727,22.5402],[73.92738,22.54041],[73.92773,22.54109],[73.92798,22.54157],[73.92824,22.54212],[73.92834,22.54232],[73.92874,22.54314],[73.92879,22.54325],[73.92886,22.54336],[73.92921,22.54394],[73.92922,22.54395],[73.92929,22.54406],[73.92965,22.54466],[73.92994,22.54514],[73.92998,22.5452],[73.9302,22.54556],[73.93067,22.54635],[73.93073,22.54645],[73.93111,22.54707],[73.93141,22.54756],[73.93172,22.54808],[73.93178,22.54817],[73.93171,22.5483],[73.93134,22.54903],[73.93131,22.54909],[73.93122,22.54927],[73.93057,22.55053],[73.93041,22.55083],[73.93038,22.55089],[73.93038,22.55126],[73.9304,22.55217],[73.9304,22.55218],[73.93041,22.55247],[73.93041,22.55255],[73.93042,22.5529],[73.93046,22.55502],[73.93049,22.55656],[73.93049,22.5566],[73.93037,22.55695],[73.93015,22.5576],[73.92952,22.55946],[73.9295,22.55949],[73.92928,22.56013],[73.92924,22.56027],[73.92902,22.5609],[73.92892,22.56121],[73.92879,22.56158],[73.92884,22.56163],[73.92888,22.56167],[73.92893,22.56172],[73.92903,22.56181],[73.92891,22.56209],[73.92877,22.56241],[73.93008,22.56282],[73.9301,22.56284],[73.93026,22.56301],[73.93067,22.56344],[73.93096,22.56374],[73.93099,22.56378],[73.93112,22.56392],[73.93142,22.56425],[73.9318,22.56468],[73.93189,22.56477],[73.93193,22.56482],[73.93239,22.56533],[73.93587,22.56614],[73.93651,22.56649],[73.93704,22.56677],[73.93766,22.56711],[73.94208,22.56685],[73.94213,22.56686],[73.94263,22.567],[73.94491,22.56761],[73.94646,22.56802],[73.94694,22.56815],[73.94716,22.56821],[73.94753,22.56831],[73.94795,22.56808],[73.94867,22.56769],[73.94945,22.56727],[73.94963,22.56717],[73.95213,22.56581],[73.95229,22.56564],[73.95241,22.5655],[73.95253,22.56536],[73.95267,22.56521],[73.95361,22.56415],[73.95657,22.56576],[73.95814,22.56567],[73.96336,22.56536],[73.96418,22.56531],[73.96662,22.56545],[73.96672,22.56534],[73.96678,22.56528],[73.96687,22.56517],[73.96697,22.56506],[73.96736,22.56463],[73.96758,22.56438],[73.97002,22.56452],[73.97006,22.56452],[73.97278,22.56436],[73.97323,22.56385],[73.97328,22.56379],[73.97416,22.56281],[73.97426,22.56281],[73.97512,22.56286],[73.9752,22.56277],[73.97571,22.56221],[73.9762,22.56166],[73.97908,22.55844],[73.9786,22.55801],[73.97832,22.55775],[73.97826,22.55769],[73.97826,22.55768],[73.9776,22.55705],[73.97753,22.55698],[73.97706,22.55652],[73.97891,22.55488],[73.97931,22.55532],[73.97932,22.55534],[73.97935,22.55537],[73.97942,22.55545],[73.9802,22.55632],[73.98049,22.55665],[73.98076,22.55717],[73.98107,22.55778],[73.98131,22.55824],[73.9813,22.55859],[73.98128,22.55981],[73.98127,22.56005],[73.98125,22.5613],[73.98135,22.56133],[73.98142,22.56135],[73.98155,22.5614],[73.98153,22.56172],[73.98631,22.5632],[73.98645,22.56335],[73.98661,22.56351],[73.98735,22.56429],[73.98742,22.56436],[73.98763,22.56458],[73.98775,22.56471],[73.98817,22.56518],[73.98911,22.56623],[73.98914,22.56627],[73.98969,22.56688],[73.98992,22.56699],[73.99027,22.56715],[73.99188,22.56789],[73.99235,22.5681],[73.9931,22.56845],[73.99413,22.56892],[73.99548,22.56954],[73.99547,22.57014],[73.99544,22.57172],[73.9954,22.5738],[73.9954,22.57385],[73.99564,22.57434],[73.99607,22.57523],[73.9961,22.57529],[73.99636,22.57583],[73.99662,22.57637],[73.99682,22.57679],[73.99685,22.57684],[73.99708,22.57732],[73.99709,22.57734],[73.99718,22.57753],[73.99727,22.57773],[73.99734,22.5779],[73.99737,22.57799],[73.99755,22.57849],[73.99764,22.57873],[73.99777,22.57873],[73.99794,22.57871],[73.99874,22.57867],[73.99992,22.5786],[74.00065,22.57803],[74.00082,22.5779],[74.00172,22.5772],[74.0018,22.57714],[74.00462,22.57495],[74.00554,22.57473],[74.00567,22.57471],[74.0078,22.57421],[74.00937,22.57384],[74.01004,22.57369],[74.01011,22.57367],[74.01055,22.57355],[74.01431,22.57255],[74.0175,22.57369],[74.01835,22.57364],[74.01924,22.57369],[74.01952,22.57371],[74.0196,22.57371],[74.01963,22.57371],[74.01983,22.5737],[74.02111,22.57362],[74.02263,22.57192],[74.02271,22.57183],[74.02333,22.57114],[74.02444,22.57015],[74.02447,22.57012],[74.02452,22.57008],[74.02842,22.57031],[74.03043,22.57043],[74.03124,22.57038],[74.03427,22.5702],[74.03513,22.57015],[74.03543,22.57013],[74.0392,22.57036],[74.04649,22.56471],[74.05452,22.56284],[74.05536,22.56151],[74.05538,22.56149],[74.05666,22.55948],[74.05784,22.55795],[74.05791,22.55786],[74.05921,22.55619],[74.05938,22.55581],[74.0596,22.55532],[74.06003,22.55439],[74.06352,22.55279],[74.06516,22.55095],[74.06918,22.55119],[74.07146,22.55105],[74.07158,22.55109],[74.07163,22.55111],[74.07175,22.55116],[74.07178,22.55117],[74.07233,22.55137],[74.0727,22.5515],[74.07318,22.55167],[74.07342,22.55176],[74.07395,22.55195],[74.07417,22.55202],[74.07435,22.55201],[74.07615,22.5519],[74.07779,22.55007],[74.07826,22.54955],[74.07832,22.54948],[74.07969,22.54885],[74.08004,22.54869],[74.08007,22.54856],[74.08016,22.54816],[74.08024,22.54785],[74.0805,22.54671],[74.08083,22.54531],[74.0858,22.54385],[74.086,22.54379],[74.08843,22.54308],[74.08885,22.54296],[74.08921,22.54286],[74.09442,22.53963],[74.09793,22.53867],[74.09936,22.53827],[74.0994,22.53826],[74.10128,22.53774],[74.10131,22.53774],[74.10378,22.53788],[74.10762,22.53997],[74.10778,22.54005],[74.1079,22.54012],[74.10833,22.54035],[74.10839,22.54037],[74.10916,22.54054],[74.10938,22.54065],[74.10945,22.54069],[74.10954,22.54073],[74.10975,22.54067],[74.11009,22.54074],[74.11012,22.54075],[74.11039,22.54081],[74.11193,22.54114],[74.11323,22.53968],[74.11344,22.53945],[74.11416,22.53864],[74.11503,22.53801],[74.11539,22.53775],[74.11731,22.53635],[74.11734,22.53634],[74.11957,22.53472],[74.11997,22.53384],[74.1203,22.53312],[74.12193,22.52958],[74.12594,22.52883],[74.12708,22.52862],[74.12781,22.52848],[74.12848,22.52774],[74.12868,22.52751],[74.12917,22.52696],[74.1295,22.52659],[74.12955,22.52653],[74.12966,22.52644],[74.13017,22.52599],[74.13068,22.52553],[74.13099,22.52525],[74.13162,22.52469],[74.13175,22.52457],[74.13197,22.52433],[74.13271,22.5235],[74.13281,22.52339],[74.13337,22.52276],[74.13585,22.52291],[74.13793,22.52278],[74.1396,22.52288],[74.14162,22.52276],[74.14228,22.52312],[74.14232,22.52314],[74.14235,22.52316],[74.14275,22.52337],[74.14366,22.52387],[74.14628,22.52371],[74.14699,22.52367],[74.14753,22.52364],[74.14758,22.52369],[74.14762,22.52373],[74.14777,22.52389],[74.14794,22.52409],[74.14795,22.5241],[74.14807,22.52424],[74.14826,22.52445],[74.14827,22.52446],[74.14833,22.52452],[74.1485,22.52467],[74.14855,22.52472],[74.1487,22.52485],[74.14875,22.5249],[74.14884,22.52499],[74.14928,22.52537],[74.14955,22.52562],[74.15001,22.52537],[74.15061,22.52505],[74.15175,22.52443],[74.15335,22.52452],[74.15426,22.52447],[74.15668,22.52432],[74.16085,22.52457],[74.16253,22.52447],[74.16388,22.52495],[74.16421,22.52507],[74.1659,22.52568],[74.16584,22.52478],[74.16583,22.5245],[74.16585,22.52405],[74.16588,22.52366],[74.16585,22.52332],[74.16584,22.52305],[74.16581,22.52258],[74.16581,22.52252],[74.16578,22.52202],[74.16671,22.52119],[74.16674,22.52115],[74.16681,22.52107],[74.16821,22.5195],[74.17171,22.51869],[74.17849,22.51608],[74.17873,22.51557],[74.17877,22.51546],[74.1793,22.51431],[74.17939,22.51413],[74.18035,22.51203],[74.18086,22.51191],[74.18251,22.51153],[74.18754,22.51035],[74.18784,22.51027],[74.18801,22.51023],[74.19354,22.50875],[74.19371,22.5087],[74.19639,22.50798],[74.19657,22.50794],[74.19924,22.50722],[74.19952,22.50715],[74.19956,22.50723],[74.19972,22.50756],[74.19974,22.5076],[74.1998,22.50772],[74.20046,22.50909],[74.2006,22.50903],[74.20071,22.50927],[74.20073,22.50931],[74.20083,22.50953],[74.2037,22.50835],[74.20473,22.50792],[74.20499,22.50781],[74.20602,22.50757],[74.20621,22.50752],[74.21074,22.50647],[74.21166,22.50448],[74.21277,22.50348],[74.21551,22.50421],[74.21612,22.50438],[74.21631,22.50443],[74.21676,22.50455],[74.21682,22.50456],[74.21835,22.50447],[74.22,22.50457],[74.22004,22.50453],[74.22021,22.50434],[74.22083,22.50364],[74.22349,22.50282],[74.2236,22.50278],[74.22492,22.50238],[74.22606,22.50236],[74.22684,22.5029],[74.22705,22.50305],[74.22775,22.50354],[74.22837,22.50397],[74.22916,22.50452],[74.23061,22.50444],[74.23635,22.49973],[74.23637,22.49971],[74.2369,22.49928],[74.23701,22.49994],[74.23709,22.50041],[74.23724,22.50134],[74.23772,22.50431],[74.23773,22.50433],[74.23787,22.5052],[74.23796,22.50575],[74.23815,22.50631],[74.23838,22.50697],[74.23839,22.50702],[74.2384,22.50705],[74.23881,22.50823],[74.23882,22.50825],[74.23909,22.5091],[74.23926,22.50962],[74.23963,22.51076],[74.23964,22.5108],[74.23978,22.51124],[74.24012,22.51227],[74.24035,22.51298],[74.24045,22.51327],[74.2406,22.51317],[74.24064,22.51329],[74.24069,22.51343],[74.24079,22.51375],[74.24333,22.51198],[74.244,22.51155],[74.24431,22.51135],[74.24601,22.51027],[74.24604,22.51027],[74.2505,22.51053],[74.25165,22.5106],[74.25231,22.51064],[74.25245,22.51066],[74.25264,22.51069],[74.2528,22.51071],[74.25298,22.51074],[74.25317,22.51171],[74.2532,22.51189],[74.25337,22.51274],[74.25359,22.5139],[74.25389,22.51541],[74.25392,22.51559],[74.25397,22.51581],[74.25411,22.51657],[74.25497,22.51639],[74.25505,22.51649],[74.25522,22.5167],[74.25544,22.51697],[74.256,22.51682],[74.25636,22.51673],[74.2575,22.51642],[74.25819,22.51624],[74.26294,22.51497],[74.26301,22.51495],[74.26314,22.51515],[74.26326,22.51533],[74.26355,22.51578],[74.26374,22.51607],[74.26376,22.5161],[74.26382,22.5162],[74.264,22.51646],[74.26414,22.51667],[74.26463,22.51742],[74.26471,22.51753],[74.26473,22.51757],[74.26473,22.51758],[74.26524,22.51832],[74.26533,22.51846],[74.26539,22.51854],[74.26559,22.51884],[74.26594,22.51936],[74.26609,22.51958],[74.26631,22.5199],[74.26646,22.52037],[74.26692,22.52177],[74.26713,22.52242],[74.2674,22.52255],[74.26744,22.52269],[74.26746,22.52276],[74.26748,22.5228],[74.26749,22.52285],[74.26762,22.52291],[74.2689,22.5235],[74.26914,22.52361],[74.26916,22.52362],[74.26921,22.52364],[74.26952,22.52386],[74.26996,22.52417],[74.27005,22.52423],[74.27025,22.52437],[74.27073,22.5247],[74.27084,22.52478],[74.27136,22.52514],[74.27166,22.52535],[74.27199,22.52546],[74.27316,22.52582],[74.27465,22.52628],[74.27529,22.52648],[74.27533,22.52669],[74.27544,22.52725],[74.27554,22.53218],[74.27556,22.53323],[74.27508,22.53334],[74.27509,22.53334],[74.27359,22.53371],[74.27304,22.53384],[74.27233,22.53402],[74.27211,22.53407],[74.27212,22.53452],[74.27212,22.5347],[74.27213,22.5353],[74.27214,22.53575],[74.27149,22.53702],[74.27141,22.53716],[74.27135,22.53728],[74.27129,22.5374],[74.2713,22.53759],[74.2713,22.53786],[74.27133,22.53916],[74.27133,22.53949],[74.27131,22.5406],[74.27129,22.54168],[74.27124,22.54399],[74.27124,22.54419],[74.27123,22.54448],[74.27144,22.54458],[74.2715,22.54461],[74.2715,22.54462],[74.2715,22.54465],[74.2715,22.5447],[74.27149,22.54489],[74.27419,22.54614],[74.2743,22.54624],[74.27499,22.54702],[74.27504,22.54704],[74.27508,22.54706],[74.27509,22.54706],[74.27521,22.5472],[74.27539,22.54738],[74.2758,22.54739],[74.27689,22.54789],[74.27837,22.5478],[74.27923,22.54828],[74.27938,22.54857],[74.2794,22.54859],[74.27943,22.54866],[74.27984,22.54946],[74.2798,22.54955],[74.27976,22.54963],[74.27922,22.55074],[74.27904,22.55112],[74.27881,22.55158],[74.2786,22.55179],[74.27826,22.55211],[74.27738,22.55296],[74.27736,22.55298],[74.27737,22.55308],[74.2777,22.55542],[74.27772,22.55558],[74.27799,22.55747],[74.27809,22.55821],[74.27815,22.55867],[74.27857,22.56169],[74.27858,22.56172],[74.27863,22.56207],[74.2787,22.56328],[74.27893,22.56348],[74.27897,22.56352],[74.27909,22.56362],[74.27932,22.56383],[74.28041,22.5648],[74.28047,22.56486],[74.28047,22.56487],[74.28048,22.56493],[74.28071,22.56702],[74.28089,22.56872],[74.2809,22.56879],[74.28109,22.57054],[74.28129,22.57242],[74.28161,22.57272],[74.28164,22.57288],[74.28231,22.57342],[74.28109,22.5782],[74.28138,22.57827],[74.28149,22.5783],[74.28139,22.57866],[74.28303,22.57901],[74.2849,22.57942],[74.28182,22.5854],[74.28257,22.58618],[74.28261,22.58649],[74.28401,22.58761],[74.28418,22.58779],[74.28449,22.58811],[74.28492,22.58865],[74.28534,22.58917],[74.28577,22.58952],[74.28608,22.58977],[74.28621,22.5899],[74.28623,22.5899],[74.28625,22.5899],[74.28728,22.59072],[74.29088,22.59027],[74.29445,22.59313],[74.29493,22.59351],[74.30168,22.59268],[74.30297,22.59284],[74.30299,22.59379],[74.30299,22.59408],[74.30295,22.59612],[74.30292,22.59749],[74.30295,22.59749],[74.30313,22.59748],[74.30311,22.59765],[74.30303,22.59834],[74.30883,22.59762],[74.30901,22.59848],[74.30979,22.60228],[74.30789,22.6041],[74.3079,22.60461],[74.3079,22.60464],[74.3079,22.60465],[74.30793,22.60621],[74.30798,22.60866],[74.30794,22.61074],[74.30798,22.61283],[74.30796,22.61393],[74.30796,22.61406],[74.30794,22.61407],[74.30793,22.61408],[74.30796,22.61411],[74.30795,22.61471],[74.30837,22.61481],[74.30862,22.61487],[74.3088,22.61508],[74.30901,22.61533],[74.31252,22.61613],[74.31274,22.61635],[74.31348,22.61722],[74.31668,22.61696],[74.31815,22.61708],[74.31881,22.6174],[74.3192,22.61821],[74.31963,22.61909],[74.31976,22.61902],[74.31992,22.61939],[74.32,22.61956],[74.323,22.61788],[74.32614,22.61903],[74.32749,22.61953],[74.33002,22.62029],[74.33022,22.6205],[74.33024,22.62052],[74.33025,22.62053],[74.33082,22.6212],[74.33159,22.62186],[74.33188,22.62216],[74.3319,22.62218],[74.3319,22.62219],[74.33305,22.62351],[74.33706,22.62127],[74.33932,22.62053],[74.33937,22.62051],[74.33964,22.62073],[74.34006,22.62117],[74.34042,22.62236],[74.34043,22.62241],[74.34875,22.62293],[74.35171,22.62202],[74.3539,22.62083],[74.35975,22.6184],[74.36076,22.61798],[74.364,22.61737],[74.36818,22.61659],[74.37087,22.61535],[74.37499,22.61197],[74.38087,22.61119],[74.38212,22.60979],[74.38763,22.60947],[74.38835,22.60942],[74.38852,22.60943],[74.39003,22.60952],[74.39293,22.60908],[74.39342,22.60571],[74.39227,22.59894],[74.39344,22.59772],[74.40082,22.59787],[74.40087,22.59533],[74.40082,22.59263],[74.40081,22.59208],[74.40082,22.59204],[74.40169,22.58951],[74.40251,22.58699],[74.40346,22.58513],[74.40415,22.58379],[74.4042,22.58158],[74.4042,22.58145],[74.40417,22.58033],[74.40422,22.57792],[74.40332,22.57529],[74.40339,22.57208],[74.4024,22.56919],[74.40826,22.56617],[74.41085,22.56612],[74.41399,22.56619],[74.41921,22.56534],[74.41916,22.56314],[74.41916,22.56283],[74.42092,22.56198],[74.42145,22.56142],[74.42488,22.55785],[74.42865,22.55694],[74.43086,22.55367],[74.43195,22.55143],[74.43756,22.54698],[74.43749,22.54377],[74.43822,22.54153],[74.43834,22.54116],[74.43864,22.54116],[74.43919,22.54117],[74.44338,22.53947],[74.44582,22.53952],[74.45062,22.53757],[74.45326,22.54032],[74.4546,22.53915],[74.45465,22.539],[74.45595,22.535],[74.46017,22.53363],[74.46406,22.52957],[74.46585,22.52865],[74.46818,22.53023],[74.46943,22.53108],[74.4746,22.53118],[74.47668,22.53114],[74.47911,22.53119],[74.48106,22.53024],[74.48266,22.52203],[74.48266,22.52204],[74.48432,22.52289],[74.48591,22.52371],[74.48835,22.52366],[74.49164,22.52372],[74.49251,22.52282],[74.49449,22.52218],[74.49502,22.52201],[74.49596,22.52129],[74.49834,22.51949],[74.50152,22.51955],[74.51482,22.51729],[74.51613,22.51796],[74.51909,22.51949],[74.52704,22.51657],[74.52919,22.51451],[74.53001,22.51282],[74.53086,22.51201],[74.53139,22.51145],[74.53171,22.51112],[74.53214,22.51113],[74.53585,22.51121],[74.54143,22.51109],[74.54544,22.51239],[74.54544,22.5124],[74.54798,22.51573],[74.54817,22.51634],[74.54903,22.51899],[74.54924,22.51889],[74.54942,22.51942],[74.54942,22.51941],[74.55409,22.51701],[74.55634,22.51843],[74.55623,22.52398],[74.55635,22.52411],[74.55661,22.52438],[74.55661,22.5244],[74.557,22.52481],[74.55754,22.52537],[74.56071,22.52531],[74.56293,22.52585],[74.56419,22.52616],[74.56584,22.52701],[74.56946,22.52876],[74.57028,22.53036],[74.57048,22.53073],[74.57078,22.53167],[74.5722,22.53604],[74.57251,22.53625],[74.57254,22.53633],[74.57258,22.53646],[74.57584,22.53867],[74.57787,22.53966],[74.57789,22.54087],[74.57798,22.54491],[74.57794,22.54658],[74.57798,22.54825],[74.57639,22.55133],[74.57817,22.55396],[74.57993,22.55656],[74.58032,22.55777],[74.58129,22.56075],[74.58165,22.56109],[74.58167,22.56116],[74.58167,22.56117],[74.58301,22.56246],[74.58387,22.56377],[74.58624,22.56738],[74.58637,22.56742],[74.58662,22.56781],[74.59001,22.56867],[74.59064,22.56866],[74.59086,22.56866],[74.59275,22.56963],[74.59816,22.56852],[74.59924,22.57017],[74.60016,22.57157],[74.60031,22.57146],[74.60033,22.57148],[74.60043,22.57158],[74.60133,22.5713],[74.60243,22.57096],[74.60677,22.56722],[74.61111,22.56348],[74.61096,22.56095],[74.61078,22.55788],[74.61508,22.55673],[74.62154,22.55711],[74.62417,22.55568],[74.62919,22.55703],[74.63227,22.55535],[74.63335,22.55613],[74.63346,22.55624],[74.63486,22.55781],[74.6367,22.55702],[74.63685,22.55696],[74.63858,22.55502],[74.64011,22.55511],[74.64615,22.55547],[74.6476,22.5508],[74.65467,22.55122],[74.65737,22.55138],[74.65884,22.54973],[74.65903,22.54952],[74.66086,22.5503],[74.66094,22.55038],[74.66096,22.55041],[74.66266,22.55231],[74.66978,22.55189],[74.66982,22.55196],[74.67048,22.55323],[74.67208,22.55818],[74.67212,22.5582],[74.67231,22.5583],[74.67235,22.55844],[74.67237,22.55847],[74.67641,22.56067],[74.68395,22.56022],[74.68464,22.56157],[74.68546,22.56325],[74.68576,22.56354],[74.68583,22.56369],[74.6867,22.56447],[74.68548,22.56825],[74.68386,22.5698],[74.68376,22.57485],[74.68383,22.57492],[74.6843,22.57541],[74.68466,22.57581],[74.68499,22.57619],[74.68624,22.5773],[74.68796,22.57895],[74.6889,22.58568],[74.6892,22.58569],[74.68924,22.58599],[74.69535,22.58636],[74.69784,22.58522],[74.70001,22.58279],[74.70251,22.58454],[74.7049,22.58324],[74.70999,22.58535],[74.71337,22.58614],[74.71611,22.58712],[74.7189,22.58273],[74.72766,22.58032],[74.72806,22.58021],[74.72943,22.57641],[74.72708,22.57209],[74.7319,22.56873],[74.73418,22.56859],[74.73479,22.56863],[74.73587,22.56869],[74.73692,22.5664],[74.74073,22.56466],[74.74171,22.56285],[74.74258,22.56094],[74.74884,22.56132],[74.75231,22.56007],[74.75263,22.56041],[74.75342,22.56129],[74.75401,22.56195],[74.75587,22.56281],[74.75713,22.56349],[74.75749,22.56369],[74.76055,22.56509],[74.76104,22.56604],[74.76131,22.56657],[74.76165,22.56727],[74.76288,22.5698],[74.76347,22.57041],[74.76436,22.57142],[74.76439,22.57145],[74.77154,22.57018],[74.77235,22.57081],[74.77499,22.57285],[74.77794,22.57421],[74.77798,22.57616],[74.77792,22.57932],[74.77824,22.57932],[74.77819,22.58003],[74.77818,22.58023],[74.78601,22.57976],[74.79204,22.5794],[74.79192,22.57988],[74.79131,22.58242],[74.78964,22.58565],[74.79076,22.58692],[74.79124,22.58759],[74.79143,22.58787],[74.79606,22.5911],[74.7977,22.5912],[74.79829,22.59123],[74.80297,22.58869],[74.80486,22.5894],[74.80551,22.58965],[74.80546,22.59242],[74.80559,22.59248],[74.80584,22.5926],[74.80582,22.59285],[74.80762,22.59368],[74.80779,22.59376],[74.80869,22.59551],[74.80881,22.59573],[74.80926,22.59666],[74.80963,22.59742],[74.80982,22.59748],[74.80991,22.59766],[74.80999,22.59785],[74.81376,22.59902],[74.81422,22.5995],[74.8143,22.59958],[74.81458,22.5999],[74.81499,22.60035],[74.81624,22.60147],[74.81796,22.60312],[74.81798,22.60408],[74.81712,22.60741],[74.81752,22.60771],[74.81751,22.60774],[74.81748,22.60785],[74.82085,22.61029],[74.82096,22.61041],[74.82285,22.61252],[74.823,22.61269],[74.82583,22.61285],[74.82627,22.61325],[74.82697,22.61351],[74.82767,22.61376],[74.83039,22.6135],[74.83825,22.61273],[74.8401,22.61376],[74.8432,22.61351],[74.84607,22.61554],[74.85127,22.61408],[74.85632,22.61322],[74.85699,22.6087],[74.85305,22.60339],[74.85286,22.60311],[74.85271,22.60288],[74.85223,22.59963],[74.85436,22.59798],[74.85306,22.59583],[74.85413,22.59444],[74.85512,22.59417],[74.85519,22.59415],[74.85534,22.59468],[74.85534,22.59467],[74.85554,22.59447],[74.85572,22.5951],[74.85645,22.59437],[74.85616,22.59428],[74.85582,22.59419],[74.85606,22.59395],[74.85607,22.59394],[74.85567,22.59383],[74.85552,22.59379],[74.85582,22.5928],[74.85921,22.59036],[74.86361,22.58692],[74.86543,22.58706],[74.86793,22.58686],[74.87165,22.58716],[74.87394,22.58203],[74.87529,22.58297],[74.87638,22.58424],[74.8764,22.58424],[74.87676,22.58466],[74.87744,22.5846],[74.87965,22.58443],[74.88332,22.58703],[74.88407,22.58697],[74.88421,22.58696],[74.88459,22.58723],[74.88691,22.58888],[74.89158,22.5885],[74.89277,22.58988],[74.89278,22.58988],[74.89315,22.5903],[74.89838,22.58953],[74.89908,22.58872],[74.89926,22.5885],[74.90034,22.58859],[74.90243,22.58876],[74.90426,22.58774],[74.90595,22.58787],[74.90804,22.58804],[74.91086,22.58561],[74.91256,22.5818],[74.91711,22.58013],[74.92044,22.5804],[74.92085,22.58043],[74.92293,22.58026],[74.92421,22.58037],[74.92593,22.5794],[74.92711,22.5795],[74.92752,22.57953],[74.92757,22.57953],[74.92837,22.57946],[74.92902,22.5797],[74.93102,22.58044],[74.93878,22.58213],[74.94101,22.58195],[74.94127,22.58193],[74.94386,22.58214],[74.94577,22.58229],[74.94749,22.5803],[74.94989,22.57923],[74.95112,22.57512],[74.95655,22.57555],[74.95749,22.57447],[74.96061,22.5739],[74.96171,22.5737],[74.96186,22.57353],[74.9626,22.57267],[74.96577,22.57292],[74.96733,22.57205],[74.9678,22.57179],[74.96903,22.57142],[74.97255,22.57036],[74.97501,22.56862],[74.97876,22.57],[74.98337,22.57037],[74.98582,22.56947],[74.98921,22.5687],[74.99082,22.5678],[74.99662,22.56521],[74.99883,22.56331],[75.00063,22.56122],[75.00255,22.56036],[75.0034,22.5597],[75.00582,22.5578],[75.00583,22.5578],[75.00605,22.55781],[75.00668,22.55786],[75.00879,22.55769],[75.00879,22.5577],[75.00885,22.55866],[75.00866,22.56184],[75.00901,22.56204],[75.009,22.56221],[75.00924,22.56235],[75.01176,22.56376],[75.01312,22.56365],[75.01351,22.56489],[75.01378,22.56577],[75.01411,22.56607],[75.01413,22.56611],[75.01415,22.5662],[75.01496,22.56689],[75.01558,22.56759],[75.01666,22.56883],[75.01991,22.57003],[75.02167,22.57067],[75.02841,22.56914],[75.03082,22.5678],[75.03421,22.56703],[75.0364,22.56581],[75.03725,22.56676],[75.03821,22.56788],[75.04386,22.56742],[75.04475,22.56842],[75.04519,22.56894],[75.04565,22.56947],[75.04755,22.5687],[75.04916,22.5678],[75.05168,22.568],[75.05866,22.56744],[75.05896,22.56769],[75.0605,22.56902],[75.06046,22.5696],[75.06036,22.57131],[75.06103,22.57206],[75.06225,22.57342],[75.06291,22.57418],[75.06378,22.57519],[75.06568,22.57604],[75.06625,22.57702],[75.06794,22.57993],[75.06808,22.57995],[75.06821,22.58018],[75.06832,22.58036],[75.07357,22.58116],[75.07832,22.58453],[75.08102,22.58555],[75.08231,22.58604],[75.08294,22.58743],[75.08314,22.58761],[75.08325,22.5877],[75.08332,22.58786],[75.0849,22.58922],[75.0863,22.59079],[75.08638,22.59088],[75.08657,22.59111],[75.08678,22.59134],[75.0913,22.59336],[75.09216,22.59656],[75.09211,22.59743],[75.09249,22.59777],[75.09248,22.59786],[75.09316,22.59845],[75.09454,22.60144],[75.09535,22.60321],[75.09557,22.60334],[75.0956,22.6034],[75.0957,22.60363],[75.09746,22.60464],[75.09745,22.60465],[75.09775,22.60484],[75.09777,22.60482],[75.09793,22.60491],[75.09859,22.60472],[75.10167,22.60382],[75.10257,22.60174],[75.10439,22.60022],[75.10587,22.60038],[75.10747,22.60054],[75.11095,22.59855],[75.11126,22.59858],[75.11332,22.59879],[75.11345,22.59863],[75.11452,22.59734],[75.11606,22.59606],[75.11745,22.5962],[75.11825,22.59628],[75.1206,22.59716],[75.12371,22.59833],[75.1262,22.59976],[75.13022,22.59804],[75.13081,22.59779],[75.13237,22.59756],[75.13653,22.59694],[75.13749,22.59704],[75.13827,22.59712],[75.13828,22.59712],[75.14086,22.59526],[75.14239,22.5971],[75.14543,22.59595],[75.14767,22.5968],[75.14886,22.59724],[75.15383,22.59674],[75.15584,22.59788],[75.1575,22.59742],[75.1592,22.59694],[75.16111,22.59804],[75.16643,22.59655],[75.16762,22.59512],[75.17089,22.5937],[75.17248,22.59279],[75.17422,22.59204],[75.1762,22.5909],[75.18002,22.59129],[75.18072,22.59122],[75.1817,22.59112],[75.18345,22.59151],[75.1865,22.59219],[75.18935,22.59561],[75.19293,22.59525],[75.19901,22.59586],[75.19998,22.59363],[75.20839,22.59287],[75.20934,22.59232],[75.20999,22.59195],[75.21088,22.59204],[75.2109,22.59202],[75.21164,22.59113],[75.21507,22.59037],[75.21557,22.59025],[75.21915,22.58595],[75.2217,22.58621],[75.22414,22.58529],[75.22752,22.58454],[75.22755,22.58454],[75.22918,22.58258],[75.22919,22.58258],[75.22939,22.58283],[75.23142,22.58527],[75.23699,22.58318],[75.23766,22.58371],[75.24101,22.58636],[75.24335,22.58612],[75.24475,22.58626],[75.24538,22.58771],[75.24581,22.5887],[75.24672,22.58946],[75.24727,22.59011],[75.24748,22.59037],[75.25172,22.59113],[75.25323,22.59295],[75.25857,22.59451],[75.25858,22.59451],[75.25921,22.59528],[75.25998,22.5962],[75.26161,22.59756],[75.26248,22.59828],[75.26325,22.60175],[75.26334,22.60216],[75.2673,22.60388],[75.26837,22.60634],[75.27172,22.60779],[75.27182,22.60791],[75.27248,22.6087],[75.27447,22.61012],[75.27675,22.61174],[75.27664,22.61285],[75.2771,22.61408],[75.27844,22.614],[75.28581,22.61354],[75.28781,22.61366],[75.28981,22.61378],[75.29678,22.6111],[75.30057,22.61132],[75.30129,22.60899],[75.30235,22.60557],[75.30337,22.60369],[75.3049,22.60035],[75.30754,22.60114],[75.30781,22.60144],[75.30833,22.60202],[75.30888,22.60228],[75.31004,22.60281],[75.31034,22.60297],[75.31166,22.60369],[75.31318,22.60439],[75.31337,22.60447],[75.31563,22.60605],[75.31673,22.60682],[75.31837,22.60535],[75.31916,22.60364],[75.32231,22.60331],[75.32293,22.60325],[75.32262,22.60238],[75.3226,22.60231],[75.32266,22.60229],[75.32266,22.6022],[75.32256,22.60047],[75.32416,22.59697],[75.32671,22.59619],[75.32833,22.5953],[75.32856,22.59532],[75.32926,22.59536],[75.32922,22.59479],[75.32933,22.59479],[75.32938,22.5948],[75.32929,22.59328],[75.32944,22.59285],[75.33048,22.58996],[75.33196,22.58517],[75.33333,22.58364],[75.33556,22.58295],[75.33587,22.58285],[75.33778,22.58182],[75.34338,22.58331],[75.3444,22.58359],[75.34437,22.58298],[75.34441,22.58299],[75.34452,22.58303],[75.34426,22.57855],[75.34504,22.57785],[75.34583,22.57697],[75.34808,22.57628],[75.3489,22.57603],[75.35013,22.57334],[75.35096,22.5726],[75.35254,22.57119],[75.35333,22.57031],[75.35436,22.56938],[75.35505,22.56877],[75.35502,22.56834],[75.35517,22.56821],[75.35516,22.56804],[75.355,22.56541],[75.3571,22.56528],[75.35837,22.56536],[75.35916,22.56447],[75.36087,22.56369],[75.36657,22.55885],[75.37043,22.55861],[75.37415,22.55884],[75.37416,22.55857],[75.37422,22.55765],[75.37511,22.55474],[75.3776,22.55253],[75.37766,22.55144],[75.37756,22.5497],[75.37862,22.54875],[75.37946,22.5488],[75.38337,22.54442],[75.38651,22.54461],[75.38842,22.5429],[75.39025,22.53698],[75.39183,22.53287],[75.39249,22.53114],[75.39266,22.53074],[75.39459,22.5261],[75.39468,22.52561],[75.39471,22.52554],[75.39589,22.51923],[75.40083,22.51952],[75.40101,22.51969],[75.40127,22.51991],[75.40166,22.51947],[75.40259,22.51864],[75.40258,22.51848],[75.40256,22.51821],[75.40267,22.51812],[75.40271,22.51808],[75.40262,22.51661],[75.40319,22.51504],[75.404,22.51413],[75.40411,22.514],[75.40621,22.51456],[75.41081,22.5158],[75.41058,22.51514],[75.41094,22.51523],[75.41093,22.51523],[75.40928,22.51063],[75.41057,22.51004],[75.41176,22.5095],[75.41175,22.50937],[75.41173,22.509],[75.41188,22.50894],[75.41181,22.50776],[75.41178,22.50726],[75.4127,22.50293],[75.4127,22.50288],[75.41261,22.50144],[75.41266,22.50058],[75.41136,22.49695],[75.41293,22.49705],[75.41401,22.49698],[75.41435,22.49696],[75.4143,22.49607],[75.41432,22.49582],[75.41438,22.49477],[75.41432,22.49371],[75.41429,22.49328],[75.41438,22.49302],[75.41504,22.49118],[75.41503,22.49099],[75.41531,22.49022],[75.41433,22.48808],[75.41337,22.48631],[75.41339,22.48589],[75.41504,22.48285],[75.41661,22.47943],[75.42309,22.47646],[75.42684,22.47535],[75.42834,22.47704],[75.43301,22.47509],[75.43504,22.4719],[75.44076,22.47501],[75.44306,22.481],[75.45051,22.47968],[75.4521,22.4794],[75.4548,22.47987],[75.45792,22.48043],[75.46158,22.48021],[75.46727,22.48174],[75.46833,22.48202],[75.46834,22.48202],[75.47221,22.48179],[75.47287,22.48215],[75.47458,22.48308],[75.47564,22.48302],[75.48026,22.48274],[75.48971,22.48375],[75.49003,22.48445],[75.49097,22.4865],[75.48962,22.48765],[75.48976,22.48802],[75.48953,22.48822],[75.48953,22.48823],[75.49087,22.49197],[75.49132,22.49434],[75.49166,22.49619],[75.49421,22.49948],[75.49411,22.50112],[75.49739,22.50581],[75.49833,22.50786],[75.49864,22.50784],[75.49918,22.50781],[75.49969,22.50784],[75.50003,22.50786],[75.50004,22.50786],[75.50183,22.50688],[75.50542,22.5071],[75.50813,22.51135],[75.5121,22.51111],[75.51284,22.51116],[75.51564,22.51133],[75.51795,22.51634],[75.51846,22.51616],[75.52083,22.5153],[75.5218,22.51536],[75.52251,22.51691],[75.52333,22.51869],[75.52338,22.51874],[75.52431,22.51956],[75.52611,22.51946],[75.52791,22.51744],[75.52833,22.51697],[75.52867,22.51675],[75.52951,22.51619],[75.52952,22.51619],[75.53258,22.51962],[75.53376,22.51955],[75.53504,22.51947],[75.53653,22.52114],[75.53662,22.52124],[75.53697,22.52122],[75.53837,22.52114],[75.53961,22.52158],[75.54083,22.52202],[75.54154,22.52224],[75.54337,22.52281],[75.54393,22.52343],[75.54495,22.52457],[75.54511,22.52472],[75.54807,22.52736],[75.54916,22.52614],[75.55254,22.52369],[75.55286,22.523],[75.55334,22.52265],[75.55341,22.52179],[75.55341,22.52177],[75.5535,22.5206],[75.55346,22.5201],[75.55346,22.52006],[75.55582,22.51571],[75.55795,22.50881],[75.56294,22.50652],[75.56724,22.50319],[75.56835,22.50195],[75.56926,22.50297],[75.56984,22.50362],[75.57189,22.50456],[75.57416,22.50442],[75.57564,22.50608],[75.57651,22.50659],[75.57859,22.50781],[75.57916,22.5075],[75.58166,22.50614],[75.58308,22.50549],[75.58337,22.50535],[75.58423,22.50489],[75.58534,22.50429],[75.58776,22.50157],[75.5909,22.5006],[75.5921,22.50023],[75.5942,22.50036],[75.59669,22.49946],[75.59715,22.49998],[75.59824,22.5012],[75.59825,22.5012],[75.59939,22.50113],[75.6004,22.50107],[75.6017,22.49685],[75.60337,22.49535],[75.60416,22.49281],[75.60548,22.49163],[75.60666,22.49031],[75.60872,22.48936],[75.60933,22.48908],[75.60932,22.48888],[75.6093,22.48861],[75.60951,22.48852],[75.6092,22.48477],[75.60934,22.4831],[75.60923,22.48171],[75.60982,22.48039],[75.61171,22.47952],[75.61336,22.47862],[75.61416,22.47952],[75.62142,22.48037],[75.62252,22.48031],[75.62302,22.48034],[75.62337,22.48036],[75.62683,22.47911],[75.62703,22.47904],[75.63107,22.47622],[75.63946,22.4751],[75.64331,22.47648],[75.65028,22.47342],[75.65166,22.47281],[75.65514,22.47173],[75.65609,22.47179],[75.66002,22.47202],[75.66177,22.47192],[75.66193,22.47078],[75.66196,22.47053],[75.66197,22.47051],[75.66204,22.47046],[75.66338,22.46017],[75.66504,22.45869],[75.66601,22.45554],[75.67133,22.45309],[75.67666,22.45452],[75.68337,22.45531],[75.68695,22.45808],[75.68714,22.45831],[75.68746,22.4587],[75.68793,22.46325],[75.68808,22.4633],[75.68915,22.4637],[75.69171,22.46447],[75.69394,22.46571],[75.70368,22.46649],[75.70713,22.46457],[75.71036,22.47017],[75.71119,22.4707],[75.71588,22.47363],[75.71665,22.47453],[75.72146,22.47754],[75.72012,22.48147],[75.72015,22.48153],[75.71979,22.4825],[75.72276,22.48594],[75.72828,22.48841],[75.72634,22.49126],[75.72629,22.49149],[75.72625,22.4917],[75.72618,22.4918],[75.72594,22.49214],[75.72583,22.49344],[75.7258,22.49389],[75.72578,22.49395],[75.72515,22.49703],[75.72545,22.49743],[75.72551,22.49751],[75.72544,22.49835],[75.72538,22.49905],[75.72693,22.50033],[75.72887,22.50194],[75.7289,22.50198],[75.72891,22.50198],[75.72892,22.50198],[75.72964,22.50257],[75.72999,22.50286],[75.73641,22.50432],[75.73702,22.50485],[75.73844,22.50607],[75.73934,22.50711],[75.74063,22.50861],[75.7416,22.50869],[75.74171,22.5087],[75.74612,22.50595],[75.75639,22.50512],[75.76016,22.50722],[75.76604,22.50562],[75.76892,22.50539],[75.77144,22.50518],[75.7735,22.50696],[75.7735,22.50712],[75.7735,22.50724],[75.77338,22.50865],[75.77302,22.51321],[75.77445,22.51488],[75.7747,22.51505],[75.7783,22.5176],[75.78252,22.51888],[75.78266,22.51892],[75.78243,22.52183],[75.78345,22.52301],[75.78377,22.52339],[75.78488,22.52401],[75.78593,22.52459],[75.78877,22.52436],[75.79252,22.52466],[75.79709,22.5243],[75.80196,22.52609],[75.80821,22.52659],[75.80915,22.52447],[75.8105,22.52406],[75.81171,22.5237],[75.81455,22.52169],[75.81732,22.52323],[75.81859,22.5212],[75.81915,22.5203],[75.81965,22.51987],[75.82005,22.51953],[75.82005,22.51952],[75.82004,22.51936],[75.82002,22.51907],[75.82015,22.51894],[75.82014,22.51885],[75.82012,22.51769],[75.82015,22.51636],[75.81885,22.51511],[75.81742,22.51375],[75.81742,22.51374],[75.81845,22.51191],[75.8183,22.51179],[75.8185,22.51141],[75.81682,22.5098],[75.81426,22.50734],[75.81448,22.50691],[75.81832,22.50469],[75.81893,22.50462],[75.81919,22.50459],[75.82206,22.5049],[75.82588,22.5053],[75.82662,22.50615],[75.82732,22.50697],[75.83005,22.5062],[75.8348,22.5042],[75.83577,22.5085],[75.83593,22.50918],[75.83983,22.51061],[75.8414,22.50879],[75.84442,22.50854],[75.84447,22.50876],[75.84474,22.5099],[75.8443,22.51235],[75.84019,22.5163],[75.83998,22.51674],[75.83933,22.5173],[75.83925,22.51824],[75.839,22.51876],[75.83918,22.51892],[75.83919,22.51894],[75.83913,22.51972],[75.83912,22.51985],[75.84255,22.5228],[75.84285,22.52412],[75.84332,22.5262],[75.84588,22.52697],[75.85102,22.53018],[75.85335,22.53036],[75.85794,22.53],[75.86267,22.53142],[75.8624,22.53302],[75.86171,22.53707],[75.86075,22.54232],[75.85957,22.54387],[75.85745,22.54667],[75.85355,22.55041],[75.85329,22.55094],[75.85224,22.55312],[75.84908,22.55926],[75.84875,22.55985],[75.85315,22.56547],[75.8518,22.56809],[75.8518,22.56828],[75.8518,22.56836],[75.85178,22.5684],[75.85165,22.56864],[75.8517,22.56933],[75.85045,22.573],[75.84991,22.5742],[75.84846,22.57559],[75.84838,22.57608],[75.84793,22.57647],[75.84754,22.58124],[75.84753,22.58134],[75.84753,22.58135],[75.84751,22.58167],[75.84748,22.58202],[75.84919,22.5835],[75.85026,22.58936],[75.85106,22.5908],[75.85163,22.59181],[75.85162,22.59181],[75.85093,22.59316],[75.85093,22.59334],[75.85094,22.59342],[75.85046,22.59428],[75.85061,22.59495],[75.851,22.59667],[75.85105,22.59902],[75.85106,22.5994],[75.85107,22.5994],[75.85155,22.5991],[75.85164,22.59948],[75.85165,22.59953],[75.85208,22.5999],[75.8521,22.59991],[75.85302,22.59885],[75.85733,22.59575],[75.86132,22.59721],[75.86133,22.59722],[75.86332,22.59953],[75.86608,22.60126],[75.86998,22.6037],[75.87317,22.60344],[75.87582,22.60197],[75.87936,22.60132],[75.88005,22.6012],[75.88005,22.60119],[75.88346,22.59853],[75.89084,22.59685],[75.89139,22.59866],[75.89165,22.59953],[75.89279,22.60263],[75.89711,22.60455],[75.89813,22.60501],[75.89828,22.60518],[75.89954,22.60664],[75.90088,22.6078],[75.90165,22.60953],[75.90371,22.6113],[75.90979,22.61081],[75.91068,22.61074],[75.91291,22.60992],[75.91431,22.60941],[75.91677,22.60961],[75.9165,22.613],[75.91649,22.61318],[75.919,22.61535],[75.92097,22.61704],[75.92257,22.62582],[75.92503,22.63251],[75.92433,22.63387],[75.9243,22.63393],[75.92428,22.63403],[75.92424,22.6343],[75.92415,22.63447],[75.92344,22.63989],[75.92338,22.64036],[75.92336,22.64044],[75.92293,22.64241],[75.92915,22.64293],[75.92971,22.64298],[75.93317,22.64491],[75.93331,22.64486],[75.93726,22.64341],[75.94127,22.64373],[75.94693,22.64328],[75.95019,22.64426],[75.95096,22.64449],[75.95266,22.65197],[75.95752,22.65139],[75.95767,22.65142],[75.95773,22.65143],[75.95777,22.6514],[75.95787,22.65135],[75.95921,22.6512],[75.962,22.64964],[75.96967,22.64902],[75.97151,22.6497],[75.97446,22.65078],[75.97749,22.64863],[75.98133,22.64623],[75.98357,22.64121],[75.99008,22.63882],[75.99671,22.63779],[75.99813,22.63945],[76.00002,22.6396],[76.00028,22.63976],[76.00051,22.63964],[76.00154,22.63972],[76.00502,22.63778],[76.00908,22.64096],[76.01171,22.6387],[76.01282,22.63741],[76.01515,22.63722],[76.01835,22.63696],[76.01921,22.63703],[76.01993,22.63709],[76.02035,22.63686],[76.02168,22.63612],[76.02364,22.63721],[76.0251,22.63709],[76.02671,22.63696],[76.02749,22.63786],[76.02854,22.63805],[76.03171,22.63863],[76.03388,22.63984],[76.04256,22.63849],[76.04254,22.63876],[76.04245,22.63991],[76.04834,22.63863],[76.05002,22.63876],[76.05089,22.63869],[76.05171,22.63863],[76.05226,22.63894],[76.05343,22.63959],[76.05596,22.63939],[76.05663,22.63933],[76.05697,22.63988],[76.05848,22.64229],[76.0629,22.64193],[76.06658,22.64358],[76.06671,22.64363],[76.06689,22.64384],[76.0676,22.64466],[76.07085,22.6444],[76.07252,22.64453],[76.07337,22.64446],[76.07731,22.64726],[76.08093,22.64524],[76.0844,22.64552],[76.08588,22.64286],[76.08703,22.64029],[76.08772,22.63968],[76.08939,22.64038],[76.09133,22.64263],[76.0914,22.6427],[76.09439,22.64457],[76.09439,22.64458],[76.09433,22.64724],[76.09404,22.65086],[76.09582,22.6537],[76.09587,22.65374],[76.09756,22.6552],[76.09748,22.65619],[76.09824,22.65685],[76.09838,22.65697],[76.09941,22.65816],[76.09992,22.65876],[76.10163,22.66023],[76.10171,22.6603],[76.10343,22.66229],[76.10984,22.66178],[76.11088,22.66363],[76.11165,22.66537],[76.113,22.66526],[76.11332,22.66523],[76.1148,22.66695],[76.1161,22.66705],[76.11668,22.6671],[76.12001,22.66683],[76.1213,22.66673],[76.12138,22.6668],[76.12255,22.6678],[76.12316,22.66852],[76.12338,22.66876],[76.12708,22.66846],[76.12826,22.66948],[76.12974,22.67075],[76.13103,22.67307],[76.131,22.67474],[76.13079,22.67735],[76.13075,22.6778],[76.13113,22.67813],[76.13171,22.67863],[76.13246,22.68031],[76.13249,22.68036],[76.13262,22.6806],[76.13338,22.68197],[76.13415,22.68536],[76.13475,22.68563],[76.13628,22.68631],[76.14161,22.69009],[76.14504,22.69037],[76.1475,22.68946],[76.14828,22.68952],[76.14983,22.68965],[76.15328,22.68772],[76.15547,22.6879],[76.1564,22.68798],[76.15864,22.68715],[76.15976,22.68674],[76.16516,22.69097],[76.17171,22.69197],[76.17538,22.69484],[76.18085,22.6944],[76.18246,22.69453],[76.18254,22.69453],[76.18278,22.69444],[76.18377,22.69408],[76.18499,22.69281],[76.19321,22.68882],[76.19516,22.6864],[76.19524,22.68634],[76.19538,22.68614],[76.19767,22.6833],[76.19925,22.68023],[76.19926,22.68022],[76.19926,22.68021],[76.20001,22.67875],[76.19972,22.67663],[76.20013,22.6734],[76.1941,22.66501],[76.19384,22.66465],[76.20111,22.6617],[76.20155,22.66179],[76.20705,22.66292],[76.20801,22.6629],[76.21339,22.66279],[76.21625,22.66576],[76.21909,22.66849],[76.21922,22.66862],[76.22018,22.66962],[76.22398,22.67357],[76.22866,22.67547],[76.23668,22.67531],[76.2384,22.67793],[76.24002,22.67949],[76.24015,22.67962],[76.24098,22.68049],[76.24506,22.67782],[76.24647,22.67492],[76.24746,22.67287],[76.24856,22.67231],[76.25,22.67156],[76.25252,22.67034],[76.25272,22.66973],[76.25338,22.66769],[76.25546,22.66367],[76.25541,22.66348],[76.2554,22.66345],[76.25558,22.66311],[76.2542,22.65773],[76.25669,22.65534],[76.25751,22.65449],[76.26002,22.65367],[76.26084,22.65282],[76.26373,22.65093],[76.26501,22.64699],[76.26998,22.64538],[76.27006,22.64522],[76.27064,22.64409],[76.27102,22.6439],[76.27148,22.64246],[76.27201,22.64144],[76.27274,22.6386],[76.27382,22.63526],[76.27279,22.63374],[76.27171,22.63215],[76.27015,22.62893],[76.26942,22.62857],[76.26592,22.62688],[76.25841,22.61717],[76.25842,22.61674],[76.25848,22.61414],[76.25947,22.61109],[76.2596,22.61068],[76.25967,22.61052],[76.26016,22.6093],[76.26167,22.60699],[76.26265,22.6068],[76.26586,22.60617],[76.26667,22.60532],[76.26668,22.60532],[76.2681,22.60509],[76.27655,22.60371],[76.27836,22.60284],[76.28093,22.59938],[76.28295,22.59743],[76.28496,22.59534],[76.28669,22.59616],[76.28726,22.59645],[76.28873,22.59721],[76.2924,22.59543],[76.2962,22.59285],[76.29752,22.59282],[76.30377,22.59389],[76.30618,22.59265],[76.30971,22.59386],[76.31037,22.59408],[76.3116,22.59368],[76.31545,22.59243],[76.31669,22.58861],[76.31878,22.5866],[76.3202,22.58222],[76.32027,22.58202],[76.32731,22.58187],[76.33061,22.58404],[76.33209,22.59164],[76.33462,22.59406],[76.33624,22.59576],[76.33708,22.59663],[76.33997,22.59362],[76.33998,22.59362],[76.34251,22.59534],[76.34329,22.59559],[76.34618,22.59653],[76.34646,22.5968],[76.34795,22.59823],[76.34868,22.59899],[76.34922,22.59956],[76.35252,22.59949],[76.35491,22.59954],[76.35669,22.59867],[76.35824,22.59706],[76.35828,22.59705],[76.35831,22.59704],[76.36061,22.59699],[76.3621,22.59696],[76.36356,22.59699],[76.36418,22.59701],[76.3643,22.597],[76.36576,22.59697],[76.36576,22.59698],[76.36423,22.60075],[76.36424,22.601],[76.36336,22.60317],[76.36433,22.60542],[76.36433,22.60568],[76.36451,22.60585],[76.36475,22.60642],[76.36501,22.60701],[76.36602,22.60798],[76.36628,22.60823],[76.36823,22.61026],[76.37001,22.61117],[76.37295,22.61189],[76.37422,22.6122],[76.37417,22.61446],[76.37417,22.6145],[76.3742,22.61582],[76.37096,22.61893],[76.36992,22.62319],[76.36543,22.62875],[76.36544,22.62877],[76.36556,22.629],[76.36531,22.62931],[76.36674,22.63209],[76.36667,22.63544],[76.36909,22.63776],[76.37045,22.63906],[76.37045,22.63907],[76.37167,22.64284],[76.37218,22.64383],[76.37317,22.64574],[76.37317,22.64575],[76.3709,22.65239],[76.3709,22.65258],[76.37002,22.65514],[76.37165,22.65861],[76.37167,22.65867],[76.37336,22.66116],[76.37417,22.66284],[76.3751,22.66329],[76.37586,22.66366],[76.37888,22.66595],[76.38038,22.66709],[76.39002,22.66866],[76.39001,22.66939],[76.38991,22.67425],[76.39068,22.67585],[76.39084,22.67617],[76.39124,22.67695],[76.3925,22.6794],[76.39334,22.68284],[76.39502,22.68532],[76.39584,22.68701],[76.39619,22.68712],[76.39836,22.68782],[76.39994,22.68947],[76.40034,22.68948],[76.40252,22.68952],[76.40502,22.68947],[76.40914,22.68956],[76.41057,22.68808],[76.41341,22.68954],[76.41664,22.68947],[76.41917,22.69034],[76.42336,22.69116],[76.42823,22.69282],[76.43252,22.69201],[76.4353,22.69058],[76.43697,22.69232],[76.43747,22.69283],[76.44134,22.69377],[76.44189,22.6949],[76.44251,22.69617],[76.44419,22.69699],[76.44499,22.69865],[76.44501,22.69867],[76.44657,22.70017],[76.44661,22.70026],[76.44664,22.70034],[76.44624,22.70119],[76.44446,22.7029],[76.44438,22.70343],[76.4442,22.7036],[76.44366,22.70786],[76.44335,22.70973],[76.44341,22.70979],[76.44333,22.7104],[76.4474,22.7143],[76.44846,22.72298],[76.45047,22.72712],[76.45754,22.72697],[76.45888,22.72743],[76.46251,22.72867],[76.46328,22.72854],[76.47082,22.72726],[76.47107,22.72726],[76.47196,22.72811],[76.47337,22.72947],[76.47459,22.73074],[76.47656,22.73279],[76.48001,22.73286],[76.48157,22.73123],[76.48161,22.73122],[76.48164,22.73121],[76.48231,22.73119],[76.48418,22.73116],[76.48903,22.73125],[76.49306,22.72918],[76.49417,22.73034],[76.49418,22.73034],[76.49669,22.73116],[76.49792,22.73243],[76.49843,22.73293],[76.49919,22.73366],[76.50001,22.73451],[76.50086,22.73532],[76.50167,22.73617],[76.50284,22.73729],[76.50336,22.73779],[76.50334,22.73877],[76.50571,22.74337],[76.5047,22.74434],[76.50326,22.74584],[76.50336,22.74614],[76.50334,22.747],[76.50487,22.75149],[76.50571,22.75475],[76.50586,22.75532],[76.50585,22.75555],[76.50584,22.75616],[76.50584,22.75634],[76.50585,22.75646],[76.50015,22.75726],[76.50006,22.75727],[76.50007,22.75781],[76.49994,22.75783],[76.50004,22.7627],[76.49928,22.76566],[76.49928,22.76569],[76.49928,22.76574],[76.49917,22.76617],[76.49884,22.76746],[76.49963,22.76828],[76.50001,22.76867],[76.50139,22.77],[76.5037,22.77275],[76.50638,22.77595],[76.50646,22.77604],[76.50335,22.77903],[76.50341,22.77942],[76.50308,22.77974],[76.5046,22.78751],[76.50752,22.79032],[76.50777,22.7918],[76.50848,22.7962],[76.51795,22.79601],[76.5196,22.79598],[76.52402,22.79812],[76.52501,22.80117],[76.52547,22.80143],[76.52877,22.80325],[76.52926,22.80269],[76.52957,22.80255],[76.53297,22.80099],[76.53499,22.79781],[76.53641,22.79702],[76.54065,22.79998],[76.54992,22.79943],[76.55439,22.79596],[76.55437,22.79554],[76.55438,22.79553],[76.55426,22.78946],[76.558,22.78888],[76.55921,22.78869],[76.56045,22.78801],[76.56229,22.78701],[76.56744,22.78605],[76.56916,22.78477],[76.56904,22.7846],[76.56897,22.78449],[76.5693,22.7843],[76.5677,22.78195],[76.56688,22.78073],[76.56754,22.77952],[76.56839,22.77766],[76.57123,22.77512],[76.57715,22.77329],[76.58252,22.77137],[76.58955,22.77519],[76.59073,22.77583],[76.59166,22.77785],[76.59166,22.77786],[76.59412,22.77942],[76.5948,22.77985],[76.60171,22.78114],[76.60359,22.78164],[76.60614,22.78233],[76.60841,22.78109],[76.60994,22.78118],[76.61018,22.7812],[76.61166,22.78285],[76.61254,22.78364],[76.61274,22.78386],[76.61333,22.78452],[76.61393,22.78506],[76.61421,22.78531],[76.61499,22.79202],[76.61577,22.79271],[76.61652,22.79339],[76.61869,22.79406],[76.62016,22.79451],[76.62116,22.79563],[76.62166,22.79619],[76.62421,22.79697],[76.62421,22.79698],[76.62499,22.79785],[76.62614,22.79888],[76.62623,22.79896],[76.62905,22.7988],[76.63554,22.79841],[76.63853,22.8005],[76.63852,22.80108],[76.63852,22.80127],[76.63835,22.80414],[76.63828,22.80523],[76.63886,22.80685],[76.63921,22.80781],[76.64086,22.81381],[76.64091,22.81385],[76.64074,22.8144],[76.64101,22.8155],[76.64093,22.81678],[76.64108,22.81767],[76.64117,22.819],[76.64172,22.82029],[76.64265,22.82155],[76.64351,22.82254],[76.64494,22.82378],[76.64635,22.82459],[76.64783,22.82567],[76.64893,22.82678],[76.64979,22.82769],[76.6511,22.82869],[76.65239,22.82899],[76.65372,22.82945],[76.65485,22.82959],[76.65581,22.82985],[76.65671,22.83037],[76.65737,22.83116],[76.65839,22.83196],[76.65968,22.83242],[76.66062,22.83341],[76.66161,22.83401],[76.66235,22.83449],[76.6633,22.83506],[76.66396,22.83546],[76.66465,22.83625],[76.66539,22.83689],[76.66647,22.83734],[76.66852,22.83731],[76.66898,22.8373],[76.66906,22.83768],[76.67421,22.83864],[76.67705,22.83966],[76.67815,22.84005],[76.67815,22.84006],[76.67847,22.84042],[76.67916,22.84119],[76.68125,22.84215],[76.6857,22.84188],[76.68622,22.84216],[76.68766,22.84295],[76.69241,22.84266],[76.69267,22.84295],[76.69333,22.84369],[76.69373,22.844],[76.69434,22.84447],[76.69583,22.84281],[76.69754,22.84202],[76.69916,22.83947],[76.70172,22.83719],[76.70171,22.83705],[76.70169,22.83663],[76.70181,22.83651],[76.70181,22.83605],[76.70176,22.83384],[76.69903,22.83122],[76.7018,22.82946],[76.70178,22.82897],[76.70185,22.82892],[76.70178,22.82578],[76.70337,22.82285],[76.70416,22.82114],[76.70544,22.82035],[76.71145,22.82197],[76.71277,22.82232],[76.71423,22.8255],[76.71542,22.82543],[76.71753,22.8253],[76.72114,22.8266],[76.72135,22.82668],[76.7275,22.82447],[76.72905,22.82456],[76.73396,22.82325],[76.73586,22.82026],[76.73825,22.8204],[76.74071,22.82231],[76.74249,22.82369],[76.74394,22.82402],[76.74587,22.82447],[76.74774,22.82549],[76.74918,22.82541],[76.75127,22.82528],[76.75142,22.82529],[76.75335,22.82541],[76.75538,22.82528],[76.75648,22.82171],[76.75666,22.82114],[76.75754,22.82035],[76.75905,22.81866],[76.76362,22.81642],[76.7641,22.81619],[76.76669,22.82292],[76.76797,22.82332],[76.77171,22.82447],[76.77442,22.82545],[76.77593,22.82713],[76.77651,22.82779],[76.77835,22.82863],[76.77837,22.82864],[76.77855,22.82874],[76.77999,22.82952],[76.78256,22.8307],[76.78492,22.83198],[76.78499,22.83202],[76.78591,22.83244],[76.78671,22.83281],[76.78833,22.83369],[76.79156,22.83469],[76.79249,22.83364],[76.79475,22.83261],[76.79489,22.83254],[76.79564,22.83338],[76.79666,22.83452],[76.79693,22.83477],[76.79754,22.83531],[76.79833,22.83702],[76.79895,22.83792],[76.80168,22.84182],[76.80232,22.84526],[76.80249,22.84619],[76.80313,22.84736],[76.80337,22.84781],[76.80449,22.85142],[76.80929,22.85113],[76.81083,22.85285],[76.81133,22.85309],[76.81254,22.85364],[76.8135,22.86084],[76.81351,22.86084],[76.81837,22.86197],[76.82083,22.86285],[76.82337,22.86364],[76.82541,22.86455],[76.82541,22.86456],[76.82302,22.86685],[76.82323,22.86706],[76.82283,22.86741],[76.82459,22.86898],[76.82566,22.86994],[76.82891,22.87552],[76.83059,22.8746],[76.83112,22.87432],[76.83447,22.87521],[76.835,22.87536],[76.83585,22.87531],[76.83971,22.87554],[76.84084,22.87492],[76.84175,22.87443],[76.84347,22.87453],[76.84332,22.87702],[76.8435,22.87717],[76.84421,22.87781],[76.8439,22.88302],[76.85129,22.88258],[76.85175,22.88283],[76.85342,22.88374],[76.85333,22.88518],[76.85332,22.88535],[76.85671,22.88614],[76.85769,22.88932],[76.86095,22.89033],[76.86185,22.8923],[76.86323,22.8953],[76.86382,22.89564],[76.86769,22.89789],[76.86997,22.89776],[76.87249,22.89952],[76.876,22.90031],[76.87807,22.89799],[76.87916,22.90035],[76.88004,22.90114],[76.88155,22.90283],[76.88299,22.9031],[76.88587,22.90364],[76.88654,22.904],[76.88749,22.90452],[76.88844,22.90496],[76.88921,22.90531],[76.88942,22.90554],[76.88999,22.90619],[76.89052,22.90666],[76.89087,22.90697],[76.89321,22.90959],[76.89778,22.90769],[76.89925,22.90604],[76.9067,22.90649],[76.91127,22.90485],[76.91646,22.90672],[76.91793,22.90352],[76.92127,22.90371],[76.92274,22.90363],[76.92334,22.90359],[76.92534,22.90701],[76.92583,22.90785],[76.92597,22.90788],[76.93004,22.90864],[76.93087,22.90957],[76.93114,22.90955],[76.93253,22.90947],[76.93845,22.91037],[76.94004,22.90859],[76.94046,22.90862],[76.9421,22.90871],[76.94501,22.90854],[76.94553,22.91022],[76.94583,22.91119],[76.9484,22.91159],[76.95088,22.91197],[76.95082,22.91285],[76.95146,22.91461],[76.95171,22.91531],[76.95169,22.91567],[76.95158,22.91741],[76.95187,22.9223],[76.95188,22.9223],[76.95337,22.92364],[76.95488,22.92692],[76.95587,22.92781],[76.95666,22.93202],[76.95694,22.93227],[76.95754,22.93281],[76.95844,22.93669],[76.95832,22.93866],[76.95838,22.93961],[76.96002,22.94037],[76.96171,22.94114],[76.96256,22.94249],[76.96333,22.94369],[76.96361,22.94394],[76.96421,22.94447],[76.96631,22.94683],[76.96644,22.94697],[76.96965,22.94772],[76.97049,22.94791],[76.9707,22.94788],[76.9767,22.94697],[76.97737,22.94772],[76.97777,22.94816],[76.98334,22.94697],[76.9857,22.94711],[76.98856,22.94556],[76.98913,22.94681],[76.99078,22.9504],[76.99317,22.95254],[76.99499,22.96035],[76.99812,22.96439],[77.00087,22.96614],[77.00403,22.96835],[77.00715,22.97184],[77.00991,22.97227],[77.01337,22.97281],[77.01348,22.97287],[77.01568,22.97406],[77.01613,22.97503],[77.01666,22.97619],[77.0176,22.97648],[77.01972,22.97713],[77.02456,22.9754],[77.02749,22.97869],[77.02881,22.97987],[77.0293,22.98042],[77.03068,22.98195],[77.03254,22.98281],[77.03354,22.9871],[77.03422,22.99005],[77.03417,22.9909],[77.03411,22.992],[77.0349,22.99236],[77.03587,22.99281],[77.03686,22.99392],[77.03685,22.9946],[77.0366,22.99885],[77.03651,23.00033],[77.0366,23.00186],[77.03675,23.00435],[77.03826,23.0047],[77.0411,23.00536],[77.04206,23.00644],[77.04333,23.00786],[77.04421,23.0078],[77.04546,23.00773],[77.04651,23.01002],[77.04705,23.01121],[77.04837,23.01363],[77.04865,23.01416],[77.04912,23.01457],[77.05092,23.01619],[77.05082,23.01794],[77.05164,23.01867],[77.05254,23.01947],[77.05316,23.02017],[77.05429,23.02143],[77.05416,23.02368],[77.05593,23.02694],[77.0558,23.02913],[77.05842,23.03033],[77.05821,23.03395],[77.05588,23.03739],[77.05424,23.04076],[77.05077,23.04588],[77.05083,23.04605],[77.05085,23.04611],[77.05062,23.04644],[77.05199,23.05026],[77.05416,23.05425],[77.05415,23.05425],[77.05346,23.05559],[77.05337,23.05605],[77.05333,23.05614],[77.05268,23.05962],[77.05265,23.05978],[77.05126,23.06247],[77.05134,23.06256],[77.05109,23.06302],[77.05588,23.06864],[77.05564,23.07254],[77.05921,23.07364],[77.06083,23.07452],[77.06167,23.07447],[77.06168,23.07447],[77.06252,23.07452],[77.06615,23.07431],[77.06615,23.0743],[77.06749,23.07281],[77.06891,23.07202],[77.07508,23.07633],[77.07494,23.07866],[77.07495,23.07872],[77.07507,23.08082],[77.08004,23.08197],[77.08139,23.08271],[77.08213,23.08311],[77.08267,23.08601],[77.08344,23.09013],[77.08406,23.09032],[77.08683,23.09118],[77.08811,23.09261],[77.08833,23.09285],[77.08921,23.09364],[77.08999,23.09452],[77.09195,23.09542],[77.09336,23.09606],[77.09416,23.09952],[77.0967,23.10114],[77.09791,23.10191],[77.0996,23.10825],[77.10115,23.10804],[77.10359,23.10771],[77.10461,23.10657],[77.10562,23.10544],[77.10837,23.10369],[77.11035,23.10147],[77.12065,23.09987],[77.12113,23.09933],[77.12249,23.09781],[77.12339,23.0974],[77.12463,23.09683],[77.12752,23.09786],[77.12847,23.09735],[77.12919,23.09696],[77.12923,23.097],[77.13016,23.09804],[77.13527,23.09668],[77.13734,23.09216],[77.13842,23.09196],[77.14313,23.09108],[77.1481,23.09137],[77.15118,23.09304],[77.15416,23.09197],[77.15894,23.0905],[77.16116,23.08929],[77.16585,23.08957],[77.16793,23.08945],[77.16798,23.08945],[77.16946,23.09267],[77.17093,23.09102],[77.1735,23.08984],[77.17601,23.08869],[77.17789,23.0908],[77.17793,23.09085],[77.17916,23.08947],[77.18101,23.08863],[77.18106,23.0886],[77.18377,23.08876],[77.18706,23.08857],[77.19,23.08697],[77.19085,23.08702],[77.19176,23.08697],[77.19175,23.08686],[77.19172,23.08643],[77.19175,23.08643],[77.19183,23.08643],[77.19179,23.08439],[77.19848,23.08283],[77.20012,23.081],[77.20335,23.08119],[77.20418,23.08114],[77.20497,23.08119],[77.20504,23.08119],[77.20681,23.07921],[77.20885,23.07995],[77.21012,23.0804],[77.21107,23.08034],[77.21168,23.08031],[77.21232,23.08034],[77.21293,23.08038],[77.21421,23.0803],[77.21442,23.08077],[77.21499,23.08202],[77.21742,23.08314],[77.21887,23.08937],[77.21907,23.09023],[77.22087,23.09281],[77.22166,23.09786],[77.22228,23.09782],[77.22335,23.09776],[77.22543,23.09788],[77.22752,23.09776],[77.22918,23.09786],[77.23047,23.09778],[77.23127,23.09773],[77.23185,23.09777],[77.23351,23.09787],[77.23499,23.09952],[77.23719,23.10149],[77.23847,23.10291],[77.24014,23.10479],[77.23856,23.10942],[77.23858,23.10943],[77.23856,23.10949],[77.23837,23.10999],[77.23838,23.10999],[77.24087,23.11114],[77.24154,23.11189],[77.24166,23.11202],[77.24177,23.11212],[77.24266,23.11291],[77.24447,23.11686],[77.24705,23.11765],[77.24754,23.11781],[77.24839,23.11876],[77.25017,23.11677],[77.25028,23.11665],[77.25068,23.11687],[77.25249,23.11785],[77.25421,23.11864],[77.25617,23.11971],[77.25718,23.12084],[77.25752,23.12122],[77.25929,23.11844],[77.26396,23.11969],[77.2656,23.11855],[77.26668,23.11779],[77.26914,23.11913],[77.27055,23.11978],[77.27327,23.12102],[77.27327,23.12103],[77.27366,23.12146],[77.27416,23.12202],[77.27754,23.12281],[77.27925,23.12373],[77.28162,23.12359],[77.28237,23.12355],[77.28492,23.12493],[77.28992,23.12144],[77.29083,23.11947],[77.29171,23.11785],[77.29242,23.11477],[77.29343,23.11064],[77.29587,23.10952],[77.29758,23.10859],[77.30054,23.10877],[77.30428,23.1108],[77.30499,23.11119],[77.30708,23.11215],[77.30967,23.11199],[77.31004,23.11197],[77.31355,23.11442],[77.31429,23.1136],[77.31521,23.11257],[77.31761,23.11343],[77.31869,23.11382],[77.32476,23.11346],[77.32476,23.11345],[77.32596,23.11086],[77.32595,23.11076],[77.32594,23.11064],[77.32601,23.11049],[77.32595,23.10769],[77.32597,23.10672],[77.32598,23.10644],[77.32595,23.10498],[77.32592,23.10339],[77.32683,23.10084],[77.3268,23.1008],[77.32677,23.10075],[77.32676,23.10075],[77.32692,23.10031],[77.32551,23.09823],[77.3243,23.09644],[77.32416,23.09601],[77.32348,23.09393],[77.32234,23.09059],[77.32342,23.0886],[77.3234,23.08833],[77.3234,23.08826],[77.3235,23.08808],[77.32348,23.08706],[77.32333,23.0801],[77.32095,23.07312],[77.321,23.07048],[77.32254,23.06618],[77.32253,23.06595],[77.32265,23.06561],[77.32262,23.06413],[77.32379,23.06085],[77.32588,23.05702],[77.32586,23.05668],[77.32598,23.05644],[77.32595,23.05477],[77.32598,23.05306],[77.32599,23.05257],[77.3278,23.05096],[77.33171,23.05119],[77.33173,23.05103],[77.33178,23.05061],[77.33181,23.05061],[77.3322,23.04783],[77.33262,23.04483],[77.33309,23.04308],[77.33341,23.04186],[77.33671,23.04035],[77.33933,23.03742],[77.3396,23.03757],[77.34166,23.03869],[77.34519,23.03978],[77.34612,23.0405],[77.34974,23.0433],[77.35038,23.04057],[77.35075,23.03896],[77.35113,23.03741],[77.35138,23.03639],[77.35269,23.03522],[77.35543,23.03538],[77.35668,23.03531],[77.35759,23.03536],[77.35756,23.03478],[77.35763,23.03478],[77.35766,23.03478],[77.35756,23.02963],[77.36359,23.02424],[77.36421,23.02369],[77.36438,23.02312],[77.36499,23.02114],[77.36662,23.01814],[77.36695,23.01799],[77.37221,23.01557],[77.37333,23.01197],[77.37452,23.01091],[77.37694,23.00979],[77.37784,23.00938],[77.37824,23.00894],[77.38039,23.00653],[77.38215,23.00496],[77.38477,23.00203],[77.38837,23.00119],[77.39109,23.00021],[77.39323,22.99782],[77.4031,22.99679],[77.40664,22.99487],[77.40749,23.00035],[77.4087,23.00258],[77.40878,23.00272],[77.41134,23.00364],[77.41135,23.00364],[77.41187,23.00249],[77.41355,22.99883],[77.41671,22.99785],[77.41932,22.99692],[77.42083,22.99364],[77.42352,22.99017],[77.43098,22.9873],[77.43192,22.98694],[77.43302,22.987],[77.43426,22.98708],[77.43392,22.98645],[77.43401,22.98645],[77.43433,22.98646],[77.4342,22.9862],[77.43293,22.98375],[77.4345,22.97998],[77.43504,22.97868],[77.43503,22.97851],[77.43503,22.97841],[77.43515,22.97811],[77.43514,22.97774],[77.43684,22.97702],[77.43833,22.97869],[77.44232,22.97947],[77.44886,22.97675],[77.44904,22.97646],[77.44999,22.9749],[77.4499,22.97477],[77.45013,22.97443],[77.44803,22.97167],[77.44605,22.96906],[77.44796,22.96554],[77.44802,22.96549],[77.45048,22.96329],[77.45205,22.96153],[77.45445,22.95939],[77.4567,22.95952],[77.45916,22.95781],[77.46117,22.95689],[77.46105,22.95499],[77.46093,22.94881],[77.45854,22.94652],[77.45846,22.94644],[77.45746,22.9454],[77.45773,22.94465],[77.45837,22.94285],[77.45877,22.94113],[77.45909,22.93979],[77.45976,22.93703],[77.46348,22.93616],[77.46499,22.93447],[77.46587,22.93369],[77.46666,22.93114],[77.46921,22.93035],[77.47018,22.92927],[77.47015,22.9289],[77.4702,22.92886],[77.47015,22.92661],[77.47013,22.92563],[77.47206,22.92474],[77.4741,22.9238],[77.47499,22.92281],[77.47578,22.92193],[77.47643,22.92134],[77.47754,22.92035],[77.47763,22.9198],[77.47765,22.91978],[77.47814,22.91676],[77.47839,22.91522],[77.47905,22.91427],[77.48006,22.91283],[77.47991,22.91269],[77.47988,22.91267],[77.48015,22.91227],[77.4793,22.91144],[77.4793,22.91127],[77.47931,22.91059],[77.48681,22.90091],[77.48838,22.89951],[77.48917,22.89881],[77.48995,22.89627],[77.49007,22.8959],[77.49232,22.89389],[77.49336,22.89296],[77.49549,22.89256],[77.49911,22.89188],[77.50168,22.89096],[77.50583,22.88947],[77.50935,22.88838],[77.50971,22.88827],[77.51874,22.88881],[77.51915,22.8887],[77.5225,22.88781],[77.52412,22.8879],[77.52583,22.88697],[77.5286,22.8857],[77.53278,22.88452],[77.5359,22.88988],[77.53675,22.89134],[77.53662,22.89354],[77.53401,22.89859],[77.53406,22.89866],[77.53407,22.89867],[77.53383,22.89912],[77.53809,22.90431],[77.53948,22.90555],[77.54421,22.90386],[77.55749,22.90208],[77.55872,22.9007],[77.56025,22.89933],[77.56516,22.89782],[77.56738,22.89533],[77.57087,22.89452],[77.57346,22.89271],[77.57627,22.89288],[77.57761,22.8928],[77.57908,22.8865],[77.57916,22.88614],[77.58054,22.88491],[77.58093,22.88456],[77.58088,22.88448],[77.58071,22.88424],[77.581,22.88396],[77.57949,22.88172],[77.5793,22.88144],[77.57856,22.87983],[77.58273,22.8761],[77.58623,22.87631],[77.58654,22.87633],[77.59172,22.87193],[77.5991,22.87236],[77.60012,22.86906],[77.60772,22.8732],[77.60916,22.87785],[77.61078,22.88083],[77.61132,22.88258],[77.61182,22.88422],[77.61158,22.88825],[77.61182,22.89227],[77.60841,22.89393],[77.60598,22.89894],[77.60308,22.90277],[77.60324,22.90292],[77.60323,22.90293],[77.60288,22.90338],[77.60551,22.90573],[77.609,22.90733],[77.61185,22.90864],[77.61185,22.90867],[77.61185,22.90876],[77.61168,22.91167],[77.60889,22.91435],[77.60894,22.9145],[77.609,22.9147],[77.60877,22.91491],[77.6101,22.91924],[77.61011,22.91924],[77.61287,22.92031],[77.61499,22.91697],[77.61572,22.91633],[77.61618,22.91591],[77.61643,22.91593],[77.62312,22.91632],[77.62499,22.91531],[77.6278,22.91444],[77.6296,22.91455],[77.63369,22.9143],[77.635,22.91423],[77.63671,22.91154],[77.6377,22.90997],[77.64359,22.90869],[77.64467,22.90989],[77.64802,22.91364],[77.6533,22.91447],[77.66071,22.90802],[77.66355,22.90852],[77.66917,22.90952],[77.67039,22.90945],[77.67262,22.90595],[77.67444,22.90606],[77.67813,22.90628],[77.67833,22.9062],[77.68083,22.90531],[77.68302,22.90474],[77.68386,22.90452],[77.69086,22.9076],[77.69381,22.9089],[77.69584,22.9078],[77.69999,22.90869],[77.70421,22.90947],[77.70833,22.91119],[77.71591,22.91295],[77.72062,22.91267],[77.72283,22.91387],[77.72757,22.91359],[77.73049,22.91464],[77.73249,22.91535],[77.73702,22.91603],[77.74337,22.91697],[77.74338,22.91698],[77.74342,22.91699],[77.74583,22.91785],[77.74906,22.91885],[77.74906,22.91886],[77.75015,22.92352],[77.74999,22.92627],[77.752,22.92807],[77.75202,22.92809],[77.7549,22.92941],[77.75428,22.93063],[77.75307,22.93298],[77.75315,22.93301],[77.75314,22.93301],[77.75285,22.93354],[77.75286,22.93354],[77.75587,22.93447],[77.75717,22.93518],[77.75749,22.93535],[77.75995,22.9363],[77.76325,22.93757],[77.76521,22.93977],[77.76518,22.94127],[77.76497,22.94491],[77.76502,22.94574],[77.76351,22.94718],[77.76098,22.95144],[77.75445,22.95236],[77.75358,22.95191],[77.75265,22.95143],[77.75178,22.95144],[77.75139,22.95145],[77.74847,22.95139],[77.74597,22.95144],[77.74514,22.95143],[77.73987,22.95153],[77.73487,22.95784],[77.73179,22.95934],[77.72916,22.96069],[77.72898,22.96131],[77.72896,22.96132],[77.72868,22.96235],[77.72765,22.96591],[77.72769,22.96592],[77.7277,22.96593],[77.72762,22.96621],[77.72754,22.96652],[77.72859,22.96685],[77.73171,22.96781],[77.73265,22.96832],[77.73333,22.96869],[77.73429,22.96891],[77.73671,22.96947],[77.73776,22.97066],[77.73768,22.9746],[77.73752,22.97736],[77.7343,22.97893],[77.73195,22.98013],[77.73196,22.98013],[77.73217,22.98054],[77.73217,22.98055],[77.7318,22.98075],[77.73437,22.98547],[77.73435,22.98619],[77.73435,22.98626],[77.73402,22.99177],[77.73439,22.99244],[77.73516,22.99387],[77.7343,22.99726],[77.7343,22.99729],[77.73428,22.99734],[77.73416,22.99782],[77.73419,22.99832],[77.7342,22.99851],[77.73244,23.00364],[77.73155,23.00407],[77.72894,23.00534],[77.72598,23.01144],[77.72498,23.01193],[77.72186,23.01344],[77.7218,23.01389],[77.72173,23.01392],[77.72095,23.01979],[77.7193,23.02059],[77.71916,23.02114],[77.71908,23.02148],[77.71848,23.02394],[77.71717,23.02778],[77.71694,23.02844],[77.71696,23.02847],[77.71694,23.02852],[77.71676,23.02901],[77.71804,23.03136],[77.71837,23.03197],[77.71837,23.03198],[77.71847,23.03222],[77.71904,23.03373],[77.71665,23.03838],[77.7167,23.03857],[77.71653,23.03887],[77.7165,23.03893],[77.7176,23.04304],[77.71921,23.04448],[77.71901,23.04781],[77.72015,23.04883],[77.72129,23.04984],[77.73039,23.0493],[77.73304,23.05025],[77.73359,23.05045],[77.73513,23.05217],[77.73489,23.05614],[77.73671,23.05697],[77.73709,23.05726],[77.73795,23.05789],[77.73513,23.06059],[77.73514,23.06101],[77.73499,23.06114],[77.73511,23.06318],[77.73369,23.06594],[77.73096,23.06726],[77.73096,23.06728],[77.73097,23.06774],[77.73082,23.06781],[77.73084,23.06816],[77.73085,23.06824],[77.73072,23.06836],[77.73013,23.06893],[77.73,23.06947],[77.72999,23.06947],[77.72991,23.06982],[77.72931,23.07228],[77.72675,23.07311],[77.722,23.07805],[77.71925,23.07894],[77.71766,23.0806],[77.71765,23.08061],[77.71661,23.08111],[77.71596,23.08143],[77.71431,23.08394],[77.70863,23.08864],[77.70571,23.09357],[77.70349,23.09814],[77.70369,23.09814],[77.7034,23.09879],[77.70896,23.09845],[77.70897,23.09846],[77.71443,23.10269],[77.71488,23.10259],[77.72211,23.10104],[77.72333,23.10369],[77.72377,23.10451],[77.72444,23.10573],[77.73083,23.10648],[77.73514,23.10699],[77.73492,23.11075],[77.73507,23.11325],[77.73502,23.11396],[77.73346,23.11393],[77.73055,23.1159],[77.72762,23.11391],[77.72428,23.11738],[77.72429,23.11796],[77.72413,23.11814],[77.72414,23.11836],[77.72421,23.1195],[77.72417,23.12006],[77.72406,23.12204],[77.72166,23.12668],[77.7215,23.127],[77.7215,23.12703],[77.72142,23.12741],[77.72134,23.12757],[77.72018,23.13378],[77.72015,23.13394],[77.71569,23.13611],[77.71407,23.13944],[77.71417,23.13959],[77.71396,23.14006],[77.71523,23.14189],[77.71603,23.14303],[77.71449,23.14531],[77.71425,23.14567],[77.7137,23.14593],[77.71094,23.14727],[77.71095,23.14727],[77.7115,23.14745],[77.71156,23.14747],[77.71076,23.14784],[77.71077,23.14784],[77.7143,23.14893],[77.7267,23.14704],[77.72741,23.14475],[77.72754,23.14432],[77.72754,23.14431],[77.73402,23.14134],[77.73878,23.14035],[77.74221,23.14301],[77.74416,23.14452],[77.74671,23.14531],[77.74749,23.14619],[77.75518,23.14709],[77.75518,23.1471],[77.75489,23.15209],[77.75761,23.1571],[77.7605,23.15764],[77.76587,23.15864],[77.76743,23.15897],[77.77,23.15952],[77.77168,23.15942],[77.77377,23.15955],[77.77504,23.15947],[77.77539,23.15987],[77.77583,23.16035],[77.78004,23.16197],[77.78025,23.16238],[77.78069,23.16323],[77.77763,23.16726],[77.77754,23.16771],[77.77753,23.16775],[77.77753,23.16776],[77.77749,23.16781],[77.77684,23.17129],[77.77681,23.17144],[77.77523,23.17452],[77.77527,23.17459],[77.77529,23.17462],[77.77505,23.17507],[77.77876,23.18038],[77.78432,23.18005],[77.78749,23.18119],[77.79171,23.18197],[77.79254,23.1829],[77.79418,23.18281],[77.79504,23.18286],[77.79934,23.17952],[77.79934,23.17953],[77.80101,23.1814],[77.80223,23.18533],[77.80253,23.18631],[77.80402,23.18764],[77.8049,23.18843],[77.80559,23.18949],[77.80263,23.19143],[77.79994,23.19325],[77.79996,23.19334],[77.80005,23.19368],[77.79976,23.19388],[77.80068,23.1966],[77.80109,23.19781],[77.80433,23.19605],[77.80668,23.19619],[77.81111,23.19592],[77.81149,23.1959],[77.81231,23.19682],[77.81249,23.19702],[77.81541,23.19792],[77.81833,23.20119],[77.82004,23.20197],[77.82081,23.20364],[77.82201,23.20627],[77.8242,23.20614],[77.82756,23.20874],[77.8291,23.20864],[77.82918,23.20864],[77.83027,23.2087],[77.8293,23.21059],[77.8293,23.21087],[77.8293,23.21088],[77.82916,23.21115],[77.82923,23.21239],[77.82776,23.2138],[77.82756,23.21399],[77.82756,23.21404],[77.82757,23.2144],[77.8273,23.21464],[77.82757,23.21908],[77.82747,23.22075],[77.82754,23.222],[77.82729,23.22616],[77.82754,23.23033],[77.82734,23.23377],[77.82376,23.23494],[77.82181,23.23894],[77.82082,23.24088],[77.82079,23.24093],[77.82081,23.241],[77.82085,23.2411],[77.82064,23.24149],[77.82146,23.24378],[77.82193,23.24509],[77.82754,23.24614],[77.83024,23.24711],[77.83252,23.24697],[77.83347,23.24703],[77.83444,23.24915],[77.83499,23.25036],[77.8354,23.25033],[77.83752,23.25021],[77.84085,23.25041],[77.84275,23.25029],[77.84383,23.25023],[77.84671,23.25084],[77.85163,23.25189],[77.85583,23.24864],[77.85693,23.2487],[77.85735,23.24873],[77.85872,23.24844],[77.86166,23.24781],[77.86801,23.24702],[77.86916,23.24952],[77.86984,23.24983],[77.87169,23.25068],[77.87492,23.25168],[77.87587,23.25197],[77.87991,23.25342],[77.88249,23.25785],[77.8835,23.25864],[77.88701,23.25472],[77.89354,23.2535],[77.89805,23.25377],[77.89817,23.25404],[77.89924,23.25637],[77.89923,23.25666],[77.89914,23.25819],[77.89343,23.26004],[77.89344,23.26053],[77.89324,23.26059],[77.89328,23.26118],[77.89339,23.26309],[77.89587,23.26531],[77.89607,23.26573],[77.89666,23.26702],[77.89759,23.26873],[77.89709,23.27711],[77.89837,23.27947],[77.89877,23.28075],[77.90023,23.28121],[77.90273,23.28425],[77.90519,23.28725],[77.90884,23.28597],[77.9146,23.2862],[77.91809,23.28606],[77.91914,23.28602],[77.91977,23.28736],[77.92,23.28785],[77.92087,23.28948],[77.92167,23.29118],[77.92253,23.29198],[77.92354,23.2937],[77.925,23.29618],[77.92664,23.29695],[77.92695,23.2971],[77.93145,23.3002],[77.93167,23.30035],[77.93362,23.30127],[77.94025,23.30101],[77.94176,23.29938],[77.94518,23.29952],[77.94645,23.29957],[77.94918,23.30145],[77.95,23.30201],[77.95137,23.30266],[77.95266,23.30327],[77.95507,23.30318],[77.96562,23.30276],[77.96937,23.30018],[77.97585,23.30153],[77.97817,23.30276],[77.97947,23.30345],[77.98143,23.30378],[77.98552,23.30448],[77.99213,23.2991],[77.99341,23.29507],[77.9936,23.29446],[77.99361,23.29446],[77.99513,23.29452],[77.9975,23.29708],[78.00002,23.29698],[78.0019,23.29706],[78.00252,23.29708],[78.00265,23.29651],[78.00335,23.29357],[78.00546,23.29161],[78.00627,23.29075],[78.00667,23.29032],[78.00667,23.29031],[78.00757,23.28989],[78.00888,23.28927],[78.01099,23.28935],[78.01502,23.28951],[78.01718,23.28943],[78.01836,23.28692],[78.02109,23.28702],[78.02525,23.29152],[78.02553,23.29211],[78.02667,23.29451],[78.02936,23.29802],[78.0337,23.29689],[78.03667,23.29531],[78.04152,23.29439],[78.04279,23.29506],[78.04339,23.29538],[78.04707,23.29523],[78.04936,23.29168],[78.05256,23.28871],[78.0524,23.28841],[78.05239,23.28839],[78.05252,23.28827],[78.05266,23.28813],[78.05088,23.28466],[78.051,23.27896],[78.05379,23.27765],[78.05591,23.27436],[78.05618,23.27394],[78.0564,23.27348],[78.0575,23.27115],[78.05843,23.26939],[78.05879,23.26922],[78.06254,23.26745],[78.07418,23.26791],[78.08194,23.26761],[78.08212,23.26767],[78.085,23.26868],[78.09204,23.2698],[78.09194,23.26922],[78.09215,23.26925],[78.09095,23.26219],[78.09099,23.26006],[78.09099,23.25988],[78.09101,23.25935],[78.091,23.25905],[78.09097,23.25763],[78.09253,23.25618],[78.09259,23.256],[78.09333,23.25365],[78.09704,23.25125],[78.10102,23.25035],[78.10182,23.25077],[78.10417,23.25201],[78.10854,23.25408],[78.11393,23.25122],[78.11566,23.25241],[78.1175,23.25368],[78.11989,23.25444],[78.12112,23.25483],[78.12333,23.25951],[78.12599,23.26297],[78.12713,23.2654],[78.12813,23.26752],[78.1333,23.26916],[78.13631,23.26756],[78.13917,23.26448],[78.14096,23.26368],[78.14161,23.26438],[78.1425,23.26535],[78.14538,23.26626],[78.14984,23.27107],[78.14977,23.27133],[78.14846,23.27644],[78.14847,23.27645],[78.14847,23.27646],[78.14839,23.27676],[78.14833,23.277],[78.14955,23.27931],[78.14873,23.28091],[78.14846,23.28143],[78.14846,23.28152],[78.14847,23.28173],[78.14833,23.28198],[78.14846,23.28524],[78.14571,23.28929],[78.14582,23.2895],[78.14558,23.28986],[78.14557,23.28986],[78.14634,23.2913],[78.14884,23.29602],[78.14884,23.29603],[78.15087,23.29698],[78.15274,23.29797],[78.15274,23.29798],[78.153,23.29825],[78.15462,23.30001],[78.1534,23.30239],[78.15093,23.30476],[78.15094,23.30516],[78.15074,23.30534],[78.15106,23.31112],[78.15111,23.3135],[78.15113,23.31441],[78.15124,23.31444],[78.15127,23.31491],[78.15422,23.316],[78.1582,23.31632],[78.16086,23.31444],[78.16175,23.31547],[78.16232,23.31613],[78.16516,23.31552],[78.16549,23.31559],[78.1656,23.31542],[78.16588,23.31536],[78.16666,23.31402],[78.16832,23.31113],[78.16956,23.31058],[78.17178,23.30959],[78.17614,23.30453],[78.17933,23.30793],[78.17933,23.30807],[78.17904,23.31174],[78.18255,23.3128],[78.18259,23.31285],[78.18332,23.3137],[78.18796,23.3143],[78.18921,23.31447],[78.18976,23.31627],[78.19015,23.31756],[78.19255,23.31863],[78.19743,23.32246],[78.20724,23.32324],[78.20817,23.32158],[78.20851,23.3214],[78.20845,23.31847],[78.21172,23.31452],[78.21171,23.31444],[78.21168,23.3141],[78.21181,23.31394],[78.2118,23.31351],[78.21177,23.31202],[78.21588,23.31112],[78.21679,23.31415],[78.21713,23.3153],[78.22061,23.31438],[78.22085,23.31421],[78.22505,23.3112],[78.2262,23.30985],[78.22755,23.3087],[78.22906,23.30693],[78.23334,23.30787],[78.23466,23.30776],[78.23582,23.31036],[78.23614,23.31094],[78.23747,23.31332],[78.23596,23.31476],[78.23605,23.3151],[78.23577,23.31534],[78.23559,23.31549],[78.23655,23.31763],[78.23751,23.31978],[78.23831,23.32047],[78.24005,23.32197],[78.23983,23.32477],[78.23975,23.32575],[78.2398,23.32637],[78.24008,23.3299],[78.2392,23.33162],[78.2392,23.3318],[78.2392,23.33187],[78.2392,23.33188],[78.2388,23.3326],[78.23925,23.33825],[78.23915,23.33952],[78.23971,23.34024],[78.24171,23.3428],[78.24281,23.34525],[78.24537,23.34546],[78.24552,23.34554],[78.24561,23.34559],[78.24576,23.34549],[78.24645,23.34555],[78.2511,23.34225],[78.25259,23.3456],[78.25283,23.34613],[78.25551,23.3452],[78.25576,23.34506],[78.25835,23.34362],[78.25917,23.34407],[78.26047,23.3448],[78.26867,23.34546],[78.27066,23.34562],[78.27285,23.34308],[78.28185,23.34117],[78.28348,23.33927],[78.28838,23.34113],[78.28897,23.34146],[78.28999,23.34203],[78.29097,23.34247],[78.29171,23.3428],[78.29172,23.3428],[78.29249,23.3437],[78.29871,23.34557],[78.30088,23.34863],[78.30174,23.35149],[78.30318,23.35253],[78.30588,23.35447],[78.30865,23.35768],[78.30872,23.35776],[78.30913,23.35779],[78.3112,23.35796],[78.31144,23.35809],[78.31159,23.35799],[78.31229,23.35805],[78.31499,23.35613],[78.31755,23.35453],[78.32033,23.35129],[78.32139,23.35132],[78.32141,23.35132],[78.32871,23.35221],[78.33121,23.35511],[78.33612,23.35692],[78.33835,23.3571],[78.34221,23.35679],[78.3442,23.35851],[78.34459,23.36189],[78.34541,23.36903],[78.35271,23.36961],[78.35302,23.36964],[78.35755,23.36703],[78.35838,23.36607],[78.36004,23.3662],[78.36138,23.36465],[78.36218,23.3651],[78.36437,23.36632],[78.3697,23.36589],[78.37012,23.36585],[78.3714,23.36632],[78.37363,23.36714],[78.37832,23.36677],[78.38347,23.37274],[78.38374,23.37276],[78.38502,23.37286],[78.38641,23.37275],[78.38854,23.37371],[78.39005,23.37781],[78.38981,23.38085],[78.39016,23.38126],[78.39016,23.38151],[78.39017,23.38151],[78.39051,23.38167],[78.3922,23.38363],[78.39421,23.38286],[78.39528,23.38163],[78.39829,23.38331],[78.40011,23.38412],[78.40088,23.38447],[78.40117,23.3848],[78.40165,23.38536],[78.40224,23.38587],[78.40255,23.38613],[78.404,23.38938],[78.40628,23.38957],[78.40763,23.38967],[78.41002,23.38895],[78.41329,23.38797],[78.41432,23.38677],[78.41793,23.38706],[78.4196,23.38693],[78.42033,23.38699],[78.42211,23.38713],[78.42342,23.38655],[78.42421,23.3862],[78.42421,23.38619],[78.42614,23.38512],[78.43536,23.38124],[78.43716,23.38109],[78.43785,23.38265],[78.43832,23.3837],[78.43962,23.38603],[78.43978,23.38667],[78.43984,23.38694],[78.44005,23.3895],[78.43994,23.39081],[78.44183,23.39164],[78.44414,23.39268],[78.44582,23.39536],[78.4489,23.39729],[78.44907,23.39764],[78.44922,23.3995],[78.44915,23.40036],[78.45005,23.40113],[78.45213,23.40447],[78.45438,23.40363],[78.45655,23.40112],[78.4596,23.40136],[78.46254,23.40113],[78.46311,23.40153],[78.46647,23.40392],[78.4704,23.4036],[78.47537,23.40473],[78.47755,23.4078],[78.47863,23.41022],[78.48376,23.41251],[78.49005,23.41613],[78.49249,23.41786],[78.49838,23.41863],[78.50134,23.41944],[78.50223,23.41969],[78.50287,23.41964],[78.50548,23.41943],[78.50836,23.42029],[78.50925,23.42056],[78.51088,23.42197],[78.51168,23.4229],[78.51423,23.41995],[78.51876,23.41858],[78.52124,23.41463],[78.52474,23.41435],[78.5278,23.41548],[78.52803,23.41556],[78.52999,23.41446],[78.53253,23.41467],[78.53543,23.41491],[78.53585,23.41176],[78.53596,23.41143],[78.53635,23.4103],[78.53749,23.40781],[78.54251,23.40626],[78.5437,23.40366],[78.54374,23.40358],[78.54389,23.40341],[78.54667,23.40029],[78.54974,23.40196],[78.55223,23.4021],[78.55594,23.40111],[78.55754,23.4029],[78.55951,23.40279],[78.55973,23.40277],[78.56072,23.40308],[78.56254,23.40364],[78.5678,23.40689],[78.57004,23.40702],[78.57278,23.40511],[78.5734,23.40482],[78.57587,23.40369],[78.57886,23.40206],[78.57887,23.40206],[78.5805,23.40562],[78.58249,23.40785],[78.58342,23.40828],[78.58451,23.40878],[78.58663,23.41116],[78.58957,23.41445],[78.59203,23.41459],[78.59347,23.41468],[78.59626,23.41408],[78.59627,23.41408],[78.59616,23.41391],[78.59636,23.4139],[78.5964,23.4139],[78.59513,23.41144],[78.59454,23.4099],[78.5946,23.40972],[78.59498,23.40863],[78.59746,23.40518],[78.59761,23.40418],[78.59839,23.3994],[78.59995,23.3981],[78.59999,23.3977],[78.60002,23.39737],[78.60014,23.39724],[78.60018,23.39721],[78.60013,23.39477],[78.60013,23.39451],[78.60014,23.39434],[78.60028,23.39401],[78.60081,23.39279],[78.60459,23.38826],[78.60474,23.38674],[78.60492,23.38497],[78.60516,23.38377],[78.60511,23.38134],[78.6051,23.38087],[78.60532,23.37872],[78.60597,23.37234],[78.61011,23.36936],[78.61164,23.3712],[78.61267,23.37136],[78.61672,23.37196],[78.61748,23.37537],[78.61839,23.37613],[78.61872,23.37652],[78.61914,23.37704],[78.62014,23.37786],[78.61964,23.38279],[78.62373,23.3837],[78.62374,23.3837],[78.62664,23.38537],[78.62665,23.38537],[78.62686,23.38546],[78.62839,23.38613],[78.62975,23.38776],[78.63047,23.38784],[78.63085,23.38787],[78.63346,23.38761],[78.63415,23.38754],[78.63626,23.39008],[78.64039,23.3905],[78.64083,23.39014],[78.64392,23.38757],[78.64533,23.38587],[78.64619,23.38484],[78.64731,23.38391],[78.64755,23.3837],[78.64869,23.38234],[78.65005,23.3812],[78.65101,23.37795],[78.65102,23.37793],[78.65231,23.37765],[78.65505,23.37704],[78.65581,23.3766],[78.65666,23.37611],[78.66485,23.37763],[78.66749,23.37612],[78.67404,23.37679],[78.67796,23.37454],[78.67854,23.37474],[78.68005,23.37529],[78.68309,23.37747],[78.68351,23.37738],[78.69112,23.37569],[78.69297,23.3755],[78.70009,23.37477],[78.70172,23.37613],[78.70311,23.37779],[78.70692,23.37732],[78.70759,23.37724],[78.70772,23.37726],[78.70773,23.37726],[78.70783,23.37721],[78.70893,23.37707],[78.70922,23.37704],[78.71186,23.37553],[78.71425,23.37528],[78.71486,23.37522],[78.71949,23.37696],[78.72255,23.37454],[78.72291,23.37411],[78.72331,23.37363],[78.72576,23.37159],[78.72578,23.37147],[78.72585,23.37071],[78.726,23.37056],[78.72585,23.3633],[78.72589,23.36323],[78.72592,23.36324],[78.72672,23.36363],[78.72695,23.36416],[78.72748,23.36537],[78.72792,23.3655],[78.73049,23.36625],[78.73389,23.3682],[78.7346,23.36861],[78.73748,23.36696],[78.74085,23.36597],[78.74342,23.36004],[78.74878,23.35667],[78.76038,23.35524],[78.76393,23.35628],[78.76532,23.35949],[78.76811,23.36109],[78.76936,23.3618],[78.77009,23.36188],[78.77335,23.36221],[78.7787,23.36166],[78.7787,23.36167],[78.78014,23.36286],[78.7799,23.36523],[78.78089,23.36696],[78.78229,23.37018],[78.7846,23.37042],[78.78653,23.37022],[78.79064,23.37176],[78.79089,23.37179],[78.7941,23.37212],[78.80122,23.36903],[78.80187,23.36753],[78.80248,23.36613],[78.80366,23.36515],[78.80411,23.36477],[78.80419,23.36404],[78.80441,23.36381],[78.80438,23.36216],[78.80444,23.36158],[78.80435,23.36072],[78.80429,23.35769],[78.8043,23.35727],[78.8043,23.35703],[78.8058,23.35687],[78.80686,23.35677],[78.80746,23.35703],[78.80922,23.35779],[78.81164,23.35954],[78.81267,23.35998],[78.81339,23.36029],[78.81459,23.36438],[78.81877,23.36491],[78.82088,23.3612],[78.82165,23.35947],[78.82268,23.35858],[78.82264,23.35812],[78.82268,23.35808],[78.82265,23.35683],[78.82263,23.3556],[78.82264,23.35526],[78.82397,23.35371],[78.83023,23.35112],[78.83214,23.3489],[78.83248,23.34851],[78.83248,23.3485],[78.8356,23.34921],[78.83671,23.34947],[78.83933,23.35132],[78.84359,23.34638],[78.84721,23.34477],[78.85028,23.34259],[78.85342,23.34804],[78.8537,23.34852],[78.85498,23.34863],[78.85808,23.34888],[78.86175,23.34804],[78.86195,23.34804],[78.862,23.34799],[78.86222,23.34794],[78.86269,23.34783],[78.86378,23.34656],[78.86426,23.346],[78.86636,23.34617],[78.8671,23.34623],[78.8696,23.34603],[78.87056,23.34595],[78.87249,23.34703],[78.87505,23.3478],[78.87682,23.34855],[78.88081,23.35023],[78.8824,23.35036],[78.88255,23.35037],[78.88314,23.34776],[78.88346,23.34644],[78.89379,23.34727],[78.89725,23.34533],[78.90419,23.34279],[78.90869,23.3453],[78.91141,23.34375],[78.91289,23.34042],[78.91334,23.33942],[78.91432,23.34055],[78.91974,23.34012],[78.92232,23.33991],[78.92413,23.34058],[78.92616,23.34132],[78.93082,23.3353],[78.9344,23.33422],[78.93435,23.33366],[78.93436,23.33366],[78.93429,23.33031],[78.93428,23.32971],[78.93482,23.32919],[78.93744,23.32773],[78.93843,23.32717],[78.93953,23.3272],[78.94571,23.32843],[78.94591,23.32866],[78.9473,23.33028],[78.94915,23.32613],[78.95005,23.32453],[78.95082,23.3228],[78.95172,23.32119],[78.95169,23.32085],[78.95181,23.32061],[78.9518,23.32],[78.9518,23.31977],[78.9518,23.31968],[78.9518,23.31948],[78.9545,23.31797],[78.95731,23.31775],[78.96035,23.3175],[78.9651,23.32016],[78.96684,23.31938],[78.96791,23.3189],[78.9685,23.31889],[78.96844,23.31602],[78.96847,23.31432],[78.96915,23.3128],[78.97005,23.3112],[78.97062,23.30868],[78.97064,23.30858],[78.97065,23.30856],[78.97084,23.30776],[78.97211,23.30548],[78.97204,23.30544],[78.97193,23.30539],[78.97192,23.30539],[78.97208,23.3051],[78.97216,23.30493],[78.97011,23.30393],[78.97013,23.30316],[78.97013,23.30291],[78.97082,23.30197],[78.97736,23.29691],[78.97751,23.29501],[78.9782,23.29359],[78.97611,23.29158],[78.97568,23.29117],[78.97638,23.28774],[78.97677,23.28595],[78.97676,23.28593],[78.97676,23.28587],[78.97677,23.28583],[78.97683,23.28553],[78.97678,23.28332],[78.97815,23.28007],[78.97839,23.2795],[78.97833,23.27932],[78.97848,23.27894],[78.9775,23.27608],[78.97839,23.27366],[78.97836,23.27359],[78.97833,23.27354],[78.97848,23.2731],[78.97718,23.27057],[78.97913,23.26888],[78.97999,23.26697],[78.98268,23.26656],[78.98505,23.2662],[78.98629,23.26475],[78.98705,23.26387],[78.99394,23.26332],[78.99563,23.26528],[78.99579,23.26529],[78.9975,23.26543],[78.99764,23.26552],[78.99776,23.26559],[78.9979,23.26555],[78.9981,23.26548],[78.99832,23.2655],[78.99944,23.26559],[79.00069,23.26513],[79.0028,23.26435],[79.0052,23.26455],[79.00921,23.26203],[79.00999,23.2603],[79.01101,23.25942],[79.01097,23.25895],[79.01101,23.25891],[79.01093,23.25491],[79.01091,23.25397],[79.01091,23.25396],[79.01338,23.25286],[79.01417,23.25195],[79.02009,23.25412],[79.0228,23.2498],[79.02505,23.24786],[79.02671,23.24593],[79.0276,23.246],[79.03072,23.24625],[79.03109,23.24419],[79.03181,23.24051],[79.03288,23.23845],[79.03389,23.23727],[79.03415,23.23697],[79.03418,23.23694],[79.03614,23.23525],[79.03608,23.23511],[79.03595,23.23483],[79.03598,23.23481],[79.03593,23.23223],[79.0293,23.23061],[79.02758,23.22799],[79.02765,23.22477],[79.02763,23.22384],[79.02596,23.22061],[79.02515,23.21893],[79.02099,23.21598],[79.0193,23.21478],[79.01904,23.21434],[79.01903,23.21434],[79.01999,23.21363],[79.0218,23.2133],[79.02421,23.21286],[79.02544,23.21144],[79.02771,23.21018],[79.02867,23.20964],[79.02919,23.2096],[79.03127,23.20943],[79.03472,23.20971],[79.03665,23.20863],[79.03824,23.20793],[79.03838,23.20786],[79.03915,23.20697],[79.04299,23.20581],[79.04544,23.20297],[79.04755,23.20203],[79.04999,23.2003],[79.0541,23.19936],[79.05758,23.1969],[79.05942,23.19705],[79.06127,23.1972],[79.06261,23.19709],[79.06471,23.19692],[79.06598,23.20026],[79.06698,23.20289],[79.07171,23.20697],[79.07335,23.20887],[79.07343,23.20896],[79.0796,23.20846],[79.08329,23.21135],[79.08514,23.2128],[79.08838,23.21203],[79.08999,23.21113],[79.09255,23.21036],[79.09848,23.20786],[79.09918,23.20821],[79.10005,23.20863],[79.10057,23.21037],[79.10087,23.21135],[79.10156,23.21195],[79.10449,23.21447],[79.10472,23.21517],[79.10487,23.21566],[79.10502,23.21746],[79.10371,23.2194],[79.10303,23.2204],[79.10319,23.22048],[79.10255,23.22139],[79.10976,23.2228],[79.11211,23.22087],[79.114,23.21868],[79.11822,23.21741],[79.11832,23.21608],[79.11835,23.21571],[79.11851,23.21554],[79.11846,23.2131],[79.1185,23.2114],[79.11851,23.21122],[79.1185,23.21121],[79.1185,23.21106],[79.11851,23.21062],[79.11596,23.20894],[79.11583,23.20884],[79.11665,23.20863],[79.12403,23.20767],[79.12734,23.20236],[79.1278,23.20173],[79.1268,23.19978],[79.12639,23.19723],[79.12625,23.19639],[79.12636,23.19563],[79.12665,23.19363],[79.12799,23.19123],[79.1299,23.18695],[79.13612,23.18745],[79.13603,23.18631],[79.13596,23.1831],[79.13598,23.18226],[79.13564,23.18199],[79.1318,23.17894],[79.13135,23.17772],[79.13147,23.17743],[79.13187,23.1764],[79.13195,23.17638],[79.13543,23.1761],[79.14134,23.17657],[79.14262,23.17476],[79.14301,23.17457],[79.14321,23.17393],[79.14338,23.1737],[79.1442,23.17098],[79.14588,23.16953],[79.14675,23.16758],[79.1527,23.16921],[79.15811,23.16965],[79.15877,23.16908],[79.15966,23.16831],[79.16082,23.16696],[79.16311,23.16715],[79.16421,23.1662],[79.16576,23.1644],[79.16868,23.16189],[79.16981,23.1569],[79.17072,23.15316],[79.17079,23.15287],[79.17188,23.1499],[79.17187,23.14988],[79.17181,23.14978],[79.17182,23.14977],[79.17157,23.14906],[79.17074,23.14662],[79.1676,23.1456],[79.16763,23.14397],[79.16764,23.14327],[79.16803,23.14156],[79.16844,23.13978],[79.16859,23.13964],[79.16864,23.1396],[79.16894,23.13975],[79.17005,23.1403],[79.1715,23.14199],[79.17222,23.14282],[79.17768,23.14365],[79.17768,23.14366],[79.17915,23.14536],[79.17945,23.14562],[79.18066,23.14666],[79.18218,23.14878],[79.18361,23.15077],[79.18505,23.14953],[79.186,23.14842],[79.18973,23.1455],[79.19088,23.14459],[79.19351,23.14438],[79.19546,23.14423],[79.20082,23.1462],[79.20421,23.14697],[79.20604,23.14798],[79.20837,23.1478],[79.21179,23.14905],[79.21361,23.14578],[79.21383,23.14539],[79.21414,23.14498],[79.21435,23.14469],[79.21425,23.1398],[79.21439,23.13968],[79.2144,23.13967],[79.21507,23.13985],[79.21671,23.1403],[79.21777,23.14089],[79.21912,23.14164],[79.22338,23.14036],[79.22875,23.1381],[79.23076,23.14042],[79.23124,23.14084],[79.23268,23.14208],[79.23266,23.14308],[79.23248,23.14541],[79.23243,23.14597],[79.23296,23.1467],[79.23793,23.15363],[79.24115,23.15246],[79.24249,23.14947],[79.24807,23.14597],[79.24855,23.14467],[79.24892,23.14428],[79.24918,23.14295],[79.24921,23.14286],[79.24943,23.1417],[79.25032,23.13712],[79.25261,23.13643],[79.25338,23.1362],[79.25673,23.13496],[79.25749,23.13469],[79.25789,23.1347],[79.25824,23.13472],[79.25869,23.13499],[79.25999,23.13576],[79.25872,23.13698],[79.25884,23.13723],[79.25838,23.13763],[79.26126,23.14184],[79.26559,23.14303],[79.26589,23.14286],[79.26793,23.14172],[79.26825,23.14206],[79.26837,23.14353],[79.26758,23.14661],[79.2673,23.14764],[79.26723,23.14789],[79.26908,23.14774],[79.26957,23.14861],[79.2707,23.15065],[79.26856,23.15691],[79.26822,23.15785],[79.27005,23.16113],[79.27087,23.16298],[79.27569,23.15996],[79.27663,23.15785],[79.27665,23.1578],[79.2783,23.15638],[79.2797,23.15323],[79.28119,23.15496],[79.2822,23.15613],[79.28563,23.15482],[79.28665,23.15363],[79.28755,23.15286],[79.29082,23.14719],[79.29092,23.14719],[79.29167,23.14721],[79.29687,23.14842],[79.29838,23.15113],[79.29932,23.15324],[79.30151,23.15512],[79.30216,23.15569],[79.30538,23.15943],[79.30688,23.15955],[79.30769,23.15961],[79.30786,23.15971],[79.30794,23.15976],[79.30802,23.15964],[79.3083,23.15966],[79.31038,23.15633],[79.31534,23.15497],[79.32241,23.15441],[79.32136,23.15643],[79.32139,23.15648],[79.32142,23.15655],[79.32117,23.157],[79.3227,23.15974],[79.32266,23.16141],[79.32238,23.16493],[79.32792,23.16697],[79.3325,23.16538],[79.33255,23.16536],[79.33438,23.16324],[79.33458,23.163],[79.33506,23.16301],[79.33562,23.16302],[79.34033,23.16382],[79.34301,23.16693],[79.34499,23.16753],[79.34588,23.1678],[79.34607,23.16881],[79.34665,23.17203],[79.34771,23.1725],[79.34838,23.1728],[79.34945,23.17404],[79.35053,23.1753],[79.35421,23.17613],[79.35422,23.17613],[79.35572,23.17698],[79.35826,23.17839],[79.35842,23.17831],[79.36083,23.17696],[79.36112,23.17699],[79.36412,23.17723],[79.36755,23.1762],[79.36916,23.1753],[79.36994,23.17536],[79.37085,23.17543],[79.37192,23.17304],[79.37216,23.17292],[79.37353,23.17228],[79.37513,23.17394],[79.37681,23.17476],[79.37759,23.17557],[79.37922,23.17727],[79.38518,23.1781],[79.3868,23.17978],[79.39183,23.18141],[79.39513,23.18311],[79.39765,23.18393],[79.4043,23.18811],[79.40598,23.18893],[79.4068,23.18978],[79.4088,23.19171],[79.41211,23.19],[79.41877,23.19288],[79.41988,23.19336],[79.42017,23.19491],[79.42096,23.19902],[79.42043,23.20006],[79.42046,23.20045],[79.41924,23.20265],[79.41931,23.20644],[79.41919,23.20668],[79.41922,23.20702],[79.41867,23.20801],[79.41831,23.20865],[79.41974,23.21142],[79.42096,23.21644],[79.42097,23.21644],[79.42219,23.21691],[79.42311,23.21726],[79.4268,23.21476],[79.42932,23.21353],[79.43168,23.21232],[79.43199,23.21216],[79.43352,23.21057],[79.43672,23.20724],[79.43679,23.20724],[79.43697,23.20703],[79.437,23.20704],[79.43733,23.20725],[79.43805,23.20727],[79.43855,23.20728],[79.44544,23.21195],[79.44551,23.2121],[79.44629,23.21376],[79.44665,23.21407],[79.44656,23.21432],[79.4468,23.21483],[79.44615,23.21544],[79.44588,23.2162],[79.44471,23.21721],[79.44417,23.21836],[79.44414,23.21884],[79.44401,23.22037],[79.44763,23.22384],[79.44848,23.22734],[79.45181,23.23226],[79.4526,23.23548],[79.45275,23.2361],[79.45445,23.23891],[79.45598,23.24143],[79.45845,23.2477],[79.46098,23.24893],[79.46282,23.25173],[79.46378,23.25371],[79.46433,23.25484],[79.46725,23.25765],[79.46936,23.25985],[79.46991,23.26155],[79.47107,23.2651],[79.47115,23.26513],[79.47515,23.26643],[79.4749,23.26692],[79.47508,23.26698],[79.47429,23.26839],[79.47431,23.26985],[79.47432,23.27019],[79.47432,23.27036],[79.4743,23.27144],[79.47466,23.27162],[79.47598,23.27226],[79.47693,23.27422],[79.47761,23.27563],[79.48164,23.27949],[79.48164,23.2795],[79.48247,23.28075],[79.4835,23.28233],[79.48343,23.28533],[79.48506,23.28586],[79.48681,23.28643],[79.48757,23.28682],[79.4891,23.2876],[79.49203,23.29131],[79.49368,23.29338],[79.49468,23.29434],[79.49601,23.29563],[79.496,23.29612],[79.496,23.29624],[79.49601,23.29624],[79.49601,23.29625],[79.496,23.29636],[79.496,23.29641],[79.49596,23.2981],[79.49598,23.29886],[79.49598,23.29899],[79.49691,23.29988],[79.49809,23.30102],[79.50011,23.29891],[79.50181,23.29894],[79.50263,23.29809],[79.50341,23.29772],[79.50437,23.29725],[79.50478,23.29683],[79.50596,23.29559],[79.50685,23.29478],[79.50875,23.2987],[79.51093,23.29643],[79.51526,23.29651],[79.51658,23.29789],[79.51709,23.29841],[79.51842,23.29893],[79.52058,23.29976],[79.52223,23.29637],[79.52597,23.29644],[79.53008,23.29636],[79.53055,23.29685],[79.53182,23.29817],[79.53238,23.29759],[79.53431,23.29558],[79.53499,23.29559],[79.53722,23.29564],[79.5396,23.29559],[79.54014,23.29558],[79.54181,23.29561],[79.54263,23.29393],[79.54515,23.29311],[79.54763,23.29226],[79.55103,23.29144],[79.55337,23.29389],[79.55434,23.29452],[79.5576,23.29665],[79.55742,23.29718],[79.55747,23.29722],[79.55732,23.29768],[79.55593,23.30173],[79.55515,23.30894],[79.55506,23.30926],[79.55504,23.30935],[79.55504,23.30939],[79.55502,23.30951],[79.55427,23.31247],[79.55427,23.31279],[79.55431,23.31484],[79.55972,23.31473],[79.56141,23.31477],[79.56339,23.31481],[79.56596,23.31393],[79.57135,23.31305],[79.57541,23.31313],[79.57572,23.31314],[79.5768,23.31644],[79.57701,23.31686],[79.57769,23.31818],[79.58286,23.32157],[79.58771,23.32058],[79.58935,23.32061],[79.5893,23.32311],[79.59015,23.32476],[79.59076,23.3285],[79.59096,23.32978],[79.59381,23.3309],[79.59515,23.33143],[79.59671,23.33305],[79.59678,23.33313],[79.59933,23.33558],[79.60007,23.33634],[79.60096,23.33728],[79.60342,23.33723],[79.6043,23.33768],[79.60513,23.33811],[79.60681,23.33893],[79.60735,23.33949],[79.60763,23.33978],[79.61301,23.34404],[79.61338,23.3446],[79.61518,23.34736],[79.61939,23.34728],[79.62175,23.34723],[79.62346,23.34811],[79.62515,23.34893],[79.62763,23.35228],[79.63009,23.35464],[79.63146,23.35746],[79.6335,23.35641],[79.63468,23.35643],[79.63514,23.35644],[79.63752,23.3564],[79.64096,23.35728],[79.64342,23.35723],[79.64516,23.35813],[79.64681,23.35809],[79.6485,23.35896],[79.64907,23.35925],[79.64955,23.36024],[79.65013,23.36144],[79.65304,23.36574],[79.65295,23.36608],[79.6529,23.36628],[79.65291,23.36628],[79.65292,23.3663],[79.65175,23.37086],[79.65181,23.37399],[79.65182,23.37399],[79.65348,23.37559],[79.65383,23.37632],[79.6543,23.37728],[79.65686,23.37811],[79.65887,23.3802],[79.65963,23.38093],[79.66019,23.38147],[79.66079,23.38269],[79.6618,23.38478],[79.66762,23.38642],[79.66765,23.38643],[79.66933,23.38729],[79.66932,23.38776],[79.6693,23.38894],[79.67016,23.39317],[79.67013,23.39477],[79.67013,23.395],[79.67015,23.39576],[79.67502,23.40044],[79.67515,23.40056],[79.67513,23.40144],[79.67583,23.40348],[79.6762,23.40458],[79.67774,23.40298],[79.68513,23.40313],[79.68678,23.40141],[79.6936,23.40155],[79.70015,23.40059],[79.70141,23.40578],[79.70167,23.40683],[79.70149,23.40717],[79.7015,23.4072],[79.70154,23.40739],[79.69977,23.41084],[79.69917,23.41199],[79.69762,23.41519],[79.69765,23.41643],[79.69762,23.4177],[79.70015,23.41893],[79.70036,23.41915],[79.70106,23.41988],[79.70125,23.42026],[79.70266,23.42317],[79.70516,23.42558],[79.70757,23.42808],[79.70931,23.42893],[79.7102,23.42938],[79.71109,23.42984],[79.71596,23.43728],[79.71652,23.43755],[79.71849,23.4385],[79.72159,23.44323],[79.72145,23.44377],[79.72146,23.44379],[79.72147,23.44379],[79.72014,23.44896],[79.72231,23.45215],[79.72209,23.45257],[79.72209,23.45258],[79.72218,23.45272],[79.72095,23.45511],[79.72098,23.4565],[79.72598,23.45893],[79.72672,23.45931],[79.72763,23.45978],[79.7308,23.46095],[79.73449,23.46233],[79.73823,23.46425],[79.73871,23.46523],[79.7393,23.46644],[79.74035,23.46848],[79.74469,23.47266],[79.74592,23.47384],[79.74652,23.47475],[79.74792,23.47688],[79.74972,23.4806],[79.75077,23.48276],[79.7518,23.50053],[79.75164,23.50055],[79.75167,23.50109],[79.74251,23.50199],[79.74016,23.5032],[79.73889,23.50709],[79.73345,23.51512],[79.73361,23.52277],[79.73515,23.52727],[79.73496,23.52764],[79.73503,23.52783],[79.73411,23.52961],[79.73523,23.53059],[79.73846,23.52893],[79.74085,23.52811],[79.7418,23.53394],[79.74348,23.53476],[79.74344,23.53685],[79.74351,23.54051],[79.75204,23.54156],[79.75592,23.5456],[79.76098,23.54643],[79.76184,23.54821],[79.7618,23.5506],[79.76184,23.55292],[79.76617,23.55397],[79.77134,23.55664],[79.77418,23.56538],[79.77515,23.56726],[79.77596,23.5694],[79.77573,23.56968],[79.77584,23.56996],[79.77084,23.57616],[79.76919,23.57867],[79.76764,23.58096],[79.7677,23.58419],[79.76757,23.58428],[79.76758,23.58476],[79.76342,23.58748],[79.76225,23.59228],[79.76347,23.59226],[79.7643,23.59228],[79.76696,23.59222],[79.77015,23.58891],[79.77264,23.58896],[79.7744,23.58892],[79.78344,23.59078],[79.78326,23.59133],[79.78332,23.59134],[79.78153,23.59658],[79.78996,23.60211],[79.79504,23.60621],[79.79346,23.61393],[79.79348,23.61478],[79.79335,23.61514],[79.79336,23.61534],[79.79254,23.61773],[79.79181,23.6215],[79.79875,23.62487],[79.80601,23.62664],[79.80593,23.63076],[79.80581,23.63087],[79.8058,23.63132],[79.80172,23.63524],[79.80268,23.63991],[79.80261,23.6431],[79.80266,23.64519],[79.8026,23.6481],[79.80267,23.65156],[79.80432,23.65477],[79.80423,23.65501],[79.80437,23.65511],[79.80334,23.65761],[79.80324,23.6579],[79.80431,23.65893],[79.80513,23.65978],[79.80599,23.6606],[79.80566,23.66091],[79.80601,23.66116],[79.80486,23.66199],[79.80441,23.66292],[79.80388,23.66563],[79.80553,23.66884],[79.80954,23.66982],[79.81436,23.67146],[79.81637,23.67562],[79.81765,23.67559],[79.82022,23.67648],[79.8251,23.67638],[79.8265,23.67783],[79.83098,23.67893],[79.83264,23.67978],[79.84097,23.67225],[79.8418,23.67311],[79.84869,23.67385],[79.8495,23.67378],[79.85166,23.67153],[79.85233,23.6706],[79.85268,23.67048],[79.85331,23.66982],[79.85765,23.66811],[79.85948,23.6662],[79.86272,23.66731],[79.86648,23.66723],[79.8705,23.66451],[79.87263,23.66561],[79.87681,23.66643],[79.88337,23.66832],[79.89361,23.66602],[79.89763,23.66059],[79.8989,23.65937],[79.90092,23.65728],[79.90357,23.65641],[79.90596,23.65393],[79.90824,23.65282],[79.91019,23.64881],[79.91086,23.64707],[79.91115,23.64714],[79.91227,23.64644],[79.91604,23.64899],[79.9179,23.65284],[79.92015,23.65393],[79.92129,23.65512],[79.92278,23.66122],[79.92598,23.66226],[79.92595,23.66393],[79.92598,23.66569],[79.92927,23.66885],[79.9323,23.67395],[79.93511,23.67389],[79.93596,23.67478],[79.93765,23.67559],[79.94064,23.67714],[79.94216,23.674],[79.94802,23.67305],[79.95097,23.67311],[79.95292,23.67307],[79.9553,23.67671],[79.95848,23.67976],[79.9593,23.68061],[79.96047,23.68174],[79.9638,23.68309],[79.9693,23.67893],[79.97244,23.6774],[79.97939,23.67643],[79.98181,23.67391],[79.98428,23.67396],[79.98765,23.67223],[79.99105,23.6723],[79.99263,23.67394],[79.9945,23.67485],[79.99858,23.6791],[79.99856,23.67994],[79.99873,23.68014],[79.9985,23.68307],[79.99846,23.68477],[79.99848,23.6856],[79.99845,23.68708],[80.00431,23.69143],[80.00513,23.69228],[80.00681,23.69309],[80.00765,23.69481],[80.01014,23.69476],[80.01222,23.6948],[80.01513,23.69474],[80.016,23.69564],[80.01596,23.69727],[80.01602,23.70003],[80.02182,23.70434],[80.02528,23.70961],[80.02931,23.71059],[80.03096,23.71149],[80.03047,23.71197],[80.03082,23.7122],[80.02847,23.71422],[80.02848,23.71481],[80.02835,23.71493],[80.02839,23.71547],[80.02606,23.71748],[80.02082,23.71947],[80.02012,23.72103],[80.02016,23.72313],[80.02008,23.72321],[80.02012,23.72375],[80.01667,23.72672],[80.02348,23.72893],[80.02433,23.72981],[80.02429,23.73149],[80.02418,23.7316],[80.02413,23.73221],[80.02239,23.73371],[80.02348,23.73476],[80.0243,23.73811],[80.02572,23.73948],[80.02683,23.73719],[80.03103,23.73728],[80.03102,23.73788],[80.03108,23.73788],[80.031,23.7389],[80.03095,23.74143],[80.03515,23.74393],[80.03678,23.74563],[80.0442,23.74803],[80.05016,23.75111],[80.05529,23.748],[80.05708,23.74613],[80.06095,23.74813],[80.06665,23.74801],[80.06894,23.74919],[80.0713,23.7528],[80.07098,23.75311],[80.07118,23.75344],[80.0693,23.75505],[80.06932,23.75602],[80.06924,23.76004],[80.06943,23.76197],[80.06953,23.76224],[80.07648,23.76046],[80.08153,23.76251],[80.08263,23.76478],[80.08431,23.76726],[80.0854,23.7695],[80.08771,23.77062],[80.09007,23.77308],[80.09188,23.77396],[80.09392,23.77392],[80.09513,23.77143],[80.09601,23.77058],[80.10005,23.77066],[80.1018,23.76976],[80.1051,23.76816],[80.10596,23.76726],[80.10681,23.76644],[80.10765,23.76558],[80.1093,23.76561],[80.11423,23.76551],[80.1152,23.76651],[80.11639,23.77019],[80.12067,23.77165],[80.12674,23.76853],[80.12788,23.77439],[80.13263,23.77561],[80.13786,23.77646],[80.14549,23.78039],[80.15003,23.77819],[80.15158,23.7767],[80.15173,23.77408],[80.15157,23.77128],[80.15177,23.77098],[80.15176,23.77064]],[[72.72264,21.66597],[72.72264,21.66569],[72.72375,21.66569],[72.72375,21.66542],[72.72403,21.66542],[72.72403,21.66514],[72.7243,21.66514],[72.7243,21.66486],[72.72459,21.66486],[72.72459,21.66458],[72.72514,21.66458],[72.72514,21.6643],[72.72542,21.6643],[72.72542,21.66375],[72.72598,21.66375],[72.72598,21.66347],[72.72625,21.66347],[72.72625,21.6632],[72.72681,21.6632],[72.72681,21.66292],[72.72736,21.66292],[72.72736,21.66263],[72.72791,21.66264],[72.72791,21.66236],[72.72848,21.66236],[72.72847,21.66208],[72.72903,21.66208],[72.72903,21.66181],[72.72958,21.66181],[72.72958,21.66153],[72.72986,21.66153],[72.72986,21.66097],[72.73125,21.66097],[72.73125,21.66125],[72.73264,21.66125],[72.73264,21.66097],[72.73375,21.66097],[72.73375,21.6607],[72.73431,21.6607],[72.73431,21.66042],[72.73597,21.66042],[72.73597,21.66014],[72.73627,21.66014],[72.73681,21.66014],[72.73681,21.65986],[72.73736,21.65986],[72.73736,21.65959],[72.73792,21.65959],[72.73792,21.65903],[72.73903,21.65903],[72.73903,21.65931],[72.74097,21.65931],[72.74097,21.65903],[72.74181,21.65903],[72.74181,21.65875],[72.74236,21.65875],[72.74236,21.65847],[72.74292,21.65847],[72.74292,21.65875],[72.74319,21.65875],[72.74319,21.65819],[72.74403,21.65819],[72.74403,21.65875],[72.74512,21.65875],[72.74597,21.65875],[72.74597,21.65847],[72.74653,21.65847],[72.74653,21.65819],[72.7468,21.65819],[72.7468,21.65792],[72.74736,21.65792],[72.74736,21.65764],[72.74819,21.65764],[72.74819,21.65736],[72.74847,21.65736],[72.74847,21.65708],[72.74875,21.65708],[72.74875,21.6568],[72.74931,21.65682],[72.74931,21.65653],[72.74958,21.65653],[72.74958,21.65625],[72.74986,21.65625],[72.74986,21.65597],[72.75014,21.65597],[72.75014,21.65569],[72.75069,21.6557],[72.75069,21.65458],[72.75097,21.65458],[72.75097,21.65292],[72.75042,21.65292],[72.75042,21.65236],[72.75014,21.65236],[72.75014,21.65208],[72.74986,21.65208],[72.74986,21.65153],[72.74931,21.65153],[72.74931,21.65125],[72.74903,21.65125],[72.74903,21.65097],[72.74875,21.65097],[72.74875,21.65069],[72.74847,21.65069],[72.74847,21.65042],[72.74819,21.65042],[72.74819,21.65014],[72.74792,21.65014],[72.74792,21.64931],[72.74736,21.64931],[72.74736,21.64903],[72.74709,21.64903],[72.74709,21.64847],[72.7468,21.64847],[72.7468,21.6482],[72.74652,21.6482],[72.74652,21.64765],[72.74597,21.64765],[72.74597,21.6468],[72.7457,21.64681],[72.7457,21.64653],[72.74541,21.64653],[72.74541,21.64625],[72.74458,21.64625],[72.74458,21.64597],[72.74431,21.64597],[72.74431,21.6457],[72.74347,21.6457],[72.74347,21.64541],[72.74236,21.64542],[72.74236,21.64514],[72.74208,21.64514],[72.74208,21.64486],[72.73986,21.64486],[72.73986,21.64459],[72.73903,21.64459],[72.73903,21.64431],[72.73847,21.64431],[72.73847,21.64403],[72.73792,21.64403],[72.73792,21.64375],[72.73736,21.64375],[72.73736,21.64403],[72.73708,21.64403],[72.73708,21.64375],[72.73625,21.64375],[72.73625,21.64514],[72.73681,21.64514],[72.73681,21.64625],[72.73597,21.64625],[72.73597,21.64708],[72.73542,21.64708],[72.73542,21.64681],[72.73375,21.64681],[72.73375,21.64653],[72.73292,21.64653],[72.73292,21.64625],[72.73236,21.64625],[72.73236,21.64597],[72.7307,21.64597],[72.7307,21.6457],[72.73041,21.6457],[72.73041,21.64541],[72.73014,21.64542],[72.73014,21.64514],[72.72958,21.64514],[72.72958,21.64486],[72.72931,21.64486],[72.72931,21.64514],[72.72903,21.64514],[72.72903,21.64486],[72.72875,21.64486],[72.72875,21.64459],[72.72848,21.64459],[72.72848,21.64431],[72.7282,21.64431],[72.7282,21.64403],[72.72681,21.64403],[72.72681,21.64375],[72.72486,21.64375],[72.72486,21.64347],[72.7243,21.64347],[72.7243,21.64375],[72.72403,21.64375],[72.72403,21.64347],[72.72347,21.64347],[72.72347,21.64319],[72.7218,21.64319],[72.7218,21.64347],[72.72125,21.64347],[72.72125,21.64375],[72.72041,21.64375],[72.72041,21.64403],[72.71985,21.64403],[72.71985,21.64431],[72.71931,21.64431],[72.71931,21.64459],[72.7168,21.64459],[72.7168,21.64514],[72.71625,21.64514],[72.71625,21.64542],[72.71597,21.64541],[72.71597,21.6457],[72.7157,21.6457],[72.71569,21.64597],[72.71542,21.64597],[72.71542,21.64765],[72.71569,21.64765],[72.7157,21.6482],[72.71597,21.6482],[72.71597,21.64958],[72.71625,21.64958],[72.71625,21.65097],[72.71597,21.65097],[72.71597,21.65125],[72.7157,21.65125],[72.71569,21.65153],[72.71542,21.65153],[72.71542,21.65181],[72.71514,21.65181],[72.71514,21.65208],[72.71486,21.65208],[72.71486,21.65236],[72.71473,21.65236],[72.7143,21.65236],[72.7143,21.65264],[72.71375,21.65264],[72.71375,21.65292],[72.71347,21.65292],[72.71347,21.65319],[72.7132,21.65319],[72.7132,21.65347],[72.71291,21.65347],[72.71291,21.65375],[72.71264,21.65375],[72.71264,21.65431],[72.71236,21.65431],[72.71236,21.65486],[72.71208,21.65486],[72.71208,21.6557],[72.71181,21.6557],[72.71181,21.65625],[72.71152,21.65625],[72.71152,21.65653],[72.71098,21.65653],[72.71098,21.65736],[72.71069,21.65736],[72.71069,21.65764],[72.71042,21.65764],[72.71042,21.65819],[72.71014,21.65819],[72.71014,21.65903],[72.71041,21.65903],[72.71041,21.65986],[72.71069,21.65986],[72.71069,21.66014],[72.71098,21.66014],[72.71098,21.66042],[72.71125,21.66042],[72.71125,21.6607],[72.71152,21.6607],[72.71152,21.66097],[72.71181,21.66097],[72.71181,21.66125],[72.71236,21.66125],[72.71236,21.66153],[72.71264,21.66153],[72.71264,21.66208],[72.71291,21.66208],[72.71291,21.66236],[72.7132,21.66236],[72.7132,21.66264],[72.71347,21.66263],[72.71347,21.66292],[72.71375,21.66292],[72.71375,21.6632],[72.71403,21.6632],[72.71403,21.66347],[72.71458,21.66347],[72.71458,21.66375],[72.71486,21.66375],[72.71486,21.66403],[72.71542,21.66403],[72.71542,21.6643],[72.71597,21.6643],[72.71597,21.66458],[72.71653,21.66458],[72.71653,21.66486],[72.7168,21.66486],[72.7168,21.66514],[72.71736,21.66514],[72.71736,21.66542],[72.71819,21.66542],[72.71819,21.66569],[72.72041,21.66569],[72.72041,21.66597],[72.72264,21.66597]],[[72.5957,21.63903],[72.5957,21.63875],[72.59597,21.63875],[72.59596,21.63764],[72.5957,21.63764],[72.5957,21.63736],[72.59541,21.63736],[72.59541,21.63653],[72.59514,21.63653],[72.59514,21.63569],[72.59486,21.63569],[72.59486,21.63542],[72.59458,21.63542],[72.59458,21.63486],[72.59431,21.63486],[72.59431,21.63458],[72.59375,21.63458],[72.59375,21.63431],[72.59458,21.63431],[72.59458,21.63403],[72.59514,21.63403],[72.59514,21.63319],[72.59541,21.6332],[72.59541,21.63307],[72.59541,21.63095],[72.59541,21.63069],[72.5957,21.6307],[72.5957,21.63042],[72.59596,21.63042],[72.59596,21.63014],[72.59736,21.63014],[72.59736,21.63097],[72.59764,21.63097],[72.59764,21.63125],[72.59792,21.63125],[72.59792,21.63153],[72.59875,21.63153],[72.59875,21.63125],[72.59902,21.63125],[72.59902,21.63153],[72.59937,21.63153],[72.59959,21.63153],[72.59959,21.63181],[72.59986,21.63181],[72.59986,21.63236],[72.60047,21.63236],[72.60098,21.63236],[72.60098,21.63209],[72.60125,21.63209],[72.60125,21.63125],[72.60094,21.63125],[72.60069,21.63125],[72.60069,21.631],[72.60069,21.63069],[72.60094,21.63069],[72.60149,21.63069],[72.60208,21.63069],[72.60208,21.63097],[72.60236,21.63097],[72.60236,21.63125],[72.60264,21.63125],[72.60264,21.63153],[72.6032,21.63153],[72.6032,21.63125],[72.60347,21.63125],[72.60347,21.63097],[72.60375,21.63097],[72.60375,21.63181],[72.60403,21.6318],[72.60403,21.63209],[72.60431,21.63208],[72.60431,21.63236],[72.60458,21.63236],[72.60458,21.63265],[72.60515,21.63265],[72.60515,21.63292],[72.60541,21.63292],[72.60541,21.6332],[72.6057,21.6332],[72.6057,21.63347],[72.60541,21.63347],[72.60541,21.63458],[72.60709,21.63458],[72.60709,21.63486],[72.60792,21.63486],[72.60792,21.63514],[72.60847,21.63514],[72.60847,21.63486],[72.60875,21.63486],[72.60875,21.63514],[72.60902,21.63514],[72.60902,21.63486],[72.60958,21.63486],[72.60958,21.63514],[72.60986,21.63514],[72.60986,21.63542],[72.61069,21.63542],[72.61069,21.63569],[72.61153,21.63569],[72.61153,21.63486],[72.61125,21.63486],[72.61125,21.63458],[72.61097,21.63458],[72.61097,21.63431],[72.61069,21.63431],[72.61069,21.63347],[72.61042,21.63347],[72.61042,21.6332],[72.61014,21.6332],[72.61014,21.63264],[72.60931,21.63265],[72.60931,21.63292],[72.60819,21.63292],[72.60819,21.63265],[72.60764,21.63265],[72.60764,21.63236],[72.60736,21.63236],[72.60736,21.63208],[72.6068,21.63209],[72.6068,21.6318],[72.60653,21.63181],[72.60653,21.63153],[72.60625,21.63153],[72.60625,21.63125],[72.60597,21.63125],[72.60597,21.63097],[72.6057,21.63097],[72.6057,21.63069],[72.60515,21.6307],[72.60515,21.63042],[72.60486,21.63042],[72.60486,21.63014],[72.60458,21.63014],[72.60458,21.62986],[72.60431,21.62986],[72.60431,21.62958],[72.60347,21.62959],[72.60347,21.62903],[72.6032,21.62903],[72.6032,21.62847],[72.60291,21.62847],[72.60291,21.62792],[72.60264,21.62792],[72.60264,21.62764],[72.60236,21.62764],[72.60236,21.62736],[72.60208,21.62736],[72.60208,21.62681],[72.60152,21.62681],[72.60152,21.62625],[72.60181,21.62625],[72.60181,21.62569],[72.60208,21.62569],[72.60208,21.62458],[72.60236,21.62458],[72.60236,21.62403],[72.60291,21.62403],[72.60291,21.62346],[72.60264,21.62347],[72.60264,21.62319],[72.60291,21.62319],[72.60291,21.62153],[72.60264,21.62153],[72.60264,21.62042],[72.60236,21.62042],[72.60236,21.62014],[72.60209,21.62014],[72.60209,21.61958],[72.60181,21.61958],[72.60181,21.61931],[72.60125,21.61931],[72.60125,21.61903],[72.60098,21.61903],[72.60098,21.61875],[72.60042,21.61875],[72.60042,21.61847],[72.59986,21.61847],[72.59986,21.6182],[72.59959,21.6182],[72.59959,21.61764],[72.5992,21.61765],[72.59902,21.61765],[72.59902,21.61736],[72.59847,21.61736],[72.59847,21.61765],[72.59764,21.61765],[72.59764,21.61792],[72.59736,21.61791],[72.59736,21.6182],[72.59709,21.6182],[72.59709,21.61958],[72.59625,21.61958],[72.59625,21.61931],[72.5957,21.61931],[72.5957,21.61903],[72.59541,21.61903],[72.59541,21.61875],[72.59431,21.61875],[72.59431,21.61903],[72.59375,21.61903],[72.59375,21.61875],[72.59319,21.61875],[72.59319,21.61903],[72.59264,21.61903],[72.59264,21.61931],[72.59209,21.61931],[72.59209,21.61958],[72.5918,21.61958],[72.5918,21.61986],[72.59153,21.61986],[72.59153,21.62014],[72.59125,21.62014],[72.59125,21.62042],[72.5907,21.62042],[72.59069,21.62071],[72.59042,21.62071],[72.59042,21.62181],[72.59014,21.62181],[72.59014,21.62208],[72.58986,21.62208],[72.58986,21.62236],[72.59015,21.62236],[72.59015,21.62292],[72.59042,21.62292],[72.59042,21.62319],[72.59097,21.62319],[72.59097,21.62375],[72.59125,21.62375],[72.59125,21.62458],[72.59097,21.62458],[72.59097,21.62514],[72.5907,21.62514],[72.59069,21.62597],[72.59042,21.62597],[72.59042,21.62653],[72.59015,21.62652],[72.59015,21.62681],[72.5893,21.62681],[72.5893,21.62736],[72.58903,21.62736],[72.58903,21.62792],[72.58875,21.62792],[72.58875,21.62903],[72.58847,21.62903],[72.58847,21.62959],[72.5882,21.62959],[72.5882,21.63014],[72.58791,21.63014],[72.58791,21.6307],[72.5882,21.6307],[72.5882,21.63236],[72.58847,21.63236],[72.58847,21.63257],[72.58847,21.63292],[72.58875,21.63292],[72.58875,21.6332],[72.58903,21.63319],[72.58903,21.63375],[72.5893,21.63375],[72.5893,21.63403],[72.59042,21.63403],[72.59042,21.63417],[72.59042,21.63542],[72.59097,21.63542],[72.59097,21.63569],[72.59125,21.63569],[72.59125,21.63597],[72.59153,21.63597],[72.59153,21.63625],[72.59209,21.63625],[72.59209,21.63681],[72.59236,21.63681],[72.59236,21.6382],[72.59264,21.63819],[72.59264,21.63847],[72.59375,21.63846],[72.59375,21.63875],[72.59402,21.63875],[72.59402,21.63903],[72.5957,21.63903]],[[72.60958,21.62903],[72.60958,21.62875],[72.60931,21.62875],[72.60931,21.62792],[72.60902,21.62792],[72.60902,21.62708],[72.60875,21.62708],[72.60875,21.62653],[72.60847,21.62653],[72.60847,21.62569],[72.60819,21.62569],[72.60819,21.62486],[72.60792,21.62486],[72.60792,21.62431],[72.60764,21.62431],[72.60764,21.62403],[72.60792,21.62403],[72.60792,21.62292],[72.60764,21.62292],[72.60764,21.62236],[72.60736,21.62236],[72.60736,21.62181],[72.60764,21.62181],[72.60764,21.62097],[72.60792,21.62097],[72.60792,21.6207],[72.60764,21.62071],[72.60764,21.62014],[72.60736,21.62014],[72.60736,21.61903],[72.6068,21.61903],[72.6068,21.61931],[72.60625,21.61931],[72.60625,21.61958],[72.60515,21.61958],[72.60515,21.62014],[72.60541,21.62014],[72.60541,21.62097],[72.60515,21.62097],[72.60515,21.62181],[72.60486,21.62181],[72.60486,21.62319],[72.60515,21.62319],[72.60515,21.62403],[72.60541,21.62403],[72.60541,21.62486],[72.6057,21.62486],[72.6057,21.62569],[72.60597,21.62569],[72.60597,21.62736],[72.60625,21.62736],[72.60625,21.62847],[72.60792,21.62847],[72.60792,21.62875],[72.60819,21.62875],[72.60819,21.62903],[72.60958,21.62903]],[[72.59653,21.64125],[72.59653,21.64097],[72.59764,21.64097],[72.59764,21.64069],[72.59792,21.64069],[72.59792,21.64042],[72.5982,21.64042],[72.5982,21.64014],[72.59847,21.64014],[72.59847,21.63986],[72.59959,21.63986],[72.59959,21.63958],[72.59986,21.63958],[72.59986,21.63986],[72.60014,21.63986],[72.60014,21.64014],[72.60098,21.64014],[72.60098,21.64042],[72.60208,21.64042],[72.60208,21.64125],[72.60264,21.64125],[72.60264,21.64097],[72.60236,21.64097],[72.60236,21.64069],[72.60264,21.64069],[72.60264,21.63986],[72.60208,21.63986],[72.60208,21.63931],[72.60181,21.63931],[72.60181,21.63875],[72.60014,21.63875],[72.60014,21.63846],[72.59986,21.63847],[72.59986,21.63819],[72.59959,21.6382],[72.59959,21.63792],[72.5993,21.63792],[72.5993,21.63736],[72.59959,21.63736],[72.59959,21.63708],[72.59875,21.63708],[72.59875,21.63736],[72.5982,21.63736],[72.5982,21.63764],[72.59792,21.63764],[72.59792,21.63847],[72.59764,21.63846],[72.59764,21.63875],[72.59736,21.63875],[72.59736,21.63903],[72.59709,21.63903],[72.59709,21.63958],[72.5968,21.63958],[72.5968,21.64014],[72.59625,21.64014],[72.59625,21.64042],[72.59597,21.64042],[72.59597,21.64069],[72.5957,21.64069],[72.5957,21.64097],[72.59596,21.64097],[72.59596,21.64125],[72.59653,21.64125]],[[72.58459,21.62903],[72.58459,21.62708],[72.5843,21.62708],[72.5843,21.62625],[72.58402,21.62625],[72.58402,21.62597],[72.58153,21.62597],[72.58153,21.62625],[72.58125,21.62625],[72.58125,21.62708],[72.58153,21.62708],[72.58153,21.62736],[72.58208,21.62736],[72.58208,21.62764],[72.58236,21.62764],[72.58236,21.62792],[72.58264,21.62792],[72.58264,21.62819],[72.58319,21.62819],[72.58319,21.62875],[72.58347,21.62875],[72.58347,21.62903],[72.58459,21.62903]],[[72.61708,21.63847],[72.61708,21.63764],[72.61681,21.63764],[72.61681,21.63736],[72.61653,21.63736],[72.61653,21.63708],[72.61625,21.63708],[72.61625,21.63681],[72.61597,21.6368],[72.61598,21.63625],[72.61569,21.63625],[72.61569,21.63597],[72.61542,21.63597],[72.61542,21.63569],[72.61514,21.63569],[72.61514,21.63542],[72.61459,21.63542],[72.61459,21.63597],[72.61429,21.63597],[72.61429,21.63653],[72.61459,21.63653],[72.61459,21.63681],[72.61486,21.63681],[72.61486,21.63708],[72.61542,21.63708],[72.61542,21.63736],[72.61569,21.63736],[72.61569,21.63764],[72.61597,21.63764],[72.61597,21.63792],[72.61653,21.63792],[72.61653,21.6382],[72.61681,21.63819],[72.61681,21.63847],[72.61708,21.63847]],[[72.61181,21.63209],[72.61181,21.63153],[72.61153,21.63153],[72.61153,21.63125],[72.61125,21.63125],[72.61125,21.6307],[72.61114,21.6307],[72.61096,21.6307],[72.61096,21.63042],[72.6107,21.63042],[72.61069,21.63042],[72.61069,21.63034],[72.61069,21.62986],[72.61059,21.62986],[72.61042,21.62986],[72.61042,21.62958],[72.60986,21.62959],[72.60986,21.63042],[72.61014,21.63042],[72.61014,21.63125],[72.61042,21.63125],[72.61042,21.63153],[72.61069,21.63154],[72.61069,21.63181],[72.61098,21.63181],[72.61125,21.6318],[72.61125,21.63209],[72.61181,21.63209]],[[72.61736,21.63931],[72.61903,21.63931],[72.61903,21.63958],[72.61958,21.63958],[72.61958,21.63931],[72.62015,21.63931],[72.62015,21.63903],[72.61903,21.63903],[72.61903,21.63875],[72.61847,21.63875],[72.61847,21.63846],[72.61764,21.63846],[72.61764,21.63903],[72.61708,21.63903],[72.61708,21.63958],[72.61736,21.63958],[72.61736,21.63931]],[[72.56792,21.6657],[72.56792,21.66569],[72.56791,21.66569],[72.56792,21.6657]],[[72.53764,21.66431],[72.53764,21.6643],[72.53764,21.66431]]]},"properties":{"id":1,"Name":"Narmada"}}]}