{"type":"FeatureCollection","name":"basin_horti_joined","features":[{"type":"Feature","properties":{"district":"Bharuch","state":"GUJARAT","Aonla_Area":null,"Aonla_Production":null,"Aonla_Productivity":null,"Banana_Area":10765.0,"Banana_Production":877318.0,"Banana_Productivity":81.5,"Mango_Area":3572.0,"Mango_Production":25037.0,"Mango_Productivity":7.01,"Guava_Area":null,"Guava_Production":null,"Guava_Productivity":null,"Papaya_Area":993.0,"Papaya_Production":58809.0,"Papaya_Productivity":59.22,"Pomegranate_Area":58.4,"Pomegranate_Production":700.8,"Pomegranate_Productivity":12.0,"Watermelon_Area":null,"Watermelon_Production":null,"Watermelon_Productivity":null,"Custard_Apple_Area":null,"Custard_Apple_Production":null,"Custard_Apple_Productivity":null,"Ber_Area":534.0,"Ber_Production":5118.0,"Ber_Productivity":9.58,"Citrus_Area":243.0,"Citrus_Production":2398.0,"Citrus_Productivity":9.87,"Sapota_Area":395.0,"Sapota_Production":3612.0,"Sapota_Productivity":9.14,"Total_Fruits_Area":17194.0,"Total_Fruits_Production":978545.0,"Total_Fruits_Productivity":56.91,"Brinjal_Area":1448.0,"Brinjal_Production":25046.0,"Brinjal_Productivity":17.3,"Cabbage_Area":162.0,"Cabbage_Production":3135.0,"Cabbage_Productivity":19.35,"Cauliflower_Area":154.0,"Cauliflower_Production":1835.0,"Cauliflower_Productivity":11.92,"Onion_Area":null,"Onion_Production":null,"Onion_Productivity":null,"Tomato_Area":591.0,"Tomato_Production":12169.0,"Tomato_Productivity":20.59,"Potato_Area":null,"Potato_Production":null,"Potato_Productivity":null,"Green_Chilly_Area":425.0,"Green_Chilly_Production":7835.0,"Green_Chilly_Productivity":18.44,"Okra_Area":3146.0,"Okra_Production":32909.0,"Okra_Productivity":10.46,"Total_Vegetables_Area":15333.0,"Total_Vegetables_Production":218496.0,"Total_Vegetables_Productivity":14.25,"Garlic_Area":null,"Garlic_Production":null,"Garlic_Productivity":null,"Ginger_Area":90.0,"Ginger_Production":1737.0,"Ginger_Productivity":19.3,"Turmeric_Area":57.0,"Turmeric_Production":740.0,"Turmeric_Productivity":12.98,"Total_Spices_Area":652.0,"Total_Spices_Production":3483.0,"Total_Spices_Productivity":5.34,"Marigold_Area":344.0,"Marigold_Production":3202.0,"Marigold_Productivity":9.31,"Rose_Area":588.0,"Rose_Production":5600.0,"Rose_Productivity":9.52,"Total_Flowers_Area":218.0,"Total_Flowers_Production":2163.0,"Total_Flowers_Productivity":9.92,"Grand_Total_Area":34371.0,"Grand_Total_Production":1211709.0,"Grand_Total_Productivity":35.25},"geometry":{"type":"MultiPolygon","coordinates":[[[[72.73625117991179,21.643752028356648],[72.7398621798133,21.64475400805854],[72.73986217981474,21.644590028362433],[72.73625117991179,21.643752028356648]]],[[[72.74187614616845,21.645157066376626],[72.74208117975718,21.644861028372063],[72.74056475963904,21.644861031895587],[72.74187614616845,21.645157066376626]]],[[[72.7293091800732,21.645095257935775],[72.72957618006856,21.644861028279095],[72.72930918007525,21.64486102827711],[72.7293091800732,21.645095257935775]]],[[[72.74330692181945,21.645787744442107],[72.74540717966248,21.646249028361982],[72.74262263680644,21.645418859599015],[72.74330692181945,21.645787744442107]]],[[[72.74680417960998,21.648335625317465],[72.74680417961115,21.648196028323518],[72.74662939452945,21.64819849884545],[72.74680417960998,21.648335625317465]]],[[[72.74709317960092,21.648562357290622],[72.7470931796017,21.6484690283188],[72.74697577278957,21.648470247140583],[72.74709317960092,21.648562357290622]]],[[[72.71613556411128,21.647653739137528],[72.72266737609023,21.64576747746169],[72.72902718008226,21.644861028275024],[72.72180218027643,21.643193028263088],[72.71613556411128,21.647653739137528]]],[[[72.7520848794632,21.650140828313894],[72.78457617869894,21.6448612286869],[72.81589855087692,21.65284758515223],[72.82591763011563,21.63561881957409],[72.816336179976,21.620781661813627],[72.79322973864438,21.608448710408794],[72.77065399496517,21.609050405522716],[72.7220810070547,21.584514063361695],[72.7188114461188,21.591653089155805],[72.70721142558595,21.58583265567856],[72.70205394418957,21.592080494992132],[72.70151981877854,21.58797310062006],[72.69512391551723,21.588474905745738],[72.69242184616087,21.581393344269355],[72.67054677513693,21.573083411093513],[72.65975725070226,21.55690627088706],[72.64691631157164,21.547575218340988],[72.64417445116902,21.533861447661888],[72.63069958344406,21.539040330202],[72.61417938372296,21.554625429683874],[72.60791818363248,21.583195028916442],[72.62069718320052,21.596250528684365],[72.62930318280091,21.61765102821109],[72.63846798254848,21.62042052821064],[72.64791918234152,21.61708262836569],[72.65791528200148,21.62764172817552],[72.67514118156015,21.629030228269965],[72.69532607482986,21.64469417223832],[72.71097778051552,21.646760822945033],[72.71819518039706,21.63958172832687],[72.73486317998417,21.639307028457914],[72.7479154796307,21.642642028471172],[72.7520848794632,21.650140828313894]]],[[[73.25687559894062,21.935563002031024],[73.27743077485047,21.913842948988606],[73.27886407630923,21.90508356139647],[73.30383156312487,21.88750793493923],[73.29984189153463,21.874356844069236],[73.3085168819601,21.851407707117307],[73.30242757592148,21.850127350278704],[73.30298809308486,21.84147112270975],[73.29694019601699,21.83626198156163],[73.30167199273343,21.832850305561074],[73.29934843476738,21.8274892635041],[73.30856873725573,21.822291174968026],[73.31632878832377,21.82682317606395],[73.31491289598628,21.83014438627092],[73.32917626767662,21.83471141168499],[73.33486492346564,21.83138031999064],[73.33683678973757,21.817490770641744],[73.33236405141379,21.81602210978878],[73.33598755938448,21.81035136037466],[73.34759252800163,21.814381500677143],[73.35588158559283,21.810341130175715],[73.36694130703572,21.799265175234346],[73.37417961479562,21.78041252531993],[73.3954177250858,21.775814118240724],[73.3943179868376,21.760266915850412],[73.40971603599593,21.749716654698407],[73.40399658131471,21.729888183047443],[73.39325790236923,21.72205884960316],[73.39547756289682,21.71707928021803],[73.4029566393217,21.7180691413719],[73.40697617087993,21.709279825567123],[73.43156319900898,21.717908987332557],[73.4396821458128,21.709429594922486],[73.45322053336486,21.71924881055262],[73.46911857628345,21.720898600459673],[73.47805740089284,21.70401991578157],[73.4876761972058,21.70398981178299],[73.48758614101277,21.693540626474228],[73.49985463629451,21.681231558591534],[73.4870261276425,21.67779186526596],[73.47427759721683,21.660163286567943],[73.47697724879112,21.647364300917012],[73.4857561338849,21.638904922976092],[73.47838697904838,21.63186549153251],[73.4822364420286,21.61088702916032],[73.47075784425282,21.609007243768353],[73.47348741520038,21.593808417752104],[73.45023010352362,21.57536993847376],[73.44147109434643,21.557211376273226],[73.44160098982827,21.538532893607584],[73.45279955912909,21.527953614116836],[73.42584620665015,21.524255548870943],[73.41578756378306,21.54220703572987],[73.42753966344635,21.547807435667647],[73.42865526338164,21.552602135554213],[73.42337296343396,21.562944135257904],[73.42749286329082,21.568187435153447],[73.41901026346015,21.573685334957794],[73.41946546339005,21.581321234768534],[73.42897546317923,21.57789283491892],[73.43753966288303,21.588640734705894],[73.43760076280316,21.59883303444974],[73.44263556267839,21.598745734485778],[73.45341166228751,21.614707034156588],[73.43086556256178,21.652029433067856],[73.41681516294686,21.647387733089754],[73.41842316292971,21.64442873317479],[73.40516396330588,21.63840843323656],[73.40131056345813,21.631111833393764],[73.38894006378476,21.628687533370993],[73.37893166399265,21.633994933169923],[73.33976986503504,21.62529133312228],[73.33952376515388,21.610835533483893],[73.32697116555082,21.600065733669087],[73.29179156639033,21.60480873330876],[73.26725196707935,21.59498533338707],[73.25578176734888,21.597070533255433],[73.24652686762852,21.590889333347125],[73.21692806832715,21.595872833016525],[73.20584206863396,21.59205563303561],[73.18364636929951,21.5780139332345],[73.17282536957339,21.57754393317075],[73.15336417024179,21.55473243360949],[73.13184847088985,21.540985733805247],[73.11582617126237,21.544474133604457],[73.10919707136716,21.552041233366765],[73.07671858652994,21.546253781509733],[73.06811679992165,21.56375262845092],[73.05446855121696,21.569102292652843],[73.04687942464119,21.563442764860948],[73.04843912209991,21.542144421906045],[73.03660055341805,21.5346650694022],[73.03966144294553,21.52355274685238],[73.01826745100303,21.513584818359668],[73.02085236724815,21.520856197864298],[73.01613302397327,21.52554590596434],[73.0078640105392,21.524006006442267],[72.99579437425443,21.541845622264493],[72.98631619239991,21.54138471237313],[72.98378752277316,21.52283561788425],[72.94128400827982,21.512467466795258],[72.9528503356932,21.48396752628979],[72.92339363700735,21.46799170855741],[72.89193657738569,21.48134803359649],[72.88187907743213,21.50610033289691],[72.86511037783417,21.5082739327196],[72.86084627801702,21.49916753291871],[72.85131617825346,21.499456932841728],[72.8275659789765,21.484228133052987],[72.80552927943215,21.495789932598402],[72.79784567954042,21.505810632288267],[72.78851747980302,21.502395632305802],[72.7899370797418,21.505431732239494],[72.77795268002826,21.507082932109178],[72.77341048017531,21.50315463217496],[72.76126338044075,21.507764831968466],[72.7511043807184,21.505049531961713],[72.74420698080604,21.515105631656244],[72.73467548104244,21.51538763157831],[72.72056208142078,21.512479231546784],[72.7034378820216,21.49235623192793],[72.69157668232404,21.49178033185384],[72.6865857824132,21.49599013170999],[72.68241668260842,21.485398631946822],[72.68921348247547,21.48099923210907],[72.65125318366294,21.45365653251711],[72.65625818344105,21.464860932270724],[72.65207618354124,21.465421032225045],[72.66485428311316,21.477922432004412],[72.6723334309661,21.49745034743929],[72.67704415059657,21.503029197278252],[72.68697933521592,21.50141739939927],[72.70283052121212,21.525668826174464],[72.70787113297231,21.528437347449234],[72.71075890506017,21.521228624165335],[72.71489010699506,21.52200972447384],[72.71197138246279,21.527245190703663],[72.72997905268019,21.527139356450654],[72.72560946026772,21.5297755088873],[72.73874535404174,21.534026890795282],[72.73710662186902,21.530469094297914],[72.7500001620355,21.52751900133548],[72.75007370144294,21.54170731385094],[72.76276577068995,21.54887313090037],[72.77022342051393,21.56251549493169],[72.76133454782789,21.564582518883046],[72.76006345395406,21.56033235904029],[72.75445401885517,21.56627566049634],[72.76210528010945,21.56678219412513],[72.76261206151781,21.573303228712035],[72.76356643416933,21.56888296163453],[72.76759231061737,21.56940491233256],[72.7668937755271,21.573983415938127],[72.77388133591869,21.571463424902802],[72.7850913457845,21.587351598639522],[72.80224052044963,21.587213343404798],[72.79772263259835,21.59559982726755],[72.82032878526857,21.61111035433894],[72.83014587891466,21.628449020962158],[72.82845767012553,21.650914869313326],[72.8416840786154,21.655816763027843],[72.86790666552483,21.642217253155884],[72.87333932372647,21.644924501507482],[72.87284385683714,21.663481195964476],[72.8772379436154,21.672558637396605],[72.89498288259388,21.675054723149135],[72.90683109807182,21.664902994903727],[72.96297845852868,21.6740346857989],[72.96114135749141,21.681894683826012],[72.92277526677327,21.67598129942632],[72.8619067445062,21.687591208754526],[72.83373847725525,21.671002452821295],[72.79818717821937,21.661529028369173],[72.76221455151833,21.67001609217593],[72.74590906917548,21.688460507305415],[72.73696781294906,21.691132781369923],[72.71291049644877,21.679583391641906],[72.69814239018798,21.684382585793454],[72.68533525770985,21.681466158507583],[72.67133696276217,21.6890442723542],[72.65585791460857,21.680827274444546],[72.62156414592783,21.68225380554496],[72.60540293351481,21.687727091586105],[72.6006328341954,21.685855554346894],[72.60517331714303,21.683273764955644],[72.55375118432693,21.658769254100736],[72.54355231124691,21.660507282826025],[72.53430568198738,21.671533911349922],[72.55158968421884,21.677319326123946],[72.55561378402682,21.687852325890688],[72.58846758310378,21.700080325834396],[72.60211318258814,21.720433425428688],[72.63752918143778,21.75184292491168],[72.67732818024804,21.775518724620376],[72.70096607961386,21.781247124654506],[72.81473417639009,21.829706024292122],[72.83258217585085,21.841423524132175],[72.83713407560826,21.85690612378118],[72.85539417514218,21.858814123867557],[72.86536247483771,21.865821123766565],[72.89097747420708,21.865775923954487],[72.9039401738681,21.868131923990333],[72.9083214737148,21.87357462388722],[72.92235857337086,21.873361223994305],[72.92002957350174,21.864524324196594],[72.92794277351808,21.839099224885103],[72.9406225731408,21.846880324783616],[72.94049657298687,21.865815424312746],[72.95791747249152,21.873814924240083],[72.96327377225681,21.88624022397081],[72.9904650716532,21.878288924363364],[73.0020999713192,21.88408082430324],[73.00884437117645,21.881257724421566],[73.01025987110845,21.885293124331675],[73.01395967104685,21.8817041244471],[73.03809887042533,21.885060224536304],[73.03817127036713,21.89195002436614],[73.06236361290873,21.901970979981595],[73.05923967333429,21.88229800950528],[73.07180811385754,21.877078387399912],[73.08590638945888,21.88068801629462],[73.09119570566588,21.87224866394116],[73.12536154051482,21.87762808743812],[73.13193069337632,21.86616888043461],[73.14211718593546,21.86433954822926],[73.14180501407198,21.85462434814868],[73.15918730956015,21.855774571023698],[73.187273685927,21.829191473826096],[73.20150196316419,21.822391938525044],[73.21665006423727,21.823611771155218],[73.24629436113844,21.84064765229405],[73.24898629900373,21.859628837823287],[73.24765648321313,21.866768306336976],[73.22415956042934,21.89440629949533],[73.22200989008222,21.915924599760544],[73.24235749722763,21.933983102148122],[73.25687559894062,21.935563002031024]]],[[[73.09043615982722,21.92963413691603],[73.09154594337778,21.92130481037936],[73.07959580339615,21.915732757818237],[73.07876886909347,21.92574962381824],[73.09043615982722,21.92963413691603]]]]}},{"type":"Feature","properties":{"district":"Surat","state":"GUJARAT","Aonla_Area":null,"Aonla_Production":null,"Aonla_Productivity":null,"Banana_Area":2180.0,"Banana_Production":151668.0,"Banana_Productivity":69.57,"Mango_Area":10893.0,"Mango_Production":78275.0,"Mango_Productivity":7.19,"Guava_Area":800.0,"Guava_Production":10272.0,"Guava_Productivity":12.84,"Papaya_Area":63.0,"Papaya_Production":3757.0,"Papaya_Productivity":59.63,"Pomegranate_Area":750.0,"Pomegranate_Production":4875.0,"Pomegranate_Productivity":6.5,"Watermelon_Area":875.0,"Watermelon_Production":15163.75,"Watermelon_Productivity":17.33,"Custard_Apple_Area":null,"Custard_Apple_Production":null,"Custard_Apple_Productivity":null,"Ber_Area":17.0,"Ber_Production":100.0,"Ber_Productivity":5.88,"Citrus_Area":71.0,"Citrus_Production":530.0,"Citrus_Productivity":7.46,"Sapota_Area":892.0,"Sapota_Production":9180.0,"Sapota_Productivity":10.29,"Total_Fruits_Area":14419.0,"Total_Fruits_Production":246418.0,"Total_Fruits_Productivity":17.09,"Brinjal_Area":5498.0,"Brinjal_Production":111132.0,"Brinjal_Productivity":20.21,"Cabbage_Area":795.0,"Cabbage_Production":15983.0,"Cabbage_Productivity":20.1,"Cauliflower_Area":1222.0,"Cauliflower_Production":25571.0,"Cauliflower_Productivity":20.93,"Onion_Area":233.0,"Onion_Production":5048.0,"Onion_Productivity":21.67,"Tomato_Area":1044.0,"Tomato_Production":21287.0,"Tomato_Productivity":20.39,"Potato_Area":null,"Potato_Production":null,"Potato_Productivity":null,"Green_Chilly_Area":1594.0,"Green_Chilly_Production":29852.0,"Green_Chilly_Productivity":18.73,"Okra_Area":16483.0,"Okra_Production":236073.0,"Okra_Productivity":14.32,"Total_Vegetables_Area":44664.0,"Total_Vegetables_Production":699481.0,"Total_Vegetables_Productivity":15.66,"Garlic_Area":89.0,"Garlic_Production":466.0,"Garlic_Productivity":5.23,"Ginger_Area":84.0,"Ginger_Production":1494.0,"Ginger_Productivity":17.79,"Turmeric_Area":365.0,"Turmeric_Production":7802.0,"Turmeric_Productivity":21.38,"Total_Spices_Area":810.0,"Total_Spices_Production":10239.0,"Total_Spices_Productivity":12.64,"Marigold_Area":227.0,"Marigold_Production":2211.0,"Marigold_Productivity":9.74,"Rose_Area":48.0,"Rose_Production":448.0,"Rose_Productivity":9.33,"Total_Flowers_Area":376.0,"Total_Flowers_Production":3552.0,"Total_Flowers_Productivity":9.45,"Grand_Total_Area":60269.0,"Grand_Total_Production":959690.0,"Grand_Total_Productivity":15.92},"geometry":{"type":"MultiPolygon","coordinates":[[[[73.45512924902158,21.52528382925361],[73.4653479842382,21.519924185591965],[73.46833755522222,21.508285076996035],[73.48801522641563,21.515384457363613],[73.48607532312127,21.494466091607748],[73.49445422338614,21.485646744106138],[73.51073229877568,21.487446535310657],[73.5278800848775,21.479427030845272],[73.54809764095906,21.480296890961],[73.555046773086,21.474527292548704],[73.59909139732092,21.48465627162578],[73.60693038633795,21.47250724344333],[73.62865777156316,21.47287711287086],[73.64947521170572,21.48056642349614],[73.66688570703681,21.472400673866993],[73.66776725804507,21.467009439297414],[73.65393895843906,21.4606231393695],[73.65152605878349,21.42231984032556],[73.6418276590439,21.420063440319733],[73.6306468594252,21.406552640590185],[73.63326335948088,21.390209441022833],[73.61761405992672,21.383205541098846],[73.61136776003717,21.38946654089874],[73.6025166602912,21.385264340947682],[73.60164166025599,21.39292784074701],[73.59676946038151,21.39253644072507],[73.58656756055835,21.403189940387232],[73.5644257610953,21.405815440174866],[73.55696306121538,21.414793639897546],[73.56080766107559,21.42053993977687],[73.55745386113807,21.423429439681392],[73.55153456131616,21.419528439741423],[73.5484596613562,21.424466239595766],[73.54305636161052,21.408739839959484],[73.52398376209655,21.407862139855563],[73.51509726228645,21.412292339684054],[73.50704716253534,21.406150139786646],[73.50515986243033,21.42624693926355],[73.48921446278126,21.432777138991565],[73.48237976297686,21.429627539025933],[73.47746516300732,21.44183393868339],[73.46579596328667,21.443610438560327],[73.45721546344394,21.451211738310125],[73.45512556339197,21.46486613794999],[73.45996266322203,21.471227637821254],[73.45544836330853,21.47471213770277],[73.4495919632659,21.499452137037263],[73.43904676350147,21.50315873687279],[73.43746266342433,21.51838703647721],[73.4262662637119,21.51741413642648],[73.42660274778657,21.524623983839756],[73.45512924902158,21.52528382925361]]],[[[72.99462323358114,21.542425236928786],[73.0078640105392,21.524006006442267],[73.01613302397327,21.52554590596434],[73.02066244792736,21.521246166948274],[73.01826745100303,21.513584818359668],[73.00913857418278,21.51355193362763],[73.00411287438939,21.50367263384144],[72.98817667477655,21.505156633689666],[72.97496817514907,21.500088433722958],[72.95796497576497,21.477034134183942],[72.92339363700735,21.46799170855741],[72.9528503356932,21.48396752628979],[72.94128400827982,21.512467466795258],[72.98378752277316,21.52283561788425],[72.98471756625122,21.540134928037137],[72.99462323358114,21.542425236928786]]],[[[73.05505845845967,21.569262351435874],[73.06868680276371,21.5630026877278],[73.07671858652994,21.546253781509733],[73.03966144294553,21.52355274685238],[73.0369805199732,21.53554502532147],[73.04843912209991,21.542144421906045],[73.04687942464119,21.563442764860948],[73.05505845845967,21.569262351435874]]]]}},{"type":"Feature","properties":{"district":"Alirajpur","state":"MADHYA PRADESH","Aonla_Area":90.0,"Aonla_Production":1193.4,"Aonla_Productivity":13.26,"Banana_Area":null,"Banana_Production":null,"Banana_Productivity":null,"Mango_Area":3798.0,"Mango_Production":48464.14,"Mango_Productivity":12.76,"Guava_Area":450.5,"Guava_Production":8496.43,"Guava_Productivity":18.86,"Papaya_Area":261.0,"Papaya_Production":4108.14,"Papaya_Productivity":15.74,"Pomegranate_Area":4.5,"Pomegranate_Production":35.1,"Pomegranate_Productivity":7.8,"Watermelon_Area":430.0,"Watermelon_Production":12470.0,"Watermelon_Productivity":29.0,"Custard_Apple_Area":358.0,"Custard_Apple_Production":6483.38,"Custard_Apple_Productivity":18.11,"Ber_Area":null,"Ber_Production":null,"Ber_Productivity":null,"Citrus_Area":null,"Citrus_Production":null,"Citrus_Productivity":null,"Sapota_Area":null,"Sapota_Production":null,"Sapota_Productivity":null,"Total_Fruits_Area":5916.35,"Total_Fruits_Production":88674.86,"Total_Fruits_Productivity":14.99,"Brinjal_Area":418.5,"Brinjal_Production":8595.98,"Brinjal_Productivity":20.54,"Cabbage_Area":278.0,"Cabbage_Production":6922.16,"Cabbage_Productivity":24.9,"Cauliflower_Area":515.0,"Cauliflower_Production":13745.35,"Cauliflower_Productivity":26.69,"Onion_Area":154.5,"Onion_Production":3881.0,"Onion_Productivity":25.12,"Tomato_Area":12.3,"Tomato_Production":317.71,"Tomato_Productivity":25.83,"Potato_Area":528.25,"Potato_Production":29333.73,"Potato_Productivity":55.53,"Green_Chilly_Area":64.5,"Green_Chilly_Production":531.73,"Green_Chilly_Productivity":8.24,"Okra_Area":12.0,"Okra_Production":262.2,"Okra_Productivity":21.85,"Total_Vegetables_Area":6306.3,"Total_Vegetables_Production":134777.28,"Total_Vegetables_Productivity":21.37,"Garlic_Area":1234.3,"Garlic_Production":13515.59,"Garlic_Productivity":10.95,"Ginger_Area":512.4,"Ginger_Production":10002.0,"Ginger_Productivity":19.52,"Turmeric_Area":436.0,"Turmeric_Production":8432.22,"Turmeric_Productivity":19.34,"Total_Spices_Area":5083.9,"Total_Spices_Production":39875.03,"Total_Spices_Productivity":7.84,"Marigold_Area":490.5,"Marigold_Production":3997.91,"Marigold_Productivity":8.15,"Rose_Area":64.9,"Rose_Production":360.24,"Rose_Productivity":5.55,"Total_Flowers_Area":490.5,"Total_Flowers_Production":3997.91,"Total_Flowers_Productivity":8.15,"Grand_Total_Area":18683.35,"Grand_Total_Production":271563.16,"Grand_Total_Productivity":14.54},"geometry":{"type":"MultiPolygon","coordinates":[[[[74.15711764945911,22.412332891871852],[74.17523357521985,22.418062502651726],[74.1791552936117,22.387993830242596],[74.16514533374897,22.397254399234992],[74.16503624227715,22.405874174459797],[74.15711764945911,22.412332891871852]]],[[[74.33304643365798,22.62351321498155],[74.34875323329011,22.622932815086358],[74.39293293233678,22.609080815670655],[74.39226903242009,22.598938515908333],[74.40082313222446,22.597872815982804],[74.4024002323778,22.56919111667544],[74.41920853200446,22.565336316863647],[74.43834143171006,22.54115551755016],[74.45172802047746,22.53872814466122],[74.46585083113854,22.52865091800536],[74.47910803080671,22.5311881180198],[74.4826617307822,22.52203451825873],[74.51909312993232,22.51948911852489],[74.53170692968662,22.51112211879576],[74.54544172935157,22.51239481884215],[74.54941562921162,22.519415518696423],[74.55633912905326,22.518432218758548],[74.55754022897992,22.525372818599244],[74.56945902867467,22.52876091858466],[74.57786842840464,22.539656018370984],[74.57653930576664,22.55155276067116],[74.57803894832679,22.54580898356689],[74.59764960743102,22.53686432508432],[74.6081752288575,22.558150453479932],[74.63207827826105,22.554733102970772],[74.634862226935,22.55780741825243],[74.65902892641395,22.549520818582774],[74.66978162614375,22.551887218585094],[74.67236542604067,22.558473618441937],[74.6867022256626,22.564470318377055],[74.6837591256669,22.57484901811347],[74.68885798400565,22.585388737233224],[74.71734533380089,22.5851827397493],[74.72717188302421,22.58045552279599],[74.72633020867984,22.571447892007335],[74.74119674292942,22.558913186827],[74.7283242209582,22.55283947919603],[74.71263030283315,22.526665064018356],[74.72535110490816,22.501887058368975],[74.72114446112623,22.49723558047126],[74.71340971413383,22.498960370973546],[74.70508828388321,22.478163038896398],[74.71236750926657,22.472190069414417],[74.71283713234742,22.461967256251462],[74.73639104532599,22.452845354153713],[74.74766648768211,22.437277489449826],[74.74248156041317,22.434405188952596],[74.7238144436173,22.439018758392542],[74.71449300947484,22.423175595917545],[74.69923929845149,22.42505724349824],[74.69002182852978,22.415863650850884],[74.6886754653162,22.402855615700044],[74.69689386766596,22.39766855081877],[74.68988538772287,22.383669582683893],[74.69404932736653,22.379843416853166],[74.69189283157608,22.3680909913877],[74.68162701497442,22.360951648190515],[74.67311742570259,22.361762759316484],[74.67299785927847,22.36706826630856],[74.66451744162703,22.369328198498554],[74.63130583436295,22.36597817843675],[74.632343963613,22.353077860778235],[74.62161638476596,22.346250824464622],[74.62289316467394,22.32868167302245],[74.6395373765903,22.302753849977524],[74.65799163938064,22.304512098756327],[74.66186266445258,22.299679843506404],[74.66143754786502,22.288247032679074],[74.65358655329925,22.28586452935264],[74.6489607253606,22.274197567937684],[74.59914207356306,22.268133298035202],[74.59630022146828,22.263197589367188],[74.60377186686607,22.2562043253148],[74.59037038371059,22.25057130201658],[74.59026061024525,22.24325174168277],[74.55951882306381,22.243012028521818],[74.56228718122273,22.223858831648645],[74.55676039837614,22.219684452359424],[74.54263321929986,22.236949295766053],[74.52670070692504,22.236394149220413],[74.51207096035947,22.220205993237748],[74.52167431846568,22.205451537063507],[74.50757142433585,22.189918035831834],[74.50952137997902,22.18295669879562],[74.49635112314894,22.17946533229862],[74.49751810485608,22.166685765300624],[74.5090246963699,22.149871867663293],[74.52650614689541,22.146397420187213],[74.53028882978953,22.128852634633855],[74.5402952532912,22.1234124968624],[74.54062832270334,22.11748383146413],[74.47105177888788,22.113552352373716],[74.47563357233348,22.096445093644817],[74.51504940584195,22.10016550040119],[74.51560523284874,22.089414498010488],[74.49255186677176,22.071056800964424],[74.49491701883538,22.05507927288771],[74.50223234177102,22.044576057212677],[74.38925699412708,22.021234076265802],[74.37581878244939,22.000589284750514],[74.35070204192712,21.97812093059933],[74.31236536301353,21.97352750525826],[74.30089506330893,21.96712879810663],[74.28951917337041,21.93996764579325],[74.28117579840776,21.933112180841857],[74.19150291541837,21.926260628729032],[74.17829779967614,21.931973119657478],[74.16397141351867,21.947131384359807],[74.14206787707029,21.955374551005338],[74.14755026786672,21.960717189148315],[74.14129661977266,21.963838244725256],[74.14034395248797,21.972670639036693],[74.14988609362568,21.975166614389213],[74.14966072402773,21.98737652521088],[74.11843146949715,21.998933508964257],[74.09693154694071,21.999271367398727],[74.09968410546763,22.001423944480987],[74.09204542254723,22.013691291435812],[74.09466414416966,22.01873106146601],[74.11398144088297,22.024273875954975],[74.12271798158785,22.03554028291764],[74.14014952630795,22.040321349587995],[74.13140747945693,22.047831238888456],[74.13629044503445,22.05292890238678],[74.16007544037187,22.05881805191721],[74.15861525099056,22.069709733431857],[74.16395481145246,22.073438253818182],[74.16472303404585,22.082848340219567],[74.17865316634656,22.085476738671723],[74.1703363761272,22.09180546215784],[74.16929269683276,22.100597343334876],[74.15371425829592,22.10039779873012],[74.15255741621858,22.10600618243755],[74.12848840854235,22.094647871740573],[74.12446193458855,22.09790802098945],[74.12884797978172,22.121036125147462],[74.12278038216876,22.135684336252957],[74.13055013664498,22.144430572108767],[74.13385694778215,22.160541438212938],[74.12144227191669,22.167400736389045],[74.1181305604314,22.18534942477606],[74.12165035327168,22.19473699988896],[74.11738294197423,22.206467964383418],[74.12232902287168,22.21239679199213],[74.10621374601794,22.220248126112107],[74.07223779600845,22.219057938431828],[74.06932767000077,22.232715993469352],[74.08718291453269,22.242794848285673],[74.07503588188044,22.24756442042904],[74.07447658210322,22.265644010463724],[74.06776753631142,22.265411610796974],[74.05621064856896,22.278510769909587],[74.05375777808425,22.30375052249351],[74.06218625376948,22.304399641825224],[74.06309843407126,22.327089558152764],[74.0715690198695,22.33598772874932],[74.07220234798388,22.343481443017552],[74.0648298191765,22.3532971147497],[74.06767671211105,22.359597014691797],[74.09206987217156,22.360845775900973],[74.09567474054543,22.37111381775648],[74.10507350005892,22.37181501253244],[74.11209408244187,22.366884965913364],[74.1136724888951,22.35714550105592],[74.12511896639505,22.356098266797133],[74.12786100829445,22.332735877898802],[74.19033394624843,22.320259934059788],[74.19220064427202,22.346326078875727],[74.19793332187459,22.342648810076557],[74.20277375602788,22.34852474263279],[74.20404151936164,22.366707305275014],[74.22387991543673,22.356365146871877],[74.22370744244547,22.37994418706698],[74.24329454516521,22.37605226423054],[74.24275624784116,22.382423752320644],[74.25428544381283,22.38583337549551],[74.2567351841234,22.399652310153513],[74.27070247732804,22.392693640365973],[74.29117849334912,22.39401244188278],[74.26746336344762,22.4055523298361],[74.27059026820416,22.413148063703606],[74.25278580626669,22.432947699411574],[74.2152415511194,22.441298404741534],[74.21337972271972,22.43151033521325],[74.20162280582282,22.434510019593752],[74.20322970044128,22.467037180943645],[74.19340097141152,22.47547629324975],[74.18789633352876,22.475505674930737],[74.17993281451659,22.462215741959827],[74.18534448723801,22.450957178003364],[74.1841260142329,22.441538851622703],[74.16949521104391,22.439258909835196],[74.1697453142261,22.431831211705646],[74.16044897842572,22.431210527026288],[74.15253958723463,22.44306021327285],[74.15525732786142,22.454099504029312],[74.1492097394565,22.455658326090308],[74.14275740469373,22.44686797568132],[74.13395078117594,22.44592061287953],[74.12775205778179,22.42203958411824],[74.12474089492969,22.41733020220153],[74.11911222789168,22.41876148036619],[74.09974622690955,22.43804010285949],[74.09696558933517,22.450267010031247],[74.10339622730172,22.455740444278543],[74.10415279760407,22.464527131242114],[74.08565670547122,22.469906099941188],[74.0753251647297,22.464295380678724],[74.07645540124075,22.48358485775196],[74.08216906929715,22.48443526636811],[74.08601440336238,22.47680543872451],[74.08753851635855,22.482215122804547],[74.08251716025514,22.506784634244667],[74.05297971349131,22.508932767513596],[74.04080025198678,22.48654601373029],[74.0325322943243,22.49132777793894],[74.02938213127526,22.507954382467044],[74.03851329851855,22.51584309886436],[74.04149138591376,22.542254160324447],[74.05656088342536,22.55007240180929],[74.07463867125946,22.55140186947956],[74.12925175365244,22.516854265306215],[74.14732093934794,22.513685352863376],[74.15253879741688,22.524474271310385],[74.16589533829286,22.525678316329817],[74.1803526380432,22.512026316742656],[74.21277333733005,22.50348041713996],[74.23061113689866,22.504437817222666],[74.23690503678405,22.499276217383468],[74.24078513659275,22.513749417059877],[74.25297623632306,22.510735717203886],[74.25411423625616,22.516568317071002],[74.26300603605563,22.51494731716201],[74.27528833568499,22.52647531695842],[74.27123353565892,22.54448471650421],[74.27984303542055,22.54945531643597],[74.2826082351034,22.58648681556883],[74.30883263440622,22.59761521545692],[74.30794553431161,22.61471111504482],[74.33304643365798,22.62351321498155]]]]}},{"type":"Feature","properties":{"district":"Anuppur","state":"MADHYA PRADESH","Aonla_Area":182.0,"Aonla_Production":2202.2,"Aonla_Productivity":12.1,"Banana_Area":2.2,"Banana_Production":68.86,"Banana_Productivity":31.3,"Mango_Area":4741.0,"Mango_Production":86286.2,"Mango_Productivity":18.2,"Guava_Area":1120.0,"Guava_Production":17920.0,"Guava_Productivity":16.0,"Papaya_Area":96.1,"Papaya_Production":3699.85,"Papaya_Productivity":38.5,"Pomegranate_Area":36.3,"Pomegranate_Production":417.45,"Pomegranate_Productivity":11.5,"Watermelon_Area":70.15,"Watermelon_Production":1473.15,"Watermelon_Productivity":21.0,"Custard_Apple_Area":null,"Custard_Apple_Production":null,"Custard_Apple_Productivity":null,"Ber_Area":null,"Ber_Production":null,"Ber_Productivity":null,"Citrus_Area":null,"Citrus_Production":null,"Citrus_Productivity":null,"Sapota_Area":null,"Sapota_Production":null,"Sapota_Productivity":null,"Total_Fruits_Area":7515.75,"Total_Fruits_Production":133130.41,"Total_Fruits_Productivity":17.71,"Brinjal_Area":3688.0,"Brinjal_Production":73760.0,"Brinjal_Productivity":20.0,"Cabbage_Area":3006.0,"Cabbage_Production":70641.0,"Cabbage_Productivity":23.5,"Cauliflower_Area":3322.0,"Cauliflower_Production":74745.0,"Cauliflower_Productivity":22.5,"Onion_Area":2042.9,"Onion_Production":51685.37,"Onion_Productivity":25.3,"Tomato_Area":2196.0,"Tomato_Production":54900.0,"Tomato_Productivity":25.0,"Potato_Area":5300.0,"Potato_Production":137800.0,"Potato_Productivity":26.0,"Green_Chilly_Area":553.64,"Green_Chilly_Production":6477.58,"Green_Chilly_Productivity":11.7,"Okra_Area":188.0,"Okra_Production":2182.68,"Okra_Productivity":11.61,"Total_Vegetables_Area":27795.86,"Total_Vegetables_Production":604838.86,"Total_Vegetables_Productivity":21.76,"Garlic_Area":1605.0,"Garlic_Production":14445.0,"Garlic_Productivity":9.0,"Ginger_Area":1976.0,"Ginger_Production":35568.0,"Ginger_Productivity":18.0,"Turmeric_Area":1130.0,"Turmeric_Production":22197.03,"Turmeric_Productivity":19.64,"Total_Spices_Area":6019.6,"Total_Spices_Production":74638.47,"Total_Spices_Productivity":12.4,"Marigold_Area":207.16,"Marigold_Production":1208.58,"Marigold_Productivity":5.83,"Rose_Area":42.0,"Rose_Production":260.82,"Rose_Productivity":6.21,"Total_Flowers_Area":207.16,"Total_Flowers_Production":1208.58,"Total_Flowers_Productivity":5.83,"Grand_Total_Area":42402.33,"Grand_Total_Production":817919.45,"Grand_Total_Productivity":19.29},"geometry":{"type":"Polygon","coordinates":[[[81.75546725873315,22.657134129056097],[81.74028721159061,22.67495980141332],[81.72819857765114,22.675974366121455],[81.74146282812913,22.68917825375667],[81.73518570349563,22.694857180274475],[81.7235387591342,22.701323915539152],[81.69771201370934,22.705139127338416],[81.6933836727207,22.710319204623882],[81.70543685909324,22.745061612715137],[81.6957959969672,22.756530999058175],[81.69872950562217,22.76168131740677],[81.69227561175178,22.765345977342424],[81.69533799633403,22.774790217151267],[81.69044284937807,22.781122467234866],[81.64263291983832,22.787401984087047],[81.62512243196805,22.778241897854482],[81.62199653972509,22.771139664638042],[81.60745370646605,22.767802159332486],[81.59432090522535,22.75403364611357],[81.58805913456833,22.758524869189433],[81.56665460447853,22.753958252957567],[81.55401308354529,22.761028336259326],[81.54390682974257,22.75134323529741],[81.53588773369366,22.753289522250572],[81.5328073090503,22.745754728849207],[81.5324470723277,22.751562815825938],[81.52642494220913,22.74777762077902],[81.5192959352671,22.760801563715436],[81.51499011178755,22.757326616064695],[81.51500026244439,22.76295244331617],[81.50968176794726,22.765377822152622],[81.49494483813278,22.75873914920936],[81.46972275208871,22.760408704848732],[81.46427679174276,22.77071979982755],[81.45781432760673,22.768212883213423],[81.452275880428,22.771999370918945],[81.44547261838025,22.788089773914393],[81.45042824918697,22.794282182937998],[81.43438342010995,22.807120856003085],[81.43802669873796,22.81852894955254],[81.42940286686961,22.835368852648955],[81.40571662376522,22.844567904655655],[81.40324386350275,22.853950605326524],[81.3701302122824,22.85613848475278],[81.36083518598932,22.85045348038792],[81.35082848147178,22.85208675969926],[81.33564051789166,22.8620755777709],[81.32379599380104,22.863404156157582],[81.31481524452875,22.87772725426307],[81.30036546052985,22.88212334911333],[81.27800069398002,22.880034441301703],[81.25722434990122,22.901615765177738],[81.23719078207925,22.90153124513734],[81.21308794506936,22.915774346898406],[81.1993085722945,22.91257118840051],[81.19077661967515,22.928074482860808],[81.1920931174409,22.941508274615895],[81.18638375513942,22.952393853425548],[81.1993284054027,22.983128161381824],[81.21167527198408,22.979009922315097],[81.21885297180583,22.97060982250188],[81.23180297151238,22.974779722388398],[81.24254197125823,22.970936122464447],[81.2434297712187,22.958135822761662],[81.25448777096028,22.956498522785697],[81.2626355707589,22.948090322971378],[81.26847947062603,22.94976022292482],[81.27510057049051,22.961434222643923],[81.30371626985136,22.976346322258586],[81.31670416953591,22.9668018224635],[81.32087446938763,22.933997723223214],[81.33451296906864,22.932199223246712],[81.34487916881444,22.923559023434333],[81.3566914685442,22.92585962336417],[81.36846886825158,22.9139155236269],[81.37447146812221,22.91999292347641],[81.39264606770584,22.923109823377803],[81.40259806746232,22.915558523540046],[81.44602096644333,22.908934223631583],[81.45739786616477,22.90061472380928],[81.46509726598619,22.900711523795515],[81.4675663659199,22.89562202391085],[81.48739466545803,22.89487412389836],[81.50167526511574,22.889009924013806],[81.52466756453285,22.86227652460458],[81.53929646419543,22.863892724543696],[81.54614136404854,22.870593524375714],[81.55172976390634,22.86396182452236],[81.56430466360584,22.859730124601494],[81.57341436340324,22.86476022446893],[81.58440956313173,22.85644312464624],[81.59358036292016,22.857454724607603],[81.59969276279347,22.865593524406687],[81.62673346212425,22.84495162484629],[81.62776816208282,22.835982525055122],[81.65073446154521,22.834776525044884],[81.66258176127914,22.839809824906602],[81.67318406102257,22.835027925000755],[81.67860316087477,22.824263025244363],[81.70089186032175,22.807823125592353],[81.70845256009366,22.78247422617596],[81.74210975923843,22.74930692689858],[81.75418255895333,22.74809352690552],[81.75037735898464,22.720409527566442],[81.77175065838567,22.673953028627793],[81.75546725873315,22.657134129056097]]]}},{"type":"Feature","properties":{"district":"Balaghat","state":"MADHYA PRADESH","Aonla_Area":193.0,"Aonla_Production":1021.0,"Aonla_Productivity":5.29,"Banana_Area":146.5,"Banana_Production":5640.0,"Banana_Productivity":38.5,"Mango_Area":2467.0,"Mango_Production":42532.0,"Mango_Productivity":17.24,"Guava_Area":425.0,"Guava_Production":7302.0,"Guava_Productivity":17.18,"Papaya_Area":74.0,"Papaya_Production":1884.0,"Papaya_Productivity":25.46,"Pomegranate_Area":null,"Pomegranate_Production":null,"Pomegranate_Productivity":null,"Watermelon_Area":99.0,"Watermelon_Production":1735.0,"Watermelon_Productivity":17.53,"Custard_Apple_Area":269.5,"Custard_Apple_Production":1529.0,"Custard_Apple_Productivity":5.67,"Ber_Area":null,"Ber_Production":null,"Ber_Productivity":null,"Citrus_Area":null,"Citrus_Production":null,"Citrus_Productivity":null,"Sapota_Area":null,"Sapota_Production":null,"Sapota_Productivity":null,"Total_Fruits_Area":4467.0,"Total_Fruits_Production":70595.9,"Total_Fruits_Productivity":15.8,"Brinjal_Area":898.0,"Brinjal_Production":23423.0,"Brinjal_Productivity":26.08,"Cabbage_Area":307.0,"Cabbage_Production":6756.0,"Cabbage_Productivity":22.01,"Cauliflower_Area":430.0,"Cauliflower_Production":9205.0,"Cauliflower_Productivity":21.41,"Onion_Area":457.0,"Onion_Production":9898.0,"Onion_Productivity":21.66,"Tomato_Area":965.0,"Tomato_Production":21258.0,"Tomato_Productivity":22.03,"Potato_Area":850.0,"Potato_Production":19747.0,"Potato_Productivity":23.23,"Green_Chilly_Area":353.0,"Green_Chilly_Production":2480.0,"Green_Chilly_Productivity":7.03,"Okra_Area":null,"Okra_Production":null,"Okra_Productivity":null,"Total_Vegetables_Area":10696.0,"Total_Vegetables_Production":183451.0,"Total_Vegetables_Productivity":17.15,"Garlic_Area":186.0,"Garlic_Production":1644.0,"Garlic_Productivity":8.84,"Ginger_Area":294.0,"Ginger_Production":5110.0,"Ginger_Productivity":17.38,"Turmeric_Area":353.0,"Turmeric_Production":7577.0,"Turmeric_Productivity":21.46,"Total_Spices_Area":1245.0,"Total_Spices_Production":14765.65,"Total_Spices_Productivity":11.86,"Marigold_Area":45.0,"Marigold_Production":351.3,"Marigold_Productivity":7.81,"Rose_Area":2.0,"Rose_Production":5.8,"Rose_Productivity":2.9,"Total_Flowers_Area":45.0,"Total_Flowers_Production":351.3,"Total_Flowers_Productivity":7.81,"Grand_Total_Area":16459.5,"Grand_Total_Production":269166.65,"Grand_Total_Productivity":16.35},"geometry":{"type":"Polygon","coordinates":[[[81.04841955469746,22.243845708039842],[81.0379127313766,22.23388828056789],[81.0236373533441,22.229278813151435],[81.0193852547329,22.220994901525557],[81.03163978096333,22.199653566155565],[81.03066365107,22.18740270679953],[81.02243422717609,22.18947484290028],[81.01665775994469,22.185529140390912],[81.0267508800298,22.16639012261878],[81.02221475772308,22.15773129111318],[81.02191293515938,22.132729075489948],[80.99487361151562,22.133021453621744],[80.97814329948481,22.120105209978515],[80.98096119989202,22.110214554767516],[80.9904763306559,22.113554028012057],[81.01133337425398,22.095568986699632],[81.00144960954285,22.083496534055932],[81.00910514868495,22.070899391312338],[81.0031667112476,22.058491125568814],[80.9948783377064,22.05860663403171],[80.99483181942362,22.049426687400967],[80.9842572332401,22.048616814405705],[80.97972836706244,22.05521691673401],[80.97004189523997,22.05740835278621],[80.97188034485424,22.08235077456826],[80.9569792171011,22.11041807340903],[80.94757745762386,22.118265898189815],[80.92195172694184,22.119950589060323],[80.90793412818078,22.109573022535134],[80.89681069641483,22.06434341754689],[80.88900581876939,22.057101452667574],[80.88269415270027,22.059034520396114],[80.88580331660162,22.049624048894614],[80.87579112149889,22.03853437149251],[80.87577634319514,22.011043955813033],[80.85267300767593,21.95730745132724],[80.83605676597617,21.954534920443905],[80.82549435989932,21.958420673704385],[80.82898235349965,21.948383115325683],[80.83318063766639,21.95010619640211],[80.83403821105743,21.94575162867072],[80.83686250969595,21.94967547492013],[80.84594038892665,21.942501354411853],[80.84138676124715,21.941174471588543],[80.84775319705494,21.93087294547747],[80.8322315998853,21.908251777086008],[80.83613420944977,21.906834555361595],[80.83199598441972,21.89067700850818],[80.8433595807892,21.882263218025972],[80.84295199845747,21.87607369835035],[80.85323701585467,21.873024130547506],[80.84276183049262,21.86533140209283],[80.85256351217282,21.85485816433743],[80.83937030038659,21.847843184665887],[80.83836977699029,21.83670413476928],[80.8451788767015,21.82882486261084],[80.83750969509016,21.809454186454253],[80.8401816860265,21.802147357800592],[80.83205055288484,21.794196784049035],[80.82617840296676,21.782980056716607],[80.8282096966496,21.776212120058112],[80.81712226424582,21.76213322083354],[80.81973914269237,21.748023244660203],[80.79591397006519,21.742489516083374],[80.80297948026057,21.74447305252216],[80.80120298031677,21.757818452190715],[80.80889578013489,21.76536785199619],[80.80711028018973,21.776928251709585],[80.79734718042873,21.776230251734994],[80.78624608071719,21.793539851312925],[80.79121348060215,21.800856251126895],[80.7789283809245,21.82392245056327],[80.78387628081296,21.83443385029815],[80.76176288136945,21.8513936498947],[80.77186458113172,21.861703649630957],[80.76543718130208,21.87637654927238],[80.76955498122172,21.898696248716384],[80.78027198095819,21.89652014876173],[80.79121348070622,21.912706548352467],[80.78794288079607,21.923563448086686],[80.77795508104322,21.927667247993305],[80.77537038111468,21.936992447764933],[80.78453388090004,21.946265547528697],[80.78074718099558,21.94989634744206],[80.78704688084864,21.956811947266438],[80.77544538113418,21.960298347189696],[80.76963718128188,21.967362247020045],[80.76298938144159,21.965183147079035],[80.76219498146818,21.973214446881688],[80.75375098168281,21.983762846628238],[80.74288018194906,21.986130546578213],[80.72960548229159,22.00929094601815],[80.72262268246403,22.012814945936633],[80.70611298285934,22.006349546107767],[80.69451398315097,22.018648245813623],[80.66583318384485,22.016180045894327],[80.65369038412987,22.00369424620966],[80.6341664846058,22.00618004616135],[80.6220798848884,21.991402446532888],[80.62148258489101,21.97523964693144],[80.61618308501518,21.96872864709528],[80.61842018493662,21.935632747910645],[80.60505188525089,21.919622248314628],[80.6025323853028,21.9061482486494],[80.57886078587714,21.901696248773863],[80.56001638635246,21.925244048202458],[80.55089578657272,21.922198548282974],[80.54381488674966,21.92897464811952],[80.53821788688393,21.9255477482073],[80.52961028711329,21.95703114743464],[80.52204608729981,21.961131147337635],[80.52704688718433,21.970978647092036],[80.52540378724352,22.002125746325774],[80.50723078769214,22.014463846031777],[80.50130918783589,22.014481646034397],[80.49877458789318,22.007422046209385],[80.49374228801673,22.00979714615354],[80.48657078819899,22.024128745804713],[80.47403168850623,22.029613745676],[80.44792008915897,22.066804944775395],[80.43972268937279,22.096429944053213],[80.4021923902812,22.099390743996835],[80.39930599035627,22.11064344372263],[80.38270149076139,22.11977044350604],[80.37380959098182,22.13279344319117],[80.32791079209333,22.143665442942147],[80.31779309234294,22.15879094257621],[80.28541219312142,22.1536653427113],[80.28377099316404,22.162589942494026],[80.27005789349667,22.169944542318525],[80.26061239372378,22.16860114235384],[80.25993749374423,22.182497142015244],[80.25445489387836,22.189672041841913],[80.23471129435644,22.200613141580465],[80.23220839441859,22.207780941406526],[80.23704689430524,22.218478641145158],[80.2312460944461,22.224008841012015],[80.2330014944053,22.228724840896987],[80.24558329410291,22.228009440911293],[80.26023379375349,22.235661840721527],[80.25666979384309,22.24886774040169],[80.26366629367635,22.252466440312496],[80.26207939371682,22.260145340126567],[80.27707939336018,22.269463839896332],[80.28954689306774,22.287828939447568],[80.30199889277246,22.295783739251117],[80.2914413930304,22.31100993888572],[80.27739909336844,22.31794973872193],[80.28005010722096,22.323444003682035],[80.28825849963675,22.32411871760585],[80.30085529548532,22.337381943139583],[80.32108671978803,22.346425077864527],[80.34628271630547,22.32710123820221],[80.3340682425551,22.305569519825976],[80.33605961691188,22.29894144777655],[80.37110315204488,22.300973368630725],[80.38492338894649,22.309249678809977],[80.39974746687777,22.304461799335623],[80.4034088213409,22.2931186048548],[80.42110920692765,22.278195743587087],[80.41551518179404,22.244178121928762],[80.4468209092266,22.246086214417904],[80.45106952467621,22.26331525399586],[80.46499291480455,22.26436921940496],[80.4622913536742,22.280824693327077],[80.4831806894097,22.278007987782114],[80.48745336687966,22.270071613834098],[80.50785347447213,22.275674138394105],[80.51563597655061,22.262305047226747],[80.52627754115105,22.264632744712518],[80.52513863193956,22.249396933703608],[80.53220689660792,22.240569004912736],[80.57991910529401,22.226510090101748],[80.59824550340527,22.23227573218563],[80.60785390496147,22.22789252616138],[80.64588660163456,22.2274743081884],[80.65913932012567,22.219495586706444],[80.66418849917261,22.222072661717537],[80.69114826225534,22.212595137426394],[80.70656318592997,22.202225186124867],[80.72855697569592,22.220274264596906],[80.72425118098899,22.234911291903163],[80.71777167362038,22.235348627258226],[80.70346972612455,22.25462365077635],[80.70394919251765,22.27049494318254],[80.70857037104678,22.275030534021624],[80.71880462174352,22.271435159606003],[80.7231751436698,22.27744704541805],[80.7448095412286,22.284494448844104],[80.74908564294901,22.297410773785156],[80.77370159491798,22.317250300159458],[80.78790834571289,22.31371849445728],[80.7950528719242,22.328871040716905],[80.79413024417663,22.355055027812163],[80.80222618298684,22.36638772918331],[80.79403100682683,22.375775716499355],[80.80147748505465,22.38720300649173],[80.79536205408502,22.400046167101294],[80.81106499196409,22.401967582259168],[80.81476540473639,22.390102822323023],[80.84432727306529,22.38222729762169],[80.84458311834447,22.38906351794625],[80.86570502078808,22.378897559968884],[80.86537086035347,22.364778088039937],[80.89372958429966,22.350432058134935],[80.88284161453397,22.34732647945957],[80.88147206185549,22.33373532352616],[80.89902314332436,22.33374464595017],[80.90227091431235,22.340894413908885],[80.90888220276454,22.34286184282819],[80.93149635615505,22.331174265895555],[80.92866026730869,22.326709600284545],[80.91686750597684,22.329228170526765],[80.90965256273537,22.31769774822663],[80.91313473564419,22.309456420193676],[80.90374713641413,22.297646242879882],[80.9130178307084,22.29013974533275],[80.91496995684312,22.279036013675384],[80.93664656603823,22.277864176128833],[80.9380724660895,22.28756709785656],[80.95825396091745,22.27516329289719],[80.96280843588704,22.280999245957428],[80.9808738775352,22.27799025885641],[80.98755168289452,22.28655136971805],[81.0111253156263,22.285554944258372],[81.03088326581266,22.27211749725903],[81.04841955469746,22.243845708039842]]]}},{"type":"Feature","properties":{"district":"Barwani","state":"MADHYA PRADESH","Aonla_Area":36.2,"Aonla_Production":452.5,"Aonla_Productivity":12.5,"Banana_Area":2490.0,"Banana_Production":186750.0,"Banana_Productivity":75.0,"Mango_Area":100.7,"Mango_Production":1288.96,"Mango_Productivity":12.8,"Guava_Area":577.2,"Guava_Production":12121.2,"Guava_Productivity":21.0,"Papaya_Area":384.0,"Papaya_Production":34398.72,"Papaya_Productivity":89.58,"Pomegranate_Area":58.4,"Pomegranate_Production":700.8,"Pomegranate_Productivity":12.0,"Watermelon_Area":905.0,"Watermelon_Production":31675.0,"Watermelon_Productivity":35.0,"Custard_Apple_Area":377.2,"Custard_Apple_Production":7166.8,"Custard_Apple_Productivity":19.0,"Ber_Area":null,"Ber_Production":null,"Ber_Productivity":null,"Citrus_Area":null,"Citrus_Production":null,"Citrus_Productivity":null,"Sapota_Area":null,"Sapota_Production":null,"Sapota_Productivity":null,"Total_Fruits_Area":6509.0,"Total_Fruits_Production":301805.18,"Total_Fruits_Productivity":46.37,"Brinjal_Area":874.0,"Brinjal_Production":19665.0,"Brinjal_Productivity":22.5,"Cabbage_Area":273.0,"Cabbage_Production":6006.0,"Cabbage_Productivity":22.0,"Cauliflower_Area":588.0,"Cauliflower_Production":14700.0,"Cauliflower_Productivity":25.0,"Onion_Area":2162.5,"Onion_Production":54062.5,"Onion_Productivity":25.0,"Tomato_Area":1.0,"Tomato_Production":22.0,"Tomato_Productivity":22.0,"Potato_Area":1559.5,"Potato_Production":112284.0,"Potato_Productivity":72.0,"Green_Chilly_Area":null,"Green_Chilly_Production":null,"Green_Chilly_Productivity":null,"Okra_Area":378.0,"Okra_Production":5029.0,"Okra_Productivity":13.3,"Total_Vegetables_Area":16984.7,"Total_Vegetables_Production":434946.66,"Total_Vegetables_Productivity":25.61,"Garlic_Area":354.0,"Garlic_Production":2832.0,"Garlic_Productivity":8.0,"Ginger_Area":550.4,"Ginger_Production":9632.0,"Ginger_Productivity":17.5,"Turmeric_Area":437.0,"Turmeric_Production":9614.0,"Turmeric_Productivity":22.0,"Total_Spices_Area":8408.6,"Total_Spices_Production":37222.3,"Total_Spices_Productivity":4.43,"Marigold_Area":300.4,"Marigold_Production":4563.9,"Marigold_Productivity":15.19,"Rose_Area":19.9,"Rose_Production":59.7,"Rose_Productivity":3.0,"Total_Flowers_Area":300.4,"Total_Flowers_Production":4563.9,"Total_Flowers_Productivity":15.19,"Grand_Total_Area":32258.5,"Grand_Total_Production":778914.79,"Grand_Total_Productivity":24.15},"geometry":{"type":"Polygon","coordinates":[[[75.46282444019286,21.523392933282167],[75.43302521359834,21.518370547848292],[75.4212662138618,21.523908947653396],[75.39916731440951,21.524481547534993],[75.40426441423318,21.533647847327554],[75.40169871427011,21.53868004718857],[75.38885061457903,21.540723847076407],[75.3839540146672,21.546981646895336],[75.36998511504959,21.540585346990603],[75.36077571524802,21.54627684680335],[75.33501801588538,21.547014146662004],[75.31447481642411,21.542035546689252],[75.31324961641944,21.548452746521477],[75.30573661659122,21.551232946415322],[75.30598101655129,21.557398946260975],[75.26156241763657,21.561043745954635],[75.2607663176085,21.56967364573329],[75.2253535184861,21.570261645545884],[75.21293291883433,21.56324754566186],[75.20997961884834,21.573862745379902],[75.18819711940864,21.570569045355786],[75.15332842015404,21.59207074464195],[75.10250442145092,21.586193844536304],[75.06117282253882,21.575752744591036],[75.04543332289823,21.581281544372057],[75.0362656230625,21.59225974404927],[75.01236222366289,21.5911875439544],[75.00644652378303,21.595787543808374],[74.99586776710083,21.58719623144761],[74.91264451212466,21.61357017523615],[74.91472572591269,21.620987942701447],[74.90942242602826,21.623687342606043],[74.9141595258647,21.631407042436884],[74.90920632589449,21.647020842019103],[74.90179052601115,21.658266441698242],[74.87771212658016,21.662893741456223],[74.88315222636118,21.676934841132855],[74.87422182654718,21.68277884093965],[74.87581492648144,21.687161440838356],[74.86643712664156,21.699125140489578],[74.86675692660131,21.70448994035704],[74.87982072624683,21.709719540294866],[74.87762602625784,21.716924040103166],[74.88676022600502,21.721427140038493],[74.88818132592878,21.7282918398744],[74.87789932615215,21.733384439693356],[74.87129982636695,21.724777239873735],[74.86225842659175,21.724537739832193],[74.8505918268207,21.734357939525445],[74.83801792719589,21.72368753972557],[74.81792032764447,21.731588739421678],[74.82415952743591,21.740553039230882],[74.8067836278162,21.748545938939174],[74.8091076276593,21.764887138543852],[74.79077532796055,21.789567437831252],[74.75117002887413,21.799644337368306],[74.72568032954422,21.792790337401545],[74.71647332984357,21.78110213764291],[74.69327383041058,21.78186873749797],[74.68270543071873,21.7742360376307],[74.65773043132731,21.775392437465502],[74.65190283138796,21.788618337104104],[74.64375303159977,21.786877237102814],[74.6333729317811,21.79868753675177],[74.62338573199497,21.803772636570258],[74.61233453229929,21.79868753663589],[74.60873533234114,21.806087836431946],[74.58962543276795,21.812965336155163],[74.57784053295823,21.828640735700063],[74.56965793319414,21.823213535789467],[74.56209593328158,21.83864073536412],[74.53327673397916,21.840359935160407],[74.52324923408025,21.86294903454361],[74.51385807539341,21.86374884477317],[74.51363860041499,21.88996605894648],[74.52279607163476,21.899089014243618],[74.52390496720928,21.911548014760548],[74.50922566858488,21.92063723598437],[74.51256067347232,21.931892195193175],[74.50838926883299,21.937339532887634],[74.50000002963405,21.939303945605058],[74.49521860712538,21.946808747990644],[74.48467100120133,21.94581348720458],[74.49047391215825,21.95123286839151],[74.48873050116724,21.956169427104395],[74.469099226963,21.95963623271824],[74.46971917623318,21.967095711491194],[74.4533778068059,21.96193846282196],[74.43938976919334,21.976723983557115],[74.44146327591122,21.990039352773625],[74.43233074513256,21.99940354005103],[74.45218109334985,22.00465291973688],[74.43873654085499,22.020842433354876],[74.44350226945194,22.02322517395392],[74.43164004949118,22.030269403186285],[74.53118250925516,22.052261823122205],[74.54081455799766,22.048157954638203],[74.55289447641852,22.029464994822813],[74.56221040617025,22.02338638245311],[74.59182953521838,22.023340767027168],[74.63758151775735,22.0369893929391],[74.67890932335847,22.035734631155343],[74.69446749062352,22.048539158959386],[74.78008817335974,22.078921141407555],[74.83421388963875,22.062150358859952],[74.91471135478868,22.083738865666998],[74.97115517930303,22.084162319025445],[75.18821252464852,22.104751563383175],[75.23665987353073,22.12371296301064],[75.28668976396405,22.124604512682737],[75.31579282846116,22.134298671651383],[75.32165676025241,22.122867629463716],[75.34049939111262,22.121459284391808],[75.34585617800415,22.11288543622649],[75.35486483027695,22.11276482234999],[75.35750277742785,22.09833371188297],[75.38101779534655,22.10210038536589],[75.38920069912851,22.089695829499384],[75.39638593850735,22.08876487567068],[75.39338087008392,22.080899256790577],[75.40541361944625,22.07248514571613],[75.43344182030634,22.078343045516057],[75.43724157315023,22.07063818321015],[75.451485476684,22.072673125787325],[75.4566808007472,22.05930026469212],[75.41327737643851,22.058354523229784],[75.4139166234432,22.02284447017936],[75.44345958522429,22.02593234609974],[75.4371657516913,22.019333240459964],[75.4160440336,22.003871573832818],[75.40499582700353,22.002317814582405],[75.3983404537596,21.984716807489914],[75.3503125085646,21.982066157319853],[75.35264527894705,21.955921487903257],[75.33813092366987,21.945835735909892],[75.34188087994629,21.929896620352288],[75.33268175398263,21.90911390782524],[75.3073115966342,21.90744828203611],[75.29742232467532,21.922512369572313],[75.28327603053931,21.915776917348918],[75.28125502720432,21.90569254412501],[75.28772310989487,21.892086154747556],[75.27600857281914,21.88613255783803],[75.27656893318012,21.86614235520955],[75.29803474114138,21.863155347287783],[75.30156916054935,21.847654993824232],[75.30988089187588,21.843549256740882],[75.30898084372059,21.83370034186881],[75.29309316865643,21.82489229961139],[75.29512716937988,21.811192933659367],[75.28945476158508,21.81130755311975],[75.2888782753293,21.804863465026465],[75.272386870889,21.801386025515086],[75.27403260535935,21.79194943377032],[75.28088195078574,21.78758233600832],[75.28219646753904,21.77219980710418],[75.27051751076695,21.765137878856297],[75.27602938166959,21.73847673262474],[75.26271656418119,21.74545773879154],[75.2572309569718,21.744585807748873],[75.25657855734003,21.73800663524561],[75.24252242453139,21.745031311253776],[75.22221679311619,21.74231429678663],[75.20957752451868,21.732149951514057],[75.207376766272,21.723606015902874],[75.20893859700779,21.708485202546445],[75.21742076720105,21.69474832419319],[75.26707596635339,21.68746716577421],[75.26262572278507,21.674751790612223],[75.27390891506697,21.675271519629533],[75.27065944129276,21.655698963448014],[75.28652067810462,21.6517194366922],[75.29069569445464,21.635025672845416],[75.30299746599621,21.63893762957938],[75.32202567720911,21.66196199489335],[75.35060209562155,21.67092575152522],[75.3914275526132,21.681532141958677],[75.40024826782059,21.676996735712816],[75.41670000605777,21.67977338595176],[75.4384884482313,21.675774953742536],[75.4412504828482,21.666225195939397],[75.43724405230037,21.65648284875875],[75.44698698154745,21.64856625189877],[75.44719911799413,21.641400535887964],[75.46297221504012,21.633556066458112],[75.46925759971776,21.623128628929017],[75.50210285657188,21.613644240766806],[75.49441992427624,21.610171744649726],[75.49107225085469,21.59932207123732],[75.48570880590565,21.599028300761457],[75.47902543396422,21.585349428784145],[75.47798282767548,21.568049734934196],[75.46470979420336,21.556223583762726],[75.46014398442084,21.54386338011905],[75.46282444019286,21.523392933282167]]]}},{"type":"Feature","properties":{"district":"Betul","state":"MADHYA PRADESH","Aonla_Area":817.5,"Aonla_Production":7485.0,"Aonla_Productivity":9.16,"Banana_Area":7.0,"Banana_Production":80.0,"Banana_Productivity":11.43,"Mango_Area":5222.0,"Mango_Production":130475.0,"Mango_Productivity":24.99,"Guava_Area":446.0,"Guava_Production":6154.0,"Guava_Productivity":13.8,"Papaya_Area":102.0,"Papaya_Production":1221.0,"Papaya_Productivity":11.97,"Pomegranate_Area":88.6,"Pomegranate_Production":578.0,"Pomegranate_Productivity":6.52,"Watermelon_Area":206.0,"Watermelon_Production":3026.0,"Watermelon_Productivity":14.69,"Custard_Apple_Area":310.0,"Custard_Apple_Production":3130.2,"Custard_Apple_Productivity":10.1,"Ber_Area":null,"Ber_Production":null,"Ber_Productivity":null,"Citrus_Area":null,"Citrus_Production":null,"Citrus_Productivity":null,"Sapota_Area":null,"Sapota_Production":null,"Sapota_Productivity":null,"Total_Fruits_Area":11567.1,"Total_Fruits_Production":218981.2,"Total_Fruits_Productivity":18.93,"Brinjal_Area":893.0,"Brinjal_Production":8926.0,"Brinjal_Productivity":10.0,"Cabbage_Area":2150.0,"Cabbage_Production":25750.0,"Cabbage_Productivity":11.98,"Cauliflower_Area":832.0,"Cauliflower_Production":10104.0,"Cauliflower_Productivity":12.14,"Onion_Area":1080.0,"Onion_Production":27000.0,"Onion_Productivity":25.0,"Tomato_Area":1518.0,"Tomato_Production":21960.0,"Tomato_Productivity":14.47,"Potato_Area":1928.0,"Potato_Production":30896.0,"Potato_Productivity":16.02,"Green_Chilly_Area":1518.0,"Green_Chilly_Production":21960.0,"Green_Chilly_Productivity":14.47,"Okra_Area":null,"Okra_Production":null,"Okra_Productivity":null,"Total_Vegetables_Area":13846.0,"Total_Vegetables_Production":184078.5,"Total_Vegetables_Productivity":13.29,"Garlic_Area":402.0,"Garlic_Production":4744.0,"Garlic_Productivity":11.8,"Ginger_Area":88.0,"Ginger_Production":825.0,"Ginger_Productivity":9.38,"Turmeric_Area":40.5,"Turmeric_Production":466.0,"Turmeric_Productivity":11.51,"Total_Spices_Area":1447.5,"Total_Spices_Production":10769.56,"Total_Spices_Productivity":7.44,"Marigold_Area":295.5,"Marigold_Production":3098.0,"Marigold_Productivity":10.48,"Rose_Area":9.0,"Rose_Production":64.0,"Rose_Productivity":7.11,"Total_Flowers_Area":295.5,"Total_Flowers_Production":3098.0,"Total_Flowers_Productivity":10.48,"Grand_Total_Area":27229.6,"Grand_Total_Production":417130.09,"Grand_Total_Productivity":15.32},"geometry":{"type":"MultiPolygon","coordinates":[[[[77.35622169770124,21.989065684899376],[77.38219194011089,21.992684491879643],[77.38158196363017,21.991021743228647],[77.35622169770124,21.989065684899376]]],[[[78.2778900629665,22.39734434029946],[78.27989830660995,22.350070217472272],[78.24496416712073,22.32069774264304],[78.25959500374886,22.30095290793073],[78.25702177797282,22.28520151494075],[78.26242956912937,22.263477400021642],[78.2878638525407,22.263551616374993],[78.29342862965633,22.25415803800639],[78.28616508401076,22.24174572558013],[78.26374253501902,22.222374577809354],[78.26883146601374,22.220255731643313],[78.26721313610646,22.21192825812761],[78.26065939923716,22.208794634336417],[78.26586524080177,22.199071978624314],[78.26135966790106,22.18815517679196],[78.26920102473562,22.186458123378134],[78.26305534086971,22.183708681199743],[78.26670966083175,22.176494300108835],[78.26140240932429,22.177115045699367],[78.25885686391281,22.16564409032148],[78.26780930802848,22.16093605872279],[78.26247555902724,22.150488319993205],[78.26670951683538,22.146148103273465],[78.2642579455638,22.133024907112468],[78.27707248996596,22.13364606943045],[78.27813036507234,22.1245525984562],[78.27161117405642,22.115788689378995],[78.27685997985675,22.090333759227956],[78.30050336042117,22.09219743173798],[78.33060696219873,22.107429981719747],[78.3472953515607,22.109447447417004],[78.34966106808515,22.10404741412891],[78.33986434627454,22.099232120992315],[78.33772962380591,22.090805748212563],[78.34764219544911,22.07247364704881],[78.32167894064382,22.057888143653987],[78.27796444170141,22.058566343561253],[78.25678944220222,22.064481643378535],[78.24820994242579,22.05681374355128],[78.20843124342228,22.04127304386052],[78.21010684339953,22.03283854407079],[78.19919864367652,22.026981644194663],[78.16586534450825,22.016325344394588],[78.16879424444721,22.011677244514445],[78.16083234465245,22.006178444634706],[78.15489404483317,21.98938684503691],[78.14095604516625,21.991981644946556],[78.12281034562193,21.985373245074598],[78.11120384589573,21.989145544959268],[78.09866884622183,21.97959274517024],[78.08945864643705,21.983465345056867],[78.07910794670192,21.977634045180256],[78.06829984700988,21.957830845647194],[78.08339134666355,21.94847534590782],[78.10043034631026,21.920876846622868],[78.0921049465378,21.90995454687671],[78.08169904679012,21.91067324683856],[78.0805679468345,21.903249347019926],[78.06659354719048,21.896696847154576],[78.06458194722936,21.901205047038978],[78.05194674754854,21.896535047129472],[78.04721824764773,21.903600446945163],[78.03283104799887,21.90363324691543],[78.03736114791313,21.892876847190763],[78.04457834773905,21.89191874722898],[78.04610254771349,21.886855647357443],[78.06198184733285,21.883634247468816],[78.06159574736658,21.872998647731578],[78.06986964717663,21.867569147882563],[78.06321194739766,21.84197124850444],[78.05310094765373,21.83824044857691],[78.04660854783492,21.82859394880357],[78.03918364800154,21.8351969486247],[78.0286868482795,21.82618754882734],[78.00965644871486,21.839410648460237],[77.98670644930823,21.82614074874279],[77.95810125000958,21.825954848688017],[77.94964145025084,21.81182354902152],[77.93747225056013,21.80731794910792],[77.93710805059187,21.79793144934074],[77.92919995079635,21.793633449430885],[77.91903675103114,21.799613049260454],[77.90103905147797,21.797469749275244],[77.88587065182202,21.80878964896097],[77.8567218525333,21.810208948862105],[77.84347725282441,21.823502848502454],[77.83125675305003,21.85249374775553],[77.81323595350298,21.847854247830476],[77.77903675428554,21.868779747234235],[77.74755155504943,21.87107484710518],[77.74418545511723,21.876537746962025],[77.74947255488875,21.91403074604611],[77.74087305507736,21.922020845828627],[77.7235688555039,21.92035424582965],[77.72199695552864,21.925444745700247],[77.71562565569961,21.919640445828747],[77.69873445611086,21.919977845780807],[77.69117255631355,21.913252745929242],[77.66999255681573,21.91864074574559],[77.68469875640346,21.938247545296097],[77.66908515673367,21.956606844805766],[77.66794255670987,21.97540144433955],[77.66190005684336,21.980336144203516],[77.64595245722714,21.981832744128248],[77.63939645737194,21.9871059439826],[77.58526885868362,21.988723543810305],[77.58043285877407,21.99824754356381],[77.575746558893,21.996502743595194],[77.56629345910154,22.003905643389437],[77.55080835948081,22.002891243375654],[77.55088405946817,22.006613543284242],[77.53750765977503,22.012873143096638],[77.52576606007025,22.009453343151055],[77.52304226016898,21.998305243418528],[77.51005566049099,21.99613954343877],[77.49750476077148,22.004489943201133],[77.49832346072937,22.012022543017885],[77.49211576087492,22.013782942958656],[77.46318716160529,22.00454324311123],[77.44329376207628,22.008671242957732],[77.4400242621356,22.015339542785146],[77.43112256234335,22.01813214269313],[77.41585766276832,22.000322443090933],[77.3892410388036,21.996319013630114],[77.39539826517819,21.99913319138376],[77.39647643591063,22.02001906031434],[77.40814399319265,22.02548986284734],[77.42660814846728,22.020111576779097],[77.4697422402568,22.019324558166183],[77.50577462740496,22.02996235767501],[77.50701448541645,22.053470916960176],[77.50313408395591,22.0596271520903],[77.51001434009335,22.075634997371814],[77.4605884271566,22.081661419122977],[77.45984142334602,22.088285960352867],[77.46550775794861,22.09196751622602],[77.46366700646598,22.108084243269744],[77.47484782267065,22.11787694044535],[77.46556722793105,22.132562091986262],[77.47292222135579,22.164224558941132],[77.46294499305243,22.1710124414204],[77.42406942401459,22.170916029235123],[77.41161082265002,22.19131554090326],[77.38145370346356,22.217233488053296],[77.38996515777328,22.223026158830717],[77.41075139571868,22.224400063175125],[77.43066504377467,22.213561945750765],[77.45242575826583,22.217103811014407],[77.45926347363657,22.224233024966903],[77.45822534771399,22.24835476168988],[77.47778781891596,22.25062883982565],[77.48708288441944,22.257565837756687],[77.48694087190883,22.272076412628973],[77.50812571056143,22.280850479114395],[77.50303782130136,22.290333515186795],[77.50747876737718,22.31197431340366],[77.51441893801099,22.31108062081032],[77.52011431352837,22.326481645246865],[77.53232769505443,22.330002003702262],[77.54425126257561,22.340669087234037],[77.55228028276244,22.35776785750552],[77.5560916281615,22.35655487584931],[77.55733439837708,22.33603774760957],[77.59170587057483,22.34353482212884],[77.59734828946354,22.3321752913061],[77.6083806746645,22.328907597358587],[77.62441129883905,22.33267416437886],[77.62453260078141,22.32143556658158],[77.63797587909576,22.322924999695523],[77.64175024052318,22.31129765156877],[77.6552786163592,22.30649128567851],[77.68227136207643,22.312967962971086],[77.68333311398095,22.32218793189273],[77.71675138519822,22.32156732500227],[77.72043894647535,22.313211841421392],[77.73764297253109,22.326322327850082],[77.74968125916277,22.325944620603],[77.75817451115799,22.3317305557725],[77.75658150131044,22.338741714885117],[77.74444588202785,22.34739041436856],[77.75348626772424,22.35399218106457],[77.76975976539119,22.34644274181146],[77.77492015231373,22.336911744668452],[77.7896566658762,22.335362371086575],[77.80777322076096,22.339344272078872],[77.8069347289562,22.346952260125157],[77.82555863706568,22.34937919062608],[77.85458808946848,22.369094769300883],[77.86442905231623,22.363559892423705],[77.8684734736254,22.350772717112214],[77.86357182500959,22.33758310545252],[77.86547757970736,22.288555590382348],[77.88483687617925,22.287399605765405],[77.89664905176828,22.303671728471638],[77.91683424582116,22.315881775593137],[77.92265088425668,22.32443669163678],[77.93908679747446,22.33078862752657],[77.94659069041911,22.34118427239558],[77.9538326729794,22.33272812449388],[77.999935929351,22.332822845414526],[78.01111927870839,22.337779855282438],[78.03289789876587,22.329995649998985],[78.10062609340305,22.36444914248164],[78.12200078554396,22.367187123536926],[78.15042417741546,22.388930851222785],[78.16296613014343,22.39026034719924],[78.17754079271732,22.398957215944286],[78.26432346171288,22.39691576296544],[78.27015132025595,22.40208963139657],[78.2778900629665,22.39734434029946]]]]}},{"type":"Feature","properties":{"district":"Bhopal","state":"MADHYA PRADESH","Aonla_Area":307.0,"Aonla_Production":4118.0,"Aonla_Productivity":13.41,"Banana_Area":null,"Banana_Production":null,"Banana_Productivity":null,"Mango_Area":899.0,"Mango_Production":9889.0,"Mango_Productivity":11.0,"Guava_Area":1222.0,"Guava_Production":33714.0,"Guava_Productivity":27.59,"Papaya_Area":265.0,"Papaya_Production":14180.0,"Papaya_Productivity":53.51,"Pomegranate_Area":219.0,"Pomegranate_Production":3951.0,"Pomegranate_Productivity":18.04,"Watermelon_Area":16.0,"Watermelon_Production":542.0,"Watermelon_Productivity":33.88,"Custard_Apple_Area":2.0,"Custard_Apple_Production":33.0,"Custard_Apple_Productivity":16.5,"Ber_Area":null,"Ber_Production":null,"Ber_Productivity":null,"Citrus_Area":null,"Citrus_Production":null,"Citrus_Productivity":null,"Sapota_Area":null,"Sapota_Production":null,"Sapota_Productivity":null,"Total_Fruits_Area":4268.9,"Total_Fruits_Production":95699.0,"Total_Fruits_Productivity":22.42,"Brinjal_Area":736.0,"Brinjal_Production":25459.0,"Brinjal_Productivity":34.59,"Cabbage_Area":502.0,"Cabbage_Production":12550.0,"Cabbage_Productivity":25.0,"Cauliflower_Area":628.0,"Cauliflower_Production":14185.0,"Cauliflower_Productivity":22.59,"Onion_Area":1785.0,"Onion_Production":47525.0,"Onion_Productivity":26.62,"Tomato_Area":539.0,"Tomato_Production":11597.0,"Tomato_Productivity":21.52,"Potato_Area":861.0,"Potato_Production":25830.0,"Potato_Productivity":30.0,"Green_Chilly_Area":521.0,"Green_Chilly_Production":7685.0,"Green_Chilly_Productivity":14.75,"Okra_Area":133.0,"Okra_Production":1330.0,"Okra_Productivity":10.0,"Total_Vegetables_Area":10532.1,"Total_Vegetables_Production":244623.0,"Total_Vegetables_Productivity":23.23,"Garlic_Area":868.0,"Garlic_Production":11490.0,"Garlic_Productivity":13.24,"Ginger_Area":198.0,"Ginger_Production":3960.0,"Ginger_Productivity":20.0,"Turmeric_Area":244.0,"Turmeric_Production":5190.0,"Turmeric_Productivity":21.27,"Total_Spices_Area":2984.0,"Total_Spices_Production":23713.0,"Total_Spices_Productivity":7.95,"Marigold_Area":1339.0,"Marigold_Production":20630.18,"Marigold_Productivity":15.41,"Rose_Area":154.0,"Rose_Production":3010.0,"Rose_Productivity":19.55,"Total_Flowers_Area":1339.0,"Total_Flowers_Production":20630.18,"Total_Flowers_Productivity":15.41,"Grand_Total_Area":19189.9,"Grand_Total_Production":384785.72,"Grand_Total_Productivity":20.05},"geometry":{"type":"Polygon","coordinates":[[[77.32342607054413,23.084640641144013],[77.3194556742268,23.08966180807817],[77.32143286548987,23.100719495563094],[77.29593124087796,23.10109253183371],[77.27121095269489,23.094030742108654],[77.27617707413559,23.10405246031776],[77.27112909962007,23.120042484895613],[77.28492096232404,23.124934715905688],[77.29757966208611,23.108593416318403],[77.32476346144553,23.113455716280964],[77.32342607054413,23.084640641144013]]]}},{"type":"Feature","properties":{"district":"Gaurela-Pendra-Marwahi","state":"CHHATTISGARH","Aonla_Area":null,"Aonla_Production":null,"Aonla_Productivity":null,"Banana_Area":null,"Banana_Production":null,"Banana_Productivity":null,"Mango_Area":null,"Mango_Production":null,"Mango_Productivity":null,"Guava_Area":null,"Guava_Production":null,"Guava_Productivity":null,"Papaya_Area":null,"Papaya_Production":null,"Papaya_Productivity":null,"Pomegranate_Area":null,"Pomegranate_Production":null,"Pomegranate_Productivity":null,"Watermelon_Area":null,"Watermelon_Production":null,"Watermelon_Productivity":null,"Custard_Apple_Area":null,"Custard_Apple_Production":null,"Custard_Apple_Productivity":null,"Ber_Area":null,"Ber_Production":null,"Ber_Productivity":null,"Citrus_Area":null,"Citrus_Production":null,"Citrus_Productivity":null,"Sapota_Area":null,"Sapota_Production":null,"Sapota_Productivity":null,"Total_Fruits_Area":null,"Total_Fruits_Production":null,"Total_Fruits_Productivity":null,"Brinjal_Area":null,"Brinjal_Production":null,"Brinjal_Productivity":null,"Cabbage_Area":null,"Cabbage_Production":null,"Cabbage_Productivity":null,"Cauliflower_Area":null,"Cauliflower_Production":null,"Cauliflower_Productivity":null,"Onion_Area":null,"Onion_Production":null,"Onion_Productivity":null,"Tomato_Area":null,"Tomato_Production":null,"Tomato_Productivity":null,"Potato_Area":null,"Potato_Production":null,"Potato_Productivity":null,"Green_Chilly_Area":null,"Green_Chilly_Production":null,"Green_Chilly_Productivity":null,"Okra_Area":null,"Okra_Production":null,"Okra_Productivity":null,"Total_Vegetables_Area":null,"Total_Vegetables_Production":null,"Total_Vegetables_Productivity":null,"Garlic_Area":null,"Garlic_Production":null,"Garlic_Productivity":null,"Ginger_Area":null,"Ginger_Production":null,"Ginger_Productivity":null,"Turmeric_Area":null,"Turmeric_Production":null,"Turmeric_Productivity":null,"Total_Spices_Area":null,"Total_Spices_Production":null,"Total_Spices_Productivity":null,"Marigold_Area":null,"Marigold_Production":null,"Marigold_Productivity":null,"Rose_Area":null,"Rose_Production":null,"Rose_Productivity":null,"Total_Flowers_Area":null,"Total_Flowers_Production":null,"Total_Flowers_Productivity":null,"Grand_Total_Area":null,"Grand_Total_Production":null,"Grand_Total_Productivity":null},"geometry":{"type":"Polygon","coordinates":[[[81.74425243470826,22.669490115960784],[81.7350075592466,22.672802528721064],[81.73125504725398,22.67473287928285],[81.74028721159061,22.67495980141332],[81.74425243470826,22.669490115960784]]]}},{"type":"Feature","properties":{"district":"Burhanpur","state":"MADHYA PRADESH","Aonla_Area":99.0,"Aonla_Production":1485.0,"Aonla_Productivity":15.0,"Banana_Area":25094.0,"Banana_Production":1756580.0,"Banana_Productivity":70.0,"Mango_Area":140.0,"Mango_Production":1960.0,"Mango_Productivity":14.0,"Guava_Area":158.0,"Guava_Production":2212.0,"Guava_Productivity":14.0,"Papaya_Area":143.0,"Papaya_Production":10725.0,"Papaya_Productivity":75.0,"Pomegranate_Area":199.0,"Pomegranate_Production":3182.0,"Pomegranate_Productivity":15.99,"Watermelon_Area":720.0,"Watermelon_Production":25200.0,"Watermelon_Productivity":35.0,"Custard_Apple_Area":69.0,"Custard_Apple_Production":897.0,"Custard_Apple_Productivity":13.0,"Ber_Area":null,"Ber_Production":null,"Ber_Productivity":null,"Citrus_Area":null,"Citrus_Production":null,"Citrus_Productivity":null,"Sapota_Area":null,"Sapota_Production":null,"Sapota_Productivity":null,"Total_Fruits_Area":27478.0,"Total_Fruits_Production":1817514.01,"Total_Fruits_Productivity":66.14,"Brinjal_Area":256.0,"Brinjal_Production":4608.0,"Brinjal_Productivity":18.0,"Cabbage_Area":85.0,"Cabbage_Production":1700.0,"Cabbage_Productivity":20.0,"Cauliflower_Area":108.0,"Cauliflower_Production":2160.0,"Cauliflower_Productivity":20.0,"Onion_Area":740.0,"Onion_Production":14800.0,"Onion_Productivity":20.0,"Tomato_Area":120.0,"Tomato_Production":2400.0,"Tomato_Productivity":20.0,"Potato_Area":340.0,"Potato_Production":20400.0,"Potato_Productivity":60.0,"Green_Chilly_Area":33.0,"Green_Chilly_Production":264.0,"Green_Chilly_Productivity":8.0,"Okra_Area":205.0,"Okra_Production":2460.0,"Okra_Productivity":12.0,"Total_Vegetables_Area":2733.0,"Total_Vegetables_Production":65297.5,"Total_Vegetables_Productivity":23.89,"Garlic_Area":75.0,"Garlic_Production":1125.0,"Garlic_Productivity":15.0,"Ginger_Area":220.0,"Ginger_Production":4375.0,"Ginger_Productivity":19.89,"Turmeric_Area":2090.0,"Turmeric_Production":54841.0,"Turmeric_Productivity":26.24,"Total_Spices_Area":3549.0,"Total_Spices_Production":62704.5,"Total_Spices_Productivity":17.67,"Marigold_Area":379.0,"Marigold_Production":6435.0,"Marigold_Productivity":16.98,"Rose_Area":39.0,"Rose_Production":1500.0,"Rose_Productivity":38.46,"Total_Flowers_Area":379.0,"Total_Flowers_Production":6435.0,"Total_Flowers_Productivity":16.98,"Grand_Total_Area":34255.0,"Grand_Total_Production":1952250.66,"Grand_Total_Productivity":56.99},"geometry":{"type":"MultiPolygon","coordinates":[[[[76.63723298340935,21.567705951493327],[76.63651002021666,21.567471335753876],[76.63829452202522,21.56822095361968],[76.63723298340935,21.567705951493327]]],[[[76.34179059076452,21.563681250532532],[76.33949466319503,21.567437395879114],[76.3455209943584,21.567259128335706],[76.34478259067639,21.566910650462383],[76.34179059076452,21.563681250532532]]],[[[76.30194797801629,21.574068344333128],[76.30251949169717,21.573641550133708],[76.3006162648751,21.574308613424662],[76.30194797801629,21.574068344333128]]],[[[76.3588532271931,21.577211289664756],[76.35895273206123,21.572768083831832],[76.35893074542162,21.572769271533737],[76.3588532271931,21.577211289664756]]],[[[76.48147323971202,21.57849779264478],[76.51283666922339,21.561295138780693],[76.55404986548173,21.567585518251704],[76.58090184919872,21.564465243381143],[76.61153639328883,21.573325895880323],[76.63088729668797,21.565074069576973],[76.59048658464063,21.550075751775527],[76.56834138518666,21.55115585167074],[76.56212598529793,21.561897451378083],[76.54725008568512,21.557538651435486],[76.51997508635148,21.56032245126847],[76.5174979864471,21.55197235147016],[76.50755568669761,21.55113955145562],[76.49266428700359,21.566768651008324],[76.473274687491,21.56535785097403],[76.46126306681018,21.57825712644489],[76.4646785543835,21.581375209214446],[76.48147323971202,21.57849779264478]]],[[[76.42425473737664,21.585636974548095],[76.4236412886433,21.58461855030844],[76.42328044316936,21.586467118180106],[76.42425473737664,21.585636974548095]]],[[[76.4355237327259,21.59701297602771],[76.45620079446114,21.580987940782222],[76.44419958812921,21.585541750360292],[76.4282127225234,21.583682251097095],[76.4355237327259,21.59701297602771]]],[[[76.29504658335807,21.596156190859993],[76.290410449022,21.580764259420913],[76.29798845401675,21.57490355738458],[76.28169869222793,21.570498450133755],[76.27564409243931,21.55650975046323],[76.27965489236036,21.551738050598797],[76.2709471926032,21.545715350717487],[76.27002349268822,21.531490651072893],[76.25491369309522,21.524418951193557],[76.2434324933658,21.527877051062116],[76.22086539401583,21.50789855147968],[76.22022129407073,21.499109751699393],[76.22565589396375,21.492661251883472],[76.22008779412063,21.488577051965237],[76.21637729429612,21.469813352425856],[76.22227419416144,21.466994052520036],[76.2213497942173,21.45956345270466],[76.21618319432875,21.46353535258407],[76.19685049481092,21.463648252506097],[76.18003079529437,21.449414252801112],[76.16928949554752,21.452814952672917],[76.13916699634873,21.442013352828127],[76.12256139681006,21.431809753021145],[76.11772439698545,21.41979045330703],[76.1098301971923,21.417744153327558],[76.10614409726168,21.422769553185233],[76.09836419745659,21.42271585315561],[76.08451899771873,21.44113425263276],[76.07992869783385,21.441045152616624],[76.0775320978282,21.455346752244484],[76.07034329799859,21.457350652164735],[76.06144479816889,21.46864825184266],[76.0528550984089,21.463097551948646],[76.0258441990691,21.466191451760654],[76.00350657590593,21.451006930578153],[76.00946494508409,21.461668358051565],[76.00710354273865,21.472408854384167],[75.99041496253378,21.48859274485056],[75.97839448312715,21.486891286070076],[75.9756382714554,21.490265444879643],[75.96242315359108,21.484375705209118],[75.94803573380773,21.490051052288727],[75.9522047891675,21.55206828312185],[76.00776109938985,21.55498588102042],[76.02307687858297,21.549287950773714],[76.0614748937632,21.5732585304429],[76.06842795969666,21.570289628713642],[76.11247996672284,21.57801602326313],[76.11501507786761,21.57091745590598],[76.13047801499987,21.565652285362702],[76.12644694610292,21.561741660048455],[76.13573969010977,21.56082916778641],[76.1447198682302,21.570306926327003],[76.13878715364986,21.575423800771524],[76.15011382293251,21.578475128271215],[76.14586303380433,21.563451778603838],[76.15482930061131,21.54818715954707],[76.1767751079223,21.54168803545951],[76.19769374748135,21.55044076101268],[76.19665129220476,21.560529457697292],[76.2131228537515,21.56167751078523],[76.21368889090012,21.57148541921828],[76.2359433052471,21.5759832953144],[76.24439741721508,21.582462041097223],[76.28639583829806,21.58498438973311],[76.28555413369297,21.59544693936952],[76.29504658335807,21.596156190859993]]],[[[76.37708355862962,21.598035624482407],[76.4187684151388,21.59653504063065],[76.41940989665622,21.58984267076302],[76.38759918951388,21.59028465003313],[76.38101718965942,21.5944816499032],[76.37207256622737,21.591617908763883],[76.37708355862962,21.598035624482407]]]]}},{"type":"Feature","properties":{"district":"Chhindwara","state":"MADHYA PRADESH","Aonla_Area":965.0,"Aonla_Production":9650.0,"Aonla_Productivity":10.0,"Banana_Area":239.0,"Banana_Production":2854.0,"Banana_Productivity":11.94,"Mango_Area":1878.0,"Mango_Production":28305.0,"Mango_Productivity":15.07,"Guava_Area":889.0,"Guava_Production":13611.0,"Guava_Productivity":15.31,"Papaya_Area":410.3,"Papaya_Production":6406.0,"Papaya_Productivity":15.61,"Pomegranate_Area":234.0,"Pomegranate_Production":4680.0,"Pomegranate_Productivity":20.0,"Watermelon_Area":2115.0,"Watermelon_Production":38624.0,"Watermelon_Productivity":18.26,"Custard_Apple_Area":704.0,"Custard_Apple_Production":4224.0,"Custard_Apple_Productivity":6.0,"Ber_Area":null,"Ber_Production":null,"Ber_Productivity":null,"Citrus_Area":null,"Citrus_Production":null,"Citrus_Productivity":null,"Sapota_Area":null,"Sapota_Production":null,"Sapota_Productivity":null,"Total_Fruits_Area":35575.3,"Total_Fruits_Production":654539.25,"Total_Fruits_Productivity":18.4,"Brinjal_Area":4422.0,"Brinjal_Production":119394.0,"Brinjal_Productivity":27.0,"Cabbage_Area":5151.0,"Cabbage_Production":151488.0,"Cabbage_Productivity":29.41,"Cauliflower_Area":9364.0,"Cauliflower_Production":262192.0,"Cauliflower_Productivity":28.0,"Onion_Area":4078.0,"Onion_Production":101950.0,"Onion_Productivity":25.0,"Tomato_Area":9316.0,"Tomato_Production":229450.0,"Tomato_Productivity":24.63,"Potato_Area":9339.0,"Potato_Production":308075.0,"Potato_Productivity":32.99,"Green_Chilly_Area":7135.0,"Green_Chilly_Production":114161.0,"Green_Chilly_Productivity":16.0,"Okra_Area":519.0,"Okra_Production":15762.46,"Okra_Productivity":30.37,"Total_Vegetables_Area":74483.0,"Total_Vegetables_Production":1709489.0,"Total_Vegetables_Productivity":22.95,"Garlic_Area":5606.0,"Garlic_Production":42368.0,"Garlic_Productivity":7.56,"Ginger_Area":3988.0,"Ginger_Production":73407.0,"Ginger_Productivity":18.41,"Turmeric_Area":40.0,"Turmeric_Production":880.0,"Turmeric_Productivity":22.0,"Total_Spices_Area":16461.5,"Total_Spices_Production":154481.12,"Total_Spices_Productivity":9.38,"Marigold_Area":1703.5,"Marigold_Production":14558.5,"Marigold_Productivity":8.55,"Rose_Area":228.0,"Rose_Production":228.0,"Rose_Productivity":1.0,"Total_Flowers_Area":1703.5,"Total_Flowers_Production":14558.5,"Total_Flowers_Productivity":8.55,"Grand_Total_Area":128353.3,"Grand_Total_Production":2534343.87,"Grand_Total_Productivity":19.75},"geometry":{"type":"MultiPolygon","coordinates":[[[[78.34666694001096,22.072013343350182],[78.34649585314611,22.072251181869365],[78.34747113047203,22.072392908019786],[78.34666694001096,22.072013343350182]]],[[[79.23066110146844,22.814699148279846],[79.24055298971146,22.803336877942694],[79.23805027225465,22.792195536332088],[79.24737188588631,22.771748835999464],[79.24179119951484,22.76810778380033],[79.24435551501936,22.751911078343802],[79.26275676677729,22.744661337225555],[79.25998201041693,22.732992352309722],[79.24391185111814,22.71900124287363],[79.26007552914216,22.702425130538565],[79.25871219833913,22.691691668346614],[79.2659322353127,22.693222814886568],[79.26434104899552,22.687157906007435],[79.27319595616085,22.695119449661174],[79.2890057837718,22.69558021141147],[79.29693008609325,22.683235286428083],[79.2875362986155,22.672358068929285],[79.28383539152695,22.65499524367001],[79.2857467297578,22.64830038149308],[79.3061013669911,22.64516778138734],[79.29683944144165,22.619436128452445],[79.32518976150948,22.616498948523155],[79.32606733211219,22.610507552131146],[79.34845676679015,22.614016566319393],[79.35527599105725,22.607407268672763],[79.367910336192,22.60498818652308],[79.3747380414343,22.596982838578867],[79.3643026158121,22.596589742939653],[79.353168551115,22.587233135879256],[79.35730240060013,22.579977706359635],[79.34832881064578,22.570490058400782],[79.34321242694288,22.57808826379164],[79.34146020723864,22.56576137227446],[79.33680658455911,22.569562191879477],[79.33233966426698,22.566188240737223],[79.3413318614865,22.55353418162073],[79.32772133783588,22.551336397669743],[79.32525985612575,22.54255810508206],[79.32123009449012,22.54296319701324],[79.32101742512842,22.527105609601055],[79.33031069280405,22.52574938893531],[79.32804558526007,22.511995333716936],[79.33263516037779,22.505223731123518],[79.3445117757419,22.505122567138972],[79.34508980188535,22.48366284130495],[79.32180432515885,22.477005927626045],[79.30185188291273,22.483522726926434],[79.2597548323753,22.47294159129538],[79.23247912423962,22.47426780532496],[79.19958278154226,22.456193802118204],[79.19489803765629,22.452443803995326],[79.20183143825204,22.44287546215756],[79.17303971966243,22.427874235760424],[79.16099691995115,22.42550433580709],[79.15167982015448,22.443628635363474],[79.14121362040417,22.442630735378355],[79.12030582093722,22.407869236195396],[79.09598492153454,22.39071513658629],[79.09535382155694,22.383784936752665],[79.04762362272405,22.357512037340822],[79.04541152276899,22.364484737170454],[79.02743232319166,22.369907037021868],[78.99382272398938,22.373105436910727],[78.97354192448006,22.3672602370305],[78.94240132521635,22.37238643687365],[78.94601862512583,22.37586183679375],[78.94047592524922,22.382814936620193],[78.91513172586677,22.37229873684579],[78.91024552597696,22.377187936722482],[78.8975826262825,22.37444783677431],[78.88219872663832,22.382719536557413],[78.87496472681842,22.376946036688338],[78.84624652750098,22.37853613661647],[78.84538712751656,22.38206003653055],[78.82883712791849,22.37673273663919],[78.82625592797035,22.383672436468775],[78.81480932824061,22.385492536411135],[78.80322442850249,22.395529736155222],[78.78522892893355,22.393837436173747],[78.76213282950124,22.3818970364324],[78.74346212994264,22.384353336349346],[78.74132983000189,22.378729536482098],[78.73608823012215,22.38182053640082],[78.67195013167522,22.366485536685406],[78.66721783181295,22.350695737059997],[78.6572581320676,22.340126337301655],[78.60126533342351,22.329013637491563],[78.5920453336403,22.331148237426675],[78.5881378337438,22.325091437567412],[78.5637010343397,22.318174137699074],[78.55503203456905,22.305314937997398],[78.54153873490402,22.298309338146943],[78.51229243561257,22.293501338219233],[78.50503203580487,22.28306863846088],[78.51399153559701,22.279217738567954],[78.51829663550807,22.271082938771677],[78.50581833582196,22.26271553895566],[78.44648663722779,22.271981638638238],[78.39169863856048,22.261759638797468],[78.39806303844281,22.243289239256285],[78.40331403832151,22.24081093932505],[78.40086533838884,22.2362707394314],[78.40649233826056,22.232648339528616],[78.40666283827811,22.221149539808426],[78.41843083800622,22.21530433996971],[78.4232017379194,22.200353240341297],[78.43253203769349,22.201180040336176],[78.45189443724922,22.189421040653436],[78.45420553720562,22.182827540817737],[78.44583233743322,22.16864894115013],[78.45490463723007,22.160219741370113],[78.464096337003,22.16324154131089],[78.4757587367329,22.15720404147651],[78.47448883678472,22.145401241762634],[78.49751593625446,22.131213942144882],[78.50715073604968,22.115498042543923],[78.48899723649335,22.112567142587686],[78.48565253658916,22.10420084278722],[78.47943313674337,22.10202094283098],[78.47592353682207,22.10541584274239],[78.43665353778526,22.097711842868872],[78.43247173790007,22.090283043044018],[78.41376613835376,22.0895965430306],[78.39235943889399,22.077754543285714],[78.37622263928172,22.07919374322376],[78.36339383960471,22.07271344336122],[78.34764219544911,22.07247364704881],[78.33792356870907,22.090263998621385],[78.33986434627454,22.099232120992315],[78.34966106808515,22.10404741412891],[78.34691731629216,22.1096867202241],[78.33060696219873,22.107429981719747],[78.30050336042117,22.09219743173798],[78.27627828727043,22.090617852327878],[78.27161117405642,22.115788689378995],[78.27813036507234,22.1245525984562],[78.27707248996596,22.13364606943045],[78.2642579455638,22.133024907112468],[78.26670951683538,22.146148103273465],[78.26247555902724,22.150488319993205],[78.26780930802848,22.16093605872279],[78.25888636122029,22.16515640831276],[78.26140240932429,22.177115045699367],[78.26670966083175,22.176494300108835],[78.26305534086971,22.183708681199743],[78.26920102473562,22.186458123378134],[78.26135966790106,22.18815517679196],[78.26586524080177,22.199071978624314],[78.26061597347335,22.208483052191376],[78.26739224509011,22.212321211825248],[78.26862223338354,22.221118005258813],[78.26367489099532,22.222076434471408],[78.26668266754889,22.22716284256967],[78.28616508401076,22.24174572558013],[78.29342862965633,22.25415803800639],[78.2878638525407,22.263551616374993],[78.26242956912937,22.263477400021642],[78.25702177797282,22.28520151494075],[78.25959500374886,22.30095290793073],[78.24495919093667,22.320566764749202],[78.27989830660995,22.350070217472272],[78.27866951383085,22.39356551689201],[78.27015132025595,22.40208963139657],[78.27692786692955,22.412262275281236],[78.28485350478583,22.41959970607326],[78.30492338405938,22.413924835234486],[78.31692368298629,22.42478433468232],[78.37008044222597,22.417154637902502],[78.38172139613546,22.420351374157576],[78.39060860652496,22.417763525428327],[78.39242878197362,22.410186607010466],[78.4043104999482,22.404053074758966],[78.41815804798519,22.383121580961035],[78.44772415404746,22.37869488859267],[78.45108683364117,22.384025901958047],[78.45461243860173,22.376754516481586],[78.46377534708208,22.379066156039226],[78.47043395152264,22.375359725694498],[78.47024954012045,22.38246691353733],[78.4835311024618,22.37954621546664],[78.49264595208157,22.387396384051875],[78.49777490972119,22.4002566209038],[78.50560927959171,22.40474489587837],[78.51344373647049,22.402533471820657],[78.52651356498728,22.41967293827823],[78.54566057535564,22.414910693323723],[78.56360589200321,22.423623951159684],[78.56473043328415,22.428654395071682],[78.55169029681852,22.446547571668233],[78.55381303874596,22.456053162524306],[78.53565599395513,22.461494093747646],[78.52958307264677,22.455011300778438],[78.52978671932243,22.469875666508116],[78.50948254743119,22.477678340879788],[78.51433026171959,22.491236450788904],[78.54079609843254,22.501598762551794],[78.53884872478551,22.51505005176893],[78.54793938317252,22.536488448027924],[78.53999371999669,22.550282883197937],[78.52486589041446,22.557281826222376],[78.51903108968048,22.571717750086588],[78.49782345429362,22.592144073611394],[78.50141871703674,22.61319522572616],[78.49810395094994,22.63402656520957],[78.50721443765897,22.654861013821787],[78.51845431481833,22.65815130671069],[78.52530697628325,22.666178314085737],[78.54206905226128,22.656995771296103],[78.57526438994839,22.663118426506554],[78.6118653197811,22.64910594751296],[78.61785733542355,22.653192687606804],[78.61604267289779,22.663484253352916],[78.62558353198843,22.678486549805324],[78.63755364137218,22.686541012365776],[78.66635065421909,22.68923613058149],[78.66758070675297,22.69727902464693],[78.67791277184742,22.699678300190957],[78.68466796364679,22.671363846965264],[78.68075652052012,22.66006386590475],[78.69417389513193,22.65018398656648],[78.7097554343183,22.653446475193295],[78.72366314868668,22.645248893230555],[78.73019156903482,22.637913914157057],[78.72868079599856,22.627652670208136],[78.73324524796654,22.62427680940237],[78.74077721663006,22.62671341060709],[78.74149945193695,22.619265190220545],[78.76603729521206,22.616611403569543],[78.78042549025258,22.622404540626047],[78.78418477356759,22.630312788444026],[78.77542757649121,22.647013700473767],[78.82348028558086,22.656161339341317],[78.82112790537076,22.663037162175144],[78.82803210264805,22.66100750412615],[78.83920999083533,22.667999751288665],[78.83945947893208,22.681680721815777],[78.84988613528463,22.684324029147305],[78.85556537746348,22.678337687082166],[78.88480263007091,22.67873128642743],[78.91852867484178,22.672043149007997],[78.92359107788472,22.663982637212833],[78.91938109744177,22.652921824230503],[78.93095505033226,22.6369159002618],[78.94746411928129,22.62833492834457],[78.9642624248401,22.626240411201685],[78.97752338735327,22.636061914777063],[78.99572861488885,22.63487531870015],[79.00512419489405,22.644549557588523],[79.01160397625972,22.644035008741493],[79.00716864062544,22.64868688815823],[79.01019158203403,22.652043809382175],[79.00265418702163,22.65434550050329],[79.01203848581447,22.65993317494049],[79.01868651707191,22.656659697858597],[79.0101982862574,22.66735925832795],[79.01691597942957,22.66884033504644],[79.01058448255058,22.68276516211732],[79.0171944690422,22.68610192243795],[79.00467550326846,22.690711964617744],[79.00422422009328,22.69482942139166],[79.0242042537687,22.701999702520087],[79.02858915015526,22.70861701396076],[79.02189775038846,22.70830587542659],[79.01329719731886,22.71592165439734],[79.0122516131199,22.72681588332173],[79.0276124308001,22.727394842292217],[79.01767433346153,22.732427374705072],[79.01703088441339,22.73984070177775],[79.04200316342701,22.753591403431212],[79.04247315871433,22.75951289116637],[79.05651511827102,22.754889006538765],[79.06412517870295,22.758561155142242],[79.06846920249895,22.749678333009914],[79.0759562043335,22.75003294491522],[79.07449298600406,22.74427127478001],[79.08341488272633,22.747465931025907],[79.08926269542178,22.742469190442023],[79.09617526120955,22.757329661489816],[79.1229089705309,22.765316984108257],[79.12707302161361,22.783543870846078],[79.13819791281918,22.79135535267389],[79.14865138992144,22.78876618409395],[79.16497027351242,22.795166244961028],[79.1763406075567,22.786924482073115],[79.18575377599858,22.79835200124115],[79.19203723957617,22.797208602570297],[79.19241388843066,22.808999248645545],[79.23066110146844,22.814699148279846]]]]}},{"type":"Feature","properties":{"district":"Chhota Udepur","state":"GUJARAT","Aonla_Area":null,"Aonla_Production":null,"Aonla_Productivity":null,"Banana_Area":7431.0,"Banana_Production":3206.0,"Banana_Productivity":50.89,"Mango_Area":2232.0,"Mango_Production":14844.0,"Mango_Productivity":6.65,"Guava_Area":1211.0,"Guava_Production":78889.0,"Guava_Productivity":65.14,"Papaya_Area":1211.0,"Papaya_Production":78889.0,"Papaya_Productivity":65.14,"Pomegranate_Area":null,"Pomegranate_Production":null,"Pomegranate_Productivity":null,"Watermelon_Area":null,"Watermelon_Production":null,"Watermelon_Productivity":null,"Custard_Apple_Area":439.0,"Custard_Apple_Production":5378.0,"Custard_Apple_Productivity":12.25,"Ber_Area":219.0,"Ber_Production":2015.0,"Ber_Productivity":9.2,"Citrus_Area":385.0,"Citrus_Production":5008.0,"Citrus_Productivity":13.01,"Sapota_Area":57.0,"Sapota_Production":507.0,"Sapota_Productivity":8.89,"Total_Fruits_Area":12578.0,"Total_Fruits_Production":630437.0,"Total_Fruits_Productivity":50.12,"Brinjal_Area":2541.0,"Brinjal_Production":48108.0,"Brinjal_Productivity":18.93,"Cabbage_Area":207.0,"Cabbage_Production":3944.0,"Cabbage_Productivity":19.05,"Cauliflower_Area":129.0,"Cauliflower_Production":2707.0,"Cauliflower_Productivity":20.98,"Onion_Area":97.0,"Onion_Production":1903.0,"Onion_Productivity":19.62,"Tomato_Area":4832.0,"Tomato_Production":145547.0,"Tomato_Productivity":30.12,"Potato_Area":null,"Potato_Production":null,"Potato_Productivity":null,"Green_Chilly_Area":1274.0,"Green_Chilly_Production":21186.0,"Green_Chilly_Productivity":16.63,"Okra_Area":2998.0,"Okra_Production":38967.0,"Okra_Productivity":13.0,"Total_Vegetables_Area":15828.0,"Total_Vegetables_Production":314847.0,"Total_Vegetables_Productivity":19.89,"Garlic_Area":null,"Garlic_Production":null,"Garlic_Productivity":null,"Ginger_Area":102.0,"Ginger_Production":2195.0,"Ginger_Productivity":21.52,"Turmeric_Area":199.0,"Turmeric_Production":4170.0,"Turmeric_Productivity":20.95,"Total_Spices_Area":406.0,"Total_Spices_Production":7553.0,"Total_Spices_Productivity":18.6,"Marigold_Area":344.0,"Marigold_Production":3387.0,"Marigold_Productivity":9.85,"Rose_Area":80.0,"Rose_Production":722.0,"Rose_Productivity":9.03,"Total_Flowers_Area":470.0,"Total_Flowers_Production":4488.0,"Total_Flowers_Productivity":9.55,"Grand_Total_Area":17610.0,"Grand_Total_Production":314920.0,"Grand_Total_Productivity":17.88},"geometry":{"type":"Polygon","coordinates":[[[74.0184556483496,22.57364642075261],[74.05453381392918,22.56281928927696],[74.06098908568623,22.55079215982722],[74.04114167009301,22.54179337765696],[74.03851329851855,22.51584309886436],[74.02938213127526,22.507954382467044],[74.03339329023315,22.48989695161791],[74.04080025198678,22.48654601373029],[74.05436932897544,22.509556448923544],[74.08251716025514,22.506784634244667],[74.08753851635855,22.482215122804547],[74.08601440336238,22.47680543872451],[74.08216906929715,22.48443526636811],[74.07645540124075,22.48358485775196],[74.0753251647297,22.464295380678724],[74.08565670547122,22.469906099941188],[74.10415279760407,22.464527131242114],[74.10339622730172,22.455740444278543],[74.09696558933517,22.450267010031247],[74.09974622690955,22.43804010285949],[74.11911222789168,22.41876148036619],[74.12474089492969,22.41733020220153],[74.12775205778179,22.42203958411824],[74.13395078117594,22.44592061287953],[74.14275740469373,22.44686797568132],[74.1492097394565,22.455658326090308],[74.15525732786142,22.454099504029312],[74.15253958723463,22.44306021327285],[74.16044897842572,22.431210527026288],[74.1697453142261,22.431831211705646],[74.16949521104391,22.439258909835196],[74.1841260142329,22.441538851622703],[74.18534448723801,22.450957178003364],[74.17993281451659,22.462215741959827],[74.18789633352876,22.475505674930737],[74.19340097141152,22.47547629324975],[74.20322970044128,22.467037180943645],[74.20162280582282,22.434510019593752],[74.21337972271972,22.43151033521325],[74.2152415511194,22.441298404741534],[74.25278580626669,22.432947699411574],[74.27059026820416,22.413148063703606],[74.26746336344762,22.4055523298361],[74.29117849334912,22.39401244188278],[74.27070247732804,22.392693640365973],[74.2567351841234,22.399652310153513],[74.25428544381283,22.38583337549551],[74.24275624784116,22.382423752320644],[74.24329454516521,22.37605226423054],[74.22370744244547,22.37994418706698],[74.22387991543673,22.356365146871877],[74.20404151936164,22.366707305275014],[74.20277375602788,22.34852474263279],[74.1982814234042,22.344115425859943],[74.19220064427202,22.346326078875727],[74.19033394624843,22.320259934059788],[74.12786100829445,22.332735877898802],[74.12511896639505,22.356098266797133],[74.1136724888951,22.35714550105592],[74.11209408244187,22.366884965913364],[74.10507350005892,22.37181501253244],[74.09567474054543,22.37111381775648],[74.09206987217156,22.360845775900973],[74.07077801327759,22.36128682009542],[74.06476611311469,22.35460657801571],[74.07220234798388,22.343481443017552],[74.0715690198695,22.33598772874932],[74.06457665317782,22.331858304938496],[74.06243829903802,22.304918981605955],[74.05375777808425,22.30375052249351],[74.05237966245465,22.294091607586648],[74.0587983481339,22.274615055828022],[74.06776753631142,22.265411610796974],[74.07447658210322,22.265644010463724],[74.07503588188044,22.24756442042904],[74.08718291453269,22.242794848285673],[74.06932767000077,22.232715993469352],[74.07217466161349,22.21915721790483],[74.10621374601794,22.220248126112107],[74.12232902287168,22.21239679199213],[74.11738294197423,22.206467964383418],[74.12165035327168,22.19473699988896],[74.1181305604314,22.18534942477606],[74.12144227191669,22.167400736389045],[74.13385694778215,22.160541438212938],[74.13055013664498,22.144430572108767],[74.12278038216876,22.135684336252957],[74.12884797978172,22.121036125147462],[74.12446193458855,22.09790802098945],[74.12848840854235,22.094647871740573],[74.15255741621858,22.10600618243755],[74.15371425829592,22.10039779873012],[74.16929269683276,22.100597343334876],[74.1703363761272,22.09180546215784],[74.17865316634656,22.085476738671723],[74.16472303404585,22.082848340219567],[74.16395481145246,22.073438253818182],[74.15861525099056,22.069709733431857],[74.16007544037187,22.05881805191721],[74.13629044503445,22.05292890238678],[74.13140747945693,22.047831238888456],[74.14014952630795,22.040321349587995],[74.12365757922548,22.036091132977216],[74.11428172333937,22.02444090694198],[74.0921420008862,22.01483368972336],[74.0980066333582,21.998314252701537],[74.11843146949715,21.998933508964257],[74.15059509600357,21.986590722032478],[74.14988609362568,21.975166614389213],[74.14034395248797,21.972670639036693],[74.14129661977266,21.963838244725256],[74.14755026786672,21.960717189148315],[74.14188363687528,21.955737383593842],[74.14684794626137,21.952891920617265],[74.14626317679225,21.946440635301705],[74.12822370405561,21.94977833462426],[74.04789515232073,21.924999927358737],[73.94051162077058,21.870908542805594],[73.93115794350777,21.889159508087573],[73.91080061565427,21.89830937231055],[73.9084753238313,21.906826274522068],[73.88931041278683,21.92619197910682],[73.86815188072215,21.924323224839267],[73.85985589269852,21.93474459523755],[73.8549749560835,21.95261660593313],[73.8038659668001,21.929451694477567],[73.80050726790243,21.929387025862294],[73.8008998402761,21.937881011167477],[73.80819262249753,21.940177907034407],[73.79921491923041,21.948401409823465],[73.79558211929582,21.935173724737673],[73.79002827329789,21.93118381056152],[73.7787264771405,21.939955885664094],[73.78103678208913,21.959920378161556],[73.77355199292798,21.961478325727814],[73.77073986377559,21.967676405899986],[73.74823558980272,21.962538552738238],[73.72891809810582,21.981527171585668],[73.70459099866032,21.97684765832904],[73.70269753607971,21.99265166914254],[73.70713079311803,21.9941662631159],[73.70804964993754,22.009714611551804],[73.7008517739558,22.005907093249903],[73.69879188821518,21.993416349589264],[73.6932396145067,21.992902860105236],[73.6960805372514,21.98829042561842],[73.68882595765676,21.987264461052522],[73.69011418971388,22.011425182339377],[73.68275293596778,22.00969412463899],[73.67973266075025,22.00104790484043],[73.67809441501706,22.009564760550923],[73.66996570701792,22.01480523095541],[73.67601493855243,22.043133619030076],[73.68358540623818,22.043171719492673],[73.6845139790375,22.05122243400209],[73.67751561996761,22.05381227916494],[73.66054460911876,22.043101727214406],[73.6572893535558,22.06201332634792],[73.65208632968178,22.06040228889595],[73.6484698009387,22.07204827659964],[73.63035103889479,22.06688886854993],[73.63082158817859,22.079532157486696],[73.6147616433084,22.07027985635484],[73.61457222298854,22.07907146600967],[73.60910214520563,22.082091940986135],[73.60288287274007,22.07110059463287],[73.58233435627768,22.06490145320622],[73.57614710548026,22.053642739003493],[73.56285683431814,22.061499788531187],[73.56316988849777,22.054550622245355],[73.54485876670721,22.047561869169872],[73.53089215420202,22.05065191847547],[73.52914110239217,22.061971525203585],[73.54219144656176,22.061811395634603],[73.5423823788333,22.066692751825705],[73.53241452287317,22.071460322629793],[73.5403430282353,22.09131909878315],[73.51415418161992,22.09214801232188],[73.50165543702768,22.078529614565404],[73.48914796552124,22.078120704952216],[73.48653832963339,22.070551334567213],[73.47614966520209,22.086790100524283],[73.47682963828238,22.098429228397016],[73.48163903163913,22.105608589781344],[73.50094788129236,22.112426598468975],[73.5069873145227,22.134357958416132],[73.51883479391019,22.144453501588668],[73.50534466781085,22.145496420422088],[73.50839756250689,22.152325880688178],[73.50369623755014,22.153749783312087],[73.51219665656227,22.17335582071364],[73.55619615534648,22.192971820526882],[73.55798775524467,22.20064972035169],[73.58051415460965,22.212488320211783],[73.5937753539915,22.251760419344187],[73.58888335398063,22.268784518898823],[73.59367125377385,22.28082861863812],[73.58836155387917,22.28382231853077],[73.59298305365863,22.298226718212035],[73.592405153474,22.324414517574372],[73.61657552150695,22.324362086301598],[73.62925236322359,22.331279546311148],[73.62562205626108,22.3378810621738],[73.61235216060264,22.33821035225806],[73.61328106659396,22.347332008692483],[73.6310467522486,22.36364841687931],[73.64418575190814,22.366971116884823],[73.64315185182902,22.380784716544937],[73.66128525140886,22.378807316710432],[73.65127136390663,22.385022201656028],[73.68236716179419,22.374597962494324],[73.70515173428522,22.358518136891206],[73.7036412726519,22.348720667868697],[73.68924295447846,22.346166909438466],[73.69405458717085,22.33924749393701],[73.65524852920471,22.33657754532402],[73.64564953445637,22.31511329674584],[73.62890215967158,22.31282997980653],[73.63445301053922,22.30269271162216],[73.65046966245878,22.296071387598992],[73.65352002896411,22.28821410581918],[73.6972255651299,22.28652493201939],[73.6989210959076,22.299763212003935],[73.71362111250018,22.303191876937024],[73.71670338092285,22.290023342785936],[73.72331091752528,22.288813867680197],[73.7260503994482,22.292812738051268],[73.73084063520295,22.28806404831116],[73.72728053685572,22.296342953695557],[73.73157096440617,22.303993691944676],[73.72346141004132,22.316163131494353],[73.72955847235342,22.33142113378496],[73.72583059995333,22.3374605076507],[73.74744739292038,22.34690052882208],[73.74951690720302,22.343896635612992],[73.7574344916215,22.366185570182108],[73.76466415069676,22.371067057840484],[73.76989323883936,22.38351469420937],[73.76953467345518,22.38915403157861],[73.735078677188,22.388545068247762],[73.73924042381789,22.39524287780053],[73.72966012714208,22.41431297964187],[73.74072865988738,22.438651709552097],[73.73552733857557,22.451108232482344],[73.74351334889084,22.45237071547075],[73.73131034913158,22.459226615227895],[73.73202964895275,22.480974114710857],[73.73794304876971,22.48661221461368],[73.73284384877607,22.50212911420924],[73.750881648341,22.50280111430874],[73.75546474817688,22.51020671416078],[73.75405324807083,22.529055013700866],[73.76268154784474,22.53185061368921],[73.76748064777027,22.526464313848585],[73.77575774754948,22.529680113824543],[73.77315274757001,22.535287713673895],[73.78625434716417,22.54803271345287],[73.808872091083,22.549022399239345],[73.83872755516205,22.53329161460497],[73.84902567623269,22.512853084517953],[73.88034136212408,22.502916777968814],[73.89058083350896,22.508447135934848],[73.90838661218652,22.509184839667547],[73.92449558211604,22.52050471548644],[73.92620505994775,22.530135124037727],[73.93625522394697,22.53844399386666],[73.96503351726396,22.53603264204882],[73.99358707726228,22.555962093199337],[74.01529797525086,22.559419029404307],[74.0184556483496,22.57364642075261]],[[74.17214506576215,22.41874978050217],[74.15711764945911,22.412332891871852],[74.16503624227715,22.405874174459797],[74.16514533374897,22.397254399234992],[74.1791552936117,22.387993830242596],[74.17214506576215,22.41874978050217]]]}},{"type":"Feature","properties":{"district":"Dahod","state":"GUJARAT","Aonla_Area":null,"Aonla_Production":null,"Aonla_Productivity":null,"Banana_Area":385.0,"Banana_Production":17070.0,"Banana_Productivity":44.34,"Mango_Area":3649.0,"Mango_Production":24269.0,"Mango_Productivity":6.65,"Guava_Area":276.0,"Guava_Production":13579.0,"Guava_Productivity":49.2,"Papaya_Area":276.0,"Papaya_Production":13579.0,"Papaya_Productivity":49.2,"Pomegranate_Area":null,"Pomegranate_Production":null,"Pomegranate_Productivity":null,"Watermelon_Area":null,"Watermelon_Production":null,"Watermelon_Productivity":null,"Custard_Apple_Area":3649.0,"Custard_Apple_Production":24269.0,"Custard_Apple_Productivity":6.65,"Ber_Area":381.0,"Ber_Production":3826.0,"Ber_Productivity":10.04,"Citrus_Area":1231.0,"Citrus_Production":15635.0,"Citrus_Productivity":12.7,"Sapota_Area":78.0,"Sapota_Production":698.0,"Sapota_Productivity":8.95,"Total_Fruits_Area":null,"Total_Fruits_Production":null,"Total_Fruits_Productivity":null,"Brinjal_Area":2498.0,"Brinjal_Production":50416.0,"Brinjal_Productivity":20.18,"Cabbage_Area":1918.0,"Cabbage_Production":42338.0,"Cabbage_Productivity":22.07,"Cauliflower_Area":1391.0,"Cauliflower_Production":30018.0,"Cauliflower_Productivity":21.58,"Onion_Area":392.0,"Onion_Production":7840.0,"Onion_Productivity":20.0,"Tomato_Area":1352.0,"Tomato_Production":43008.0,"Tomato_Productivity":31.81,"Potato_Area":null,"Potato_Production":null,"Potato_Productivity":null,"Green_Chilly_Area":657.0,"Green_Chilly_Production":8830.0,"Green_Chilly_Productivity":13.44,"Okra_Area":4261.0,"Okra_Production":53287.0,"Okra_Productivity":12.51,"Total_Vegetables_Area":23837.0,"Total_Vegetables_Production":383507.0,"Total_Vegetables_Productivity":16.09,"Garlic_Area":159.0,"Garlic_Production":1711.0,"Garlic_Productivity":10.76,"Ginger_Area":2516.0,"Ginger_Production":58144.0,"Ginger_Productivity":23.11,"Turmeric_Area":1189.0,"Turmeric_Production":24744.0,"Turmeric_Productivity":20.81,"Total_Spices_Area":2536.0,"Total_Spices_Production":20332.0,"Total_Spices_Productivity":8.02,"Marigold_Area":1171.0,"Marigold_Production":11771.0,"Marigold_Productivity":10.05,"Rose_Area":486.0,"Rose_Production":4680.0,"Rose_Productivity":9.63,"Total_Flowers_Area":1426.0,"Total_Flowers_Production":10953.0,"Total_Flowers_Productivity":7.68,"Grand_Total_Area":30759.0,"Grand_Total_Production":408967.0,"Grand_Total_Productivity":13.3},"geometry":{"type":"MultiPolygon","coordinates":[[[[74.111925539469,22.541142115636156],[74.13337113908715,22.522759016204684],[74.14955373868217,22.525617716233477],[74.15111870487135,22.52142299992151],[74.13394644908658,22.51993916816741],[74.11184032034485,22.539671742581632],[74.10130000210944,22.53442406809459],[74.0993133489363,22.53828493465654],[74.111925539469,22.541142115636156]]],[[[74.08885514000478,22.542958415453352],[74.09113173582948,22.541665356801918],[74.0857789281537,22.54385881481774],[74.08885514000478,22.542958415453352]]],[[[74.0715611703092,22.55108892711802],[74.07832474020933,22.549475715233854],[74.08011496796956,22.54836971909787],[74.0715611703092,22.55108892711802]]],[[[74.05549361340577,22.561310329686506],[74.07132426299421,22.551061900398196],[74.06114023875868,22.54983951296882],[74.05549361340577,22.561310329686506]]],[[[74.05452044068079,22.56284031477014],[74.05453381392918,22.56281928927696],[74.05405785861953,22.562947893678373],[74.05452044068079,22.56284031477014]]],[[[74.04797945572822,22.564361350740405],[74.0483651324978,22.564271674525454],[74.04807069929382,22.56431865297017],[74.04797945572822,22.564361350740405]]],[[[74.04021435462982,22.56957354675645],[74.04495615791147,22.56589902487197],[74.0419722840847,22.567787877867357],[74.04021435462982,22.56957354675645]]],[[[74.03827515547371,22.57030107586416],[74.03738157109065,22.56983985352606],[74.03561787177834,22.570142735731036],[74.03827515547371,22.57030107586416]]],[[[74.03123534118043,22.570383614448062],[74.03331735404561,22.57025944163677],[74.0296038459255,22.57038182789882],[74.03123534118043,22.570383614448062]]],[[[74.021108041398,22.573624814308783],[74.02398448618801,22.570553388373842],[74.0184556483496,22.57364642075261],[74.021108041398,22.573624814308783]]],[[[73.99763634191882,22.57873191404297],[74.01758293987842,22.573685312992932],[74.01529797525086,22.559419029404307],[73.99358707726228,22.555962093199337],[73.96503351726396,22.53603264204882],[73.93625522394697,22.53844399386666],[73.92620505994775,22.530135124037727],[73.92449558211604,22.52050471548644],[73.90838661218652,22.509184839667547],[73.89058083350896,22.508447135934848],[73.88034136212408,22.502916777968814],[73.85206329453446,22.51095712259482],[73.84418427680745,22.517656496961454],[73.83872755516205,22.53329161460497],[73.80290282616419,22.548827958727397],[73.80898680445958,22.553138667430602],[73.81116572946505,22.567533095139176],[73.81915892760995,22.569135865365023],[73.83043394596535,22.56824711325058],[73.83153334603868,22.554666413581653],[73.85594624542958,22.558610913641438],[73.86870054523507,22.54368021407812],[73.88801784475757,22.54616741413981],[73.88935184469574,22.550316314049137],[73.8993163444896,22.546070814212804],[73.90303504437047,22.5503163141347],[73.90683024435813,22.53954411441569],[73.89959034464914,22.523134514762734],[73.90520204455106,22.518224114915263],[73.9118253443357,22.52620851476563],[73.92048344416808,22.520874614947108],[73.9214077440234,22.53787301454649],[73.93177884370245,22.548173914364924],[73.92876844367139,22.562414814006274],[73.93238844356438,22.56532991395917],[73.94753294318315,22.568311213982078],[73.95361464306859,22.56415281411902],[73.97277524261186,22.564358814232616],[73.97891004253394,22.554876214496787],[73.98152694242282,22.56172291434947],[73.99548424203549,22.56954041424889],[73.99763634191882,22.57873191404297]]]]}},{"type":"Feature","properties":{"district":"Damoh","state":"MADHYA PRADESH","Aonla_Area":509.0,"Aonla_Production":6108.0,"Aonla_Productivity":12.0,"Banana_Area":15.0,"Banana_Production":525.0,"Banana_Productivity":35.0,"Mango_Area":370.0,"Mango_Production":4810.0,"Mango_Productivity":13.0,"Guava_Area":310.0,"Guava_Production":3410.0,"Guava_Productivity":11.0,"Papaya_Area":95.0,"Papaya_Production":1900.0,"Papaya_Productivity":20.0,"Pomegranate_Area":null,"Pomegranate_Production":null,"Pomegranate_Productivity":null,"Watermelon_Area":null,"Watermelon_Production":null,"Watermelon_Productivity":null,"Custard_Apple_Area":null,"Custard_Apple_Production":null,"Custard_Apple_Productivity":null,"Ber_Area":null,"Ber_Production":null,"Ber_Productivity":null,"Citrus_Area":null,"Citrus_Production":null,"Citrus_Productivity":null,"Sapota_Area":null,"Sapota_Production":null,"Sapota_Productivity":null,"Total_Fruits_Area":2348.0,"Total_Fruits_Production":30547.0,"Total_Fruits_Productivity":13.01,"Brinjal_Area":1925.0,"Brinjal_Production":26950.0,"Brinjal_Productivity":14.0,"Cabbage_Area":715.0,"Cabbage_Production":14300.0,"Cabbage_Productivity":20.0,"Cauliflower_Area":572.0,"Cauliflower_Production":11440.0,"Cauliflower_Productivity":20.0,"Onion_Area":5435.0,"Onion_Production":108700.0,"Onion_Productivity":20.0,"Tomato_Area":2580.0,"Tomato_Production":56760.0,"Tomato_Productivity":22.0,"Potato_Area":5309.0,"Potato_Production":95562.0,"Potato_Productivity":18.0,"Green_Chilly_Area":2580.0,"Green_Chilly_Production":56760.0,"Green_Chilly_Productivity":22.0,"Okra_Area":null,"Okra_Production":null,"Okra_Productivity":null,"Total_Vegetables_Area":28881.0,"Total_Vegetables_Production":458838.0,"Total_Vegetables_Productivity":15.89,"Garlic_Area":1671.0,"Garlic_Production":18381.0,"Garlic_Productivity":11.0,"Ginger_Area":665.0,"Ginger_Production":9975.0,"Ginger_Productivity":15.0,"Turmeric_Area":505.0,"Turmeric_Production":12625.0,"Turmeric_Productivity":25.0,"Total_Spices_Area":6624.0,"Total_Spices_Production":59683.5,"Total_Spices_Productivity":9.01,"Marigold_Area":240.0,"Marigold_Production":1402.5,"Marigold_Productivity":5.84,"Rose_Area":75.0,"Rose_Production":412.5,"Rose_Productivity":5.5,"Total_Flowers_Area":240.0,"Total_Flowers_Production":1402.5,"Total_Flowers_Productivity":5.84,"Grand_Total_Area":38164.25,"Grand_Total_Production":550756.0,"Grand_Total_Productivity":14.43},"geometry":{"type":"MultiPolygon","coordinates":[[[[79.4209632132228,23.216443117403614],[79.43682090497677,23.207201593544188],[79.42092682419883,23.192484716007655],[79.36630129631797,23.16531190887562],[79.36385932626199,23.170341359445572],[79.35534295416848,23.171279638175744],[79.35195172545806,23.155662256554862],[79.33187585570393,23.150732419855565],[79.334866305282,23.159397181331265],[79.32721670644044,23.16670854557786],[79.34032621510595,23.163823318562986],[79.358263214684,23.17839231823939],[79.37352831433928,23.172276518390092],[79.40880381351808,23.191705217964987],[79.41987881326367,23.193362117933525],[79.4209632132228,23.216443117403614]]],[[[79.83264040372835,23.679782207066076],[79.85948210313269,23.666199007373816],[79.8936076023719,23.666019107382144],[79.9122750019578,23.646443107821792],[79.9322954015088,23.673950507208364],[79.94009757060218,23.67685634526461],[79.95551799482057,23.658672977474204],[79.94346404472482,23.645324602310275],[79.95148760151889,23.622233260831365],[79.94033662024056,23.6239945829833],[79.92744303044803,23.608914424119966],[79.92968698288428,23.595186517134316],[79.9174225424633,23.58664417090704],[79.90341285717516,23.58583028691565],[79.90101037562923,23.574792452242054],[79.89256107573641,23.572920075382008],[79.89213398047146,23.565809602839245],[79.87664255057811,23.556239562006056],[79.87323904749019,23.540424700100722],[79.84731825843707,23.504165135859445],[79.83642397802282,23.511210293988125],[79.81530836600814,23.51267997831642],[79.81962323405176,23.50853255243892],[79.80997873804245,23.498837378066067],[79.81571751492494,23.495277561775954],[79.81466722389096,23.490545727138205],[79.80213996476867,23.465840652275844],[79.78737876605862,23.459851147642322],[79.79356712768046,23.455511286531753],[79.78555599121512,23.448671701966777],[79.78887034830012,23.446321386180443],[79.77512547767999,23.43926577778129],[79.76765393666935,23.44533308787294],[79.76657335271148,23.438266861503156],[79.75843206890897,23.431967562917272],[79.74132566687409,23.429820872541214],[79.73777435512284,23.436586494411163],[79.7354707803717,23.426253985869863],[79.72435438519024,23.425390240393888],[79.72478990441836,23.41880306531534],[79.73311727182056,23.419677778191506],[79.73317698134386,23.409280284413928],[79.71974096947756,23.398408564912],[79.7224623402492,23.39380645468846],[79.71727134464243,23.392197842102888],[79.71942888417071,23.38581276425468],[79.71247905555803,23.37167671245636],[79.70347789888052,23.375108008653136],[79.70633454386218,23.368013875669075],[79.70285360365497,23.361532654553066],[79.67483602782036,23.343367730384564],[79.67450134124798,23.33822099965518],[79.6149716670971,23.30917624109634],[79.56633341864472,23.276216509651924],[79.53210156239273,23.25959483960635],[79.53143750995764,23.265779604657475],[79.51578346876845,23.268338522073268],[79.49856746040126,23.26157782184902],[79.48827906018793,23.26402178261152],[79.49298299772646,23.261851173437513],[79.487284701965,23.24968560790305],[79.44638994911638,23.215215970490686],[79.44401251269379,23.220370017326868],[79.45845461234633,23.24770131670785],[79.49808801141057,23.301017515508764],[79.50684581121517,23.294776515655848],[79.50874801116956,23.298698215567164],[79.5205835108999,23.29976021554877],[79.55102831021217,23.291443115753356],[79.55759691006001,23.29665391563723],[79.5543148101249,23.314844815220148],[79.57572390963938,23.313139115268672],[79.58286420947296,23.321569315079227],[79.58934700932613,23.320611415103897],[79.59096320928495,23.329776514895386],[79.61518480872695,23.347361114504313],[79.62514610850036,23.348926914472518],[79.63145640835354,23.357460414280542],[79.64906780795359,23.359254814246086],[79.65181440788514,23.373993613911633],[79.66932950748317,23.38729361361524],[79.6762029073209,23.404578713224726],[79.70014570678102,23.400591113322967],[79.69762050683183,23.417701312933694],[79.7215890062818,23.44323191236198],[79.72098110629099,23.456501712061197],[79.73823450589963,23.464254811890484],[79.75076710561159,23.482757411475333],[79.75167460558565,23.501092611061363],[79.74015530584407,23.503201011010766],[79.73345290599106,23.515116210740075],[79.73411020597158,23.529613410413354],[79.74084680582075,23.528109810449035],[79.74351200575708,23.540513810170296],[79.7609795053633,23.5464269100415],[79.76184330534204,23.552918609895617],[79.77134080512798,23.556637609814185],[79.77584130502348,23.569961809515554],[79.76225300532158,23.592284309010793],[79.78344490484763,23.59077660904955],[79.78152850488897,23.596582808918814],[79.79504280458414,23.6062128087056],[79.79181280465261,23.62150090836207],[79.80600960433411,23.626636808249916],[79.80172140442781,23.63524460805629],[79.80552980433491,23.668837307305573],[79.83264040372835,23.679782207066076]]]]}},{"type":"Feature","properties":{"district":"Dewas","state":"MADHYA PRADESH","Aonla_Area":184.0,"Aonla_Production":1727.76,"Aonla_Productivity":9.39,"Banana_Area":5.0,"Banana_Production":163.0,"Banana_Productivity":32.6,"Mango_Area":510.0,"Mango_Production":5865.0,"Mango_Productivity":11.5,"Guava_Area":706.0,"Guava_Production":16965.18,"Guava_Productivity":24.03,"Papaya_Area":162.0,"Papaya_Production":7452.0,"Papaya_Productivity":46.0,"Pomegranate_Area":390.0,"Pomegranate_Production":8772.0,"Pomegranate_Productivity":22.49,"Watermelon_Area":284.0,"Watermelon_Production":7384.0,"Watermelon_Productivity":26.0,"Custard_Apple_Area":170.0,"Custard_Apple_Production":2584.0,"Custard_Apple_Productivity":15.2,"Ber_Area":null,"Ber_Production":null,"Ber_Productivity":null,"Citrus_Area":null,"Citrus_Production":null,"Citrus_Productivity":null,"Sapota_Area":null,"Sapota_Production":null,"Sapota_Productivity":null,"Total_Fruits_Area":4169.0,"Total_Fruits_Production":82261.38,"Total_Fruits_Productivity":19.73,"Brinjal_Area":1085.0,"Brinjal_Production":25226.25,"Brinjal_Productivity":23.25,"Cabbage_Area":1142.0,"Cabbage_Production":26951.2,"Cabbage_Productivity":23.6,"Cauliflower_Area":1398.0,"Cauliflower_Production":29288.1,"Cauliflower_Productivity":20.95,"Onion_Area":16712.0,"Onion_Production":516567.92,"Onion_Productivity":30.91,"Tomato_Area":10342.0,"Tomato_Production":209011.82,"Tomato_Productivity":20.21,"Potato_Area":2120.0,"Potato_Production":83104.0,"Potato_Productivity":39.2,"Green_Chilly_Area":3134.0,"Green_Chilly_Production":41744.88,"Green_Chilly_Productivity":13.32,"Okra_Area":null,"Okra_Production":null,"Okra_Productivity":null,"Total_Vegetables_Area":43357.0,"Total_Vegetables_Production":1045238.35,"Total_Vegetables_Productivity":24.11,"Garlic_Area":11238.0,"Garlic_Production":94062.06,"Garlic_Productivity":8.37,"Ginger_Area":148.0,"Ginger_Production":3108.0,"Ginger_Productivity":21.0,"Turmeric_Area":180.0,"Turmeric_Production":3447.1,"Turmeric_Productivity":19.15,"Total_Spices_Area":12532.0,"Total_Spices_Production":105838.05,"Total_Spices_Productivity":8.45,"Marigold_Area":1018.4,"Marigold_Production":10782.21,"Marigold_Productivity":10.59,"Rose_Area":139.0,"Rose_Production":618.55,"Rose_Productivity":4.45,"Total_Flowers_Area":1018.4,"Total_Flowers_Production":10782.21,"Total_Flowers_Productivity":10.59,"Grand_Total_Area":61560.4,"Grand_Total_Production":1244519.67,"Grand_Total_Productivity":20.22},"geometry":{"type":"MultiPolygon","coordinates":[[[[76.22518361795602,22.674058399309875],[76.22302701952313,22.67258025427647],[76.2239769887466,22.67356892294007],[76.22518361795602,22.674058399309875]]],[[[76.19383878949641,22.664648623034534],[76.21338938904442,22.66278742315473],[76.22163494747896,22.671131435334342],[76.22213313500967,22.670205931279458],[76.21349677864949,22.661885011508524],[76.19083033855682,22.66104721510964],[76.20007030771629,22.67386023935367],[76.19383878949641,22.664648623034534]]],[[[76.19975847242999,22.676941885135115],[76.19975234689328,22.676897420003783],[76.19974673282258,22.67690945547923],[76.19975847242999,22.676941885135115]]],[[[76.19766838932186,22.683295422607415],[76.19885254550461,22.678842367516864],[76.19747817377679,22.683531070173238],[76.19766838932186,22.683295422607415]]],[[[76.19523958936524,22.686343022525712],[76.19525966949168,22.686312414428635],[76.19516530900385,22.68639942058117],[76.19523958936524,22.686343022525712]]],[[[76.19320998940174,22.688818522459215],[76.19515513625934,22.68640880046476],[76.19078860564146,22.689993341445703],[76.19320998940174,22.688818522459215]]],[[[76.17108856199741,22.690416097861732],[76.16515539005188,22.690967122298474],[76.17167824117573,22.691961006564796],[76.17108856199741,22.690416097861732]]],[[[76.18499138957701,22.69280582233261],[76.19011858851077,22.69031841319685],[76.18098944336812,22.694408273350042],[76.18499138957701,22.69280582233261]]],[[[76.88360544955897,22.890802091306295],[76.88699091628658,22.875875204382165],[76.88823887104776,22.881121534993802],[76.89512384659645,22.87987462655777],[76.89488457786254,22.876294298400747],[76.89805403797578,22.889708009100627],[76.90309726367205,22.88787857209852],[76.90082938298752,22.877530522498358],[76.90636302875201,22.87065765674485],[76.89579914455211,22.86679001594484],[76.90071037928062,22.866775729003706],[76.91675224733515,22.874628398754194],[76.91458024741537,22.861928157354267],[76.91236385605058,22.86331933546596],[76.91053187424522,22.863238558610337],[76.90729582647461,22.859062808374937],[76.9158762115805,22.861968542461753],[76.915718759015,22.856744606140936],[76.92024280376818,22.86538970469249],[76.92489043394578,22.86439499647184],[76.91402836258769,22.840391548111054],[76.92112738982023,22.830763529208806],[76.91048900565804,22.829782070001645],[76.92944848351382,22.822182280088786],[76.93006465789398,22.828340621833192],[76.91933344771962,22.841211891869612],[76.92704227364405,22.860028225511],[76.92695665194634,22.852695904474853],[76.93182383133643,22.853479782445394],[76.92795523506365,22.864773215081136],[76.93643107094071,22.860855659957434],[76.92869203009171,22.86749107430333],[76.93446802968913,22.87303799243001],[76.94082682138146,22.873292785991868],[76.93930429743054,22.868475835406613],[76.94431466813246,22.86217980129475],[76.9429544705932,22.87009521727184],[76.94861046883003,22.87758768241936],[76.95180804383646,22.870958079693118],[76.95365247321149,22.875562524298953],[76.95644748321583,22.872409637379175],[76.95210963235111,22.861521479768207],[76.95537807589254,22.860300829096417],[76.95776079610546,22.86879687830828],[76.96144091440235,22.8635619852018],[76.96731267911018,22.86474616346438],[76.96782044698752,22.859151727729763],[76.9675312543286,22.863739113126464],[76.97887538470071,22.866025707987585],[76.98488487709015,22.87464987283335],[76.9936310140871,22.86892304976504],[76.99171397969653,22.877688122957224],[77.00392123181516,22.878916016112306],[77.00711961273986,22.859711470276057],[77.0038690878588,22.844127657275155],[77.01078170096687,22.832361996820044],[77.0057558438386,22.814316118572187],[77.01168462554467,22.806617777436035],[77.01176461420023,22.79216963002132],[77.0245828172431,22.783522779285228],[77.02937868781383,22.770751244310098],[77.02832658125469,22.757521431896134],[77.01811189788762,22.752313581551913],[77.0171812417237,22.746514731930056],[77.02160436079714,22.729563468439625],[77.03958323320292,22.72356890262541],[77.04061185178783,22.7049716621551],[77.04517984874374,22.69931653054423],[77.03966057347262,22.69279839946748],[77.03346516521528,22.694172060819604],[77.03134917106566,22.68579534343675],[77.04475682182633,22.66505996390724],[77.04633902205724,22.671869611867912],[77.055443705004,22.67840722629062],[77.0694695814795,22.657931903839053],[77.0904144473179,22.650672293499635],[77.08728036835487,22.619503950263994],[77.10168202894249,22.614413604541618],[77.10274313236918,22.608494289706258],[77.11633616550257,22.59783522151888],[77.12682998236696,22.59737482675597],[77.12660611034391,22.585531516170224],[77.13263488276223,22.576826014101243],[77.12276029281361,22.563348310662825],[77.1300424975668,22.55541956709973],[77.0784169221028,22.50900103587509],[77.02628948415263,22.49347231519602],[76.91878156667659,22.48818078975789],[76.89778994691554,22.481412268212274],[76.85134105897318,22.453250610497815],[76.81594266705584,22.442933224280498],[76.79388907320777,22.42832583966152],[76.78835805596677,22.419030616374222],[76.79120583783758,22.399557673424226],[76.78051467105523,22.36862198642099],[76.78101165346244,22.344194378542046],[76.76861643069107,22.31631350070043],[76.74888734232269,22.302234185187064],[76.74215231551283,22.291957755003075],[76.73541964094635,22.29461302078382],[76.73396111024763,22.303378331241554],[76.72826726085955,22.300704467773915],[76.7251144576509,22.30924948891959],[76.7192094143106,22.310246389741927],[76.68262401346652,22.296654333300854],[76.65509489031213,22.330504368926242],[76.6645924355183,22.34558804832358],[76.65414360671053,22.353451451461197],[76.6552907918418,22.36069832941576],[76.64930581621195,22.3642077788135],[76.64482457134356,22.36104314954797],[76.62225104842307,22.373046202094425],[76.61858980015538,22.389797818597934],[76.60317611181432,22.405708498718294],[76.56855754070871,22.405618955869397],[76.55384726147264,22.398740923959792],[76.54849805050742,22.404301278486876],[76.52018659679725,22.41221438704598],[76.49470643222566,22.41161539358526],[76.44353673452386,22.382824210356667],[76.43603671671929,22.363786208338354],[76.44439555780383,22.34281363580775],[76.3997101263892,22.33735872895441],[76.3266807334333,22.29835907627217],[76.25160843503211,22.289808196436997],[76.23903008761316,22.29787785459679],[76.22919123061762,22.312988372766178],[76.21158642067391,22.32274739519163],[76.2084548559647,22.32877698563983],[76.2143124293711,22.335610055519936],[76.20182851074433,22.352427046627334],[76.20671478013388,22.357414075646915],[76.21934038769105,22.356702804721465],[76.22906502974895,22.37159280609032],[76.23467305856701,22.390982352912275],[76.22423419153554,22.40524837017844],[76.21139827129794,22.418399827635433],[76.17678484723001,22.427639488744706],[76.14737472108352,22.443512970488605],[76.13143848044585,22.45832909023998],[76.11317757084745,22.46140823178179],[76.11244836376311,22.46711542469569],[76.09887819502092,22.47435185100678],[76.08505485959597,22.54682643573694],[76.09263570327852,22.55665320199695],[76.09727869422305,22.554410006280836],[76.10648027087608,22.559788906660938],[76.10271228663603,22.562375670345176],[76.1065960888846,22.56680105909261],[76.08788873650028,22.56570521905466],[76.07247938821207,22.573309047500878],[76.07046398854537,22.580099310251278],[76.06174867964654,22.585279592949828],[76.08830631125828,22.586172728059445],[76.08172716998686,22.603401023187825],[76.09357111581058,22.591154100574947],[76.1005625895134,22.59558919151094],[76.10083655069617,22.586378228323348],[76.10544614786272,22.585557076002097],[76.10759923825641,22.59312473325526],[76.11103727008631,22.591016485651235],[76.11352751083655,22.581918605222477],[76.11942523304859,22.584898924281383],[76.11489823365065,22.588881141605942],[76.12345118810562,22.589211005231878],[76.10784150833264,22.60002405283003],[76.11883611103617,22.604214887209302],[76.12689871773402,22.593979048062902],[76.12784236354685,22.603993683774565],[76.13164974712791,22.598286391256522],[76.1321266367011,22.604634676355957],[76.13795730327733,22.604142153077337],[76.14135548557103,22.59548167375084],[76.13667730539541,22.59241179689125],[76.1436691023714,22.588844091701453],[76.14092358335672,22.60362263300371],[76.1478047163877,22.60372113609858],[76.14201827848599,22.60751912328404],[76.14878386956077,22.61346924265383],[76.16124206326101,22.6077596643957],[76.1622759937063,22.60084671913607],[76.16815600424262,22.603450446729102],[76.15736385007087,22.618438968673832],[76.16643865666914,22.617095818960053],[76.16254458040144,22.62265047180829],[76.15226811142968,22.62421475117751],[76.15145264730921,22.632631224252286],[76.15934112189424,22.629157565932413],[76.16065569402974,22.634178105554422],[76.1701335253366,22.6277280412127],[76.17855692189053,22.638471496915802],[76.1885827537184,22.640048158984733],[76.19014644961437,22.63468348486274],[76.18070008873316,22.633747902195655],[76.1723443275896,22.62117589945119],[76.17537681591041,22.614858227963325],[76.18374284564534,22.617329638147126],[76.18244675611888,22.61155971335354],[76.18929264077792,22.608274596388544],[76.17566327668447,22.6004637551826],[76.1921625053272,22.599708095939953],[76.19260169059152,22.612612289295047],[76.19942675877124,22.625242689567177],[76.21408945338243,22.623090443639516],[76.21670121385553,22.615801503858474],[76.23206558668952,22.617078752876665],[76.23750346768999,22.63559173854198],[76.24727778345861,22.64383373409926],[76.2278600772117,22.65133805615482],[76.23413402256794,22.66181353415605],[76.22859262585489,22.675441212526646],[76.23667998843975,22.67530542294799],[76.24098418831534,22.680488122841734],[76.25252428808898,22.670339123126695],[76.2541996881057,22.65773282343217],[76.2699803877888,22.645375423785982],[76.27381928774312,22.635260924040846],[76.25841378818689,22.617174724411925],[76.26167468815515,22.60698912466672],[76.2783576877795,22.60283912482931],[76.28495918765672,22.59533912503308],[76.31544948694895,22.59243082521785],[76.32026888688058,22.582017825484133],[76.32730698671472,22.581874225514042],[76.3370832864194,22.596631825199275],[76.33997468636419,22.59362212528176],[76.34922268611989,22.599556125175113],[76.36576448574017,22.59697372529838],[76.36500808571476,22.607005825056714],[76.3742210854748,22.612199624967385],[76.36531198561119,22.62931162452728],[76.37317108535498,22.645743824166207],[76.37002428538857,22.65514302393127],[76.38037748509319,22.66708532368642],[76.39002468485936,22.66865592368491],[76.39584138464372,22.687005823271438],[76.43530058370055,22.69057572333182],[76.44664478339257,22.70033712314206],[76.44333198342784,22.710395522891954],[76.45046538318955,22.72711592252251],[76.47107388270533,22.727262222593733],[76.47655788255338,22.732785722483108],[76.49306018218131,22.729179422627677],[76.50335888190375,22.737790722461224],[76.50584698176772,22.75646172202937],[76.50006158189989,22.757269121989545],[76.49884068188605,22.767457821744838],[76.5064631816718,22.776043821569772],[76.50308138173557,22.779738821470552],[76.50848218154063,22.796203921102055],[76.51960478128142,22.795976921147126],[76.52673288638553,22.802124848954545],[76.53359223484088,22.793729003566035],[76.54903156266214,22.797850343637695],[76.55307525569879,22.79445680322496],[76.5522331879228,22.784645166268533],[76.55793349908537,22.788038486474203],[76.56731377283648,22.783811492590125],[76.55840593889461,22.77765396946981],[76.55531251038914,22.77107423428212],[76.5624561037466,22.7797415866367],[76.57631685705074,22.770932954697834],[76.57347753088573,22.759725569119997],[76.56786259603611,22.76366985979567],[76.57331733156474,22.758696137443778],[76.5933757901325,22.777470497182463],[76.62810215838118,22.782891603786908],[76.63284501689127,22.786607300908628],[76.621660137696,22.78270650897054],[76.61645452973121,22.788964223766214],[76.6233399580759,22.78917661031536],[76.62285291570548,22.794856595646834],[76.63223183810008,22.79281555974703],[76.62771787012232,22.796847728731336],[76.6463595981006,22.798589109626775],[76.64617060216285,22.804797303047383],[76.65461842915309,22.797174499542642],[76.6532041891515,22.78751253190317],[76.66115065423934,22.785790644589337],[76.66154385510612,22.78113553085671],[76.66520735501926,22.787347344005298],[76.68383041600386,22.781697623058136],[76.68695718651334,22.79391874203546],[76.69101657025296,22.789885182251354],[76.71054512599855,22.79281963258682],[76.708865010526,22.808528496886677],[76.69911075631501,22.809838250749422],[76.70396382721493,22.81382264344783],[76.69797251609228,22.812335588157314],[76.69663536558807,22.81648556804133],[76.71897619478972,22.8236076003861],[76.73276246827231,22.820162939663334],[76.72054141463012,22.81904200853339],[76.73149266769835,22.815711911402612],[76.71542380176969,22.81381655279336],[76.7204684779756,22.812391299049153],[76.74107271012471,22.815601367481122],[76.74383260482253,22.819351311390918],[76.73708629986281,22.81866996440861],[76.74257465011726,22.823361627576933],[76.75342543038637,22.824475549904292],[76.76198693524385,22.814192037908462],[76.7681949103534,22.816408649771763],[76.77010135645841,22.81371890468101],[76.77690381395585,22.815682822545977],[76.77089946698729,22.814568345805515],[76.76617103795385,22.819753002993348],[76.77752934399624,22.82825347566899],[76.77926888400201,22.82551349413033],[76.78268942897625,22.82366438451783],[76.78510794701143,22.827173872937433],[76.77946139971104,22.828895397139107],[76.78802654558243,22.8332617961931],[76.79587980513817,22.831387641222637],[76.8078023347165,22.844707963890635],[76.80262374137317,22.845193353892626],[76.80447245030726,22.849894281826867],[76.81823392767014,22.85229724138715],[76.81558475079903,22.86105998546803],[76.81949338739754,22.85818532881287],[76.82529913268641,22.86256680702848],[76.82803872985752,22.85806610086992],[76.8306092078631,22.86414859899319],[76.83368121754435,22.855724311859465],[76.83246539438701,22.864587083036735],[76.83876808303319,22.871866799857155],[76.84340849821655,22.863442768930742],[76.85395707325272,22.861290790045047],[76.84957085883336,22.868491607354557],[76.85681612107565,22.86719229393275],[76.85192331098649,22.873806177116485],[76.85666382292987,22.87694471105439],[76.86113307682973,22.866578672450604],[76.86425105973936,22.869613006486414],[76.8679689219291,22.863987448298758],[76.86766163933642,22.871116636885283],[76.86274508593877,22.87407829113833],[76.86854821677693,22.875031224602182],[76.86838218339157,22.884124492836072],[76.87690938608137,22.863843120752144],[76.88093891834558,22.86974415146495],[76.88495360486341,22.86805531196744],[76.87753328411294,22.878900682046222],[76.88218179670628,22.87733387290295],[76.87916093318518,22.882124393873926],[76.88360544955897,22.890802091306295]]]]}},{"type":"Feature","properties":{"district":"Dhar","state":"MADHYA PRADESH","Aonla_Area":492.0,"Aonla_Production":12063.84,"Aonla_Productivity":24.52,"Banana_Area":2275.5,"Banana_Production":163836.0,"Banana_Productivity":72.0,"Mango_Area":773.0,"Mango_Production":13465.94,"Mango_Productivity":17.42,"Guava_Area":1615.0,"Guava_Production":34722.5,"Guava_Productivity":21.5,"Papaya_Area":1470.0,"Papaya_Production":107286.12,"Papaya_Productivity":72.98,"Pomegranate_Area":496.0,"Pomegranate_Production":9451.83,"Pomegranate_Productivity":19.06,"Watermelon_Area":395.0,"Watermelon_Production":11830.25,"Watermelon_Productivity":29.95,"Custard_Apple_Area":1095.0,"Custard_Apple_Production":11497.5,"Custard_Apple_Productivity":10.5,"Ber_Area":null,"Ber_Production":null,"Ber_Productivity":null,"Citrus_Area":null,"Citrus_Production":null,"Citrus_Productivity":null,"Sapota_Area":null,"Sapota_Production":null,"Sapota_Productivity":null,"Total_Fruits_Area":11613.34,"Total_Fruits_Production":417781.87,"Total_Fruits_Productivity":35.97,"Brinjal_Area":955.0,"Brinjal_Production":17906.25,"Brinjal_Productivity":18.75,"Cabbage_Area":478.0,"Cabbage_Production":9727.3,"Cabbage_Productivity":20.35,"Cauliflower_Area":1155.0,"Cauliflower_Production":25534.34,"Cauliflower_Productivity":22.11,"Onion_Area":10122.0,"Onion_Production":260641.49,"Onion_Productivity":25.75,"Tomato_Area":2425.0,"Tomato_Production":61716.25,"Tomato_Productivity":25.45,"Potato_Area":2053.0,"Potato_Production":123180.0,"Potato_Productivity":60.0,"Green_Chilly_Area":1650.0,"Green_Chilly_Production":18974.69,"Green_Chilly_Productivity":11.5,"Okra_Area":519.0,"Okra_Production":15762.46,"Okra_Productivity":30.37,"Total_Vegetables_Area":26982.0,"Total_Vegetables_Production":668110.87,"Total_Vegetables_Productivity":24.76,"Garlic_Area":12465.0,"Garlic_Production":129137.4,"Garlic_Productivity":10.36,"Ginger_Area":1560.0,"Ginger_Production":29495.84,"Ginger_Productivity":18.91,"Turmeric_Area":568.0,"Turmeric_Production":14921.28,"Turmeric_Productivity":26.27,"Total_Spices_Area":39268.9,"Total_Spices_Production":213682.1,"Total_Spices_Productivity":5.44,"Marigold_Area":1995.0,"Marigold_Production":43607.92,"Marigold_Productivity":21.86,"Rose_Area":115.0,"Rose_Production":1276.5,"Rose_Productivity":11.1,"Total_Flowers_Area":1995.0,"Total_Flowers_Production":43607.92,"Total_Flowers_Productivity":21.86,"Grand_Total_Area":80346.59,"Grand_Total_Production":1345577.37,"Grand_Total_Productivity":16.75},"geometry":{"type":"Polygon","coordinates":[[[75.55816862452109,22.508712994528775],[75.55290347372143,22.490938887001704],[75.56505446178224,22.49077222406878],[75.56462051051261,22.47166587709622],[75.57443987384156,22.453014347844167],[75.56530788497369,22.44297952171943],[75.56366843295748,22.427055407141967],[75.54019317949304,22.411577397092042],[75.5458519712281,22.408090334663108],[75.54682694997042,22.392388444622323],[75.55492237815439,22.387967619025847],[75.5517984868551,22.382864637720303],[75.56463723641528,22.37584030684284],[75.55401097569673,22.36367174426817],[75.5368009189712,22.356795599688827],[75.53803836007313,22.365294060254087],[75.52791195070904,22.364872876218485],[75.52241855954007,22.375466960428874],[75.5085444434217,22.373683092092882],[75.50350066786136,22.367543101090376],[75.50926215567019,22.33931306173726],[75.50496909660428,22.336393049198623],[75.49651381284973,22.339781470110104],[75.48997925702457,22.326253828964965],[75.51870335137347,22.326220753146966],[75.51481209807464,22.293739119476793],[75.51780757999599,22.278646423315724],[75.53249762273366,22.264901540046612],[75.52771478126479,22.250587913325877],[75.5356593404491,22.235367808598685],[75.51582596525017,22.18639986012912],[75.52089216119354,22.173760024892108],[75.51122090829257,22.1731936699375],[75.5103706531595,22.163421658113744],[75.50262991894785,22.15658879028104],[75.43228288140203,22.147163502420458],[75.39818658916876,22.13659689562591],[75.36404571787723,22.14156977181902],[75.3226305570524,22.13687478046981],[75.28948102047904,22.12498983653459],[75.23860845509368,22.124068348324013],[75.18821252464852,22.104751563383175],[74.97115517930303,22.084162319025445],[74.89948811953023,22.081610657988257],[74.83726568820813,22.06246716704292],[74.78008817335974,22.078921141407555],[74.69446749062352,22.048539158959386],[74.67890932335847,22.035734631155343],[74.63758151775735,22.0369893929391],[74.58802310090607,22.022924582088756],[74.56017104773753,22.024428682678565],[74.53405996077635,22.051897618801696],[74.50223234177102,22.044576057212677],[74.49491701883538,22.05507927288771],[74.49255186677176,22.071056800964424],[74.51560523284874,22.089414498010488],[74.51504940584195,22.10016550040119],[74.47563357233348,22.096445093644817],[74.47105177888788,22.113552352373716],[74.54062832270334,22.11748383146413],[74.5402952532912,22.1234124968624],[74.53028882978953,22.128852634633855],[74.52650614689541,22.146397420187213],[74.5090246963699,22.149871867663293],[74.49599254490907,22.174069650052864],[74.49876754904719,22.181806934702195],[74.50952137997902,22.18295669879562],[74.50757142433585,22.189918035831834],[74.52156299523485,22.20514892355343],[74.51145145186233,22.21873813534594],[74.52670070692504,22.236394149220413],[74.54317161692725,22.236895384097622],[74.55676039837614,22.219684452359424],[74.56228718122273,22.223858831648645],[74.55911183117307,22.242135915519707],[74.56213224415045,22.245230151382398],[74.58925669111602,22.242646409685563],[74.59037038371059,22.25057130201658],[74.60377186686607,22.2562043253148],[74.59630022146828,22.263197589367188],[74.59914207356306,22.268133298035202],[74.6405139697876,22.270888896317686],[74.6489607253606,22.274197567937684],[74.65358655329925,22.28586452935264],[74.66123856026184,22.28792650889872],[74.65996161605233,22.303951746246316],[74.6395373765903,22.302753849977524],[74.62289316467394,22.32868167302245],[74.62161638476596,22.346250824464622],[74.632343963613,22.353077860778235],[74.63130583436295,22.36597817843675],[74.66451744162703,22.369328198498554],[74.67299785927847,22.36706826630856],[74.67311742570259,22.361762759316484],[74.68162701497442,22.360951648190515],[74.69189283157608,22.3680909913877],[74.69404932736653,22.379843416853166],[74.68988538772287,22.383669582683893],[74.69689386766596,22.39766855081877],[74.6886754653162,22.402855615700044],[74.69002182852978,22.415863650850884],[74.69923929845149,22.42505724349824],[74.71449300947484,22.423175595917545],[74.7238144436173,22.439018758392542],[74.74248156041317,22.434405188952596],[74.74766648768211,22.437277489449826],[74.73639104532599,22.452845354153713],[74.71283713234742,22.461967256251462],[74.71236750926657,22.472190069414417],[74.70514648021985,22.47799140529271],[74.71340971413383,22.498960370973546],[74.72114446112623,22.49723558047126],[74.72535110490816,22.501887058368975],[74.71247461498304,22.526304003776648],[74.7283242209582,22.55283947919603],[74.7522199961924,22.559207057180508],[74.76638183489666,22.570870909268198],[74.77756249661924,22.572864781587192],[74.7813801860622,22.580037104736817],[74.79203652307147,22.579401918588573],[74.79143042303352,22.58786591838362],[74.8055148226888,22.58965491841604],[74.82299802213288,22.612685617960576],[74.8563171213413,22.61322271812392],[74.85306082152468,22.595828018520862],[74.86361122132925,22.586918018788694],[74.87165402113726,22.587162618825147],[74.87394502111425,22.582028518959557],[74.89314972060899,22.59029981886309],[74.90803952027,22.588040218994752],[74.91711172010284,22.580130919230523],[74.94576861941081,22.582292319327802],[74.95112401932703,22.57511851952659],[74.98921381846246,22.568695119875994],[75.00879261806354,22.557694720238796],[75.00899811803185,22.562214420131987],[75.02166981768134,22.570674419994905],[75.03640271736084,22.565807220186063],[75.0586596168236,22.567437620260034],[75.06831861651892,22.58036182000073],[75.09130221589861,22.593359819806892],[75.09793291567436,22.604914119565034],[75.11606171529687,22.596058319866806],[75.12619951503542,22.59975851982936],[75.14085931471455,22.595257520009692],[75.16110951421919,22.598040320043964],[75.17620031390304,22.59090262028868],[75.19900651333484,22.595864920282903],[75.22918291269595,22.58257602074751],[75.25857471193271,22.59451362060631],[75.27709951138448,22.614080820230313],[75.28980971108564,22.613776020299],[75.3005743108449,22.611321620409303],[75.30490291080376,22.600354220691106],[75.31673211048788,22.606820320594032],[75.32293291036109,22.60324752070881],[75.33332611022401,22.58364072122555],[75.34440200996208,22.583588721279636],[75.35500220981145,22.565406121763754],[75.37414790939384,22.55883582201148],[75.37755980936305,22.54970492224559],[75.38841990914275,22.542901122459504],[75.39588920909497,22.519226623060604],[75.40126620896359,22.519914123069537],[75.40411170892818,22.514002323224368],[75.41081350875925,22.51579722321296],[75.4133908088608,22.4858884239412],[75.42308650868137,22.47645592421276],[75.43503900842154,22.471901324377985],[75.44306210818137,22.4810019241973],[75.48970530705692,22.483745524348212],[75.49832740672296,22.507856923810508],[75.51564380629307,22.51132572380721],[75.5243076060435,22.519564523649855],[75.52951450593777,22.516187523754464],[75.54807040543807,22.527359523572066],[75.55816862452109,22.508712994528775]]]}},{"type":"Feature","properties":{"district":"Dindori","state":"MADHYA PRADESH","Aonla_Area":null,"Aonla_Production":null,"Aonla_Productivity":null,"Banana_Area":5.0,"Banana_Production":165.0,"Banana_Productivity":33.0,"Mango_Area":200.0,"Mango_Production":3000.0,"Mango_Productivity":15.0,"Guava_Area":240.0,"Guava_Production":2997.6,"Guava_Productivity":12.49,"Papaya_Area":45.0,"Papaya_Production":900.0,"Papaya_Productivity":20.0,"Pomegranate_Area":null,"Pomegranate_Production":null,"Pomegranate_Productivity":null,"Watermelon_Area":null,"Watermelon_Production":null,"Watermelon_Productivity":null,"Custard_Apple_Area":null,"Custard_Apple_Production":null,"Custard_Apple_Productivity":null,"Ber_Area":null,"Ber_Production":null,"Ber_Productivity":null,"Citrus_Area":null,"Citrus_Production":null,"Citrus_Productivity":null,"Sapota_Area":null,"Sapota_Production":null,"Sapota_Productivity":null,"Total_Fruits_Area":550.0,"Total_Fruits_Production":7842.6,"Total_Fruits_Productivity":14.26,"Brinjal_Area":180.0,"Brinjal_Production":3240.0,"Brinjal_Productivity":18.0,"Cabbage_Area":115.0,"Cabbage_Production":2530.0,"Cabbage_Productivity":22.0,"Cauliflower_Area":290.0,"Cauliflower_Production":6522.1,"Cauliflower_Productivity":22.49,"Onion_Area":410.0,"Onion_Production":7781.8,"Onion_Productivity":18.98,"Tomato_Area":120.0,"Tomato_Production":2160.0,"Tomato_Productivity":18.0,"Potato_Area":620.0,"Potato_Production":12703.8,"Potato_Productivity":20.49,"Green_Chilly_Area":44.0,"Green_Chilly_Production":418.0,"Green_Chilly_Productivity":9.5,"Okra_Area":null,"Okra_Production":null,"Okra_Productivity":null,"Total_Vegetables_Area":3647.0,"Total_Vegetables_Production":58050.2,"Total_Vegetables_Productivity":15.92,"Garlic_Area":null,"Garlic_Production":null,"Garlic_Productivity":null,"Ginger_Area":125.0,"Ginger_Production":1500.0,"Ginger_Productivity":12.0,"Turmeric_Area":260.0,"Turmeric_Production":4287.0,"Turmeric_Productivity":16.49,"Total_Spices_Area":565.0,"Total_Spices_Production":6289.2,"Total_Spices_Productivity":11.13,"Marigold_Area":78.0,"Marigold_Production":484.0,"Marigold_Productivity":6.21,"Rose_Area":6.0,"Rose_Production":54.0,"Rose_Productivity":9.0,"Total_Flowers_Area":78.0,"Total_Flowers_Production":484.0,"Total_Flowers_Productivity":6.21,"Grand_Total_Area":4861.65,"Grand_Total_Production":72903.25,"Grand_Total_Productivity":15.0},"geometry":{"type":"Polygon","coordinates":[[[81.1993284054027,22.983128161381824],[81.18638375513942,22.952393853425548],[81.1920931174409,22.941508274615895],[81.19077661967515,22.928074482860808],[81.1993085722945,22.91257118840051],[81.21308794506936,22.915774346898406],[81.23719078207925,22.90153124513734],[81.25722434990122,22.901615765177738],[81.27800069398002,22.880034441301703],[81.30036546052985,22.88212334911333],[81.31481524452875,22.87772725426307],[81.32379599380104,22.863404156157582],[81.33564051789166,22.8620755777709],[81.35082848147178,22.85208675969926],[81.36083518598932,22.85045348038792],[81.3701302122824,22.85613848475278],[81.40324386350275,22.853950605326524],[81.40571662376522,22.844567904655655],[81.42940286686961,22.835368852648955],[81.43802669873796,22.81852894955254],[81.43438342010995,22.807120856003085],[81.45042824918697,22.794282182937998],[81.44547261838025,22.788089773914393],[81.452275880428,22.771999370918945],[81.45781432760673,22.768212883213423],[81.46427679174276,22.77071979982755],[81.46972275208871,22.760408704848732],[81.49494483813278,22.75873914920936],[81.50968176794726,22.765377822152622],[81.51500026244439,22.76295244331617],[81.51499011178755,22.757326616064695],[81.5192959352671,22.760801563715436],[81.52642494220913,22.74777762077902],[81.5324470723277,22.751562815825938],[81.5328073090503,22.745754728849207],[81.53588773369366,22.753289522250572],[81.54390682974257,22.75134323529741],[81.55401308354529,22.761028336259326],[81.56665460447853,22.753958252957567],[81.58805913456833,22.758524869189433],[81.59432090522535,22.75403364611357],[81.60745370646605,22.767802159332486],[81.62199653972509,22.771139664638042],[81.62512243196805,22.778241897854482],[81.64263291983832,22.787401984087047],[81.6919421317392,22.7802188528078],[81.69533799633403,22.774790217151267],[81.69227561175178,22.765345977342424],[81.69865165703145,22.76182583345301],[81.6957959969672,22.756530999058175],[81.70543685909324,22.745061612715137],[81.6933836727207,22.710319204623882],[81.71143936304554,22.70047866937854],[81.72577301858723,22.700480431939692],[81.74146282812913,22.68917825375667],[81.72819857765114,22.675974366121455],[81.72555425947952,22.67804622861354],[81.72183625952624,22.658215629090314],[81.71331005970892,22.649467629312984],[81.69963748542939,22.64487001494372],[81.68230726043488,22.647809929406307],[81.66034971144512,22.61928656790258],[81.64417776127499,22.618730130162337],[81.64591766121676,22.609886130369777],[81.64068736133204,22.605782330476185],[81.64302746123624,22.584994730967242],[81.65304926098624,22.578110931114427],[81.6567432608828,22.569900331303955],[81.65346216095018,22.56474093143252],[81.6091741619961,22.56456683151067],[81.60318736212412,22.557517331688768],[81.6115233619069,22.546974231926715],[81.60767506197891,22.537031832170538],[81.59677716224269,22.540155532113854],[81.5948923623018,22.54780743193412],[81.58568206251401,22.54489843201863],[81.57025856289347,22.552807431854745],[81.56231476307221,22.547905431984553],[81.56131476307212,22.53513193229117],[81.55394809848723,22.53100337879474],[81.52876606385175,22.54043023221612],[81.52068736404276,22.540359632230437],[81.52038116402727,22.527799932531046],[81.51231856421427,22.525640532595215],[81.49573216461636,22.531013232492356],[81.49730726456492,22.523029332680807],[81.48558566480682,22.50284973318149],[81.48588606477756,22.4903114334813],[81.46466616529369,22.49778033333447],[81.45903726541555,22.491132333502144],[81.45257356558028,22.497763133352965],[81.44578716573551,22.49448393344155],[81.43988296588039,22.497413833380126],[81.44474316574377,22.484906633672516],[81.41880666634844,22.478703333859265],[81.42424716619183,22.462393434242514],[81.42279416620372,22.448989634566367],[81.40753516656348,22.44733113462828],[81.40289056666327,22.440968034787808],[81.39463926686548,22.44463623471148],[81.38870256703096,22.4594815343636],[81.39368216695163,22.482990133792757],[81.38503966717221,22.492506633577037],[81.3827473672605,22.513203233084813],[81.3568140678781,22.51532543307053],[81.33058816851803,22.527304832820132],[81.3243064686661,22.526930332837676],[81.32339206358029,22.519011167026363],[81.31734656881473,22.516656933092698],[81.32084965430967,22.4860844338973],[81.31517868738534,22.48776663578901],[81.30755996899256,22.48191673393764],[81.2816038696424,22.504437333432676],[81.2729241698323,22.49402303369343],[81.26366187005688,22.49734603362581],[81.25981477014126,22.49280243373961],[81.26146607007243,22.472983134212505],[81.24365177047069,22.4564150346328],[81.22975442633717,22.452628559117095],[81.20774017438173,22.456594485036742],[81.20660707135937,22.462685134528872],[81.1994616935988,22.463033157654998],[81.19992003374152,22.485202489412483],[81.19351899301417,22.490953269147077],[81.1969618077074,22.496098464744698],[81.17816153854648,22.526357159906834],[81.16833382356408,22.53388362589314],[81.16791052644166,22.540542660412914],[81.15990745138826,22.540371225808283],[81.155396920477,22.55408656844149],[81.15801748603653,22.55951193450334],[81.13744506984601,22.571139640644436],[81.13631965551177,22.580530307609813],[81.12316736491243,22.594093476750917],[81.11477139021088,22.593813681378585],[81.1117433194306,22.599756305523538],[81.10763229468887,22.59598269117248],[81.09377584428438,22.59730082065376],[81.08421326152799,22.61323323142715],[81.07546982313588,22.6090925122931],[81.06808145631503,22.61425955878006],[81.06298906874365,22.607541706678013],[81.04556241370112,22.60602620175644],[81.0436199880211,22.613392945575658],[81.03233203470363,22.61590640333889],[81.03293364233778,22.60404491577874],[81.02264911524189,22.602018495548915],[81.01709048066608,22.59182005749866],[81.02115378046314,22.58282108800149],[81.01608830915077,22.570447873414736],[81.02403957852339,22.569863557881977],[81.02480338664263,22.561329285048085],[81.00979960418495,22.554292232713454],[81.00763214951452,22.54806746990768],[80.9848705798375,22.54099298222442],[80.97022164203665,22.542952884307244],[80.96471126457867,22.560791240784702],[80.94923432571444,22.555263521482136],[80.94574553085536,22.558163816578247],[80.94467467656163,22.565194463652514],[80.93442526254812,22.573745891220746],[80.93607482046757,22.587742394687748],[80.94287496205587,22.5829399962594],[80.95271585469584,22.591162231283587],[80.9568271201285,22.587173224495878],[80.96534761593276,22.589602293101095],[80.96694568145703,22.5944056103325],[80.9556318868636,22.59698535986757],[80.95724595061084,22.60451134019601],[80.96746284436536,22.61151330487949],[80.98002129448213,22.607130331673986],[80.9845063611827,22.614938552994555],[80.99022232645741,22.611010831434996],[81.00248882061769,22.617902877614313],[81.00890582255256,22.62368998103463],[81.00611439144106,22.630193677130038],[81.01151587671804,22.64083575365264],[80.98662525125981,22.649062660595582],[80.97584521319644,22.64869964326748],[80.97138110673481,22.644011117507617],[80.96532897680731,22.65007859689598],[80.96314154193526,22.63742382493306],[80.95940611694016,22.63784571095858],[80.94866628170189,22.647364528757148],[80.95455751644772,22.65618877568939],[80.94044155407947,22.680039699068846],[80.92282769869027,22.679440995973483],[80.92912057833887,22.707979137153796],[80.91909074141851,22.70897559162786],[80.91648864929132,22.714132483797453],[80.9426385087606,22.744338627977285],[80.92488922232118,22.755011970688336],[80.89858188538147,22.760115694385686],[80.86761366983727,22.758108118750666],[80.87030943658283,22.801742031796667],[80.85444723084362,22.80732141477772],[80.85774698927969,22.825404685759143],[80.86718122624909,22.834385786886635],[80.87073188322184,22.848206501271658],[80.83050670031363,22.84963628343471],[80.82662489879404,22.83299264139372],[80.7915812852987,22.818981579979262],[80.7850092180875,22.82152909849716],[80.77514141108259,22.814723509521276],[80.7435763235785,22.815904732811145],[80.72997482876941,22.81175594197157],[80.73187595521092,22.832609776272832],[80.72675668854161,22.832897604492796],[80.74275062640514,22.841189710821176],[80.7363670597904,22.85645065471779],[80.71845738930132,22.862584570683353],[80.7088665573411,22.850710838126854],[80.6926759234635,22.856339873147267],[80.68857307210827,22.844304503766498],[80.68388480441594,22.851300113372815],[80.68180929135839,22.83919153617468],[80.67027315972011,22.83633272143038],[80.66201347897943,22.843111972048785],[80.65099580350315,22.839476955865386],[80.64825764615408,22.84865004398728],[80.6306617036418,22.855216612416083],[80.58854412066994,22.856684605556797],[80.58227614355172,22.865622782286486],[80.5680962390362,22.869916667081306],[80.56832271670372,22.876034684828397],[80.5602906376167,22.880469845087386],[80.55234404460539,22.869553610444363],[80.52342979567247,22.87188574012387],[80.53801267538314,22.90307060396126],[80.53967411514587,22.919460924479843],[80.53151345464445,22.935723897514357],[80.51868599001412,22.938447503375567],[80.5093334913426,22.947263273990007],[80.51662765697812,22.95226196551165],[80.53558706270303,22.94577214104441],[80.54555125540216,22.963462568672476],[80.56277509619433,22.957198944257012],[80.5712618632481,22.96087269849932],[80.57639046334423,22.9763741740651],[80.55542865438794,22.99373105044519],[80.56508926719025,22.994475449678376],[80.57180653921134,23.0149268711511],[80.57180399696284,23.021396737621878],[80.55975153088086,23.03041314666419],[80.55669537450031,23.054774791101316],[80.57978248664669,23.053136921172253],[80.57774868669026,23.04839062128364],[80.58838178643978,23.04060982145776],[80.59491578629009,23.041861421424777],[80.5972212862412,23.047719221287416],[80.61762008577176,23.048493121256737],[80.62220508568137,23.068952120779606],[80.6343127854046,23.071426920714483],[80.64917358507796,23.09110702024903],[80.64414038519627,23.094505620173727],[80.64679648514051,23.101345520013687],[80.63222388547224,23.097250320118025],[80.62428018565917,23.103043919989158],[80.63011278552767,23.106392719908005],[80.62989588554026,23.11648241967493],[80.64987188508526,23.12112981955439],[80.65323448501726,23.132825019282105],[80.64833598513329,23.137587019175523],[80.66752318469686,23.14193631906222],[80.68395638431406,23.134576319220663],[80.69833298398645,23.137126719151638],[80.70999778374433,23.167006418454317],[80.72429078341658,23.166409818457524],[80.74552208294729,23.185320918006102],[80.75681278268706,23.183109818048337],[80.76340378252371,23.169359818359755],[80.77597948223456,23.16809351837897],[80.78751838197846,23.176655518172616],[80.7884631819669,23.187276517927387],[80.79929648173022,23.198878017651705],[80.79261208188699,23.203072017560785],[80.79179648192472,23.223109817101104],[80.80537068163002,23.2388528167287],[80.82218388124387,23.23622671677494],[80.82800088111465,23.239760216688953],[80.829236281077,23.23016871690795],[80.83917928084301,23.223146417060683],[80.86267948030428,23.22106311708802],[80.87393598006538,23.23830351668232],[80.88550087980751,23.243926916542875],[80.89569457957145,23.240547916611078],[80.90017867947645,23.24730981645193],[80.91762987908399,23.252243116322514],[80.91680297912677,23.273982215825445],[80.93084597881995,23.285556915547264],[80.94485477849388,23.279159815680167],[80.94511277847167,23.264793616008788],[80.96183447808112,23.256434816183912],[80.95994837811895,23.25197451628801],[80.96918367790697,23.25069301630819],[80.9657539779663,23.234432216684596],[80.98103127760432,23.223060916930304],[80.97497457772283,23.206198317323754],[80.98331397752098,23.196635217535242],[80.9791908776021,23.185420517797304],[80.98648867742838,23.17973011792097],[80.97892797759089,23.170751618135288],[80.98712757738454,23.155028318489336],[80.98332657746134,23.146299918694424],[80.9894600773061,23.133957018973014],[81.00099737704242,23.134725218943494],[81.0002255770733,23.14568371869142],[81.00689657693471,23.15758491841018],[81.02345497656007,23.161409818304822],[81.03282107635746,23.17105661807269],[81.05514447583772,23.16423611820597],[81.061742975664,23.14644911860878],[81.04878377594612,23.134528318897868],[81.06168907561886,23.110022219449935],[81.06924767544706,23.111426919409173],[81.07591667528546,23.10486981955349],[81.08234447512437,23.094518619785706],[81.07943487518241,23.087643519948067],[81.09251667487472,23.082389120055133],[81.09302617484647,23.0697765203467],[81.10674687454153,23.07793402014223],[81.11695517430718,23.078310020121908],[81.13926317378008,23.068194420330418],[81.14661567359761,23.05854212054552],[81.13480937384634,23.041499420954626],[81.12533187406144,23.038975421024208],[81.12779987397518,23.017222821526627],[81.1426849736112,23.002257521857253],[81.14105347363176,22.98969352215151],[81.15156537338366,22.985982722225494],[81.15180467336842,22.978922022389693],[81.16094847316062,22.98155712231748],[81.16385457311411,22.996382921968873],[81.17299117290315,22.99651882195476],[81.18003137273861,22.9951443219783],[81.18092897270675,22.98729362215996],[81.1993284054027,22.983128161381824]]]}},{"type":"Feature","properties":{"district":"Khandwa","state":"MADHYA PRADESH","Aonla_Area":null,"Aonla_Production":null,"Aonla_Productivity":null,"Banana_Area":50.0,"Banana_Production":4280.0,"Banana_Productivity":85.6,"Mango_Area":130.0,"Mango_Production":765.0,"Mango_Productivity":5.88,"Guava_Area":374.0,"Guava_Production":6582.0,"Guava_Productivity":17.6,"Papaya_Area":160.0,"Papaya_Production":11598.0,"Papaya_Productivity":72.49,"Pomegranate_Area":230.0,"Pomegranate_Production":2530.0,"Pomegranate_Productivity":11.0,"Watermelon_Area":2800.0,"Watermelon_Production":70000.0,"Watermelon_Productivity":25.0,"Custard_Apple_Area":35.0,"Custard_Apple_Production":285.6,"Custard_Apple_Productivity":8.16,"Ber_Area":null,"Ber_Production":null,"Ber_Productivity":null,"Citrus_Area":null,"Citrus_Production":null,"Citrus_Productivity":null,"Sapota_Area":null,"Sapota_Production":null,"Sapota_Productivity":null,"Total_Fruits_Area":4044.0,"Total_Fruits_Production":101570.6,"Total_Fruits_Productivity":25.12,"Brinjal_Area":235.0,"Brinjal_Production":6406.0,"Brinjal_Productivity":27.26,"Cabbage_Area":200.0,"Cabbage_Production":5686.0,"Cabbage_Productivity":28.43,"Cauliflower_Area":null,"Cauliflower_Production":null,"Cauliflower_Productivity":null,"Onion_Area":11500.0,"Onion_Production":232875.0,"Onion_Productivity":20.25,"Tomato_Area":406.0,"Tomato_Production":9761.0,"Tomato_Productivity":24.04,"Potato_Area":1300.0,"Potato_Production":54050.0,"Potato_Productivity":41.58,"Green_Chilly_Area":null,"Green_Chilly_Production":null,"Green_Chilly_Productivity":null,"Okra_Area":101.0,"Okra_Production":3193.0,"Okra_Productivity":31.61,"Total_Vegetables_Area":26829.0,"Total_Vegetables_Production":601843.0,"Total_Vegetables_Productivity":22.43,"Garlic_Area":75.0,"Garlic_Production":1275.0,"Garlic_Productivity":17.0,"Ginger_Area":210.0,"Ginger_Production":2603.0,"Ginger_Productivity":12.4,"Turmeric_Area":50.0,"Turmeric_Production":551.0,"Turmeric_Productivity":11.02,"Total_Spices_Area":8411.0,"Total_Spices_Production":15827.0,"Total_Spices_Productivity":1.88,"Marigold_Area":265.0,"Marigold_Production":4456.0,"Marigold_Productivity":16.82,"Rose_Area":17.0,"Rose_Production":295.0,"Rose_Productivity":17.35,"Total_Flowers_Area":265.0,"Total_Flowers_Production":4456.0,"Total_Flowers_Productivity":16.82,"Grand_Total_Area":39556.8,"Grand_Total_Production":723711.05,"Grand_Total_Productivity":18.3},"geometry":{"type":"Polygon","coordinates":[[[76.78101165346244,22.344194378542046],[76.79251757283113,22.3404347177217],[76.8007349387218,22.33128617606587],[76.81788458125145,22.33734359286042],[76.82001268845649,22.33160985170256],[76.82546817586277,22.33102014952248],[76.82451326722915,22.314146013676528],[76.8377457455683,22.31847979950616],[76.85199210311816,22.331219980668283],[76.86924164748511,22.3225521463076],[76.86946537671051,22.309863999616052],[76.88137389578624,22.3089021528592],[76.89492559178281,22.29657409128932],[76.88792342231326,22.2929173882189],[76.8854530737425,22.285205353746115],[76.87419685373784,22.284343343719605],[76.87651105742951,22.27718191392334],[76.87216413248348,22.268656919931995],[76.85844070668213,22.261210256059194],[76.85832010647081,22.255123563475856],[76.84319550709002,22.254380793658516],[76.84584040227051,22.24728001346806],[76.85547416047123,22.24463829800891],[76.84471216414495,22.239249769828614],[76.84988973212997,22.22578125881381],[76.84063851475446,22.216649427231992],[76.83593601519591,22.193168342704396],[76.84732005585488,22.171645574880895],[76.83847483971488,22.162482051317664],[76.84154433270444,22.158414361611843],[76.82669049202359,22.156813332554776],[76.83656433298839,22.128521055018712],[76.86583546634937,22.125577749952903],[76.86587635700668,22.118798968115687],[76.87150272302873,22.117877967260863],[76.86995694657107,22.11371923512265],[76.85854476254676,22.113203765167427],[76.85269729144542,22.102803941428675],[76.85805801265361,22.090138720997988],[76.84527275218426,22.084564811947203],[76.84423060529278,22.064231445267588],[76.84004127192986,22.06014855800484],[76.8516935223379,22.047200165399783],[76.85222875989862,22.031373501362268],[76.86806617747612,22.02552277022408],[76.86682204681549,22.01674905292912],[76.87414415943951,22.013267745494435],[76.88710508007561,21.98422180228175],[76.90625031427919,21.992125868307877],[76.90872624746304,21.999463069716267],[76.90469918854413,22.00661367699437],[76.91903700196296,22.005680158090517],[76.93864662979568,21.991502346382504],[76.94594516425929,22.00497530766757],[76.95551399734693,22.005869439558573],[76.9622610580859,22.000840222233595],[76.97102273215279,22.004262497890505],[76.97655113334926,22.002218154283177],[76.97816215601713,21.993716778627324],[76.99274152207637,21.976589053105908],[77.01399072722944,21.980542016562165],[77.02489102008542,21.991201090519983],[77.07369493973957,21.981316452512434],[77.09603216059759,21.987471930168375],[77.11466784306172,21.986408488344168],[77.13787454996675,21.99436909414622],[77.16415711142834,21.979743553421862],[77.17411240890631,21.95582208756057],[77.18508035934842,21.94969760305775],[77.18426326864197,21.926800244263717],[77.17113186896147,21.9270683442192],[77.16313146919478,21.915654944478092],[77.16488996916972,21.910306044615485],[77.15332066946618,21.90613914468487],[77.13085517000626,21.908675344556343],[77.12100737025797,21.905374344609008],[77.12059237029293,21.898034244789486],[77.13000557011172,21.88357074517528],[77.11659127043664,21.884487145113045],[77.09372427101916,21.877632445215113],[77.0887824711594,21.871980245340414],[77.07401157149647,21.87904294512128],[77.06500807172945,21.875339145185986],[77.06132857190015,21.851979245754197],[77.04769667223954,21.850375545752875],[77.04085237238702,21.85617824558815],[77.01453607302878,21.85691774548977],[77.01227877310144,21.851955145605952],[76.9848314737752,21.851529745532076],[76.98158807387688,21.845256145677805],[76.95104007466747,21.83348194587519],[76.94815427475096,21.829931645954428],[76.95342447462949,21.82776394602467],[76.95260097467329,21.821180646185752],[76.94333407492032,21.815673646293657],[76.9434459749373,21.810189246430337],[76.9556595747168,21.788028647019964],[76.93658407520431,21.782779247091007],[76.92515167553552,21.768843447402336],[76.91108147591441,21.759769347584122],[76.90252427612462,21.7598606475547],[76.90673187604641,21.75290124774167],[76.90583287611824,21.739208648080467],[76.89625767635917,21.737798448085282],[76.89798517634024,21.731305248252895],[76.8766164768867,21.725835748321455],[76.87409327692635,21.731989148159666],[76.85496047741982,21.725972148248516],[76.85684997740906,21.71627574849681],[76.84898757763374,21.707924448680284],[76.85167687758266,21.703785848792446],[76.84486477775137,21.703618548774667],[76.84215277786257,21.69166484906491],[76.77525707951678,21.690852448866625],[76.76279167985965,21.681605449056885],[76.75297608017623,21.66211664951258],[76.74429638040223,21.65911394955895],[76.73822378052542,21.666155849362195],[76.73452838065799,21.655376049620035],[76.74082588054732,21.6435924499366],[76.73831648063496,21.63690885009597],[76.712514581302,21.629523150194874],[76.69853028177408,21.596983850965433],[76.70244778172531,21.58445185129407],[76.67495758245282,21.572787951494497],[76.6691909826218,21.5661558516419],[76.65489128296683,21.568743351527843],[76.64876618309377,21.57515405134534],[76.62961126092576,21.564669547494184],[76.61153639328883,21.573325895880323],[76.58090184919872,21.564465243381143],[76.55404986548173,21.567585518251704],[76.51283666922339,21.561295138780693],[76.4854413687899,21.577899093779216],[76.4646785543835,21.581375209214446],[76.46221893090913,21.577773022932302],[76.4599152877528,21.582259350500053],[76.45186527009827,21.582117762041147],[76.4355237327259,21.59701297602771],[76.4282127225234,21.583682251097095],[76.41940989665622,21.58984267076302],[76.4187684151388,21.59653504063065],[76.40692936923045,21.59902140818519],[76.37708355862962,21.598035624482407],[76.36850698999835,21.58776955002565],[76.35768379026318,21.588648249963217],[76.35801949033342,21.57022315042838],[76.3455209943584,21.567259128335706],[76.33949466319503,21.567437395879114],[76.32834019100862,21.584645849954043],[76.31793289125541,21.58731104984773],[76.30447709160184,21.584441749869214],[76.30628539159422,21.575815750093135],[76.30285153454108,21.573817278979735],[76.29201068437501,21.57698542277902],[76.29504658335807,21.596156190859993],[76.28555413369297,21.59544693936952],[76.28639583829806,21.58498438973311],[76.24439741721508,21.582462041097223],[76.2359433052471,21.5759832953144],[76.21265540310036,21.57098477355188],[76.2131228537515,21.56167751078523],[76.19665129220476,21.560529457697292],[76.19769374748135,21.55044076101268],[76.1767751079223,21.54168803545951],[76.15482930061131,21.54818715954707],[76.14586303380433,21.563451778603838],[76.15011382293251,21.578475128271215],[76.13878715364986,21.575423800771524],[76.1447198682302,21.570306926327003],[76.13573969010977,21.56082916778641],[76.12644694610292,21.561741660048455],[76.13047801499987,21.565652285362702],[76.11501507786761,21.57091745590598],[76.11247996672284,21.57801602326313],[76.07689512836542,21.57213918917131],[76.07878380606601,21.61494445231372],[76.06945000760001,21.66336817904154],[76.08757279675697,21.672228471798032],[76.10784185879646,21.691107361110106],[76.13306099267456,21.691189496913356],[76.1397783573705,21.68161096121507],[76.15184557523872,21.677223170077653],[76.15204284969239,21.694334599215487],[76.17128969942611,21.69990266405153],[76.16745875476471,21.702820813564166],[76.17000138547846,21.721045446508825],[76.16454532049987,21.721380994479507],[76.16580592118815,21.724529350566453],[76.15483880690641,21.732726393416094],[76.1450738962622,21.735017302255546],[76.12654095181577,21.72129097124174],[76.1121975834909,21.720030645363668],[76.10459100899874,21.723398626419172],[76.10704945011686,21.731061952417765],[76.10152539529535,21.73033430235783],[76.09972573469489,21.7406839320593],[76.10805740963578,21.749829186431953],[76.12407179533635,21.749852646232085],[76.1268218650238,21.760255360252227],[76.11620090095877,21.768925101369234],[76.11282020654396,21.788676339225283],[76.10611584075967,21.789370428326162],[76.11103547155945,21.795499382537287],[76.10062551729462,21.85503000129286],[76.11528156927695,21.858198942400687],[76.12457403023996,21.85480350781125],[76.12165224873075,21.863401136277506],[76.12540135488543,21.87061257900531],[76.15573274727956,21.888125557697794],[76.16963274247348,21.88656454122919],[76.15425365148269,21.941359933671972],[76.14859644006204,21.946784014787813],[76.15542739840748,21.953023306033227],[76.15007050360343,21.961581177388197],[76.1604450715291,21.964509824783363],[76.16049440601428,21.968176447281174],[76.14676541795309,21.969090993782405],[76.14855243357104,21.973001223538567],[76.14249183797394,21.977169878536184],[76.14779334720096,21.97902959250561],[76.14883096092412,21.988245631087608],[76.15641296154502,21.987824374189984],[76.1650624089783,22.012397567928424],[76.15297277596916,22.0231922237055],[76.15224803959313,22.032020154650702],[76.16439292377822,22.042737445746443],[76.17715565252522,22.042629989972074],[76.18073315792357,22.037928137723068],[76.19356938075659,22.04050162328022],[76.19871037499236,22.044473033164508],[76.20023355343814,22.06712653120109],[76.22466931237197,22.074916108364867],[76.21567171694441,22.088372976698498],[76.21969465364717,22.09972224294572],[76.1986361408187,22.09721828310682],[76.19026686976076,22.115432780902697],[76.17377334786029,22.122148519216672],[76.15441146299871,22.117168140965774],[76.148409367549,22.101261181353504],[76.13417296477182,22.097641239392303],[76.13728222458788,22.080834440482562],[76.15396703783371,22.077206367045946],[76.151644197201,22.0652813792201],[76.1387960953071,22.055470836721142],[76.09588363704677,22.053477607468867],[76.09315337938281,22.089917085307132],[76.11454435958738,22.094539131681056],[76.11524154856768,22.10376421883849],[76.13544299233298,22.10539420049431],[76.13810859036647,22.110067509587015],[76.13567710873534,22.124815205294336],[76.12476321908228,22.133887091254874],[76.12446752105292,22.152919646276704],[76.11688146579733,22.153204011469008],[76.11719625989818,22.158956644047198],[76.12177209846378,22.170818827027357],[76.13386316112164,22.175663615317667],[76.14719514574752,22.174402533233234],[76.15052652570863,22.17842520614983],[76.15727773518306,22.18938290844803],[76.15364132733768,22.213008272264602],[76.12295949103385,22.207994283809295],[76.12299335949035,22.212938629787473],[76.10213137717626,22.213013818420855],[76.09355732962179,22.192539564410925],[76.08259167839422,22.18560597419824],[76.07854184551589,22.190061598449013],[76.04742368550303,22.190004656378456],[76.02487782007398,22.196860399285264],[76.01253065624023,22.211703509309174],[76.01710808022848,22.218448107396988],[76.03093465736778,22.2250446286305],[76.06070193324405,22.22655808755754],[76.1026544657932,22.250622645401535],[76.15872413321931,22.255574082940456],[76.18162820834223,22.275769407357146],[76.19353765147571,22.303308443425003],[76.20501175396241,22.325220709211685],[76.20923195362627,22.32960742396395],[76.21158642067391,22.32274739519163],[76.22919123061762,22.312988372766178],[76.23903008761316,22.29787785459679],[76.25160843503211,22.289808196436997],[76.3266807334333,22.29835907627217],[76.3997101263892,22.33735872895441],[76.44439555780383,22.34281363580775],[76.43603671671929,22.363786208338354],[76.44353673452386,22.382824210356667],[76.4950113139292,22.411684928588176],[76.52449904049377,22.41216288216991],[76.55384726147264,22.398740923959792],[76.56855754070871,22.405618955869397],[76.60377833516276,22.40536993667181],[76.61858980015538,22.389797818597934],[76.62225104842307,22.373046202094425],[76.64482457134356,22.36104314954797],[76.64930581621195,22.3642077788135],[76.6552907918418,22.36069832941576],[76.65414360671053,22.353451451461197],[76.6645924355183,22.34558804832358],[76.65509489031213,22.330504368926242],[76.68297808367937,22.2964194456704],[76.7192094143106,22.310246389741927],[76.7251144576509,22.30924948891959],[76.72826726085955,22.300704467773915],[76.73396111024763,22.303378331241554],[76.73541964094635,22.29461302078382],[76.74215231551283,22.291957755003075],[76.74888734232269,22.302234185187064],[76.76861643069107,22.31631350070043],[76.78101165346244,22.344194378542046]]]}},{"type":"Feature","properties":{"district":"Harda","state":"MADHYA PRADESH","Aonla_Area":35.0,"Aonla_Production":795.0,"Aonla_Productivity":22.71,"Banana_Area":10.0,"Banana_Production":606.0,"Banana_Productivity":60.6,"Mango_Area":495.0,"Mango_Production":7272.0,"Mango_Productivity":14.69,"Guava_Area":510.0,"Guava_Production":15045.0,"Guava_Productivity":29.5,"Papaya_Area":62.0,"Papaya_Production":2514.0,"Papaya_Productivity":40.55,"Pomegranate_Area":5.0,"Pomegranate_Production":68.0,"Pomegranate_Productivity":13.6,"Watermelon_Area":340.0,"Watermelon_Production":10370.0,"Watermelon_Productivity":30.5,"Custard_Apple_Area":null,"Custard_Apple_Production":null,"Custard_Apple_Productivity":null,"Ber_Area":null,"Ber_Production":null,"Ber_Productivity":null,"Citrus_Area":null,"Citrus_Production":null,"Citrus_Productivity":null,"Sapota_Area":null,"Sapota_Production":null,"Sapota_Productivity":null,"Total_Fruits_Area":1804.0,"Total_Fruits_Production":42640.0,"Total_Fruits_Productivity":23.64,"Brinjal_Area":394.0,"Brinjal_Production":9771.0,"Brinjal_Productivity":24.8,"Cabbage_Area":355.0,"Cabbage_Production":3181.0,"Cabbage_Productivity":8.96,"Cauliflower_Area":220.0,"Cauliflower_Production":1881.0,"Cauliflower_Productivity":8.55,"Onion_Area":387.0,"Onion_Production":8804.0,"Onion_Productivity":22.75,"Tomato_Area":150.0,"Tomato_Production":3930.0,"Tomato_Productivity":26.2,"Potato_Area":620.0,"Potato_Production":14198.0,"Potato_Productivity":22.9,"Green_Chilly_Area":340.0,"Green_Chilly_Production":2754.0,"Green_Chilly_Productivity":8.1,"Okra_Area":null,"Okra_Production":null,"Okra_Productivity":null,"Total_Vegetables_Area":5613.0,"Total_Vegetables_Production":86295.0,"Total_Vegetables_Productivity":15.37,"Garlic_Area":248.0,"Garlic_Production":2641.0,"Garlic_Productivity":10.65,"Ginger_Area":180.0,"Ginger_Production":2142.0,"Ginger_Productivity":11.9,"Turmeric_Area":130.0,"Turmeric_Production":3151.0,"Turmeric_Productivity":24.24,"Total_Spices_Area":1342.0,"Total_Spices_Production":9831.0,"Total_Spices_Productivity":7.33,"Marigold_Area":74.0,"Marigold_Production":667.0,"Marigold_Productivity":9.01,"Rose_Area":8.0,"Rose_Production":51.0,"Rose_Productivity":6.38,"Total_Flowers_Area":74.0,"Total_Flowers_Production":667.0,"Total_Flowers_Productivity":9.01,"Grand_Total_Area":8913.0,"Grand_Total_Production":139776.0,"Grand_Total_Productivity":15.68},"geometry":{"type":"Polygon","coordinates":[[[77.21291389814945,22.56563125294543],[77.21696222413054,22.55622840674097],[77.23411336637105,22.550785785223564],[77.25750090480929,22.553584399702487],[77.26474858021888,22.541818370774998],[77.27167695148583,22.53901186639157],[77.26948548434767,22.531960280176552],[77.25534409339596,22.528695677532877],[77.24769324727941,22.520554425011696],[77.2532268871564,22.515861092487757],[77.26316320187321,22.518514209918298],[77.28231049646205,22.497417622646825],[77.28150800523731,22.463628566584557],[77.2925769667941,22.448042452365417],[77.28008984772387,22.435377933647565],[77.29918036949103,22.432724657463847],[77.30896639944206,22.436633241159733],[77.30099828179698,22.412844007416368],[77.31324787472941,22.400264368519306],[77.31915111492549,22.385488662765834],[77.31733815107302,22.37833197335397],[77.32298418557149,22.373326105537416],[77.31577692080647,22.367842059852357],[77.31403600726871,22.352128142575488],[77.32039145145973,22.34860838790073],[77.321637115906,22.340652849209395],[77.32967927680721,22.34226265871933],[77.34603493317634,22.326697478551175],[77.34817674681095,22.31893145327632],[77.35738799276126,22.317081410926367],[77.35967943884424,22.309121110106226],[77.35200878519235,22.299768936560064],[77.35422332766046,22.29014180094278],[77.37043409011007,22.28359577490945],[77.36305576891188,22.26889790913256],[77.3631933092782,22.2474631081839],[77.38607259942037,22.244217274029356],[77.38996515777328,22.223026158830717],[77.38145370346356,22.217233488053296],[77.41161082265002,22.19131554090326],[77.42406942401459,22.170916029235123],[77.46294499305243,22.1710124414204],[77.47292222135579,22.164224558941132],[77.46556722793105,22.132562091986262],[77.47484782267065,22.11787694044535],[77.46366700646598,22.108084243269744],[77.46550775794861,22.09196751622602],[77.4598772328796,22.083278314173235],[77.51001434009335,22.075634997371814],[77.50313408395591,22.0596271520903],[77.50701448541645,22.053470916960176],[77.50577462740496,22.02996235767501],[77.4697422402568,22.019324558166183],[77.42660814846728,22.020111576779097],[77.40814399319265,22.02548986284734],[77.39647643591063,22.02001906031434],[77.39539826517819,21.99913319138376],[77.38042629800879,21.991539363815225],[77.3591562431174,21.99186840672865],[77.34575996452165,21.984505843292343],[77.33287916480808,21.99308594304594],[77.31487456526504,21.987025943145838],[77.30084136559068,21.991989142984878],[77.29243276576042,22.002871742693713],[77.28067046604978,22.00180704268713],[77.26665886643276,21.988622042972708],[77.24584666696042,21.98202314307672],[77.23683096720629,21.973893043251614],[77.2166799677112,21.96950974330246],[77.18508035934842,21.94969760305775],[77.17411240890631,21.95582208756057],[77.16415711142834,21.979743553421862],[77.13787454996675,21.99436909414622],[77.11466784306172,21.986408488344168],[77.09603216059759,21.987471930168375],[77.07369493973957,21.981316452512434],[77.02489102008542,21.991201090519983],[77.01399072722944,21.980542016562165],[76.99274152207637,21.976589053105908],[76.97816215601713,21.993716778627324],[76.97655113334926,22.002218154283177],[76.97102273215279,22.004262497890505],[76.9622610580859,22.000840222233595],[76.95551399734693,22.005869439558573],[76.94594516425929,22.00497530766757],[76.93864662979568,21.991502346382504],[76.91903700196296,22.005680158090517],[76.90469918854413,22.00661367699437],[76.90872624746304,21.999463069716267],[76.90625031427919,21.992125868307877],[76.88710508007561,21.98422180228175],[76.87414415943951,22.013267745494435],[76.86682204681549,22.01674905292912],[76.86806617747612,22.02552277022408],[76.85222875989862,22.031373501362268],[76.8516935223379,22.047200165399783],[76.84004127192986,22.06014855800484],[76.84423060529278,22.064231445267588],[76.84527275218426,22.084564811947203],[76.85805801265361,22.090138720997988],[76.85269729144542,22.102803941428675],[76.85854476254676,22.113203765167427],[76.86995694657107,22.11371923512265],[76.87150272302873,22.117877967260863],[76.86587635700668,22.118798968115687],[76.86583546634937,22.125577749952903],[76.83656433298839,22.128521055018712],[76.82669049202359,22.156813332554776],[76.84154433270444,22.158414361611843],[76.83847483971488,22.162482051317664],[76.84732005585488,22.171645574880895],[76.83593601519591,22.193168342704396],[76.84063851475446,22.216649427231992],[76.84988973212997,22.22578125881381],[76.84471216414495,22.239249769828614],[76.85547416047123,22.24463829800891],[76.84584040227051,22.24728001346806],[76.84319550709002,22.254380793658516],[76.85832010647081,22.255123563475856],[76.85844070668213,22.261210256059194],[76.87216413248348,22.268656919931995],[76.87651105742951,22.27718191392334],[76.87419685373784,22.284343343719605],[76.8854530737425,22.285205353746115],[76.88792342231326,22.2929173882189],[76.89492559178281,22.29657409128932],[76.88137389578624,22.3089021528592],[76.86946537671051,22.309863999616052],[76.86924164748511,22.3225521463076],[76.85199210311816,22.331219980668283],[76.8377457455683,22.31847979950616],[76.82451326722915,22.314146013676528],[76.82546817586277,22.33102014952248],[76.82001268845649,22.33160985170256],[76.81788458125145,22.33734359286042],[76.8007349387218,22.33128617606587],[76.79251757283113,22.3404347177217],[76.78101165346244,22.344194378542046],[76.78157864043396,22.37477691577143],[76.79120583783758,22.399557673424226],[76.78968102101646,22.423858054212484],[76.81594266705584,22.442933224280498],[76.85568839332146,22.455174603454036],[76.90599213043144,22.48453093777907],[76.93512329815674,22.491029006539186],[77.02762557737768,22.49366279589685],[77.07938380107659,22.50937161559008],[77.15780581292913,22.578425665104106],[77.17675334388619,22.57869607302937],[77.21291389814945,22.56563125294543]]]}},{"type":"Feature","properties":{"district":"Hoshangabad","state":"MADHYA PRADESH","Aonla_Area":74.0,"Aonla_Production":685.95,"Aonla_Productivity":9.27,"Banana_Area":72.0,"Banana_Production":2852.8,"Banana_Productivity":39.62,"Mango_Area":1511.0,"Mango_Production":18403.45,"Mango_Productivity":12.18,"Guava_Area":830.0,"Guava_Production":19805.72,"Guava_Productivity":23.86,"Papaya_Area":153.0,"Papaya_Production":7700.49,"Papaya_Productivity":50.33,"Pomegranate_Area":34.8,"Pomegranate_Production":278.75,"Pomegranate_Productivity":8.01,"Watermelon_Area":326.0,"Watermelon_Production":8022.35,"Watermelon_Productivity":24.61,"Custard_Apple_Area":62.0,"Custard_Apple_Production":544.35,"Custard_Apple_Productivity":8.78,"Ber_Area":null,"Ber_Production":null,"Ber_Productivity":null,"Citrus_Area":null,"Citrus_Production":null,"Citrus_Productivity":null,"Sapota_Area":null,"Sapota_Production":null,"Sapota_Productivity":null,"Total_Fruits_Area":4998.05,"Total_Fruits_Production":88808.25,"Total_Fruits_Productivity":17.77,"Brinjal_Area":561.5,"Brinjal_Production":11258.07,"Brinjal_Productivity":20.05,"Cabbage_Area":290.0,"Cabbage_Production":5974.0,"Cabbage_Productivity":20.6,"Cauliflower_Area":353.0,"Cauliflower_Production":6247.46,"Cauliflower_Productivity":17.7,"Onion_Area":235.0,"Onion_Production":5614.27,"Onion_Productivity":23.89,"Tomato_Area":140.0,"Tomato_Production":3096.28,"Tomato_Productivity":22.12,"Potato_Area":250.0,"Potato_Production":6160.73,"Potato_Productivity":24.64,"Green_Chilly_Area":830.0,"Green_Chilly_Production":7478.31,"Green_Chilly_Productivity":9.01,"Okra_Area":135.0,"Okra_Production":1259.89,"Okra_Productivity":9.33,"Total_Vegetables_Area":7135.0,"Total_Vegetables_Production":98942.41,"Total_Vegetables_Productivity":13.87,"Garlic_Area":199.5,"Garlic_Production":2170.5,"Garlic_Productivity":10.88,"Ginger_Area":125.0,"Ginger_Production":1863.68,"Ginger_Productivity":14.91,"Turmeric_Area":64.0,"Turmeric_Production":1281.78,"Turmeric_Productivity":20.03,"Total_Spices_Area":1055.5,"Total_Spices_Production":6925.7,"Total_Spices_Productivity":6.56,"Marigold_Area":265.5,"Marigold_Production":2532.32,"Marigold_Productivity":9.54,"Rose_Area":45.0,"Rose_Production":473.17,"Rose_Productivity":10.51,"Total_Flowers_Area":265.5,"Total_Flowers_Production":2532.32,"Total_Flowers_Productivity":9.54,"Grand_Total_Area":13503.55,"Grand_Total_Production":197450.55,"Grand_Total_Productivity":14.62},"geometry":{"type":"Polygon","coordinates":[[[78.68047959274513,22.69917900330553],[78.6704047289748,22.699696946175784],[78.66635065421909,22.68923613058149],[78.63755364137218,22.686541012365776],[78.62558353198843,22.678486549805324],[78.61604267289779,22.663484253352916],[78.61785733542355,22.653192687606804],[78.6118653197811,22.64910594751296],[78.57526438994839,22.663118426506554],[78.54206905226128,22.656995771296103],[78.52530697628325,22.666178314085737],[78.50540644284429,22.65293172946911],[78.50480714726577,22.642794710537217],[78.49810395094994,22.63402656520957],[78.50141871703674,22.61319522572616],[78.49782345429362,22.592144073611394],[78.51903108968048,22.571717750086588],[78.52486589041446,22.557281826222376],[78.53999371999669,22.550282883197937],[78.54793938317252,22.536488448027924],[78.53884872478551,22.51505005176893],[78.54079609843254,22.501598762551794],[78.51433026171959,22.491236450788904],[78.50948254743119,22.477678340879788],[78.52978671932243,22.469875666508116],[78.52958307264677,22.455011300778438],[78.53565599395513,22.461494093747646],[78.55381303874596,22.456053162524306],[78.55188972562031,22.44598775826942],[78.56487649659428,22.427895930686194],[78.56043660215549,22.419048718406483],[78.55022302081332,22.419694565806072],[78.54566057535564,22.414910693323723],[78.52651356498728,22.41967293827823],[78.51344373647049,22.402533471820657],[78.50560927959171,22.40474489587837],[78.49777490972119,22.4002566209038],[78.49264595208157,22.387396384051875],[78.4835311024618,22.37954621546664],[78.47093929739131,22.38292261535171],[78.47043395152264,22.375359725694498],[78.46377534708208,22.379066156039226],[78.45461243860173,22.376754516481586],[78.45108683364117,22.384025901958047],[78.44772415404746,22.37869488859267],[78.41855131391877,22.38295434486763],[78.4043104999482,22.404053074758966],[78.39216660514317,22.410466573477308],[78.39060860652496,22.417763525428327],[78.31692368298629,22.42478433468232],[78.30492338405938,22.413924835234486],[78.28485350478583,22.41959970607326],[78.26607630275467,22.397025319161177],[78.18699561523435,22.40032646399738],[78.17210168654582,22.3971798341979],[78.16296613014343,22.39026034719924],[78.15042417741546,22.388930851222785],[78.12200078554396,22.367187123536926],[78.10062609340305,22.36444914248164],[78.03330549542044,22.330077085279946],[78.01111927870839,22.337779855282438],[77.999935929351,22.332822845414526],[77.9538326729794,22.33272812449388],[77.94659069041911,22.34118427239558],[77.93908679747446,22.33078862752657],[77.92265088425668,22.32443669163678],[77.91683424582116,22.315881775593137],[77.89664905176828,22.303671728471638],[77.88483687617925,22.287399605765405],[77.86547757970736,22.288555590382348],[77.86357182500959,22.33758310545252],[77.8684734736254,22.350772717112214],[77.86442905231623,22.363559892423705],[77.85458808946848,22.369094769300883],[77.82555863706568,22.34937919062608],[77.8069347289562,22.346952260125157],[77.80777322076096,22.339344272078872],[77.7896566658762,22.335362371086575],[77.77492015231373,22.336911744668452],[77.76975976539119,22.34644274181146],[77.75348626772424,22.35399218106457],[77.74444588202785,22.34739041436856],[77.75658150131044,22.338741714885117],[77.75817451115799,22.3317305557725],[77.74968125916277,22.325944620603],[77.73764297253109,22.326322327850082],[77.72043894647535,22.313211841421392],[77.71675138519822,22.32156732500227],[77.68333311398095,22.32218793189273],[77.68227136207643,22.312967962971086],[77.6552786163592,22.30649128567851],[77.64175024052318,22.31129765156877],[77.63797587909576,22.322924999695523],[77.62453260078141,22.32143556658158],[77.62441129883905,22.33267416437886],[77.6083806746645,22.328907597358587],[77.59734828946354,22.3321752913061],[77.59170587057483,22.34353482212884],[77.55733439837708,22.33603774760957],[77.55338692890096,22.35805735838785],[77.54425126257561,22.340669087234037],[77.53232769505443,22.330002003702262],[77.52011431352837,22.326481645246865],[77.51441893801099,22.31108062081032],[77.50747876737718,22.31197431340366],[77.50303782130136,22.290333515186795],[77.50812571056143,22.280850479114395],[77.48694087190883,22.272076412628973],[77.48708288441944,22.257565837756687],[77.47778781891596,22.25062883982565],[77.45822534771399,22.24835476168988],[77.45926347363657,22.224233024966903],[77.45242575826583,22.217103811014407],[77.43170759079305,22.21344420414564],[77.41664844738838,22.223400752757065],[77.38996515777328,22.223026158830717],[77.38591747382478,22.24459651777648],[77.3631933092782,22.2474631081839],[77.36305576891188,22.26889790913256],[77.37043409011007,22.28359577490945],[77.35422332766046,22.29014180094278],[77.35200878519235,22.299768936560064],[77.35967943884424,22.309121110106226],[77.35738799276126,22.317081410926367],[77.34817674681095,22.31893145327632],[77.34603493317634,22.326697478551175],[77.32967927680721,22.34226265871933],[77.321637115906,22.340652849209395],[77.32039145145973,22.34860838790073],[77.31403600726871,22.352128142575488],[77.31577692080647,22.367842059852357],[77.32298418557149,22.373326105537416],[77.31733815107302,22.37833197335397],[77.31915111492549,22.385488662765834],[77.31324787472941,22.400264368519306],[77.30099828179698,22.412844007416368],[77.30896639944206,22.436633241159733],[77.29918036949103,22.432724657463847],[77.28008984772387,22.435377933647565],[77.2925769667941,22.448042452365417],[77.28150800523731,22.463628566584557],[77.28231049646205,22.497417622646825],[77.26316320187321,22.518514209918298],[77.2532268871564,22.515861092487757],[77.24769324727941,22.520554425011696],[77.25534409339596,22.528695677532877],[77.26948548434767,22.531960280176552],[77.27167695148583,22.53901186639157],[77.26474858021888,22.541818370774998],[77.25750090480929,22.553584399702487],[77.23411336637105,22.550785785223564],[77.21696222413054,22.55622840674097],[77.21296106972783,22.56335113619014],[77.26576722823249,22.606445007763003],[77.27707324034695,22.60032063211324],[77.29286355304929,22.56548185867389],[77.32265307274717,22.55880721601167],[77.34433713645655,22.569987874270833],[77.35358506433926,22.59674636668039],[77.36586269342838,22.607710428611902],[77.39516271575751,22.607013975623733],[77.42330196479,22.62425518796004],[77.43634678616162,22.62537040987976],[77.44550629403291,22.63702935119934],[77.46566021892974,22.64737686244766],[77.49547022457259,22.642322799716858],[77.5124630691345,22.649604255871207],[77.52058700184436,22.66235605431231],[77.53126635459743,22.66856636210297],[77.5739719721529,22.672048659108153],[77.58729069599363,22.681904384354265],[77.5918790181973,22.70241758648794],[77.62294583272775,22.7441902415718],[77.6369703409565,22.745156027825278],[77.66498135169313,22.73203503350215],[77.67718698896049,22.739404636081275],[77.688602600248,22.762050235653],[77.69928692425083,22.76713410350171],[77.72904742545184,22.75819560526489],[77.74142482452754,22.760453579470543],[77.77883021941875,22.790733433544723],[77.78265615015167,22.814873253083146],[77.79868918655721,22.841940396689154],[77.82064085898942,22.85099296825049],[77.84417635387871,22.871434271519902],[77.85431087106592,22.872203422972394],[77.87075563060418,22.86353128476413],[77.86181259695846,22.839605599252],[77.87411255387505,22.82923050297232],[77.88340152305278,22.83054414693683],[77.91048595007453,22.85624000613156],[77.92083419741017,22.857167437220124],[77.92778409595779,22.851394986236983],[77.9284665427693,22.83992207612168],[77.91002303829967,22.81826401373287],[77.91300828235613,22.79953936245248],[77.90639191071756,22.78640194388107],[77.90903811711343,22.775492885946925],[77.91990895840091,22.77029328942054],[77.92929643229185,22.77127465297606],[77.9417910251806,22.78355994307472],[77.94389811216668,22.790516766373646],[77.93712392762681,22.81045358029024],[77.95603270724904,22.822843439967457],[77.9732239574101,22.826378057110567],[78.00211655588623,22.821301471764667],[78.02960556887855,22.801444845906257],[78.06405989422503,22.813580120529497],[78.09106064963224,22.795460052125033],[78.1095613679189,22.789683538437732],[78.12504643379147,22.79946840723252],[78.1280666995977,22.83716008868068],[78.16153919790507,22.86415130138519],[78.18306746055562,22.87127854001237],[78.19481027485776,22.890760633775557],[78.21633146867185,22.893034284410625],[78.23772302359176,22.867379679094192],[78.25911708553677,22.87589475817612],[78.27994807920467,22.867844595126243],[78.3207441581856,22.91644077336276],[78.35445722729902,22.920466960097865],[78.3783390203362,22.938899425389938],[78.39314888989738,22.959562429599984],[78.43346291907515,22.97743638503849],[78.4444344881399,22.987102936557363],[78.44315760045714,22.978895277879836],[78.4489626207939,22.974133883615075],[78.45974147844925,22.98617890671165],[78.46859031586008,22.983212121140227],[78.47183249322399,22.975480519500373],[78.46081708897087,22.97520249213198],[78.46011065112522,22.968371704152165],[78.46792410030037,22.9574997668225],[78.4918364465587,22.966509308768945],[78.50640104141026,22.949930994426833],[78.53257353042014,22.961005568062944],[78.57120532657255,22.955302698736595],[78.56901615532618,22.943734578343847],[78.58337140223455,22.932853323498563],[78.57899305787991,22.92103185541359],[78.5884189216069,22.905741921868284],[78.575959827451,22.884314854190556],[78.58508479556278,22.873941849010972],[78.5929477080496,22.879745423631693],[78.59925386086404,22.87529922930856],[78.59021300765826,22.864876816441697],[78.5788397466236,22.86957416512717],[78.57747314679884,22.862074234426704],[78.58651813113079,22.853511676942617],[78.60295590332055,22.85122556196533],[78.60145250117819,22.83953140822445],[78.60651966026995,22.83133725681446],[78.59008843547842,22.81773517907352],[78.59036249506129,22.81214555833852],[78.60885009397593,22.813037931060574],[78.62153717983605,22.820271762663594],[78.62660257312304,22.817856232340123],[78.61620521810349,22.79809360318062],[78.62222925026464,22.793393649731538],[78.63660511812769,22.80063532632583],[78.6416740434484,22.795677331552614],[78.6334483289984,22.783442156641918],[78.63084228777086,22.76272699223846],[78.63426448454082,22.757006232598396],[78.64070040402527,22.75662647217965],[78.6471325205044,22.763104816976863],[78.64494352653973,22.775941522636792],[78.6486059672915,22.781155920309242],[78.65435619888251,22.779886256539385],[78.6625661921181,22.76412232335548],[78.6783117460746,22.777974596827626],[78.68933861955321,22.774538983912024],[78.69803560684754,22.76394807466445],[78.6776894702848,22.727512711435207],[78.6804786706573,22.71324272950256],[78.68868995820415,22.71459774145683],[78.69616593765873,22.70842269985703],[78.68047959274513,22.69917900330553]]]}},{"type":"Feature","properties":{"district":"Indore","state":"MADHYA PRADESH","Aonla_Area":86.0,"Aonla_Production":2368.0,"Aonla_Productivity":27.53,"Banana_Area":null,"Banana_Production":null,"Banana_Productivity":null,"Mango_Area":1258.0,"Mango_Production":18870.0,"Mango_Productivity":15.0,"Guava_Area":1980.0,"Guava_Production":39402.0,"Guava_Productivity":19.9,"Papaya_Area":94.0,"Papaya_Production":5922.0,"Papaya_Productivity":63.0,"Pomegranate_Area":65.0,"Pomegranate_Production":988.0,"Pomegranate_Productivity":15.2,"Watermelon_Area":470.0,"Watermelon_Production":16450.0,"Watermelon_Productivity":35.0,"Custard_Apple_Area":32.0,"Custard_Apple_Production":666.0,"Custard_Apple_Productivity":20.81,"Ber_Area":null,"Ber_Production":null,"Ber_Productivity":null,"Citrus_Area":null,"Citrus_Production":null,"Citrus_Productivity":null,"Sapota_Area":null,"Sapota_Production":null,"Sapota_Productivity":null,"Total_Fruits_Area":4572.0,"Total_Fruits_Production":96236.0,"Total_Fruits_Productivity":21.05,"Brinjal_Area":998.0,"Brinjal_Production":24950.0,"Brinjal_Productivity":25.0,"Cabbage_Area":4225.0,"Cabbage_Production":97175.0,"Cabbage_Productivity":23.0,"Cauliflower_Area":6322.0,"Cauliflower_Production":145406.0,"Cauliflower_Productivity":23.0,"Onion_Area":15100.0,"Onion_Production":483200.0,"Onion_Productivity":32.0,"Tomato_Area":45157.0,"Tomato_Production":1151504.0,"Tomato_Productivity":25.5,"Potato_Area":35.0,"Potato_Production":1400.0,"Potato_Productivity":40.0,"Green_Chilly_Area":2020.0,"Green_Chilly_Production":20200.0,"Green_Chilly_Productivity":10.0,"Okra_Area":250.0,"Okra_Production":6750.0,"Okra_Productivity":27.0,"Total_Vegetables_Area":86642.0,"Total_Vegetables_Production":2168891.0,"Total_Vegetables_Productivity":25.03,"Garlic_Area":14460.0,"Garlic_Production":187980.0,"Garlic_Productivity":13.0,"Ginger_Area":174.0,"Ginger_Production":3480.0,"Ginger_Productivity":20.0,"Turmeric_Area":78.0,"Turmeric_Production":1443.0,"Turmeric_Productivity":18.5,"Total_Spices_Area":15429.0,"Total_Spices_Production":195555.0,"Total_Spices_Productivity":12.67,"Marigold_Area":4768.0,"Marigold_Production":87785.0,"Marigold_Productivity":18.41,"Rose_Area":472.0,"Rose_Production":4720.0,"Rose_Productivity":10.0,"Total_Flowers_Area":4768.0,"Total_Flowers_Production":87785.0,"Total_Flowers_Productivity":18.41,"Grand_Total_Area":111443.0,"Grand_Total_Production":2548483.0,"Grand_Total_Productivity":22.87},"geometry":{"type":"Polygon","coordinates":[[[76.18098944336812,22.694408273350042],[76.19377252008358,22.687757524113294],[76.19998109409488,22.678557870392723],[76.19128754546763,22.660852833522732],[76.21349677864949,22.661885011508524],[76.22966851974626,22.67533485546072],[76.23413402256794,22.66181353415605],[76.2278600772117,22.65133805615482],[76.24727778345861,22.64383373409926],[76.23750346768999,22.63559173854198],[76.23206558668952,22.617078752876665],[76.21670121385553,22.615801503858474],[76.21408945338243,22.623090443639516],[76.19942675877124,22.625242689567177],[76.19260169059152,22.612612289295047],[76.19317454104738,22.600813861107227],[76.17995165413866,22.59874206022354],[76.17566327668447,22.6004637551826],[76.17806709651752,22.604553667546444],[76.18925394549224,22.608843468103952],[76.18244675611888,22.61155971335354],[76.18374284564534,22.617329638147126],[76.17537681591041,22.614858227963325],[76.1723443275896,22.62117589945119],[76.18070008873316,22.633747902195655],[76.19014644961437,22.63468348486274],[76.19044545428048,22.639460419390563],[76.17855692189053,22.638471496915802],[76.1701335253366,22.6277280412127],[76.16065569402974,22.634178105554422],[76.15934112189424,22.629157565932413],[76.15136022298555,22.632504815351606],[76.15226811142968,22.62421475117751],[76.16254458040144,22.62265047180829],[76.16643865666914,22.617095818960053],[76.15736385007087,22.618438968673832],[76.16815600424262,22.603450446729102],[76.1622759937063,22.60084671913607],[76.16124206326101,22.6077596643957],[76.14878386956077,22.61346924265383],[76.14201827848599,22.60751912328404],[76.1478047163877,22.60372113609858],[76.14092358335672,22.60362263300371],[76.1436691023714,22.588844091701453],[76.13667730539541,22.59241179689125],[76.14135548557103,22.59548167375084],[76.13795730327733,22.604142153077337],[76.13226284447059,22.604725002461823],[76.13164974712791,22.598286391256522],[76.1287663060992,22.603745367543034],[76.12618406945498,22.60181287505822],[76.12733150527127,22.594028687596943],[76.11921543159289,22.604255536798085],[76.10784150833264,22.60002405283003],[76.12345118810562,22.589211005231878],[76.11489823365065,22.588881141605942],[76.11942523304859,22.584898924281383],[76.1140964173864,22.58191862667451],[76.11103727008631,22.591016485651235],[76.10759923825641,22.59312473325526],[76.10544614786272,22.585557076002097],[76.10083655069617,22.586378228323348],[76.1005625895134,22.59558919151094],[76.09357111581058,22.591154100574947],[76.08210641349038,22.603437250785927],[76.08830631125828,22.586172728059445],[76.06283666138825,22.58803423588653],[76.07247938821207,22.573309047500878],[76.09278466729984,22.56422078893483],[76.10595421019718,22.56759564795029],[76.10271228663603,22.562375670345176],[76.10669896017872,22.56000120009198],[76.09122145899003,22.555171932013046],[76.07636668566076,22.523701608232937],[76.06044521813374,22.533525739285967],[76.05198453326082,22.530808501903724],[76.04411340801701,22.534516227510945],[76.03952348771887,22.529136277416274],[76.02788300651997,22.529192956795242],[76.03041845985588,22.510049909368586],[76.02367441743962,22.49502926111903],[76.03472284146129,22.48191897426443],[76.05066605316127,22.47835552730478],[76.0552802473177,22.461587881296225],[76.05263192841907,22.453698596737972],[76.04561387895119,22.45982700353845],[76.03153367836038,22.44822884624395],[76.03189571409455,22.437062835139827],[76.02146650605673,22.444944701313627],[76.00861905962886,22.444597303854824],[76.01297892259099,22.441064929733066],[76.00663750931577,22.432811065736324],[76.00662719678685,22.421978843653385],[75.99382207383431,22.41360112161983],[75.971259108781,22.419811195473457],[75.96865240142668,22.428771082301076],[75.96087774485831,22.43057703182398],[75.9139718368511,22.420485511006547],[75.90869970184495,22.40909915156622],[75.9094034733782,22.38797193745041],[75.89275958609353,22.391311496558643],[75.88127100437733,22.38341963730286],[75.86436036162232,22.380032975252714],[75.84944963952903,22.383919066819367],[75.8495501832864,22.3918118290297],[75.8343668501946,22.40884495730794],[75.82182448886329,22.406127717880096],[75.81571184437534,22.391875293445498],[75.7996384521982,22.38572784522539],[75.79942291824335,22.380255228807254],[75.78446664442872,22.376373395267336],[75.77521085764852,22.36577961138518],[75.77026626269212,22.369217169081896],[75.75205621309286,22.35790261365191],[75.7360568064504,22.35816911052063],[75.7214255259348,22.369465463138486],[75.70372102162668,22.358585428696504],[75.69272772555018,22.3598997459051],[75.675516892538,22.349251257358496],[75.67471420606878,22.344036922010407],[75.65452896371919,22.342583655432332],[75.65114562377809,22.339482602113986],[75.65355131009517,22.332136564934213],[75.64431672346514,22.335962056304524],[75.64094627839066,22.35619317476229],[75.61568861024462,22.33771923088054],[75.59963408133852,22.340751544558426],[75.59983185141523,22.34771787419905],[75.61091718552606,22.34676657228977],[75.60555839953877,22.351402726121822],[75.61030394650116,22.36368344071883],[75.59270885398153,22.360972081124842],[75.5882502464558,22.37145894494688],[75.57988186018648,22.37022433430066],[75.5750298161834,22.37780775524694],[75.56638063777744,22.374287929394658],[75.55740364998312,22.376902996854813],[75.5517984868551,22.382864637720303],[75.55492237815439,22.387967619025847],[75.54648191917806,22.392975169261458],[75.5458519712281,22.408090334663108],[75.54019317949304,22.411577397092042],[75.56366843295748,22.427055407141967],[75.56530788497369,22.44297952171943],[75.57443987384156,22.453014347844167],[75.56462051051261,22.47166587709622],[75.56505446178224,22.49077222406878],[75.55290347372143,22.490938887001704],[75.55816862452109,22.508712994528775],[75.5683495050904,22.501947824272406],[75.57859250481626,22.507807424178587],[75.58776340463102,22.501571724369335],[75.60039560433349,22.501067024438456],[75.60933180418354,22.489080824765786],[75.60981670421724,22.480388124976276],[75.66177320302494,22.471917625411688],[75.66601290300827,22.455535725823527],[75.68337290259596,22.45530742590598],[75.68793290244675,22.463247525735614],[75.70712640198313,22.464570125788462],[75.72146020157606,22.477540125540312],[75.71978910159059,22.482500325414094],[75.72827780135881,22.48840802530971],[75.72538280137364,22.499054825042023],[75.729985301245,22.502861824971006],[75.74170690093698,22.508699524882466],[75.77144380024842,22.505182625095905],[75.77301750017074,22.51321182491057],[75.78593129980715,22.524591324694217],[75.81731519906917,22.523232024861734],[75.82014809903603,22.51636262503824],[75.8142568992207,22.507336725228928],[75.81832189913736,22.504685225309792],[75.84441939849837,22.508544725328914],[75.83899959857666,22.51875602506145],[75.84331859843749,22.52619512490203],[75.86266979795265,22.531421024859277],[75.86074959794465,22.54231522459082],[75.8487474981428,22.559845224121297],[75.85314959801083,22.5654664240059],[75.8474803980634,22.582024423587036],[75.85105749789308,22.599401323188204],[75.85733469776268,22.595749223301855],[75.86998149742467,22.603700423166153],[75.89084459696505,22.596847323417375],[75.9037108965905,22.611302523127332],[75.91677479629014,22.609605323222535],[75.9250256959842,22.632511122712277],[75.92293289598564,22.64241412246822],[75.95096219531449,22.64449102253563],[75.95266119523849,22.651966422365184],[75.97445749473029,22.65078002248347],[75.98356559456127,22.641211822748254],[75.99670649426763,22.637791322883448],[76.05170609296638,22.638628823087572],[76.07731359232214,22.647255222986022],[76.08772399211195,22.639677223207787],[76.1034304916367,22.662292322733688],[76.12973749097806,22.67075082263776],[76.13415189080689,22.685361822308884],[76.14161169060972,22.69009072222639],[76.15976149019808,22.686742622377256],[76.18098944336812,22.694408273350042]]]}},{"type":"Feature","properties":{"district":"Jabalpur","state":"MADHYA PRADESH","Aonla_Area":892.81,"Aonla_Production":5083.05,"Aonla_Productivity":5.69,"Banana_Area":194.04,"Banana_Production":8036.4,"Banana_Productivity":41.42,"Mango_Area":1349.8,"Mango_Production":14037.92,"Mango_Productivity":10.4,"Guava_Area":1456.83,"Guava_Production":18295.39,"Guava_Productivity":12.56,"Papaya_Area":424.73,"Papaya_Production":7760.74,"Papaya_Productivity":18.27,"Pomegranate_Area":127.89,"Pomegranate_Production":1278.95,"Pomegranate_Productivity":10.0,"Watermelon_Area":80.85,"Watermelon_Production":1630.03,"Watermelon_Productivity":20.16,"Custard_Apple_Area":401.94,"Custard_Apple_Production":8041.11,"Custard_Apple_Productivity":20.01,"Ber_Area":null,"Ber_Production":null,"Ber_Productivity":null,"Citrus_Area":null,"Citrus_Production":null,"Citrus_Productivity":null,"Sapota_Area":null,"Sapota_Production":null,"Sapota_Productivity":null,"Total_Fruits_Area":7078.48,"Total_Fruits_Production":95214.57,"Total_Fruits_Productivity":13.45,"Brinjal_Area":3174.15,"Brinjal_Production":55476.75,"Brinjal_Productivity":17.48,"Cabbage_Area":1085.4,"Cabbage_Production":27147.67,"Cabbage_Productivity":25.01,"Cauliflower_Area":1932.0,"Cauliflower_Production":39793.95,"Cauliflower_Productivity":20.6,"Onion_Area":1894.0,"Onion_Production":41668.0,"Onion_Productivity":22.0,"Tomato_Area":2850.0,"Tomato_Production":49087.0,"Tomato_Productivity":17.22,"Potato_Area":3922.0,"Potato_Production":93108.3,"Potato_Productivity":23.74,"Green_Chilly_Area":22095.0,"Green_Chilly_Production":220950.0,"Green_Chilly_Productivity":10.0,"Okra_Area":7.77,"Okra_Production":155.53,"Okra_Productivity":20.02,"Total_Vegetables_Area":51802.68,"Total_Vegetables_Production":725533.42,"Total_Vegetables_Productivity":14.01,"Garlic_Area":1207.5,"Garlic_Production":9052.5,"Garlic_Productivity":7.5,"Ginger_Area":577.5,"Ginger_Production":8668.29,"Ginger_Productivity":15.01,"Turmeric_Area":675.05,"Turmeric_Production":11143.06,"Turmeric_Productivity":16.51,"Total_Spices_Area":5861.36,"Total_Spices_Production":36287.92,"Total_Spices_Productivity":6.19,"Marigold_Area":718.77,"Marigold_Production":11139.38,"Marigold_Productivity":15.5,"Rose_Area":127.91,"Rose_Production":1471.47,"Rose_Productivity":11.5,"Total_Flowers_Area":718.77,"Total_Flowers_Production":11139.38,"Total_Flowers_Productivity":15.5,"Grand_Total_Area":65726.92,"Grand_Total_Production":869176.84,"Grand_Total_Productivity":13.22},"geometry":{"type":"Polygon","coordinates":[[[80.48419142595415,23.392158219103308],[80.50394818859158,23.38102591368368],[80.48550518900325,23.370974213921695],[80.47864968914818,23.35297201433495],[80.46750708939555,23.343672314552276],[80.46749088938702,23.32780581491411],[80.45577368965121,23.324472914995738],[80.4518820897353,23.316595715177336],[80.45361698969039,23.306451315408193],[80.4643444894484,23.309777315327207],[80.47010768931179,23.299814115552056],[80.46416568944329,23.293263815704655],[80.46531228940918,23.278932616031895],[80.45915918954583,23.272721516176933],[80.463638389439,23.26414661637118],[80.45080298972458,23.251553916665724],[80.42347949034043,23.237845316992285],[80.43027859018292,23.233113117097876],[80.43577849004583,23.211001117603168],[80.42249579034123,23.19507191797514],[80.41827209042827,23.17610621841332],[80.39130618538617,23.171280855787288],[80.39416737561531,23.167131029175295],[80.38965742295309,23.14445165522088],[80.39282104345675,23.14210798770762],[80.3595226287115,23.139299827004233],[80.35060565638999,23.120867649300024],[80.33692327231434,23.11656648077948],[80.32928552799551,23.096932095839733],[80.30179067472332,23.09842100122816],[80.29557148625018,23.10779177079059],[80.29620081400056,23.12544666156886],[80.28950773148973,23.133322284399128],[80.27628033071716,23.135378186120246],[80.2763313255475,23.145975437092133],[80.24809084719837,23.151519041748127],[80.24172821774305,23.14161462825936],[80.228225145981,23.142784481730157],[80.21776171044525,23.1323305858572],[80.18609527144417,23.12867814391854],[80.1796514037756,23.12211341174388],[80.18164901895116,23.110889159901166],[80.19004439276154,23.104553828933817],[80.18873014029575,23.092011907183682],[80.20274365968274,23.086364558437722],[80.20422246496442,23.06857301039598],[80.18687367227874,23.06723902567757],[80.18213210063081,23.06272866882334],[80.18086494516555,23.05657949745867],[80.1918167920505,23.033308081933363],[80.18645381286146,23.022763740899293],[80.17663631536824,23.02418539372345],[80.1636967768567,23.047648607173045],[80.14826399216759,23.045411301994903],[80.14442359520031,23.049241901820785],[80.14175328484065,23.044833931473576],[80.14185724043344,23.05656820088799],[80.13481919913886,23.059414248935337],[80.1101074497824,23.051604639560697],[80.10877725199839,23.075736885618532],[80.09742197312754,23.079371253967686],[80.08119584116513,23.077226908569187],[80.07964712984125,23.06596210704295],[80.07109982094617,23.06653311731589],[80.05775321559015,23.058886114952614],[80.03659663595465,23.039373205948095],[79.99248288536324,23.028679966901482],[79.99530548548051,23.02115595922488],[79.99033855141323,23.013813774083324],[79.9982327748889,23.01649877322463],[80.00534168122036,23.006530717824816],[79.99121280272323,22.998262905015753],[80.00556857134099,22.97934513579438],[79.99919027967998,22.979453082432574],[79.95135307179662,22.94598575908145],[79.95419967073144,22.936873106055295],[79.97449856268271,22.917397434770134],[79.96941849904147,22.91554043431528],[79.96822897809606,22.908177098503096],[79.96896664673454,22.88952965305991],[79.97557146606023,22.885385377482027],[79.96230296792203,22.870976775279328],[79.96660708725145,22.866328303627522],[79.96437106114232,22.851985361987975],[79.94104455843234,22.860792129728125],[79.92518960195187,22.857140766283543],[79.90671255871989,22.84526199313949],[79.90040738938647,22.86358520262365],[79.88637046430928,22.860363072328802],[79.88283278494053,22.850592834569756],[79.87037093091607,22.85571303285994],[79.86383317545966,22.851771109955635],[79.85451626586861,22.833452589265097],[79.83978192668543,22.83095778268631],[79.81861524468297,22.84840242589405],[79.82058895627351,22.871186049365377],[79.8006357489566,22.8634256959377],[79.78481240040396,22.846598988704365],[79.76530340256613,22.84474019302233],[79.75919127350288,22.860227056145],[79.78131670069914,22.87933102758216],[79.74974294935919,22.89913937529736],[79.74406565739551,22.896852709456876],[79.75133824112633,22.913489286761894],[79.74846376904665,22.920620865190696],[79.68536881511167,22.923917370252273],[79.68691669538643,22.9298720582544],[79.66499406513684,22.923386570426967],[79.6487973389006,22.926433024060703],[79.63950395257672,22.94459347258312],[79.63187451256391,22.94411088369955],[79.62246547097719,22.955552082477755],[79.62270421025507,22.967841849512208],[79.6382439407252,22.97079858845542],[79.64307229861018,22.97897472019944],[79.62739534551281,22.993279128098916],[79.6151205794789,22.99258363527049],[79.61646103435442,23.003194641697995],[79.60563773112314,23.009957177810733],[79.6088556878723,23.019556303357653],[79.5903586119141,23.022519708243593],[79.598882875768,23.034034391300075],[79.5939098618591,23.04337048379951],[79.59972338979068,23.052879878493602],[79.59639950464027,23.05944402161174],[79.60821097075723,23.067739609857878],[79.60844270783312,23.08825547280721],[79.60242137883853,23.083410215286445],[79.60029209956703,23.09186632746282],[79.61360095379145,23.09043655683866],[79.60764598358256,23.098648695986373],[79.61570334781791,23.105349431601987],[79.58172585543768,23.112062092026168],[79.57139843311445,23.134461807224586],[79.51426888413579,23.142802793859733],[79.45815268445854,23.09830264084821],[79.43484750197362,23.108178371675606],[79.40347610266491,23.100195822224947],[79.3817628959116,23.1130206717809],[79.36186324000485,23.106008682098636],[79.34681532898595,23.10734770586604],[79.35792145995843,23.13046546888252],[79.351544534446,23.1386817623809],[79.37356232052058,23.156467568808836],[79.37088144821637,23.167429589762982],[79.42092682419883,23.192484716007655],[79.44544071266681,23.211950917521026],[79.487284701965,23.24968560790305],[79.49298299772646,23.261851173437513],[79.49267578030789,23.262812962332728],[79.48948509601634,23.263005182496183],[79.48827906018793,23.26402178261152],[79.49856746040126,23.26157782184902],[79.51578346876845,23.268338522073268],[79.53143750995764,23.265779604657475],[79.53210156239273,23.25959483960635],[79.56633341864472,23.276216509651924],[79.6149716670971,23.30917624109634],[79.67450134124798,23.33822099965518],[79.67483602782036,23.343367730384564],[79.70285360365497,23.361532654553066],[79.70633454386218,23.368013875669075],[79.70347789888052,23.375108008653136],[79.71247905555803,23.37167671245636],[79.71942888417071,23.38581276425468],[79.71727134464243,23.392197842102888],[79.7224623402492,23.39380645468846],[79.71974096947756,23.398408564912],[79.73317698134386,23.409280284413928],[79.73311727182056,23.419677778191506],[79.72478990441836,23.41880306531534],[79.72435438519024,23.425390240393888],[79.7354707803717,23.426253985869863],[79.73777435512284,23.436586494411163],[79.74132566687409,23.429820872541214],[79.75843206890897,23.431967562917272],[79.76657335271148,23.438266861503156],[79.76765393666935,23.44533308787294],[79.77512547767999,23.43926577778129],[79.78900236884343,23.446456929650715],[79.78555599121512,23.448671701966777],[79.79356712768046,23.455511286531753],[79.78737876605862,23.459851147642322],[79.80213996476867,23.465840652275844],[79.81466722389096,23.490545727138205],[79.81571751492494,23.495277561775954],[79.80997873804245,23.498837378066067],[79.81962323405176,23.50853255243892],[79.81530836600814,23.51267997831642],[79.83642397802282,23.511210293988125],[79.84731825843707,23.504165135859445],[79.87323904749019,23.540424700100722],[79.87664255057811,23.556239562006056],[79.89213398047146,23.565809602839245],[79.89256107573641,23.572920075382008],[79.90101037562923,23.574792452242054],[79.90341285717516,23.58583028691565],[79.9174225424633,23.58664417090704],[79.9663734261318,23.61543975060381],[79.97387760420892,23.606500508235534],[79.97107789068002,23.603604104050685],[79.97496281120883,23.59695593951787],[79.96946145518206,23.596927886903885],[79.96622968512492,23.585124142623116],[79.96046985448797,23.58612979957873],[79.96038829151574,23.581267440530695],[79.95421022736652,23.578670383707678],[79.95978709215262,23.567714819465643],[79.99355926394085,23.583422718243593],[79.997808481058,23.570775196249024],[80.03662050824143,23.57368544995849],[80.04674004309842,23.56795842076471],[80.06643010958328,23.576576363592107],[80.07204963224959,23.57021050934146],[80.08588488961651,23.57751717168833],[80.09103497954416,23.59340471488552],[80.11384656251317,23.589550601078194],[80.11860898781273,23.584690884104198],[80.13989956830262,23.590194828859957],[80.13957781881916,23.57239477958568],[80.15836970394197,23.58201977228552],[80.17323341175143,23.563652961481274],[80.19707127633288,23.58971125738332],[80.2090638299739,23.575589386568527],[80.23615145691713,23.57444005927996],[80.23831044555341,23.568412084481132],[80.23312367815319,23.557260115048596],[80.22015246876997,23.560008732791285],[80.2257596069563,23.552183892952943],[80.23768822416014,23.551388676849857],[80.23350193900598,23.542560160290858],[80.22611552493922,23.539664329533966],[80.22742793310358,23.530812200831672],[80.22016573435874,23.529606908366063],[80.21901182069684,23.52331866682316],[80.21088834419058,23.523422667215208],[80.21208176342546,23.53394792440021],[80.20580756172178,23.53759729564854],[80.19394960383931,23.53554764677707],[80.20016636604439,23.51612363330273],[80.18998380164041,23.50780768833269],[80.2000851866813,23.49407543301962],[80.20012013614607,23.48650761030456],[80.22872806622239,23.49032408678112],[80.22845681923681,23.486385079331246],[80.23734286028724,23.483699718920636],[80.24724450464002,23.48643234930128],[80.26825470207972,23.480447497387395],[80.26662018851071,23.45607153884742],[80.25790369685559,23.457189505275483],[80.25484640183694,23.450306768263005],[80.2600038577581,23.444897496724458],[80.26383769106823,23.447798694890217],[80.26526335110941,23.439768081610787],[80.27327579291455,23.436450640385416],[80.28759403308453,23.433917524948335],[80.2906161489848,23.44423076691357],[80.29648002480627,23.441127611594023],[80.2988442497531,23.4223927261081],[80.31743578486035,23.409867806555535],[80.30260161803115,23.38616388560917],[80.29183285427423,23.384068193335906],[80.2963796913678,23.35355085761037],[80.30137245795223,23.353142435819688],[80.2967404330536,23.33876072887578],[80.30176717171881,23.33763895956845],[80.30550329892975,23.32678708268613],[80.32811373280839,23.314628117252667],[80.32645984719882,23.305458087273934],[80.36714831398763,23.305239559388045],[80.36956278571921,23.31180866042197],[80.36420877058494,23.328851699517788],[80.39082535212394,23.338517281959337],[80.39004892337256,23.348235441429708],[80.39465561817767,23.35134323880105],[80.41011898017136,23.34099543278522],[80.43588941563857,23.34808460092786],[80.44079639563526,23.343594908399773],[80.4584477095866,23.344056008993878],[80.46296282085375,23.347227404232186],[80.46763383310498,23.369962808378688],[80.48210769026231,23.373933726061193],[80.48419142595415,23.392158219103308]]]}},{"type":"Feature","properties":{"district":"Jhabua","state":"MADHYA PRADESH","Aonla_Area":95.0,"Aonla_Production":1805.0,"Aonla_Productivity":19.0,"Banana_Area":null,"Banana_Production":null,"Banana_Productivity":null,"Mango_Area":485.0,"Mango_Production":7760.0,"Mango_Productivity":16.0,"Guava_Area":536.0,"Guava_Production":12864.0,"Guava_Productivity":24.0,"Papaya_Area":126.0,"Papaya_Production":7560.0,"Papaya_Productivity":60.0,"Pomegranate_Area":22.0,"Pomegranate_Production":264.0,"Pomegranate_Productivity":12.0,"Watermelon_Area":1600.0,"Watermelon_Production":72000.0,"Watermelon_Productivity":45.0,"Custard_Apple_Area":225.0,"Custard_Apple_Production":4950.0,"Custard_Apple_Productivity":22.0,"Ber_Area":null,"Ber_Production":null,"Ber_Productivity":null,"Citrus_Area":null,"Citrus_Production":null,"Citrus_Productivity":null,"Sapota_Area":null,"Sapota_Production":null,"Sapota_Productivity":null,"Total_Fruits_Area":3682.0,"Total_Fruits_Production":117652.0,"Total_Fruits_Productivity":31.95,"Brinjal_Area":358.0,"Brinjal_Production":8592.0,"Brinjal_Productivity":24.0,"Cabbage_Area":436.0,"Cabbage_Production":10264.0,"Cabbage_Productivity":23.54,"Cauliflower_Area":225.0,"Cauliflower_Production":5850.0,"Cauliflower_Productivity":26.0,"Onion_Area":790.0,"Onion_Production":27650.0,"Onion_Productivity":35.0,"Tomato_Area":56.0,"Tomato_Production":1400.0,"Tomato_Productivity":25.0,"Potato_Area":2703.0,"Potato_Production":162180.0,"Potato_Productivity":60.0,"Green_Chilly_Area":223.0,"Green_Chilly_Production":2676.0,"Green_Chilly_Productivity":12.0,"Okra_Area":null,"Okra_Production":null,"Okra_Productivity":null,"Total_Vegetables_Area":8942.0,"Total_Vegetables_Production":354132.0,"Total_Vegetables_Productivity":39.6,"Garlic_Area":531.0,"Garlic_Production":7965.0,"Garlic_Productivity":15.0,"Ginger_Area":196.0,"Ginger_Production":2352.0,"Ginger_Productivity":12.0,"Turmeric_Area":125.0,"Turmeric_Production":2500.0,"Turmeric_Productivity":20.0,"Total_Spices_Area":2245.0,"Total_Spices_Production":24361.0,"Total_Spices_Productivity":10.85,"Marigold_Area":255.0,"Marigold_Production":3245.0,"Marigold_Productivity":12.73,"Rose_Area":26.0,"Rose_Production":208.0,"Rose_Productivity":8.0,"Total_Flowers_Area":255.0,"Total_Flowers_Production":3245.0,"Total_Flowers_Productivity":12.73,"Grand_Total_Area":15296.0,"Grand_Total_Production":500212.0,"Grand_Total_Productivity":32.7},"geometry":{"type":"MultiPolygon","coordinates":[[[[74.47024573439407,22.53109231796497],[74.46763093526211,22.52941468308171],[74.46707172421462,22.529478659719306],[74.47024573439407,22.53109231796497]]],[[[74.45172802047746,22.53872814466122],[74.46378476099224,22.52986081060092],[74.45365315223198,22.535925577475034],[74.45172802047746,22.53872814466122]]],[[[74.43755833169018,22.546978917406612],[74.43665328740735,22.54341504361017],[74.4357182080389,22.54843789624563],[74.43755833169018,22.546978917406612]]],[[[74.62919082707458,22.55702931823982],[74.63207827826105,22.554733102970772],[74.62554922974553,22.55605402615304],[74.62919082707458,22.55702931823982]]],[[[74.62153702725575,22.55711291819573],[74.62342820431606,22.556085290490845],[74.62019250250712,22.55613292822163],[74.62153702725575,22.55711291819573]]],[[[74.6004347276638,22.571580217734006],[74.61431887936874,22.556931351833533],[74.60548716999594,22.556285380186925],[74.59764960743102,22.53686432508432],[74.57803894832679,22.54580898356689],[74.57653930576664,22.55155276067116],[74.58662492801562,22.567805517747555],[74.6004347276638,22.571580217734006]]],[[[74.78107780611066,22.57986989868551],[74.77756249661924,22.572864781587192],[74.77229443214,22.569971739941483],[74.76638183489666,22.570870909268198],[74.7596882415764,22.56361486172554],[74.7522199961924,22.559207057180508],[74.74119674292942,22.558913186827],[74.72633020867984,22.571447892007335],[74.72919285921016,22.575982670523405],[74.72707842465702,22.572091718414132],[74.742582724359,22.56094461876368],[74.75230892413364,22.560074418836827],[74.76439422377614,22.57145041863029],[74.77794442343776,22.574208918637108],[74.78107780611066,22.57986989868551]]],[[[74.72806192458287,22.58021031822592],[74.7293628878762,22.57629554370113],[74.72717188302421,22.58045552279599],[74.72806192458287,22.58021031822592]]],[[[74.70104094638475,22.583506751996232],[74.70490232511281,22.583237018028406],[74.70838753311686,22.58468658354625],[74.70602320572506,22.583110818815623],[74.70104094638475,22.583506751996232]]],[[[74.68924492546648,22.5859939178776],[74.69129256059215,22.584519691764775],[74.68885798400565,22.585388737233224],[74.68924492546648,22.5859939178776]]],[[[74.71611122482275,22.58712321799649],[74.71734533380089,22.5851827397493],[74.71347683778815,22.58617800304101],[74.71611122482275,22.58712321799649]]]]}},{"type":"Feature","properties":{"district":"Kabirdham","state":"CHHATTISGARH","Aonla_Area":null,"Aonla_Production":null,"Aonla_Productivity":null,"Banana_Area":null,"Banana_Production":null,"Banana_Productivity":null,"Mango_Area":null,"Mango_Production":null,"Mango_Productivity":null,"Guava_Area":null,"Guava_Production":null,"Guava_Productivity":null,"Papaya_Area":null,"Papaya_Production":null,"Papaya_Productivity":null,"Pomegranate_Area":null,"Pomegranate_Production":null,"Pomegranate_Productivity":null,"Watermelon_Area":null,"Watermelon_Production":null,"Watermelon_Productivity":null,"Custard_Apple_Area":null,"Custard_Apple_Production":null,"Custard_Apple_Productivity":null,"Ber_Area":null,"Ber_Production":null,"Ber_Productivity":null,"Citrus_Area":null,"Citrus_Production":null,"Citrus_Productivity":null,"Sapota_Area":null,"Sapota_Production":null,"Sapota_Productivity":null,"Total_Fruits_Area":null,"Total_Fruits_Production":null,"Total_Fruits_Productivity":null,"Brinjal_Area":null,"Brinjal_Production":null,"Brinjal_Productivity":null,"Cabbage_Area":null,"Cabbage_Production":null,"Cabbage_Productivity":null,"Cauliflower_Area":null,"Cauliflower_Production":null,"Cauliflower_Productivity":null,"Onion_Area":null,"Onion_Production":null,"Onion_Productivity":null,"Tomato_Area":null,"Tomato_Production":null,"Tomato_Productivity":null,"Potato_Area":null,"Potato_Production":null,"Potato_Productivity":null,"Green_Chilly_Area":null,"Green_Chilly_Production":null,"Green_Chilly_Productivity":null,"Okra_Area":null,"Okra_Production":null,"Okra_Productivity":null,"Total_Vegetables_Area":null,"Total_Vegetables_Production":null,"Total_Vegetables_Productivity":null,"Garlic_Area":null,"Garlic_Production":null,"Garlic_Productivity":null,"Ginger_Area":null,"Ginger_Production":null,"Ginger_Productivity":null,"Turmeric_Area":null,"Turmeric_Production":null,"Turmeric_Productivity":null,"Total_Spices_Area":null,"Total_Spices_Production":null,"Total_Spices_Productivity":null,"Marigold_Area":null,"Marigold_Production":null,"Marigold_Productivity":null,"Rose_Area":null,"Rose_Production":null,"Rose_Productivity":null,"Total_Flowers_Area":null,"Total_Flowers_Production":null,"Total_Flowers_Productivity":null,"Grand_Total_Area":null,"Grand_Total_Production":null,"Grand_Total_Productivity":null},"geometry":{"type":"MultiPolygon","coordinates":[[[[81.07260972909422,22.248374801765753],[81.07936367781973,22.23925999012271],[81.0731103742089,22.211080840763987],[81.07898147404687,22.194682041156682],[81.07345627416413,22.182315741463974],[81.07620747409092,22.176805541595233],[81.065640774334,22.167788541826692],[81.06979557421269,22.15101954223128],[81.07981477395491,22.138304342530787],[81.07567987404849,22.133382042655636],[81.08042397391925,22.12184254293243],[81.07025607415909,22.117362343053212],[81.04569507475203,22.117266343082157],[81.05396627453577,22.103932943399506],[81.03979247486812,22.095709743615977],[81.03827517489523,22.087899343808886],[81.04564717471436,22.085801043852427],[81.03475857496636,22.076472344092654],[81.03686567490298,22.06637944433789],[81.03092637503342,22.055390044613773],[81.03520077491179,22.040543044973724],[81.04217757473977,22.038192045024008],[81.05372987443594,22.0190373454823],[81.04735677458056,22.01088344568976],[81.03948947476995,22.009583045730153],[81.0317336749665,22.016461045569176],[81.02798407505226,22.012109045680198],[81.02510967510739,21.999978245981715],[81.03717157479788,21.986395146303423],[81.02876607499425,21.97991414647198],[81.00980727546153,21.985309946358857],[80.99568737578976,21.972567246687305],[80.9997368756811,21.963925046896268],[80.97695827622054,21.951118647235297],[80.97336707629204,21.937178947583025],[80.96522047649135,21.93796764757166],[80.96739927642014,21.92202134796345],[80.98036607610383,21.92184354795494],[80.98916487587984,21.913725248146743],[80.96204427652111,21.89593854861388],[80.95471317668793,21.885175248887602],[80.95062457674975,21.851120149735802],[80.94012597699643,21.841948249973633],[80.93887167700775,21.82443475040974],[80.91643810423909,21.827609967006556],[80.9056909478785,21.82337671997604],[80.89817163879299,21.828625104270035],[80.87766559973865,21.823944113143728],[80.85541753259837,21.834316703770426],[80.84613101629675,21.8354777051129],[80.84471579317787,21.83174438914606],[80.83836977699029,21.83670413476928],[80.83937030038659,21.847843184665887],[80.85094318967305,21.852102518406813],[80.85256469606226,21.85504080437466],[80.84276183049262,21.86533140209283],[80.85330968872414,21.872764358929626],[80.84295199845747,21.87607369835035],[80.84326255671091,21.88239161396381],[80.83276499371793,21.88911293992743],[80.83613525482961,21.906998935716945],[80.83212018895429,21.907967454977914],[80.84765174169507,21.93288414242025],[80.84138676124715,21.941174471588543],[80.84589067550375,21.942077873912545],[80.8430361743183,21.946119344387576],[80.82898235349965,21.948383115325683],[80.82549435989932,21.958420673704385],[80.83605676597617,21.954534920443905],[80.85267300767593,21.95730745132724],[80.87577634319514,22.011043955813033],[80.87579112149889,22.03853437149251],[80.88580331660162,22.049624048894614],[80.88251489362757,22.058560402604467],[80.88900581876939,22.057101452667574],[80.89706751178323,22.064776868965986],[80.90793412818078,22.109573022535134],[80.9230373451106,22.12016701169058],[80.9495928444013,22.117131605005998],[80.97166280102456,22.08304628710524],[80.96940287065942,22.05799122239853],[80.98053692989934,22.054706144124147],[80.98353550124587,22.04859923461606],[80.99483181942362,22.049426687400967],[80.9948783377064,22.05860663403171],[81.0031667112476,22.058491125568814],[81.00860338015978,22.068411036712757],[81.00144960954285,22.083496534055932],[81.01133337425398,22.095568986699632],[80.9904763306559,22.113554028012057],[80.98096119989202,22.110214554767516],[80.97814329948481,22.120105209978515],[80.99487361151562,22.133021453621744],[81.02191293515938,22.132729075489948],[81.02221475772308,22.15773129111318],[81.0267508800298,22.16639012261878],[81.01665775994469,22.185529140390912],[81.02243422717609,22.18947484290028],[81.03066365107,22.18740270679953],[81.03163978096333,22.199653566155565],[81.01946266528502,22.221184575052657],[81.0236373533441,22.229278813151435],[81.0379127313766,22.23388828056789],[81.04896053364241,22.244193353114763],[81.07260972909422,22.248374801765753]]],[[[81.11917767413097,22.30272485185547],[81.13615687281535,22.301792138491013],[81.13228287287819,22.279497539035614],[81.13478817279741,22.264059539407015],[81.12946567292082,22.260930439489098],[81.13409217279744,22.25164603970908],[81.12795037293941,22.24763023981367],[81.11317987329504,22.2485439398085],[81.11898147314105,22.237337140074],[81.10560427344981,22.227906840318504],[81.10231587355106,22.24497153990757],[81.08986215851641,22.247479609495517],[81.1018544389362,22.278304450976353],[81.11843188989762,22.29047482411036],[81.11917767413097,22.30272485185547]]],[[[81.11651437330319,22.315299138186862],[81.1164970063003,22.314861031381923],[81.11574833405714,22.31748478918201],[81.11651437330319,22.315299138186862]]],[[[81.11652327330961,22.320299138065867],[81.11567692029205,22.31788453042643],[81.1148617110463,22.320825303192244],[81.11652327330961,22.320299138065867]]],[[[81.39045373173965,22.455822255643817],[81.39050403111315,22.455025433622154],[81.39023884458021,22.45616496370519],[81.39045373173965,22.455822255643817]]],[[[81.2298132707917,22.451143434776906],[81.226676770859,22.446214434899172],[81.21805157107046,22.450726034801598],[81.20923237127568,22.44778323488329],[81.20696823580987,22.46004150476341],[81.2298132707917,22.451143434776906]]],[[[81.39006108816946,22.463308607550502],[81.38937894453818,22.46200710948953],[81.38999233021191,22.46429738985817],[81.39006108816946,22.463308607550502]]],[[[81.19805579337168,22.488111171575408],[81.2001376870146,22.462786075673122],[81.19231997170822,22.4694816343834],[81.18906197178016,22.465666434478823],[81.18391537185728,22.433604635254923],[81.18933467165988,22.384954136419058],[81.17580217198787,22.388868836341135],[81.15902247238073,22.383836036482492],[81.16401877224983,22.37529193668245],[81.15965647233426,22.36102973703171],[81.13675417287388,22.355958337180997],[81.1347734729108,22.348221537370065],[81.11972621636507,22.338571746642874],[81.10370200344013,22.382672244923473],[81.11092128703524,22.437235834097766],[81.12700829679989,22.449228958481655],[81.15511522424404,22.454914653629096],[81.17220633758237,22.487755161292746],[81.19805579337168,22.488111171575408]]],[[[81.32401446861019,22.486937633795144],[81.31331006885253,22.47961423398511],[81.30890439602635,22.481970010062646],[81.3224814647785,22.488107800644862],[81.31912132020035,22.49476215775646],[81.32401446861019,22.486937633795144]]],[[[81.47843243187297,22.492261153295985],[81.4742006650557,22.49091793348452],[81.47362854062503,22.493436931865933],[81.47843243187297,22.492261153295985]]],[[[81.38623097236749,22.49734041333044],[81.3858352905247,22.49623100419624],[81.38621027844975,22.497986276532618],[81.38623097236749,22.49734041333044]]],[[[81.31976298444049,22.50316203991829],[81.31959735205658,22.498983383978977],[81.31820283642229,22.50185791837579],[81.31976298444049,22.50316203991829]]],[[[81.31990842123828,22.50683097619096],[81.31979479681866,22.50396458846711],[81.31941477474668,22.50545627462825],[81.31990842123828,22.50683097619096]]],[[[81.31757836872738,22.51553314682444],[81.31991899836794,22.50709779774283],[81.31781108555776,22.511686434877863],[81.31757836872738,22.51553314682444]]],[[[81.32302406868764,22.521338432973078],[81.32339206358029,22.519011167026363],[81.32276633158507,22.52217083105261],[81.32302406868764,22.521338432973078]]]]}},{"type":"Feature","properties":{"district":"Katni","state":"MADHYA PRADESH","Aonla_Area":1849.1,"Aonla_Production":40865.11,"Aonla_Productivity":22.1,"Banana_Area":418.2,"Banana_Production":25932.58,"Banana_Productivity":62.01,"Mango_Area":2911.0,"Mango_Production":43082.8,"Mango_Productivity":14.8,"Guava_Area":834.0,"Guava_Production":29031.53,"Guava_Productivity":34.81,"Papaya_Area":244.0,"Papaya_Production":7812.86,"Papaya_Productivity":32.02,"Pomegranate_Area":136.0,"Pomegranate_Production":1452.47,"Pomegranate_Productivity":10.68,"Watermelon_Area":122.8,"Watermelon_Production":2701.11,"Watermelon_Productivity":22.0,"Custard_Apple_Area":null,"Custard_Apple_Production":null,"Custard_Apple_Productivity":null,"Ber_Area":null,"Ber_Production":null,"Ber_Productivity":null,"Citrus_Area":null,"Citrus_Production":null,"Citrus_Productivity":null,"Sapota_Area":null,"Sapota_Production":null,"Sapota_Productivity":null,"Total_Fruits_Area":12415.7,"Total_Fruits_Production":201959.66,"Total_Fruits_Productivity":16.27,"Brinjal_Area":2116.0,"Brinjal_Production":54423.52,"Brinjal_Productivity":25.72,"Cabbage_Area":1028.75,"Cabbage_Production":30574.45,"Cabbage_Productivity":29.72,"Cauliflower_Area":1675.55,"Cauliflower_Production":48088.29,"Cauliflower_Productivity":28.7,"Onion_Area":1640.0,"Onion_Production":42312.0,"Onion_Productivity":25.8,"Tomato_Area":3591.0,"Tomato_Production":80366.58,"Tomato_Productivity":22.38,"Potato_Area":3098.0,"Potato_Production":92940.0,"Potato_Productivity":30.0,"Green_Chilly_Area":1926.0,"Green_Chilly_Production":19548.89,"Green_Chilly_Productivity":10.15,"Okra_Area":2047.55,"Okra_Production":12019.11,"Okra_Productivity":5.87,"Total_Vegetables_Area":27810.1,"Total_Vegetables_Production":523859.01,"Total_Vegetables_Productivity":18.84,"Garlic_Area":795.0,"Garlic_Production":8379.29,"Garlic_Productivity":10.54,"Ginger_Area":981.9,"Ginger_Production":15514.02,"Ginger_Productivity":15.8,"Turmeric_Area":536.5,"Turmeric_Production":12071.25,"Turmeric_Productivity":22.5,"Total_Spices_Area":7985.03,"Total_Spices_Production":57827.72,"Total_Spices_Productivity":7.24,"Marigold_Area":840.0,"Marigold_Production":7306.01,"Marigold_Productivity":8.7,"Rose_Area":110.5,"Rose_Production":718.22,"Rose_Productivity":6.5,"Total_Flowers_Area":840.0,"Total_Flowers_Production":7306.01,"Total_Flowers_Productivity":8.7,"Grand_Total_Area":50582.68,"Grand_Total_Production":808230.2,"Grand_Total_Productivity":15.98},"geometry":{"type":"MultiPolygon","coordinates":[[[[80.49763798873919,23.38890981350761],[80.500012367689,23.387825558945973],[80.49711567547416,23.388920438143998],[80.49763798873919,23.38890981350761]]],[[[80.15157639664102,23.776703304910633],[80.14982709667612,23.756318605363774],[80.15920209646491,23.739851305728426],[80.16628169630704,23.736637905798794],[80.15755109650033,23.732994805881276],[80.16172899640605,23.72569050604329],[80.15951219645396,23.718865806195662],[80.1666608962943,23.715279406274266],[80.17737589605062,23.689667406843622],[80.18436649589488,23.6894884068463],[80.18347949591049,23.670691207266263],[80.18764609581761,23.670610607267268],[80.19698319560558,23.653888507639277],[80.18843489579434,23.645514107828294],[80.19102099573406,23.634521708073937],[80.19894919555657,23.63258900811561],[80.19347949567654,23.62319120832728],[80.20453499542772,23.61617860848219],[80.22319789501229,23.622569408334805],[80.2377984946854,23.62062950837491],[80.23924609464991,23.609778108617842],[80.26570499405902,23.612339808553582],[80.265220994068,23.606325908688554],[80.27910689375666,23.604055408735597],[80.28674609358715,23.608091908642802],[80.3085201930999,23.607306608653793],[80.32764609266981,23.601443108779147],[80.34757209221564,23.5814431092213],[80.3584598919724,23.58294870918355],[80.36635059180203,23.5971992088606],[80.38181279145793,23.601426908759844],[80.38282519143725,23.60557970866623],[80.40930949084445,23.604752908674037],[80.43964239017336,23.618799108345826],[80.4440157900744,23.616546508394354],[80.47708868934686,23.637023407919997],[80.48315098921067,23.635654407947605],[80.48592978914127,23.62314400822648],[80.4918141890078,23.619727908300177],[80.48181278921881,23.598191208788172],[80.4867258891072,23.59536800884909],[80.48419088915435,23.57905200921683],[80.49082028900112,23.571003309394378],[80.48169328919937,23.560239109641046],[80.48510298911948,23.554308509772813],[80.49181278896977,23.555609809740115],[80.49524308888776,23.54713390992917],[80.48169088918445,23.53440771022262],[80.49418968889583,23.52109901051636],[80.48472478909704,23.50150601096322],[80.48976788897555,23.48767321127318],[80.48335758911624,23.481527211415273],[80.49327468888926,23.475354911549804],[80.4873402890125,23.45756231195542],[80.49431278885363,23.454776512014995],[80.49576498881056,23.437593112403505],[80.49281228887375,23.431697612538624],[80.48327938908918,23.431975812537125],[80.47634748924175,23.425123312695884],[80.47837938918798,23.411495213004173],[80.4954721887965,23.402829313192374],[80.48914698893705,23.398682113289865],[80.49331217794135,23.390267376544024],[80.48398569060929,23.39182876901257],[80.48171104255695,23.37338312767926],[80.46886425073465,23.37091800858216],[80.46397236477802,23.365240668930785],[80.46249792352441,23.346676872329848],[80.44451231399383,23.343493966996874],[80.43735130411976,23.34792599078295],[80.42193395292551,23.347186477751634],[80.41011898017136,23.34099543278522],[80.39465561817767,23.35134323880105],[80.39004892337256,23.348235441429708],[80.39082535212394,23.338517281959337],[80.36420877058494,23.328851699517788],[80.36956278571921,23.31180866042197],[80.36714831398763,23.305239559388045],[80.32645984719882,23.305458087273934],[80.32811373280839,23.314628117252667],[80.30550329892975,23.32678708268613],[80.30176717171881,23.33763895956845],[80.2967404330536,23.33876072887578],[80.30137245795223,23.353142435819688],[80.2963796913678,23.35355085761037],[80.29183285427423,23.384068193335906],[80.30260161803115,23.38616388560917],[80.31743578486035,23.409867806555535],[80.2988442497531,23.4223927261081],[80.29648002480627,23.441127611594023],[80.2906161489848,23.44423076691357],[80.28759403308453,23.433917524948335],[80.27327579291455,23.436450640385416],[80.26526335110941,23.439768081610787],[80.26383769106823,23.447798694890217],[80.2600038577581,23.444897496724458],[80.25484640183694,23.450306768263005],[80.25790369685559,23.457189505275483],[80.26662018851071,23.45607153884742],[80.26825470207972,23.480447497387395],[80.24724450464002,23.48643234930128],[80.23734286028724,23.483699718920636],[80.22845681923681,23.486385079331246],[80.22872806622239,23.49032408678112],[80.20012013614607,23.48650761030456],[80.2000851866813,23.49407543301962],[80.18998380164041,23.50780768833269],[80.20016636604439,23.51612363330273],[80.19394960383931,23.53554764677707],[80.20580756172178,23.53759729564854],[80.21208176342546,23.53394792440021],[80.21088834419058,23.523422667215208],[80.21901182069684,23.52331866682316],[80.22016573435874,23.529606908366063],[80.22742793310358,23.530812200831672],[80.22611552493922,23.539664329533966],[80.23350193900598,23.542560160290858],[80.23768822416014,23.551388676849857],[80.2257596069563,23.552183892952943],[80.22015246876997,23.560008732791285],[80.23312367815319,23.557260115048596],[80.23831044555341,23.568412084481132],[80.23461170577336,23.575511518008863],[80.2090638299739,23.575589386568527],[80.19707127633288,23.58971125738332],[80.17323341175143,23.563652961481274],[80.15836970394197,23.58201977228552],[80.13957781881916,23.57239477958568],[80.13989956830262,23.590194828859957],[80.11860898781273,23.584690884104198],[80.11384656251317,23.589550601078194],[80.09103497954416,23.59340471488552],[80.08588488961651,23.57751717168833],[80.07204963224959,23.57021050934146],[80.06643010958328,23.576576363592107],[80.04674004309842,23.56795842076471],[80.03662050824143,23.57368544995849],[79.997808481058,23.570775196249024],[79.99355926394085,23.583422718243593],[79.95978709215262,23.567714819465643],[79.95421022736652,23.578670383707678],[79.96038829151574,23.581267440530695],[79.96046985448797,23.58612979957873],[79.96622968512492,23.585124142623116],[79.96946145518206,23.596927886903885],[79.97496281120883,23.59695593951787],[79.96822571814143,23.615763627227924],[79.92799762356196,23.597083194193893],[79.92744303044803,23.608914424119966],[79.93836103063708,23.622022499141835],[79.95148760151889,23.622233260831365],[79.94346404472482,23.645324602310275],[79.95551799482057,23.658672977474204],[79.95046048637313,23.667894255078192],[79.94034097462482,23.6719349490155],[79.94009757060218,23.67685634526461],[79.95291830104928,23.673070707229186],[79.96380500080619,23.68309350700581],[79.99104620019956,23.672295207247615],[79.99857870003164,23.67909780709567],[79.99844940003453,23.687080306917483],[80.00764609982984,23.6948106067449],[80.01512989966324,23.69474310674634],[80.03096319931143,23.71149200637246],[80.01667249962954,23.726717806033633],[80.02432909945948,23.729810605964566],[80.02429649946049,23.738109805779885],[80.0310306993109,23.73727810579811],[80.03094609931289,23.741433405705678],[80.05016159888686,23.75110620548984],[80.05707809873303,23.74613390560001],[80.06893759847007,23.749188105531324],[80.06952849845801,23.762242705241054],[80.08152799819192,23.762506005234282],[80.09187949796365,23.77395860497902],[80.11423219746708,23.765509705164355],[80.11638799741985,23.770185005060203],[80.12673549719021,23.76852890509564],[80.12787969716578,23.77439320496536],[80.14549199677646,23.78039250482967],[80.15157639664102,23.776703304910633]]]]}},{"type":"Feature","properties":{"district":"Mandla","state":"MADHYA PRADESH","Aonla_Area":170.55,"Aonla_Production":2375.05,"Aonla_Productivity":13.93,"Banana_Area":38.35,"Banana_Production":1677.12,"Banana_Productivity":43.73,"Mango_Area":534.75,"Mango_Production":5391.05,"Mango_Productivity":10.08,"Guava_Area":384.75,"Guava_Production":11300.65,"Guava_Productivity":29.37,"Papaya_Area":39.5,"Papaya_Production":909.29,"Papaya_Productivity":23.02,"Pomegranate_Area":null,"Pomegranate_Production":null,"Pomegranate_Productivity":null,"Watermelon_Area":102.0,"Watermelon_Production":1503.17,"Watermelon_Productivity":14.74,"Custard_Apple_Area":81.15,"Custard_Apple_Production":1006.92,"Custard_Apple_Productivity":12.41,"Ber_Area":null,"Ber_Production":null,"Ber_Productivity":null,"Citrus_Area":null,"Citrus_Production":null,"Citrus_Productivity":null,"Sapota_Area":null,"Sapota_Production":null,"Sapota_Productivity":null,"Total_Fruits_Area":1955.47,"Total_Fruits_Production":34424.31,"Total_Fruits_Productivity":17.6,"Brinjal_Area":737.5,"Brinjal_Production":15761.96,"Brinjal_Productivity":21.37,"Cabbage_Area":355.25,"Cabbage_Production":6814.13,"Cabbage_Productivity":19.18,"Cauliflower_Area":479.0,"Cauliflower_Production":9292.64,"Cauliflower_Productivity":19.4,"Onion_Area":298.75,"Onion_Production":6855.78,"Onion_Productivity":22.95,"Tomato_Area":494.5,"Tomato_Production":9963.88,"Tomato_Productivity":20.15,"Potato_Area":722.0,"Potato_Production":20412.52,"Potato_Productivity":28.27,"Green_Chilly_Area":334.25,"Green_Chilly_Production":2226.37,"Green_Chilly_Productivity":6.66,"Okra_Area":125.5,"Okra_Production":1240.61,"Okra_Productivity":9.89,"Total_Vegetables_Area":7014.15,"Total_Vegetables_Production":108533.56,"Total_Vegetables_Productivity":15.47,"Garlic_Area":91.25,"Garlic_Production":923.26,"Garlic_Productivity":10.12,"Ginger_Area":139.0,"Ginger_Production":1792.92,"Ginger_Productivity":12.9,"Turmeric_Area":98.0,"Turmeric_Production":1369.57,"Turmeric_Productivity":13.98,"Total_Spices_Area":1697.1,"Total_Spices_Production":7371.01,"Total_Spices_Productivity":4.34,"Marigold_Area":64.25,"Marigold_Production":391.83,"Marigold_Productivity":6.1,"Rose_Area":null,"Rose_Production":null,"Rose_Productivity":null,"Total_Flowers_Area":64.25,"Total_Flowers_Production":391.83,"Total_Flowers_Productivity":6.1,"Grand_Total_Area":10782.87,"Grand_Total_Production":151102.63,"Grand_Total_Productivity":14.01},"geometry":{"type":"Polygon","coordinates":[[[80.40750354484368,23.172189801616554],[80.40002419083243,23.148052719067504],[80.4068127906756,23.14560981912104],[80.41265179053354,23.128892719504346],[80.42096159034169,23.126493619556175],[80.41737039041818,23.114691419830283],[80.42427939024648,23.08896592042228],[80.43421449001546,23.0839757205334],[80.4159794904267,23.067787520916248],[80.42174049029242,23.064420120991784],[80.41999739032383,23.046992421396684],[80.42569949018842,23.039087221577702],[80.45250938956504,23.02897982180024],[80.46935998917743,23.030736821751457],[80.47291138909986,23.038402821571808],[80.47893358895988,23.036332521616934],[80.48053188891929,23.02977652176842],[80.5027881884075,23.032279821699046],[80.50090148844562,23.023197421910957],[80.50980678823625,23.016800422054967],[80.5188383880337,23.02618192183225],[80.5283908878128,23.025339121846685],[80.53478558766847,23.03018342173072],[80.55669537450031,23.054774791101316],[80.55975153088086,23.03041314666419],[80.57180399696284,23.021396737621878],[80.56508926719025,22.994475449678376],[80.55529115114051,22.995609224182175],[80.55915278259906,22.987222069979584],[80.56936985865974,22.98570886272682],[80.57639046334423,22.9763741740651],[80.57047732399624,22.959824939481177],[80.56277509619433,22.957198944257012],[80.54555125540216,22.963462568672476],[80.53558706270303,22.94577214104441],[80.51662765697812,22.95226196551165],[80.5093334913426,22.947263273990007],[80.51868599001412,22.938447503375567],[80.53151345464445,22.935723897514357],[80.53967411514587,22.919460924479843],[80.53801267538314,22.90307060396126],[80.52342979567247,22.87188574012387],[80.55234404460539,22.869553610444363],[80.5602906376167,22.880469845087386],[80.56832271670372,22.876034684828397],[80.5680962390362,22.869916667081306],[80.58227614355172,22.865622782286486],[80.58854412066994,22.856684605556797],[80.6306617036418,22.855216612416083],[80.64825764615408,22.84865004398728],[80.65099580350315,22.839476955865386],[80.66201347897943,22.843111972048785],[80.67027315972011,22.83633272143038],[80.68180929135839,22.83919153617468],[80.68388480441594,22.851300113372815],[80.68857307210827,22.844304503766498],[80.6926759234635,22.856339873147267],[80.7088665573411,22.850710838126854],[80.71845738930132,22.862584570683353],[80.7363670597904,22.85645065471779],[80.74275062640514,22.841189710821176],[80.72675668854161,22.832897604492796],[80.73187595521092,22.832609776272832],[80.72997482876941,22.81175594197157],[80.7435763235785,22.815904732811145],[80.77514141108259,22.814723509521276],[80.7850092180875,22.82152909849716],[80.7915812852987,22.818981579979262],[80.82662489879404,22.83299264139372],[80.83050670031363,22.84963628343471],[80.87011808465859,22.848590297026647],[80.86718122624909,22.834385786886635],[80.85774698927969,22.825404685759143],[80.85444723084362,22.80732141477772],[80.87030943658283,22.801742031796667],[80.86761366983727,22.758108118750666],[80.89858188538147,22.760115694385686],[80.92488922232118,22.755011970688336],[80.9426385087606,22.744338627977285],[80.91648864929132,22.714132483797453],[80.91909074141851,22.70897559162786],[80.92912057833887,22.707979137153796],[80.92282769869027,22.679440995973483],[80.94044155407947,22.680039699068846],[80.95455751644772,22.65618877568939],[80.94866628170189,22.647364528757148],[80.95940611694016,22.63784571095858],[80.96314154193526,22.63742382493306],[80.96532897680731,22.65007859689598],[80.97138110673481,22.644011117507617],[80.97584521319644,22.64869964326748],[80.98662525125981,22.649062660595582],[81.01151587671804,22.64083575365264],[81.00611439144106,22.630193677130038],[81.00890582255256,22.62368998103463],[81.00248882061769,22.617902877614313],[80.99022232645741,22.611010831434996],[80.9845063611827,22.614938552994555],[80.98002129448213,22.607130331673986],[80.96746284436536,22.61151330487949],[80.95724595061084,22.60451134019601],[80.9556318868636,22.59698535986757],[80.96694568145703,22.5944056103325],[80.96534761593276,22.589602293101095],[80.9568271201285,22.587173224495878],[80.95271585469584,22.591162231283587],[80.94287496205587,22.5829399962594],[80.93607482046757,22.587742394687748],[80.93442526254812,22.573745891220746],[80.94467467656163,22.565194463652514],[80.94574553085536,22.558163816578247],[80.94923432571444,22.555263521482136],[80.96471126457867,22.560791240784702],[80.97022164203665,22.542952884307244],[80.9848705798375,22.54099298222442],[81.00783231686042,22.548192848832727],[81.00979960418495,22.554292232713454],[81.02480338664263,22.561329285048085],[81.02403957852339,22.569863557881977],[81.01608830915077,22.570447873414736],[81.02115378046314,22.58282108800149],[81.01709048066608,22.59182005749866],[81.02264911524189,22.602018495548915],[81.03293364233778,22.60404491577874],[81.03409179635128,22.616533555007983],[81.0436199880211,22.613392945575658],[81.04522696861086,22.60604604580365],[81.06298906874365,22.607541706678013],[81.06808145631503,22.61425955878006],[81.07546982313588,22.6090925122931],[81.08421326152799,22.61323323142715],[81.09377584428438,22.59730082065376],[81.10763229468887,22.59598269117248],[81.1117433194306,22.599756305523538],[81.11477139021088,22.593813681378585],[81.12316736491243,22.594093476750917],[81.13631965551177,22.580530307609813],[81.13744506984601,22.571139640644436],[81.15801748603653,22.55951193450334],[81.155396920477,22.55408656844149],[81.15990745138826,22.540371225808283],[81.16791052644166,22.540542660412914],[81.16833382356408,22.53388362589314],[81.189390426023,22.511257101536355],[81.19748755484827,22.49282825401452],[81.17220633758237,22.487755161292746],[81.15511522424404,22.454914653629096],[81.12700829679989,22.449228958481655],[81.11005689575713,22.435528983989286],[81.10370200344013,22.382672244923473],[81.11312353010851,22.353273943717642],[81.1212108909028,22.342595554817883],[81.10810057353083,22.335452137709144],[81.11544602129416,22.319463254627795],[81.11871812789713,22.291260507206168],[81.1018544389362,22.278304450976353],[81.09152687264294,22.249002852120086],[81.07936367781973,22.23925999012271],[81.07260972909422,22.248374801765753],[81.04841955469746,22.243845708039842],[81.03088326581266,22.27211749725903],[81.0111253156263,22.285554944258372],[80.98755168289452,22.28655136971805],[80.9808738775352,22.27799025885641],[80.96280843588704,22.280999245957428],[80.95825396091745,22.27516329289719],[80.9380724660895,22.28756709785656],[80.93664656603823,22.277864176128833],[80.91496995684312,22.279036013675384],[80.9130178307084,22.29013974533275],[80.90374713641413,22.297646242879882],[80.91313473564419,22.309456420193676],[80.90965256273537,22.31769774822663],[80.91686750597684,22.329228170526765],[80.92866026730869,22.326709600284545],[80.93149635615505,22.331174265895555],[80.90888220276454,22.34286184282819],[80.90227091431235,22.340894413908885],[80.89902314332436,22.33374464595017],[80.88147206185549,22.33373532352616],[80.88284161453397,22.34732647945957],[80.89372958429966,22.350432058134935],[80.86537086035347,22.364778088039937],[80.86570502078808,22.378897559968884],[80.84458311834447,22.38906351794625],[80.84432727306529,22.38222729762169],[80.81476540473639,22.390102822323023],[80.81126895260194,22.40196768627026],[80.79536205408502,22.400046167101294],[80.80147748505465,22.38720300649173],[80.79403100682683,22.375775716499355],[80.80222618298684,22.36638772918331],[80.79413024417663,22.355055027812163],[80.7950528719242,22.328871040716905],[80.78790834571289,22.31371849445728],[80.77370159491798,22.317250300159458],[80.74908564294901,22.297410773785156],[80.7448095412286,22.284494448844104],[80.7231751436698,22.27744704541805],[80.71880462174352,22.271435159606003],[80.70857037104678,22.275030534021624],[80.70394919251765,22.27049494318254],[80.70346972612455,22.25462365077635],[80.71777167362038,22.235348627258226],[80.72425118098899,22.234911291903163],[80.72855697569592,22.220274264596906],[80.70624795671559,22.202157615363976],[80.69114826225534,22.212595137426394],[80.66418849917261,22.222072661717537],[80.65913932012567,22.219495586706444],[80.64588660163456,22.2274743081884],[80.60785390496147,22.22789252616138],[80.59824550340527,22.23227573218563],[80.57991910529401,22.226510090101748],[80.53220689660792,22.240569004912736],[80.52513863193956,22.249396933703608],[80.52627754115105,22.264632744712518],[80.51563597655061,22.262305047226747],[80.50785347447213,22.275674138394105],[80.48745336687966,22.270071613834098],[80.4831806894097,22.278007987782114],[80.4622913536742,22.280824693327077],[80.46499291480455,22.26436921940496],[80.45106952467621,22.26331525399586],[80.4468209092266,22.246086214417904],[80.41551518179404,22.244178121928762],[80.42110920692765,22.278195743587087],[80.4034088213409,22.2931186048548],[80.39974746687777,22.304461799335623],[80.38492338894649,22.309249678809977],[80.37110315204488,22.300973368630725],[80.33605961691188,22.29894144777655],[80.3340682425551,22.305569519825976],[80.34628271630547,22.32710123820221],[80.32213035209692,22.346316986162446],[80.30085529548532,22.337381943139583],[80.28825849963675,22.32411871760585],[80.28005010722096,22.323444003682035],[80.28075049329547,22.339449138201264],[80.2731926934766,22.34137663815687],[80.28161469328056,22.356594837787085],[80.29132909305034,22.36120753767283],[80.29571219295153,22.377439037280016],[80.28344249325193,22.401069036714446],[80.29082579308137,22.416277436346352],[80.28579449320397,22.42482843614213],[80.29377379301717,22.433503835931234],[80.27657199342896,22.442270935725645],[80.27980209335811,22.460170235295],[80.2696540936017,22.468428935099688],[80.27185919355223,22.477288334886723],[80.28374689327099,22.479464034831114],[80.28658299320766,22.490934934555437],[80.27045429359502,22.506773234180784],[80.27021989360243,22.512693034039252],[80.28113219334462,22.514184434000505],[80.28288019330547,22.520856233840426],[80.27353119353134,22.53517223350087],[80.24169469428307,22.530983133609347],[80.25190999404994,22.55959833292342],[80.26538019373264,22.562224232857236],[80.26226419380774,22.567026232743512],[80.26607029372127,22.577885932483582],[80.26306409379326,22.581130532407016],[80.25372849401136,22.574036732578577],[80.23779719438906,22.57989633244294],[80.23031099457084,22.59872023199629],[80.24071959432966,22.61337763164494],[80.23797299439845,22.62765823130605],[80.22738279464886,22.63195683120637],[80.21377699497754,22.665261630418858],[80.2047099319007,22.665121454586178],[80.21337318737478,22.674637169190678],[80.2192283405342,22.67044369262132],[80.23605551534969,22.67417142057765],[80.24104178510292,22.69046746225001],[80.23365299659302,22.700013201387563],[80.24509266476518,22.721013810700402],[80.27228971509359,22.71752957141247],[80.28942497376084,22.726329972696426],[80.27873873582837,22.764916626470804],[80.27986799484323,22.786431614497335],[80.26816158436016,22.793205871946697],[80.21811511535705,22.80049963716179],[80.20337874316924,22.792032797322495],[80.20554235135953,22.77810715348449],[80.19034923250844,22.77487688285489],[80.17970564362741,22.762924982854575],[80.10044927086965,22.76924030673184],[80.07080265151876,22.75819816090509],[80.06095298839999,22.760122478362025],[80.04171916609691,22.781903488858976],[80.01675869166033,22.79522608676701],[80.00654838663927,22.821875878808353],[79.97902981275543,22.832597802656256],[79.96437106114232,22.851985361987975],[79.96660708725145,22.866328303627522],[79.96230296792203,22.870976775279328],[79.97557146606023,22.885385377482027],[79.96896664673454,22.88952965305991],[79.96822897809606,22.908177098503096],[79.96941849904147,22.91554043431528],[79.97449856268271,22.917397434770134],[79.95419967073144,22.936873106055295],[79.95135307179662,22.94598575908145],[79.99919027967998,22.979453082432574],[80.00556857134099,22.97934513579438],[79.99121280272323,22.998262905015753],[80.00534168122036,23.006530717824816],[79.9982327748889,23.01649877322463],[79.99033855141323,23.013813774083324],[79.99530548548051,23.02115595922488],[79.99248288536324,23.028679966901482],[80.03679177035029,23.039477206876793],[80.05775321559015,23.058886114952614],[80.07109982094617,23.06653311731589],[80.07964712984125,23.06596210704295],[80.08119584116513,23.077226908569187],[80.10867952179255,23.075854265109957],[80.11057117177545,23.051424010997195],[80.13412608419623,23.05956338777453],[80.14185724043344,23.05656820088799],[80.14192899676632,23.04474362159842],[80.14442359520031,23.049241901820785],[80.14826399216759,23.045411301994903],[80.1636967768567,23.047648607173045],[80.17663631536824,23.02418539372345],[80.18645381286146,23.022763740899293],[80.1918167920505,23.033308081933363],[80.18086494516555,23.05657949745867],[80.18213210063081,23.06272866882334],[80.18687367227874,23.06723902567757],[80.20422246496442,23.06857301039598],[80.20274365968274,23.086364558437722],[80.18873014029575,23.092011907183682],[80.19004439276154,23.104553828933817],[80.18164901895116,23.110889159901166],[80.1796514037756,23.12211341174388],[80.18609527144417,23.12867814391854],[80.21776171044525,23.1323305858572],[80.228225145981,23.142784481730157],[80.24172821774305,23.14161462825936],[80.24809084719837,23.151519041748127],[80.2763313255475,23.145975437092133],[80.27628033071716,23.135378186120246],[80.28950773148973,23.133322284399128],[80.29620081400056,23.12544666156886],[80.29557148625018,23.10779177079059],[80.30179067472332,23.09842100122816],[80.32928552799551,23.096932095839733],[80.33692327231434,23.11656648077948],[80.35060565638999,23.120867649300024],[80.3595226287115,23.139299827004233],[80.39282104345675,23.14210798770762],[80.38965742295309,23.14445165522088],[80.39416737561531,23.167131029175295],[80.39130618538617,23.171280855787288],[80.40750354484368,23.172189801616554]]]}},{"type":"Feature","properties":{"district":"Mungeli","state":"CHHATTISGARH","Aonla_Area":null,"Aonla_Production":null,"Aonla_Productivity":null,"Banana_Area":null,"Banana_Production":null,"Banana_Productivity":null,"Mango_Area":null,"Mango_Production":null,"Mango_Productivity":null,"Guava_Area":null,"Guava_Production":null,"Guava_Productivity":null,"Papaya_Area":null,"Papaya_Production":null,"Papaya_Productivity":null,"Pomegranate_Area":null,"Pomegranate_Production":null,"Pomegranate_Productivity":null,"Watermelon_Area":null,"Watermelon_Production":null,"Watermelon_Productivity":null,"Custard_Apple_Area":null,"Custard_Apple_Production":null,"Custard_Apple_Productivity":null,"Ber_Area":null,"Ber_Production":null,"Ber_Productivity":null,"Citrus_Area":null,"Citrus_Production":null,"Citrus_Productivity":null,"Sapota_Area":null,"Sapota_Production":null,"Sapota_Productivity":null,"Total_Fruits_Area":null,"Total_Fruits_Production":null,"Total_Fruits_Productivity":null,"Brinjal_Area":null,"Brinjal_Production":null,"Brinjal_Productivity":null,"Cabbage_Area":null,"Cabbage_Production":null,"Cabbage_Productivity":null,"Cauliflower_Area":null,"Cauliflower_Production":null,"Cauliflower_Productivity":null,"Onion_Area":null,"Onion_Production":null,"Onion_Productivity":null,"Tomato_Area":null,"Tomato_Production":null,"Tomato_Productivity":null,"Potato_Area":null,"Potato_Production":null,"Potato_Productivity":null,"Green_Chilly_Area":null,"Green_Chilly_Production":null,"Green_Chilly_Productivity":null,"Okra_Area":null,"Okra_Production":null,"Okra_Productivity":null,"Total_Vegetables_Area":null,"Total_Vegetables_Production":null,"Total_Vegetables_Productivity":null,"Garlic_Area":null,"Garlic_Production":null,"Garlic_Productivity":null,"Ginger_Area":null,"Ginger_Production":null,"Ginger_Productivity":null,"Turmeric_Area":null,"Turmeric_Production":null,"Turmeric_Productivity":null,"Total_Spices_Area":null,"Total_Spices_Production":null,"Total_Spices_Productivity":null,"Marigold_Area":null,"Marigold_Production":null,"Marigold_Productivity":null,"Rose_Area":null,"Rose_Production":null,"Rose_Productivity":null,"Total_Flowers_Area":null,"Total_Flowers_Production":null,"Total_Flowers_Productivity":null,"Grand_Total_Area":null,"Grand_Total_Production":null,"Grand_Total_Productivity":null},"geometry":{"type":"MultiPolygon","coordinates":[[[[81.47843243187297,22.492261153295985],[81.48055366489581,22.485663033600797],[81.47573107936722,22.48965210949014],[81.47843243187297,22.492261153295985]]],[[[81.55295888769295,22.531046174458652],[81.55324756325369,22.530105132424243],[81.55176818608155,22.530501373703306],[81.55295888769295,22.531046174458652]]],[[[81.52147396401796,22.53692983231118],[81.52184525272865,22.536246520951952],[81.5213379068118,22.536596266014154],[81.52147396401796,22.53692983231118]]],[[[81.65599512179979,22.619263418979113],[81.66024376089652,22.618718730135345],[81.65592678982392,22.61924864169615],[81.65599512179979,22.619263418979113]]],[[[81.66446076081577,22.628156329903756],[81.66201761272073,22.62597337926957],[81.6659494205091,22.629822416469352],[81.66446076081577,22.628156329903756]]],[[[81.68091226045868,22.64329282951595],[81.68056338880105,22.64282796075327],[81.68095832563637,22.643441996627008],[81.68091226045868,22.64329282951595]]],[[[81.70656287503574,22.646441645215347],[81.70271145994333,22.64213092950574],[81.69963748542939,22.64487001494372],[81.70656287503574,22.646441645215347]]],[[[81.72401073796603,22.667978490908254],[81.72403781890561,22.6675242473579],[81.72393886368977,22.66764273539459],[81.72401073796603,22.667978490908254]]]]}},{"type":"Feature","properties":{"district":"Narmada","state":"GUJARAT","Aonla_Area":null,"Aonla_Production":null,"Aonla_Productivity":null,"Banana_Area":9932.0,"Banana_Production":743408.0,"Banana_Productivity":74.85,"Mango_Area":3758.0,"Mango_Production":28148.0,"Mango_Productivity":7.49,"Guava_Area":1120.0,"Guava_Production":17920.0,"Guava_Productivity":16.0,"Papaya_Area":580.0,"Papaya_Production":35861.0,"Papaya_Productivity":61.83,"Pomegranate_Area":4.5,"Pomegranate_Production":35.1,"Pomegranate_Productivity":7.8,"Watermelon_Area":null,"Watermelon_Production":null,"Watermelon_Productivity":null,"Custard_Apple_Area":358.0,"Custard_Apple_Production":6483.38,"Custard_Apple_Productivity":18.11,"Ber_Area":37.0,"Ber_Production":188.0,"Ber_Productivity":5.08,"Citrus_Area":102.0,"Citrus_Production":1026.0,"Citrus_Productivity":10.06,"Sapota_Area":19.0,"Sapota_Production":212.0,"Sapota_Productivity":11.16,"Total_Fruits_Area":14749.0,"Total_Fruits_Production":810647.0,"Total_Fruits_Productivity":54.96,"Brinjal_Area":885.0,"Brinjal_Production":15305.0,"Brinjal_Productivity":17.29,"Cabbage_Area":374.0,"Cabbage_Production":6929.0,"Cabbage_Productivity":18.53,"Cauliflower_Area":293.0,"Cauliflower_Production":5192.0,"Cauliflower_Productivity":17.72,"Onion_Area":null,"Onion_Production":null,"Onion_Productivity":null,"Tomato_Area":548.0,"Tomato_Production":12766.0,"Tomato_Productivity":23.3,"Potato_Area":null,"Potato_Production":null,"Potato_Productivity":null,"Green_Chilly_Area":181.0,"Green_Chilly_Production":2447.0,"Green_Chilly_Productivity":13.52,"Okra_Area":956.0,"Okra_Production":9493.0,"Okra_Productivity":9.93,"Total_Vegetables_Area":7120.0,"Total_Vegetables_Production":99851.0,"Total_Vegetables_Productivity":14.02,"Garlic_Area":null,"Garlic_Production":null,"Garlic_Productivity":null,"Ginger_Area":116.0,"Ginger_Production":2354.0,"Ginger_Productivity":20.29,"Turmeric_Area":146.0,"Turmeric_Production":1952.0,"Turmeric_Productivity":13.37,"Total_Spices_Area":356.0,"Total_Spices_Production":4491.0,"Total_Spices_Productivity":12.62,"Marigold_Area":144.0,"Marigold_Production":1370.0,"Marigold_Productivity":9.51,"Rose_Area":70.0,"Rose_Production":667.0,"Rose_Productivity":9.53,"Total_Flowers_Area":263.0,"Total_Flowers_Production":2565.0,"Total_Flowers_Productivity":9.75,"Grand_Total_Area":22488.0,"Grand_Total_Production":917554.0,"Grand_Total_Productivity":40.8},"geometry":{"type":"Polygon","coordinates":[[[73.94051162077058,21.870908542805594],[73.91399738269988,21.858485712804278],[73.88800140081173,21.85521173550363],[73.8716083765824,21.841507517188123],[73.8423214052309,21.84399722646125],[73.81386337209406,21.83978989607853],[73.79595164022874,21.824727440713634],[73.80430129493985,21.819696240765673],[73.80783602191008,21.80980843402226],[73.8265498530725,21.81056443421741],[73.83294528751019,21.80094789121165],[73.8269601289209,21.7979252835711],[73.82733903004795,21.792479561364672],[73.83813186913984,21.78848588080876],[73.82945391172198,21.785941531790552],[73.82956770418741,21.777547027194306],[73.83469812372728,21.774053178791764],[73.82397397038147,21.763718521480445],[73.82527116588957,21.75895492012906],[73.8676086092753,21.71834480587295],[73.88061296159997,21.715590208627905],[73.8854497992038,21.708396449178903],[73.8946021858386,21.676266516926095],[73.88801501153847,21.653246132197353],[73.86003820075432,21.642327289609415],[73.85166699615402,21.646480848094097],[73.84976993207212,21.63913350401487],[73.83859009690148,21.633080460309106],[73.83038150109205,21.64236732627376],[73.82480364742861,21.639778331430506],[73.81426287198445,21.64417324103845],[73.78051508790263,21.628592107721335],[73.78136659988324,21.618594766366694],[73.79829076791587,21.604568438490897],[73.81192575345834,21.601617536823206],[73.80642695370977,21.58581443718604],[73.79881915389116,21.586950637109176],[73.79357645409772,21.576499837339057],[73.78760365425447,21.57541073732843],[73.78999285412809,21.5846108371119],[73.78309245427077,21.588632236966795],[73.76662275471793,21.583582336988965],[73.75986215484338,21.589474136797534],[73.74977615513693,21.58370323687827],[73.74604075513058,21.597287836512415],[73.73911665528296,21.600022436399207],[73.71925415580435,21.596393136363062],[73.70819295613886,21.588376336493646],[73.71238055617982,21.56862933701794],[73.70009705646882,21.57099503687917],[73.69075265674088,21.565706836952113],[73.68314685703764,21.551225137268098],[73.69049585689758,21.545343937463997],[73.68564765708909,21.53580873767321],[73.6938158569496,21.527054137947122],[73.69264435703955,21.51883323814718],[73.6744328576235,21.501438238469078],[73.66688570703681,21.472400673866993],[73.64947521170572,21.48056642349614],[73.62865777156316,21.47287711287086],[73.60693038633795,21.47250724344333],[73.59725166484321,21.484756282635875],[73.56390567762598,21.474667222308245],[73.55464683116884,21.47463728996183],[73.54809764095906,21.480296890961],[73.5278800848775,21.479427030845272],[73.51073229877568,21.487446535310657],[73.49445422338614,21.485646744106138],[73.48607532312127,21.494466091607748],[73.48801522641563,21.515384457363613],[73.46833755522222,21.508285076996035],[73.4653479842382,21.519924185591965],[73.44177101433576,21.53814291866591],[73.44097114550665,21.554761576574354],[73.45023010352362,21.57536993847376],[73.47348741520038,21.593808417752104],[73.47075784425282,21.609007243768353],[73.4822364420286,21.61088702916032],[73.47838697904838,21.63186549153251],[73.4857561338849,21.638904922976092],[73.47697724879112,21.647364300917012],[73.47427759721683,21.660163286567943],[73.4870261276425,21.67779186526596],[73.49985463629451,21.681231558591534],[73.48758614101277,21.693540626474228],[73.4876761972058,21.70398981178299],[73.47805740089284,21.70401991578157],[73.46911857628345,21.720898600459673],[73.45322053336486,21.71924881055262],[73.4396821458128,21.709429594922486],[73.43156319900898,21.717908987332557],[73.40697617087993,21.709279825567123],[73.4029566393217,21.7180691413719],[73.39547756289682,21.71707928021803],[73.39325790236923,21.72205884960316],[73.40399658131471,21.729888183047443],[73.40971603599593,21.749716654698407],[73.3943179868376,21.760266915850412],[73.39489564193593,21.77660442759672],[73.37417961479562,21.78041252531993],[73.36694130703572,21.799265175234346],[73.35588158559283,21.810341130175715],[73.34759252800163,21.814381500677143],[73.33598755938448,21.81035136037466],[73.33236405141379,21.81602210978878],[73.33683678973757,21.817490770641744],[73.3348239243275,21.831495877014802],[73.32727533039086,21.835230178662435],[73.3063102406873,21.822231521651773],[73.29934843476738,21.8274892635041],[73.30146865187038,21.83329275978292],[73.29673799594582,21.834360859144706],[73.30298809308486,21.84147112270975],[73.30242757592148,21.850127350278704],[73.3085168819601,21.851407707117307],[73.30165750981037,21.861759108754022],[73.30246761252532,21.88655456852297],[73.32776573360415,21.87492685518441],[73.34425265402798,21.87728773111525],[73.34451599875837,21.914482558509764],[73.3510327397592,21.92513128740614],[73.37133940190313,21.9306327750315],[73.3998080800933,21.911584055160112],[73.42124550657171,21.912315249196308],[73.43866312253435,21.926673285497863],[73.44288080950372,21.94162249741229],[73.43987580119818,21.96401179890054],[73.4471134960034,21.974538975081586],[73.45865041379227,21.974998451422767],[73.46180998133534,21.979900623137485],[73.50382563450717,21.962889604565955],[73.5075551787928,21.96970912339261],[73.50472749707049,21.97723625535313],[73.51285459906106,21.98095819497502],[73.51420448164122,21.990177491682402],[73.51111345358913,22.00363803176829],[73.49494696807915,22.017395467406608],[73.5006279862979,22.017253803254388],[73.50237655524278,22.022605901948978],[73.49986767153585,22.03964549262503],[73.51431689986782,22.03794439522964],[73.52161225737095,22.056512270007094],[73.54485876670721,22.047561869169872],[73.56316988849777,22.054550622245355],[73.56330740428221,22.061481886374853],[73.57506710571015,22.05307350616612],[73.58233435627768,22.06490145320622],[73.6034738289646,22.07160188987884],[73.60910214520563,22.082091940986135],[73.61457222298854,22.07907146600967],[73.6147616433084,22.07027985635484],[73.63082158817859,22.079532157486696],[73.63035103889479,22.06688886854993],[73.6484698009387,22.07204827659964],[73.65208632968178,22.06040228889595],[73.6572893535558,22.06201332634792],[73.66054460911876,22.043101727214406],[73.67751561996761,22.05381227916494],[73.6845139790375,22.05122243400209],[73.68358540623818,22.043171719492673],[73.67601493855243,22.043133619030076],[73.66996570701792,22.01480523095541],[73.67809441501706,22.009564760550923],[73.67973266075025,22.00104790484043],[73.68275293596778,22.00969412463899],[73.69011418971388,22.011425182339377],[73.68882595765676,21.987264461052522],[73.6960805372514,21.98829042561842],[73.6932396145067,21.992902860105236],[73.69879188821518,21.993416349589264],[73.7008517739558,22.005907093249903],[73.70881920062861,22.00897365446752],[73.70713079311803,21.9941662631159],[73.70269753607971,21.99265166914254],[73.70459099866032,21.97684765832904],[73.72891809810582,21.981527171585668],[73.74823558980272,21.962538552738238],[73.77073986377559,21.967676405899986],[73.77355199292798,21.961478325727814],[73.78103678208913,21.959920378161556],[73.7787264771405,21.939955885664094],[73.79002827329789,21.93118381056152],[73.79558211929582,21.935173724737673],[73.79921491923041,21.948401409823465],[73.80819262249753,21.940177907034407],[73.80102068923124,21.93815650225948],[73.80050726790243,21.929387025862294],[73.8549749560835,21.95261660593313],[73.85985589269852,21.93474459523755],[73.86815188072215,21.924323224839267],[73.88931041278683,21.92619197910682],[73.9084753238313,21.906826274522068],[73.91080061565427,21.89830937231055],[73.93115794350777,21.889159508087573],[73.94051162077058,21.870908542805594]]]}},{"type":"Feature","properties":{"district":"Narsinghpur","state":"MADHYA PRADESH","Aonla_Area":265.0,"Aonla_Production":3118.25,"Aonla_Productivity":11.77,"Banana_Area":24.0,"Banana_Production":1045.0,"Banana_Productivity":43.54,"Mango_Area":454.75,"Mango_Production":2685.95,"Mango_Productivity":5.91,"Guava_Area":264.0,"Guava_Production":3593.0,"Guava_Productivity":13.61,"Papaya_Area":79.25,"Papaya_Production":981.0,"Papaya_Productivity":12.38,"Pomegranate_Area":235.0,"Pomegranate_Production":2234.0,"Pomegranate_Productivity":9.51,"Watermelon_Area":103.25,"Watermelon_Production":5655.5,"Watermelon_Productivity":54.77,"Custard_Apple_Area":126.75,"Custard_Apple_Production":2666.25,"Custard_Apple_Productivity":21.04,"Ber_Area":null,"Ber_Production":null,"Ber_Productivity":null,"Citrus_Area":null,"Citrus_Production":null,"Citrus_Productivity":null,"Sapota_Area":null,"Sapota_Production":null,"Sapota_Productivity":null,"Total_Fruits_Area":2223.52,"Total_Fruits_Production":30775.41,"Total_Fruits_Productivity":13.84,"Brinjal_Area":1437.0,"Brinjal_Production":22585.0,"Brinjal_Productivity":15.72,"Cabbage_Area":459.0,"Cabbage_Production":7173.0,"Cabbage_Productivity":15.63,"Cauliflower_Area":526.0,"Cauliflower_Production":7627.0,"Cauliflower_Productivity":14.5,"Onion_Area":1817.0,"Onion_Production":35852.5,"Onion_Productivity":19.73,"Tomato_Area":141.9,"Tomato_Production":1792.1,"Tomato_Productivity":12.63,"Potato_Area":1631.0,"Potato_Production":29931.63,"Potato_Productivity":18.35,"Green_Chilly_Area":562.0,"Green_Chilly_Production":6144.41,"Green_Chilly_Productivity":13.87,"Okra_Area":197.0,"Okra_Production":2342.0,"Okra_Productivity":11.89,"Total_Vegetables_Area":16527.1,"Total_Vegetables_Production":257872.03,"Total_Vegetables_Productivity":15.6,"Garlic_Area":795.0,"Garlic_Production":6988.0,"Garlic_Productivity":8.79,"Ginger_Area":540.0,"Ginger_Production":8978.0,"Ginger_Productivity":16.63,"Turmeric_Area":185.0,"Turmeric_Production":3024.0,"Turmeric_Productivity":16.35,"Total_Spices_Area":5335.0,"Total_Spices_Production":37778.03,"Total_Spices_Productivity":7.08,"Marigold_Area":105.05,"Marigold_Production":736.88,"Marigold_Productivity":7.01,"Rose_Area":14.4,"Rose_Production":107.8,"Rose_Productivity":7.49,"Total_Flowers_Area":105.05,"Total_Flowers_Production":736.88,"Total_Flowers_Productivity":7.01,"Grand_Total_Area":24347.5,"Grand_Total_Production":328322.56,"Grand_Total_Productivity":13.48},"geometry":{"type":"Polygon","coordinates":[[[79.14254382799187,23.166292146911456],[79.15811061927292,23.1696457182886],[79.1686778190387,23.1618876184764],[79.17188381897725,23.149898918755483],[79.1686385190618,23.139600318990286],[79.18360941870763,23.150767118745332],[79.19546001844233,23.144227418906016],[79.2117869180635,23.149050918808094],[79.21440001801243,23.139669119026582],[79.22875391768474,23.138098919074295],[79.23793281746013,23.153633118723192],[79.24807361723462,23.145966118907886],[79.25032051719108,23.137116519113757],[79.25748531702894,23.134687819175316],[79.26126121693606,23.14184261901302],[79.26825371677552,23.142059219013394],[79.27087061669722,23.162977918533006],[79.29166971623432,23.147205818911896],[79.30538471590977,23.159426718639985],[79.32240821552394,23.154405618767683],[79.32238101551596,23.16493261852512],[79.32721670644044,23.16670854557786],[79.334866305282,23.159397181331265],[79.33187585570393,23.150732419855565],[79.33589917372227,23.15046702870036],[79.35195172545806,23.155662256554862],[79.35534295416848,23.171279638175744],[79.3620378508606,23.170995909503425],[79.36521725910886,23.165108689189253],[79.37325463897903,23.16445887059807],[79.37356232052058,23.156467568808836],[79.35188612151465,23.139490029641653],[79.35792145995843,23.13046546888252],[79.34681532898595,23.10734770586604],[79.36186324000485,23.106008682098636],[79.3817628959116,23.1130206717809],[79.40347610266491,23.100195822224947],[79.43484750197362,23.108178371675606],[79.45815268445854,23.09830264084821],[79.50691024749837,23.138585089010263],[79.52006347500917,23.1435020727306],[79.56921105312394,23.135345971602685],[79.57434298780902,23.13241297365707],[79.58172585543768,23.112062092026168],[79.61570334781791,23.105349431601987],[79.60764598358256,23.098648695986373],[79.61360095379145,23.09043655683866],[79.60029209956703,23.09186632746282],[79.60242137883853,23.083410215286445],[79.60844270783312,23.08825547280721],[79.60821097075723,23.067739609857878],[79.59639950464027,23.05944402161174],[79.59972338979068,23.052879878493602],[79.5939098618591,23.04337048379951],[79.598882875768,23.034034391300075],[79.5903586119141,23.022519708243593],[79.6088556878723,23.019556303357653],[79.60563773112314,23.009957177810733],[79.61646103435442,23.003194641697995],[79.6151205794789,22.99258363527049],[79.62739534551281,22.993279128098916],[79.64314042994866,22.978315508888087],[79.6382439407252,22.97079858845542],[79.62270421025507,22.967841849512208],[79.62246547097719,22.955552082477755],[79.59623716701348,22.94848360828828],[79.59036512390911,22.938242435935333],[79.60001678019559,22.91375029314191],[79.61331749501679,22.91746763292521],[79.620779921739,22.906880319849503],[79.62535624232333,22.89622040416356],[79.62330477970974,22.871211702811713],[79.61219181134362,22.859941677926273],[79.59746738123721,22.866427973360548],[79.5975371604192,22.858413762490063],[79.58749719852209,22.854154064340676],[79.58772873567123,22.844528069214448],[79.5782116572213,22.83941904830961],[79.57690824656517,22.833391108067715],[79.540872239584,22.81712199172921],[79.54415261104178,22.804607977566743],[79.52782723382106,22.78528794266837],[79.51543072142714,22.777997169002568],[79.5190021492691,22.76221932665291],[79.5084201673702,22.753881611233727],[79.51169493631123,22.74989956035917],[79.52361077862379,22.75160729516849],[79.51645790520672,22.74117513853366],[79.51995330682051,22.734314578489602],[79.5164721771721,22.722943171980585],[79.5098299829981,22.72126348242306],[79.48790580820145,22.730699453064666],[79.47212114658493,22.724397738605397],[79.47105748699177,22.734602504675564],[79.4755725314968,22.738424007437057],[79.46901826164795,22.742040106982305],[79.46026808406893,22.729922055581742],[79.40956203864525,22.720667113509272],[79.41346295105146,22.711861774772007],[79.3941405742666,22.70204944059909],[79.40311335165029,22.69797535774905],[79.40136384045687,22.68496762227975],[79.38838526444357,22.66999247896133],[79.37841625558696,22.66854369877072],[79.37605056341994,22.66271769811526],[79.3809360190936,22.65889929651442],[79.36963017395833,22.654203547383844],[79.36207623361253,22.642734680202008],[79.34874334866076,22.641771296800407],[79.3412395816187,22.63406256964651],[79.33609242151351,22.63810244934035],[79.33539174455592,22.621617415825447],[79.32429987010973,22.616196129477014],[79.296196792782,22.620487828182494],[79.30646325668972,22.64136162091192],[79.30390615677261,22.64779007428327],[79.2857467297578,22.64830038149308],[79.2875362986155,22.672358068929285],[79.29712548277725,22.681844785272485],[79.28935137243798,22.695422357313184],[79.27319595616085,22.695119449661174],[79.26434104899552,22.687157906007435],[79.2659322353127,22.693222814886568],[79.25871219833913,22.691691668346614],[79.26007552914216,22.702425130538565],[79.24391185111814,22.71900124287363],[79.25998201041693,22.732992352309722],[79.26275676677729,22.744661337225555],[79.24435551501936,22.751911078343802],[79.24179119951484,22.76810778380033],[79.24737188588631,22.771748835999464],[79.23805027225465,22.792195536332088],[79.24055298971146,22.803336877942694],[79.22877304495289,22.81687667034079],[79.22658772436654,22.812376586316173],[79.22221629451667,22.815318592240995],[79.22271005738068,22.811205130812557],[79.19241388843066,22.808999248645545],[79.19203723957617,22.797208602570297],[79.18575377599858,22.79835200124115],[79.17834693374586,22.787458408987366],[79.17001913114004,22.78855740055737],[79.16497027351242,22.795166244961028],[79.14865138992144,22.78876618409395],[79.13819791281918,22.79135535267389],[79.12707302161361,22.783543870846078],[79.1229089705309,22.765316984108257],[79.09617526120955,22.757329661489816],[79.08926269542178,22.742469190442023],[79.08341488272633,22.747465931025907],[79.07449298600406,22.74427127478001],[79.0759562043335,22.75003294491522],[79.06846920249895,22.749678333009914],[79.06412517870295,22.758561155142242],[79.05651511827102,22.754889006538765],[79.04280953893549,22.759619330666478],[79.04200316342701,22.753591403431212],[79.01779449258872,22.740626897855567],[79.01717735359931,22.733045576666616],[79.02775817654535,22.727670342793342],[79.01269896773455,22.72738054050982],[79.01307783041969,22.716359425675677],[79.02852644365191,22.707813355834105],[79.00399742563951,22.692594305521048],[79.01700415736967,22.686788115349053],[79.01058448255058,22.68276516211732],[79.01691597942957,22.66884033504644],[79.0101982862574,22.66735925832795],[79.01868651707191,22.656659697858597],[79.01203848581447,22.65993317494049],[79.00284371501998,22.65455336878883],[79.01019158203403,22.652043809382175],[79.00716864062544,22.64868688815823],[79.01169138432451,22.644242741764067],[78.99776660657314,22.640224219670028],[78.99655091107242,22.635168113584278],[78.97752338735327,22.636061914777063],[78.9642624248401,22.626240411201685],[78.94746411928129,22.62833492834457],[78.93095505033226,22.6369159002618],[78.91938109744177,22.652921824230503],[78.92359107788472,22.663982637212833],[78.91852867484178,22.672043149007997],[78.88480263007091,22.67873128642743],[78.85556537746348,22.678337687082166],[78.84988613528463,22.684324029147305],[78.83945947893208,22.681680721815777],[78.83920999083533,22.667999751288665],[78.82803210264805,22.66100750412615],[78.82112790537076,22.663037162175144],[78.82348028558086,22.656161339341317],[78.77542757649121,22.647013700473767],[78.78418477356759,22.630312788444026],[78.78042549025258,22.622404540626047],[78.76603729521206,22.616611403569543],[78.74067478415115,22.619483913732473],[78.74077721663006,22.62671341060709],[78.73324524796654,22.62427680940237],[78.72868079599856,22.627652670208136],[78.73019156903482,22.637913914157057],[78.72366314868668,22.645248893230555],[78.7097554343183,22.653446475193295],[78.69417389513193,22.65018398656648],[78.6797114584872,22.66222702228079],[78.68466796364679,22.671363846965264],[78.68009196710857,22.69832174315044],[78.69638295343563,22.709933484158206],[78.68783516481037,22.714782842061396],[78.6804786706573,22.71324272950256],[78.67771006603938,22.726676573017834],[78.69865588984143,22.76011789819766],[78.69193751737308,22.77212232267175],[78.67639311789236,22.777465008202377],[78.6625661921181,22.76412232335548],[78.65435619888251,22.779886256539385],[78.64801682364876,22.78101155132973],[78.6471325205044,22.763104816976863],[78.64070040402527,22.75662647217965],[78.63426448454082,22.757006232598396],[78.63084228777086,22.76272699223846],[78.6334483289984,22.783442156641918],[78.6416740434484,22.795677331552614],[78.63660511812769,22.80063532632583],[78.62222925026464,22.793393649731538],[78.61620521810349,22.79809360318062],[78.62660257312304,22.817856232340123],[78.62153717983605,22.820271762663594],[78.60885009397593,22.813037931060574],[78.59036249506129,22.81214555833852],[78.59008843547842,22.81773517907352],[78.60651966026995,22.83133725681446],[78.60145250117819,22.83953140822445],[78.60295590332055,22.85122556196533],[78.58651813113079,22.853511676942617],[78.57747314679884,22.862074234426704],[78.5788397466236,22.86957416512717],[78.59021300765826,22.864876816441697],[78.59925386086404,22.87529922930856],[78.5929477080496,22.879745423631693],[78.58508479556278,22.873941849010972],[78.575959827451,22.884314854190556],[78.5884189216069,22.905741921868284],[78.57899305787991,22.92103185541359],[78.58337140223455,22.932853323498563],[78.56901615532618,22.943734578343847],[78.57120532657255,22.955302698736595],[78.53257353042014,22.961005568062944],[78.50640104141026,22.949930994426833],[78.4918364465587,22.966509308768945],[78.47587696509086,22.95883581121877],[78.46484370202862,22.958842511496147],[78.46081708897087,22.97520249213198],[78.47183249322399,22.975480519500373],[78.46612910238373,22.985267872569516],[78.45539528239688,22.984095311760477],[78.4489626207939,22.974133883615075],[78.44315760045714,22.978895277879836],[78.44714732120076,22.98980170250343],[78.47136176662227,23.00597116001769],[78.49561606715952,23.005760342535694],[78.55701151165131,23.01722990852024],[78.59475600991377,23.01137662335215],[78.61095312400865,23.018945839259022],[78.62213750097683,23.030504693964964],[78.64735592618746,23.021879502177885],[78.67036987085746,23.037392421314962],[78.6930873005552,23.035302742241413],[78.7300858626886,23.043486044387066],[78.73852398098225,23.05873608479875],[78.74864316655663,23.060579620578363],[78.74347597431355,23.06949600672306],[78.75158885076637,23.067480716303802],[78.75577468575848,23.073840868726336],[78.75892494539791,23.0705067390375],[78.76133712058561,23.074350663091128],[78.75725861891695,23.078921316454245],[78.76702565980679,23.07575880639753],[78.76902101187945,23.082622777607998],[78.775230321073,23.07996300627917],[78.77900547101585,23.089573061072677],[78.79738427492735,23.089980384064738],[78.80655465063347,23.108613095883168],[78.78810389705131,23.11761133893508],[78.79777902193527,23.133933128365147],[78.797894651578,23.145202297762996],[78.80213682736165,23.1461975992082],[78.79920472986336,23.15976791689038],[78.80645402914196,23.163094095023105],[78.80253657261281,23.18394652116555],[78.8166617860871,23.214048304537382],[78.80933888099953,23.235585643368736],[78.82611711269053,23.252314282812844],[78.8377045185654,23.252689851047947],[78.83607369319671,23.24871005040148],[78.84490353269281,23.245095540178276],[78.84864503714675,23.22506842911702],[78.87019846757539,23.224379765771875],[78.87621193701875,23.21813126562518],[78.89749943410848,23.212472554056983],[78.90729684651468,23.22705372188609],[78.9162648737337,23.223069516311806],[78.93845655177286,23.23378538153172],[78.9473040172238,23.221843674425223],[78.94354104605924,23.209407000750637],[78.95405217540643,23.216752205437235],[78.96261884183059,23.21475660664083],[78.9714485306892,23.211893496459936],[78.97311358639034,23.20446106547658],[78.98030522212251,23.200501395998387],[78.99596446311465,23.216982762904745],[78.99984512187956,23.210615745430385],[79.02189830005788,23.199096260277948],[79.02323631565723,23.192934353862352],[79.02852758085906,23.197145496478623],[79.05166765533507,23.19896392376489],[79.06448101887567,23.19439573448349],[79.07162672183094,23.20578023085338],[79.0830957974151,23.204596272185196],[79.08428467573965,23.198144819703685],[79.0901158402122,23.200232060061875],[79.09171428366103,23.194859814392768],[79.0952434946029,23.203953334229283],[79.10570547929287,23.206681937300257],[79.10826806859544,23.181028822508427],[79.11206202268455,23.187051977112198],[79.11677040475979,23.180031695621295],[79.11604344947958,23.16923211478115],[79.10835758017419,23.167172786932127],[79.1177624667282,23.16600408940521],[79.12562419932273,23.1757382728627],[79.13881399585674,23.174455395423255],[79.14254382799187,23.166292146911456]]]}},{"type":"Feature","properties":{"district":"Panchmahal","state":"GUJARAT","Aonla_Area":null,"Aonla_Production":null,"Aonla_Productivity":null,"Banana_Area":855.0,"Banana_Production":50303.0,"Banana_Productivity":58.83,"Mango_Area":2396.0,"Mango_Production":12044.0,"Mango_Productivity":5.03,"Guava_Area":166.0,"Guava_Production":8053.0,"Guava_Productivity":48.51,"Papaya_Area":166.0,"Papaya_Production":8053.0,"Papaya_Productivity":48.51,"Pomegranate_Area":null,"Pomegranate_Production":null,"Pomegranate_Productivity":null,"Watermelon_Area":null,"Watermelon_Production":null,"Watermelon_Productivity":null,"Custard_Apple_Area":120.0,"Custard_Apple_Production":1585.0,"Custard_Apple_Productivity":13.21,"Ber_Area":166.0,"Ber_Production":8053.0,"Ber_Productivity":48.51,"Citrus_Area":530.0,"Citrus_Production":6166.0,"Citrus_Productivity":11.63,"Sapota_Area":93.0,"Sapota_Production":980.0,"Sapota_Productivity":10.54,"Total_Fruits_Area":null,"Total_Fruits_Production":null,"Total_Fruits_Productivity":null,"Brinjal_Area":2737.0,"Brinjal_Production":52643.0,"Brinjal_Productivity":19.23,"Cabbage_Area":1252.0,"Cabbage_Production":26140.0,"Cabbage_Productivity":20.88,"Cauliflower_Area":1286.0,"Cauliflower_Production":25770.0,"Cauliflower_Productivity":20.04,"Onion_Area":112.0,"Onion_Production":2358.0,"Onion_Productivity":21.05,"Tomato_Area":1230.0,"Tomato_Production":27404.0,"Tomato_Productivity":22.28,"Potato_Area":9.0,"Potato_Production":225.0,"Potato_Productivity":25.0,"Green_Chilly_Area":2318.0,"Green_Chilly_Production":30179.0,"Green_Chilly_Productivity":13.02,"Okra_Area":3087.0,"Okra_Production":33964.0,"Okra_Productivity":11.0,"Total_Vegetables_Area":21311.0,"Total_Vegetables_Production":315665.0,"Total_Vegetables_Productivity":14.81,"Garlic_Area":2.0,"Garlic_Production":16.0,"Garlic_Productivity":8.0,"Ginger_Area":393.0,"Ginger_Production":8732.0,"Ginger_Productivity":22.22,"Turmeric_Area":432.0,"Turmeric_Production":8504.0,"Turmeric_Productivity":19.69,"Total_Spices_Area":1426.0,"Total_Spices_Production":10953.0,"Total_Spices_Productivity":7.68,"Marigold_Area":873.0,"Marigold_Production":8673.0,"Marigold_Productivity":9.94,"Rose_Area":256.0,"Rose_Production":72.0,"Rose_Productivity":0.28,"Total_Flowers_Area":1975.0,"Total_Flowers_Production":17825.0,"Total_Flowers_Productivity":9.03,"Grand_Total_Area":30215.0,"Grand_Total_Production":408967.0,"Grand_Total_Productivity":13.54},"geometry":{"type":"MultiPolygon","coordinates":[[[[73.61235216060264,22.33821035225806],[73.62562205626108,22.3378810621738],[73.62925236322359,22.331279546311148],[73.61832267158228,22.32475950810335],[73.6055053303423,22.325096599764404],[73.6127711843752,22.34481491369405],[73.61235216060264,22.33821035225806]]],[[[73.61785945492078,22.35182135999692],[73.61328106659396,22.347332008692483],[73.61389395276161,22.35026631709036],[73.61785945492078,22.35182135999692]]],[[[73.71161404953911,22.467687914898196],[73.7096042497026,22.45220641525679],[73.72335614942538,22.44528691551154],[73.73552733857557,22.451108232482344],[73.74011870967598,22.44109937084668],[73.72963155311434,22.415094158815222],[73.73924042381789,22.39524287780053],[73.735078677188,22.388545068247762],[73.76953467345518,22.38915403157861],[73.76962697026391,22.382525670944887],[73.7574344916215,22.366185570182108],[73.74951690720302,22.343896635612992],[73.74744739292038,22.34690052882208],[73.72583059995333,22.3374605076507],[73.72955847235342,22.33142113378496],[73.72346141004132,22.316163131494353],[73.73157096440617,22.303993691944676],[73.72728053685572,22.296342953695557],[73.73084063520295,22.28806404831116],[73.7260503994482,22.292812738051268],[73.72331091752528,22.288813867680197],[73.71670338092285,22.290023342785936],[73.71362111250018,22.303191876937024],[73.70870100658387,22.303722832397284],[73.6989210959076,22.299763212003935],[73.6972255651299,22.28652493201939],[73.65352002896411,22.28821410581918],[73.65046966245878,22.296071387598992],[73.63482179465413,22.30234048075625],[73.62890215967158,22.31282997980653],[73.64564953445637,22.31511329674584],[73.65572912536649,22.33678069742826],[73.69405458717085,22.33924749393701],[73.68924295447846,22.346166909438466],[73.7036412726519,22.348720667868697],[73.70515173428522,22.358518136891206],[73.68236716179419,22.374597962494324],[73.65099025160457,22.385618416479414],[73.66466985126047,22.387762116516562],[73.66855025108833,22.398305216287753],[73.68152705076268,22.400258916324717],[73.68373225068378,22.40373811625523],[73.67881645077628,22.407113216142143],[73.68632375058309,22.408895216147823],[73.67952945070493,22.414361415972287],[73.6795173506507,22.421638615797114],[73.68835625037367,22.430393915643794],[73.67791985057033,22.437475615406004],[73.67422325054584,22.452531715020402],[73.6916362500522,22.4628797148847],[73.71161404953911,22.467687914898196]]],[[[73.78470442712627,22.54700158335919],[73.7838672570512,22.54658797905843],[73.78478764494305,22.547115527634844],[73.78470442712627,22.54700158335919]]],[[[73.78937270507035,22.547782413840636],[73.79371600312616,22.54743368420309],[73.79047406318352,22.54749227455948],[73.78937270507035,22.547782413840636]]],[[[73.81670044626352,22.57208001307229],[73.8303125449466,22.56829485210485],[73.81116572946505,22.567533095139176],[73.80898680445958,22.553138667430602],[73.794700257503,22.54748840079459],[73.8087668464924,22.566581713153102],[73.81670044626352,22.57208001307229]]]]}},{"type":"Feature","properties":{"district":"Raisen","state":"MADHYA PRADESH","Aonla_Area":95.0,"Aonla_Production":764.0,"Aonla_Productivity":8.04,"Banana_Area":12.0,"Banana_Production":432.0,"Banana_Productivity":36.0,"Mango_Area":492.0,"Mango_Production":5902.0,"Mango_Productivity":12.0,"Guava_Area":695.0,"Guava_Production":16445.0,"Guava_Productivity":23.66,"Papaya_Area":36.0,"Papaya_Production":882.0,"Papaya_Productivity":24.5,"Pomegranate_Area":45.0,"Pomegranate_Production":540.0,"Pomegranate_Productivity":12.0,"Watermelon_Area":null,"Watermelon_Production":null,"Watermelon_Productivity":null,"Custard_Apple_Area":72.0,"Custard_Apple_Production":645.0,"Custard_Apple_Productivity":8.96,"Ber_Area":null,"Ber_Production":null,"Ber_Productivity":null,"Citrus_Area":null,"Citrus_Production":null,"Citrus_Productivity":null,"Sapota_Area":null,"Sapota_Production":null,"Sapota_Productivity":null,"Total_Fruits_Area":2280.0,"Total_Fruits_Production":37213.0,"Total_Fruits_Productivity":16.32,"Brinjal_Area":2604.0,"Brinjal_Production":55900.0,"Brinjal_Productivity":21.47,"Cabbage_Area":562.0,"Cabbage_Production":10903.0,"Cabbage_Productivity":19.4,"Cauliflower_Area":800.0,"Cauliflower_Production":15805.0,"Cauliflower_Productivity":19.76,"Onion_Area":816.0,"Onion_Production":20074.0,"Onion_Productivity":24.6,"Tomato_Area":727.0,"Tomato_Production":16360.0,"Tomato_Productivity":22.5,"Potato_Area":5882.0,"Potato_Production":153776.0,"Potato_Productivity":26.14,"Green_Chilly_Area":2445.0,"Green_Chilly_Production":19560.0,"Green_Chilly_Productivity":8.0,"Okra_Area":151.0,"Okra_Production":1395.0,"Okra_Productivity":9.24,"Total_Vegetables_Area":17086.0,"Total_Vegetables_Production":322382.0,"Total_Vegetables_Productivity":18.87,"Garlic_Area":612.0,"Garlic_Production":4265.0,"Garlic_Productivity":6.97,"Ginger_Area":350.0,"Ginger_Production":4025.0,"Ginger_Productivity":11.5,"Turmeric_Area":55.0,"Turmeric_Production":935.0,"Turmeric_Productivity":17.0,"Total_Spices_Area":5010.0,"Total_Spices_Production":24230.0,"Total_Spices_Productivity":4.84,"Marigold_Area":169.5,"Marigold_Production":2143.91,"Marigold_Productivity":12.65,"Rose_Area":28.5,"Rose_Production":630.77,"Rose_Productivity":22.13,"Total_Flowers_Area":169.5,"Total_Flowers_Production":2143.91,"Total_Flowers_Productivity":12.65,"Grand_Total_Area":24758.5,"Grand_Total_Production":386205.91,"Grand_Total_Productivity":15.6},"geometry":{"type":"MultiPolygon","coordinates":[[[[77.53948225712202,22.905554221679942],[77.57760975627313,22.89280042207377],[77.57856285628851,22.87982962237994],[77.58555880677906,22.87627103273749],[77.57475978470374,22.87487326373836],[77.56469856416538,22.884540940004282],[77.55090721343919,22.859363873440564],[77.54182732078372,22.85694384498285],[77.53591741619628,22.864936795451214],[77.54093684484327,22.871093493834202],[77.53653290878475,22.877507007637966],[77.52424774889425,22.87927869146041],[77.53674715722732,22.891338022005762],[77.53382795727235,22.89911712181633],[77.53948225712202,22.905554221679942]]],[[[77.35113056108061,23.037406018114336],[77.35759226093788,23.03536021817931],[77.36662466078373,23.018137318603763],[77.38476876041497,23.002026119027157],[77.4066376599316,22.994866419252123],[77.41134545979551,23.003640719060524],[77.42351635955569,22.990169319406164],[77.4342621593166,22.987076719506444],[77.4351392593249,22.977744919726078],[77.4488629590103,22.976750719785215],[77.44796125906537,22.96554432004398],[77.46116565878582,22.95688652028035],[77.45975935887864,22.93702832074008],[77.47753975851647,22.920354221175735],[77.49006825829889,22.89589562178011],[77.49762026757887,22.89216145446646],[77.49191469934198,22.893176545004977],[77.48331455655574,22.900537595644696],[77.47916101353816,22.911498307642024],[77.46349639316271,22.918849269735958],[77.44444113365502,22.914330301317616],[77.44397897393465,22.907096798850283],[77.4360113555526,22.90914674957921],[77.44504831063867,22.920358214866724],[77.43591869727209,22.9304485631823],[77.44124399611007,22.945187808434813],[77.4309113240532,22.951011676417572],[77.43791999419838,22.957329991677597],[77.42834037956729,22.959175642567093],[77.42031363082164,22.968835704995247],[77.40571823821705,22.961285693000516],[77.4047657885797,22.975142380923227],[77.39007131634949,22.99493812786331],[77.35764221931629,23.02234384177707],[77.3509035046281,23.036510736528758],[77.34098605727034,23.03832168624544],[77.3497406610939,23.04330481797362],[77.35113056108061,23.037406018114336]]],[[[78.51168283362148,23.422897711727554],[78.5212356334203,23.414633811929605],[78.53543283309887,23.414914111944697],[78.54667463287034,23.400290212293566],[78.5700360323302,23.40702341217514],[78.57886423213904,23.40206201230076],[78.5895709318759,23.414446112035034],[78.59626613172512,23.414080812053047],[78.60597323157566,23.372340613015528],[78.61672143133288,23.371958913039517],[78.61963773124872,23.38279401279715],[78.6294227537844,23.387371247873705],[78.63125436892858,23.361575753378684],[78.64139823353017,23.35600829729275],[78.64413751662384,23.345387010101668],[78.66440950977648,23.332113625643807],[78.67555736820648,23.344524394460155],[78.69624519494705,23.349455414709958],[78.70014514702545,23.354620717888558],[78.70888532515352,23.353787748170276],[78.7082520097069,23.361352594958976],[78.72521264243728,23.347310711036318],[78.72784709878981,23.339694909137826],[78.73404379835807,23.33900440036779],[78.73493114678321,23.327154806271697],[78.75035966186672,23.318281189226695],[78.7477415267214,23.309333316888477],[78.75802922195793,23.310587070772574],[78.76244907595844,23.306653452453567],[78.76268257046792,23.29922682503351],[78.77302525202002,23.292809305010397],[78.7633499071417,23.28430365693205],[78.76557041126412,23.273246195030733],[78.76040677817167,23.268228881591824],[78.76004804706805,23.247682091429088],[78.76894383618813,23.24357303343822],[78.77505524647452,23.251143532358114],[78.80286686173325,23.242300895817674],[78.81632134422341,23.22186785171131],[78.81648619134816,23.21338458088705],[78.80253657261281,23.18394652116555],[78.80645402914196,23.163094095023105],[78.79920472986336,23.15976791689038],[78.80213682736165,23.1461975992082],[78.797894651578,23.145202297762996],[78.79777902193527,23.133933128365147],[78.78806500505722,23.11737198102539],[78.80655465063347,23.108613095883168],[78.79781351955933,23.090341789413998],[78.77900547101585,23.089573061072677],[78.775230321073,23.07996300627917],[78.76902101187945,23.082622777607998],[78.76702565980679,23.07575880639753],[78.75725861891695,23.078921316454245],[78.76133712058561,23.074350663091128],[78.75892494539791,23.0705067390375],[78.75577468575848,23.073840868726336],[78.75158885076637,23.067480716303802],[78.74347597431355,23.06949600672306],[78.74864316655663,23.060579620578363],[78.73852398098225,23.05873608479875],[78.73100332023824,23.043846644514815],[78.6930873005552,23.035302742241413],[78.67036987085746,23.037392421314962],[78.65037061224963,23.022452486012657],[78.62326440904813,23.03068533223164],[78.59579974745681,23.01153938597241],[78.55701151165131,23.01722990852024],[78.53501740368662,23.011033545137543],[78.51468743110797,23.01214950415281],[78.49699163194124,23.00595339943231],[78.46634681156903,23.004308154682374],[78.43346291907515,22.97743638503849],[78.39314888989738,22.959562429599984],[78.3783390203362,22.938899425389938],[78.35445722729902,22.920466960097865],[78.3207441581856,22.91644077336276],[78.27994807920467,22.867844595126243],[78.25911708553677,22.87589475817612],[78.23772302359176,22.867379679094192],[78.21633146867185,22.893034284410625],[78.19758870052442,22.8922177505844],[78.18925731618069,22.885543645940473],[78.18306746055562,22.87127854001237],[78.16153919790507,22.86415130138519],[78.1280666995977,22.83716008868068],[78.12504643379147,22.79946840723252],[78.1095613679189,22.789683538437732],[78.09591146589985,22.79292803234601],[78.0610302108685,22.81425165438654],[78.0281442422258,22.801913569458524],[78.03210490912906,22.821502283244318],[78.02129308393567,22.833189587758252],[78.03143354049116,22.841941501539697],[78.02609165787163,22.852647966192272],[78.00903381868788,22.854848877349593],[78.00921847516663,22.86120164750796],[78.01857802650854,22.873236176826744],[78.0189559733694,22.882379349226458],[78.03095561738728,22.885375816875833],[78.03459275949236,22.912066193940852],[78.02355780634164,22.91269168171509],[78.02214736408752,22.921653007001233],[78.01346529099492,22.923051387320672],[78.01296261081313,22.929800901719695],[78.00542646662169,22.929971551569974],[78.00156548246605,22.924929814750282],[77.99054084684798,22.925195673758743],[77.9790268026644,22.911311075517375],[77.95942969675278,22.91235662870485],[77.9667907511013,22.92181152971993],[77.96216185964524,22.939503897057968],[77.96746308589972,22.957009983676922],[77.96103963308832,22.968558348759878],[77.92677492324904,22.96390488424485],[77.92050085569252,22.966710648498147],[77.85551824874493,22.94914842139296],[77.82896565126008,22.92694729602913],[77.78923719466638,22.906775972059307],[77.76687164418333,22.91323690644592],[77.70396976628916,22.891548667588268],[77.69004375120903,22.884358037826683],[77.68256004136546,22.86368665234228],[77.68985295242145,22.852035041046335],[77.70528834628038,22.84682657929331],[77.6800952137013,22.852964362588356],[77.65077114355694,22.848222066475763],[77.63895660952736,22.83882323564328],[77.58893929216532,22.87320648603389],[77.60011905581791,22.869064422685465],[77.6077208556292,22.873195222607315],[77.61182345547931,22.892271622170547],[77.60288235565541,22.903379921888643],[77.61185335543198,22.90863992178758],[77.6087661554858,22.914914121633306],[77.61287255537506,22.920307421517244],[77.63770495482774,22.909973921819343],[77.65330475445293,22.914474121751734],[77.6607058542991,22.90801872192039],[77.68385935377101,22.90452082205748],[77.74906195221782,22.918853421874935],[77.75490475205393,22.92941212164165],[77.7528546520904,22.93354192154047],[77.76521445178707,22.939768821423424],[77.76097955185406,22.95144312114131],[77.7398719523429,22.9515343210905],[77.7276461525872,22.965907720726854],[77.73776445234004,22.97065822063963],[77.73751925232764,22.97736292048292],[77.73180405245071,22.980753920390622],[77.7351649523374,22.993871120093075],[77.73244355237385,23.003637119859558],[77.72186455259163,23.01344021960695],[77.7165013526459,23.03893121900229],[77.72128685250571,23.04984391876025],[77.73358755222051,23.050448018774855],[77.73794815209983,23.057885318612513],[77.70339625278368,23.09878551758466],[77.73514105203138,23.10698591746925],[77.7350233520152,23.11395811730782],[77.72428155225265,23.117377417203837],[77.71076485247968,23.147835416469164],[77.72670035211635,23.147040616524702],[77.73878285185724,23.140354216707046],[77.75518415146281,23.14708851658961],[77.75760685138032,23.157097916364386],[77.78003975085308,23.161974116303284],[77.77504745093252,23.17507321599014],[77.77875515083349,23.180381115876454],[77.79503605045416,23.18285681585639],[77.79933865036442,23.17952271594279],[77.80558805019508,23.189487015727618],[77.79993585031451,23.193253015628247],[77.80109235027605,23.197807315526084],[77.8114931500431,23.195902215593293],[77.83026954958021,23.208704115340915],[77.82192854967587,23.245093414487073],[77.85162914898055,23.251893214397004],[77.86801214861934,23.247020914544617],[77.88350364823637,23.258640714312],[77.89805004791697,23.253770414455094],[77.89338974799963,23.263088614231542],[77.90519354766977,23.28724881370396],[77.91913684735538,23.28601731376195],[77.9336212469878,23.301268913444016],[77.96936874617714,23.3001761135441],[77.98552314579923,23.304481613479197],[77.99360504563955,23.294458013724945],[78.0025161454305,23.29708001368323],[78.00666694535222,23.2903149138464],[78.01836494509402,23.28691551394805],[78.02935854481746,23.298023213716274],[78.04706734442112,23.295233013815633],[78.05843124422279,23.269388714429645],[78.09204454345587,23.26980221448643],[78.09333364346345,23.253648214858963],[78.11393134299924,23.25122421495457],[78.12112164282715,23.254826614885914],[78.12813214263878,23.26751911460861],[78.13330024251725,23.26915531458108],[78.14095604235509,23.26368001472105],[78.14983614213631,23.271069014568685],[78.14557484219156,23.28985761413074],[78.15462394196304,23.300006713915884],[78.1512661420063,23.314914113569017],[78.16549484168138,23.31559351358035],[78.17613674146378,23.30452841385297],[78.17903594138207,23.311742613693667],[78.20723744071616,23.323243613483314],[78.21177394063719,23.31201531374794],[78.21713484050828,23.315299813682753],[78.234657240126,23.30775921388683],[78.24280873986149,23.345253913046026],[78.25109803967972,23.342253213129258],[78.25282943963227,23.346133113043972],[78.27066063922872,23.345616913087493],[78.28348373895085,23.3392749132547],[78.29870753859241,23.34556851313783],[78.30871813834041,23.35775991287755],[78.32033323809004,23.35129461304489],[78.34220603758293,23.356788012957082],[78.34540513748604,23.369026512683917],[78.36137963713271,23.364648412810524],[78.37832263674447,23.36676531279067],[78.38854353649934,23.37370601264963],[78.39220123639733,23.38363311242987],[78.39527573633158,23.381629112480503],[78.40399683611918,23.389382112318504],[78.43715723538405,23.38109251256067],[78.45213483500139,23.40446651205328],[78.46254093477216,23.40112871214556],[78.4753697344753,23.40472911208392],[78.49248523406439,23.41786181181235],[78.51168283362148,23.422897711727554]]]]}},{"type":"Feature","properties":{"district":"Rajnandgaon","state":"CHHATTISGARH","Aonla_Area":null,"Aonla_Production":null,"Aonla_Productivity":null,"Banana_Area":null,"Banana_Production":null,"Banana_Productivity":null,"Mango_Area":null,"Mango_Production":null,"Mango_Productivity":null,"Guava_Area":null,"Guava_Production":null,"Guava_Productivity":null,"Papaya_Area":null,"Papaya_Production":null,"Papaya_Productivity":null,"Pomegranate_Area":null,"Pomegranate_Production":null,"Pomegranate_Productivity":null,"Watermelon_Area":null,"Watermelon_Production":null,"Watermelon_Productivity":null,"Custard_Apple_Area":null,"Custard_Apple_Production":null,"Custard_Apple_Productivity":null,"Ber_Area":null,"Ber_Production":null,"Ber_Productivity":null,"Citrus_Area":null,"Citrus_Production":null,"Citrus_Productivity":null,"Sapota_Area":null,"Sapota_Production":null,"Sapota_Productivity":null,"Total_Fruits_Area":null,"Total_Fruits_Production":null,"Total_Fruits_Productivity":null,"Brinjal_Area":null,"Brinjal_Production":null,"Brinjal_Productivity":null,"Cabbage_Area":null,"Cabbage_Production":null,"Cabbage_Productivity":null,"Cauliflower_Area":null,"Cauliflower_Production":null,"Cauliflower_Productivity":null,"Onion_Area":null,"Onion_Production":null,"Onion_Productivity":null,"Tomato_Area":null,"Tomato_Production":null,"Tomato_Productivity":null,"Potato_Area":null,"Potato_Production":null,"Potato_Productivity":null,"Green_Chilly_Area":null,"Green_Chilly_Production":null,"Green_Chilly_Productivity":null,"Okra_Area":null,"Okra_Production":null,"Okra_Productivity":null,"Total_Vegetables_Area":null,"Total_Vegetables_Production":null,"Total_Vegetables_Productivity":null,"Garlic_Area":null,"Garlic_Production":null,"Garlic_Productivity":null,"Ginger_Area":null,"Ginger_Production":null,"Ginger_Productivity":null,"Turmeric_Area":null,"Turmeric_Production":null,"Turmeric_Productivity":null,"Total_Spices_Area":null,"Total_Spices_Production":null,"Total_Spices_Productivity":null,"Marigold_Area":null,"Marigold_Production":null,"Marigold_Productivity":null,"Rose_Area":null,"Rose_Production":null,"Rose_Productivity":null,"Total_Flowers_Area":null,"Total_Flowers_Production":null,"Total_Flowers_Productivity":null,"Grand_Total_Area":null,"Grand_Total_Production":null,"Grand_Total_Productivity":null},"geometry":{"type":"Polygon","coordinates":[[[80.93098752666033,21.823055226409494],[80.91987727747076,21.822392950478605],[80.91366477761014,21.81043195078173],[80.9057717778051,21.81188525075305],[80.90581217781039,21.81775885060701],[80.8955420780688,21.824226050455696],[80.8850126783145,21.812521850756184],[80.88744297822706,21.785771151419596],[80.90292197784007,21.77899845157411],[80.9068764777295,21.766322151886264],[80.90067707787351,21.758552052085708],[80.88665177822078,21.761133252034202],[80.88356287830184,21.766096451913256],[80.88152347834593,21.76026375206052],[80.86402077877001,21.75452625221922],[80.8757096784656,21.73778285262658],[80.87814777838746,21.72017675306413],[80.87257527852195,21.717508453135824],[80.85745217889882,21.722070153035258],[80.84568737917351,21.70710725341952],[80.85095437903719,21.70050155358008],[80.84203707925326,21.696886153678257],[80.82868337959293,21.707766953417487],[80.83232437950753,21.712105853305946],[80.82649427966237,21.72383465301779],[80.81758327987748,21.71946685313446],[80.80467558019603,21.7203008531243],[80.79864758034901,21.7253130530041],[80.79894378034882,21.73278805281713],[80.79310728049494,21.73561075275141],[80.79534768044577,21.741964952591037],[80.81973914269237,21.748023244660203],[80.81712226424582,21.76213322083354],[80.8282096966496,21.776212120058112],[80.82617840296676,21.782980056716607],[80.83205055288484,21.794196784049035],[80.84014839152881,21.80203795811867],[80.83750969509016,21.809454186454253],[80.84606839600394,21.835434535429638],[80.86810283731268,21.831021588572266],[80.87735608796186,21.823975735227783],[80.89841345199426,21.82862513650522],[80.9056909478785,21.82337671997604],[80.91653963970556,21.827609993689894],[80.93098752666033,21.823055226409494]]]}},{"type":"Feature","properties":{"district":"Sagar","state":"MADHYA PRADESH","Aonla_Area":846.6,"Aonla_Production":19452.0,"Aonla_Productivity":22.98,"Banana_Area":null,"Banana_Production":null,"Banana_Productivity":null,"Mango_Area":483.0,"Mango_Production":9177.0,"Mango_Productivity":19.0,"Guava_Area":816.0,"Guava_Production":15049.0,"Guava_Productivity":18.44,"Papaya_Area":null,"Papaya_Production":null,"Papaya_Productivity":null,"Pomegranate_Area":121.0,"Pomegranate_Production":1217.26,"Pomegranate_Productivity":10.06,"Watermelon_Area":435.0,"Watermelon_Production":4893.75,"Watermelon_Productivity":11.25,"Custard_Apple_Area":null,"Custard_Apple_Production":null,"Custard_Apple_Productivity":null,"Ber_Area":null,"Ber_Production":null,"Ber_Productivity":null,"Citrus_Area":null,"Citrus_Production":null,"Citrus_Productivity":null,"Sapota_Area":null,"Sapota_Production":null,"Sapota_Productivity":null,"Total_Fruits_Area":3389.35,"Total_Fruits_Production":60044.0,"Total_Fruits_Productivity":17.72,"Brinjal_Area":5281.0,"Brinjal_Production":156129.0,"Brinjal_Productivity":29.56,"Cabbage_Area":1088.0,"Cabbage_Production":26971.0,"Cabbage_Productivity":24.79,"Cauliflower_Area":1854.0,"Cauliflower_Production":35226.0,"Cauliflower_Productivity":19.0,"Onion_Area":13623.0,"Onion_Production":354276.0,"Onion_Productivity":26.01,"Tomato_Area":6042.0,"Tomato_Production":70993.5,"Tomato_Productivity":11.75,"Potato_Area":3965.0,"Potato_Production":63440.0,"Potato_Productivity":16.0,"Green_Chilly_Area":4214.0,"Green_Chilly_Production":65011.0,"Green_Chilly_Productivity":15.43,"Okra_Area":2206.0,"Okra_Production":29435.0,"Okra_Productivity":13.34,"Total_Vegetables_Area":54337.0,"Total_Vegetables_Production":1351966.0,"Total_Vegetables_Productivity":24.88,"Garlic_Area":7071.0,"Garlic_Production":84508.0,"Garlic_Productivity":11.95,"Ginger_Area":1599.0,"Ginger_Production":31800.0,"Ginger_Productivity":19.89,"Turmeric_Area":1113.0,"Turmeric_Production":22275.0,"Turmeric_Productivity":20.01,"Total_Spices_Area":34465.0,"Total_Spices_Production":204341.97,"Total_Spices_Productivity":5.93,"Marigold_Area":4480.0,"Marigold_Production":41248.27,"Marigold_Productivity":9.21,"Rose_Area":270.0,"Rose_Production":1624.0,"Rose_Productivity":6.01,"Total_Flowers_Area":4480.0,"Total_Flowers_Production":41248.27,"Total_Flowers_Productivity":9.21,"Grand_Total_Area":136455.75,"Grand_Total_Production":1670746.25,"Grand_Total_Productivity":12.24},"geometry":{"type":"Polygon","coordinates":[[[79.14914963931858,23.168238449711207],[79.14254382799187,23.166292146911456],[79.13881399585674,23.174455395423255],[79.12562419932273,23.1757382728627],[79.1177624667282,23.16600408940521],[79.10835758017419,23.167172786932127],[79.11604344947958,23.16923211478115],[79.11677040475979,23.180031695621295],[79.11206202268455,23.187051977112198],[79.10826806859544,23.181028822508427],[79.10570547929287,23.206681937300257],[79.0952434946029,23.203953334229283],[79.09171428366103,23.194859814392768],[79.0901158402122,23.200232060061875],[79.08428467573965,23.198144819703685],[79.0830957974151,23.204596272185196],[79.07162672183094,23.20578023085338],[79.06448101887567,23.19439573448349],[79.05166765533507,23.19896392376489],[79.02852758085906,23.197145496478623],[79.02378342526903,23.192848997242358],[79.02189830005788,23.199096260277948],[78.99984512187956,23.210615745430385],[78.99596446311465,23.216982762904745],[78.98030522212251,23.200501395998387],[78.97311358639034,23.20446106547658],[78.9714485306892,23.211893496459936],[78.96261884183059,23.21475660664083],[78.95405217540643,23.216752205437235],[78.94354104605924,23.209407000750637],[78.9473040172238,23.221843674425223],[78.93845655177286,23.23378538153172],[78.9162648737337,23.223069516311806],[78.90729684651468,23.22705372188609],[78.89749943410848,23.212472554056983],[78.87621193701875,23.21813126562518],[78.87019846757539,23.224379765771875],[78.84864503714675,23.22506842911702],[78.84637959888282,23.242472729986055],[78.83607369319671,23.24871005040148],[78.8377045185654,23.252689851047947],[78.8221002753859,23.25054910659439],[78.80933888099953,23.235585643368736],[78.80286686173325,23.242300895817674],[78.77526542235893,23.251111977490382],[78.76810091470787,23.243685293307756],[78.76004804706805,23.247682091429088],[78.75959378097471,23.26178111162104],[78.76557041126412,23.273246195030733],[78.7633499071417,23.28430365693205],[78.77151398166768,23.287756220181166],[78.7729465339067,23.29355640384888],[78.7629149753512,23.29893127405022],[78.75848401804481,23.31034140362421],[78.7477415267214,23.309333316888477],[78.75035966186672,23.318281189226695],[78.73493114678321,23.327154806271697],[78.73382396974745,23.339264192792],[78.72784709878981,23.339694909137826],[78.72521264243728,23.347310711036318],[78.7082520097069,23.361352594958976],[78.70888532515352,23.353787748170276],[78.70014514702545,23.354620717888558],[78.69624519494705,23.349455414709958],[78.67555736820648,23.344524394460155],[78.66440950977648,23.332113625643807],[78.64413751662384,23.345387010101668],[78.64139823353017,23.35600829729275],[78.63125436892858,23.361575753378684],[78.62856796832564,23.38549267792791],[78.64039493076612,23.390496812651147],[78.65666323042116,23.376114813000726],[78.7194904289968,23.37695891306606],[78.72576362886294,23.371588113196463],[78.72588762887301,23.363229013386878],[78.73459942866732,23.368607313275824],[78.74877552836406,23.3566662135659],[78.76037992810313,23.355242913613186],[78.76935942788977,23.361803113475162],[78.77869732767832,23.361664713490004],[78.78228502758454,23.370179813300656],[78.79410382731399,23.372116813271273],[78.80411282709774,23.364767213450857],[78.8043010271046,23.357027913627363],[78.81876612676548,23.364914113465414],[78.8239724266633,23.3537072137269],[78.83248032647776,23.348504713855625],[78.83933332631831,23.351324013799566],[78.85027982608214,23.342591014011568],[78.85370102599634,23.348525013880284],[78.87055812561755,23.345953213958552],[78.88254582533962,23.35036661387182],[78.88346052532417,23.346437313962433],[78.90869452475326,23.34529981401687],[78.91333972465554,23.339419114156108],[78.92616072436219,23.34132071412698],[78.93843332410171,23.327174114463066],[78.94730082389647,23.330281614401752],[78.95450262374843,23.317972514690428],[78.9684961234294,23.31889191468435],[78.97013332341199,23.302913415051],[78.97819752324008,23.29358991527258],[78.97998522323203,23.266966515883645],[79.00519552266064,23.264545315965076],[79.01091232254295,23.25396301621336],[79.02008972233358,23.25412431621891],[79.03071762210052,23.246254016409893],[79.03592782199793,23.23222681673682],[79.02929652215109,23.23060981676733],[79.0190340224045,23.214339317130698],[79.06471382138065,23.196921317575853],[79.07343042116796,23.20895891730746],[79.08513682089625,23.21279981723027],[79.1000470205602,23.208633117339833],[79.10487492044233,23.21565811718284],[79.10254702048934,23.221387717049215],[79.10975652032324,23.222799817023372],[79.11821602013576,23.217409517154795],[79.11583202019929,23.20884371734948],[79.12402692001332,23.207668117383808],[79.12780441993324,23.201733717523627],[79.12990051990072,23.186954717865436],[79.13612041975792,23.187454517859436],[79.13187351986655,23.176401418110064],[79.14134061964977,23.176571918114465],[79.14914963931858,23.168238449711207]]]}},{"type":"Feature","properties":{"district":"Sehore","state":"MADHYA PRADESH","Aonla_Area":395.0,"Aonla_Production":8690.0,"Aonla_Productivity":22.0,"Banana_Area":null,"Banana_Production":null,"Banana_Productivity":null,"Mango_Area":1235.0,"Mango_Production":18278.0,"Mango_Productivity":14.8,"Guava_Area":1935.0,"Guava_Production":61920.0,"Guava_Productivity":32.0,"Papaya_Area":455.0,"Papaya_Production":14600.44,"Papaya_Productivity":32.09,"Pomegranate_Area":40.0,"Pomegranate_Production":424.0,"Pomegranate_Productivity":10.6,"Watermelon_Area":107.0,"Watermelon_Production":1551.5,"Watermelon_Productivity":14.5,"Custard_Apple_Area":430.0,"Custard_Apple_Production":5802.0,"Custard_Apple_Productivity":13.49,"Ber_Area":null,"Ber_Production":null,"Ber_Productivity":null,"Citrus_Area":null,"Citrus_Production":null,"Citrus_Productivity":null,"Sapota_Area":null,"Sapota_Production":null,"Sapota_Productivity":null,"Total_Fruits_Area":7494.8,"Total_Fruits_Production":165552.74,"Total_Fruits_Productivity":22.09,"Brinjal_Area":950.0,"Brinjal_Production":23750.0,"Brinjal_Productivity":25.0,"Cabbage_Area":400.0,"Cabbage_Production":12000.0,"Cabbage_Productivity":30.0,"Cauliflower_Area":410.0,"Cauliflower_Production":7037.0,"Cauliflower_Productivity":17.16,"Onion_Area":6033.0,"Onion_Production":145282.0,"Onion_Productivity":24.08,"Tomato_Area":352.0,"Tomato_Production":9137.18,"Tomato_Productivity":25.96,"Potato_Area":7550.0,"Potato_Production":154340.0,"Potato_Productivity":20.44,"Green_Chilly_Area":1965.0,"Green_Chilly_Production":19762.44,"Green_Chilly_Productivity":10.06,"Okra_Area":200.0,"Okra_Production":1800.0,"Okra_Productivity":9.0,"Total_Vegetables_Area":20837.5,"Total_Vegetables_Production":390149.32,"Total_Vegetables_Productivity":18.72,"Garlic_Area":4900.0,"Garlic_Production":48962.0,"Garlic_Productivity":9.99,"Ginger_Area":93.0,"Ginger_Production":1315.0,"Ginger_Productivity":14.14,"Turmeric_Area":35.0,"Turmeric_Production":700.0,"Turmeric_Productivity":20.0,"Total_Spices_Area":12376.0,"Total_Spices_Production":74956.0,"Total_Spices_Productivity":6.06,"Marigold_Area":986.0,"Marigold_Production":10418.0,"Marigold_Productivity":10.57,"Rose_Area":95.0,"Rose_Production":548.0,"Rose_Productivity":5.77,"Total_Flowers_Area":986.0,"Total_Flowers_Production":10418.0,"Total_Flowers_Productivity":10.57,"Grand_Total_Area":73327.0,"Grand_Total_Production":1157521.89,"Grand_Total_Productivity":15.79},"geometry":{"type":"MultiPolygon","coordinates":[[[[76.7774539260554,22.82821886280469],[76.77597956511651,22.827192614076736],[76.7765090751522,22.827785221281438],[76.7774539260554,22.82821886280469]]],[[[76.79689705967948,22.832679400805834],[76.77946139971104,22.828895397139107],[76.78510794701143,22.827173872937433],[76.78237295184462,22.823528745912057],[76.77752934399624,22.82825347566899],[76.79805313934422,22.83642636712568],[76.79689705967948,22.832679400805834]]],[[[76.6958258769763,22.842807420658662],[76.70171907686095,22.83718712081054],[76.69903147694716,22.83122192094165],[76.70543647684038,22.82035422121867],[76.72135487644395,22.826676321123674],[76.73585807613028,22.82025682132314],[76.73824977607393,22.820399321327862],[76.74249257596206,22.82368752126464],[76.74774447583248,22.82549102123983],[76.75537997565499,22.825284321270118],[76.76409657548668,22.816187521512898],[76.76668607540017,22.822923921363095],[76.77558788752361,22.826754230754233],[76.76604018694765,22.81896277192931],[76.77089946698729,22.814568345805515],[76.77741990025336,22.81606234571489],[76.77010135645841,22.81371890468101],[76.76546287827345,22.816081694232714],[76.76292720911881,22.813845053957717],[76.75342543038637,22.824475549904292],[76.74257465011726,22.823361627576933],[76.73708629986281,22.81866996440861],[76.74383260482253,22.819351311390918],[76.74107271012471,22.815601367481122],[76.7204684779756,22.812391299049153],[76.71542380176969,22.81381655279336],[76.73149266769835,22.815711911402612],[76.72054141463012,22.81904200853339],[76.73276246827231,22.820162939663334],[76.71897619478972,22.8236076003861],[76.70342659219382,22.81967444277226],[76.69663536558807,22.81648556804133],[76.69797251609228,22.812335588157314],[76.70396382721493,22.81382264344783],[76.69911075631501,22.809838250749422],[76.708865010526,22.808528496886677],[76.71054512599855,22.79281963258682],[76.69101657025296,22.789885182251354],[76.68695718651334,22.79391874203546],[76.68383041600386,22.781697623058136],[76.66520735501926,22.787347344005298],[76.66154385510612,22.78113553085671],[76.66115065423934,22.785790644589337],[76.6532041891515,22.78751253190317],[76.65461842915309,22.797174499542642],[76.64617060216285,22.804797303047383],[76.6463595981006,22.798589109626775],[76.62771787012232,22.796847728731336],[76.63223183810008,22.79281555974703],[76.62285291570548,22.794856595646834],[76.6233399580759,22.78917661031536],[76.61645452973121,22.788964223766214],[76.621660137696,22.78270650897054],[76.63284501689127,22.786607300908628],[76.62810215838118,22.782891603786908],[76.5933757901325,22.777470497182463],[76.57331733156474,22.758696137443778],[76.57045921054909,22.759458244958886],[76.56786259603611,22.76366985979567],[76.57347753088573,22.759725569119997],[76.57579070885909,22.771610011702705],[76.5624561037466,22.7797415866367],[76.55550246171431,22.771060765361565],[76.55486387571933,22.772419516863067],[76.56651966133414,22.784831625241004],[76.55793349908537,22.788038486474203],[76.5522331879228,22.784645166268533],[76.55307525569879,22.79445680322496],[76.54903156266214,22.797850343637695],[76.53359223484088,22.793729003566035],[76.53092390152527,22.800450426466565],[76.52575331065887,22.798785716387908],[76.5287661810371,22.80324752100862],[76.53641388088406,22.79702082118239],[76.54991648055838,22.799428921173526],[76.55439398046795,22.795958821270972],[76.55425578049793,22.78945902142357],[76.56744128020343,22.786050421550275],[76.56839508021541,22.777656921751397],[76.58252027991038,22.771366021949262],[76.5948000795885,22.779851721792216],[76.61018017922306,22.781198721813983],[76.61499257906685,22.792020821575765],[76.62623487877602,22.798964021451255],[76.63853307848228,22.80049872145759],[76.64172237832847,22.820290821002967],[76.65110137807595,22.828692820837716],[76.68125067731887,22.842147420624734],[76.6958258769763,22.842807420658662]]],[[[77.24446726328007,23.11685871597885],[77.27112909962007,23.120042484895613],[77.27617707413559,23.10405246031776],[77.27121095269489,23.094030742108654],[77.29593124087796,23.10109253183371],[77.32143286548987,23.100719495563094],[77.32099946166991,23.070479517265042],[77.33341456147518,23.04186491796258],[77.3509035046281,23.036510736528758],[77.35764221931629,23.02234384177707],[77.39007131634949,22.99493812786331],[77.4047657885797,22.975142380923227],[77.4062593500177,22.960825058733224],[77.42031363082164,22.968835704995247],[77.42834037956729,22.959175642567093],[77.43791999419838,22.957329991677597],[77.4309113240532,22.951011676417572],[77.44124399611007,22.945187808434813],[77.43591869727209,22.9304485631823],[77.44504831063867,22.920358214866724],[77.4360113555526,22.90914674957921],[77.44397897393465,22.907096798850283],[77.44444113365502,22.914330301317616],[77.45380691045015,22.91930597319677],[77.47271051628297,22.91499711079051],[77.49191469934198,22.893176545004977],[77.52786059064395,22.886040153570363],[77.52424774889425,22.87927869146041],[77.53653290878475,22.877507007637966],[77.54093684484327,22.871093493834202],[77.53591741619628,22.864936795451214],[77.54182732078372,22.85694384498285],[77.55090721343919,22.859363873440564],[77.56469856416538,22.884540940004282],[77.57475978470374,22.87487326373836],[77.58653975611297,22.87632932248172],[77.63895660952736,22.83882323564328],[77.65077114355694,22.848222066475763],[77.6800952137013,22.852964362588356],[77.70528834628038,22.84682657929331],[77.68985295242145,22.852035041046335],[77.68256004136546,22.86368665234228],[77.69004375120903,22.884358037826683],[77.70396976628916,22.891548667588268],[77.76687164418333,22.91323690644592],[77.78923719466638,22.906775972059307],[77.82896565126008,22.92694729602913],[77.85551824874493,22.94914842139296],[77.92050085569252,22.966710648498147],[77.92677492324904,22.96390488424485],[77.96103963308832,22.968558348759878],[77.96746308589972,22.957009983676922],[77.96216185964524,22.939503897057968],[77.9667907511013,22.92181152971993],[77.95942969675278,22.91235662870485],[77.9790268026644,22.911311075517375],[77.99054084684798,22.925195673758743],[78.00156548246605,22.924929814750282],[78.00542646662169,22.929971551569974],[78.01296261081313,22.929800901719695],[78.01346529099492,22.923051387320672],[78.02214736408752,22.921653007001233],[78.02355780634164,22.91269168171509],[78.03459275949236,22.912066193940852],[78.03095561738728,22.885375816875833],[78.0186346703427,22.88198638017781],[78.00898019385185,22.854912082101905],[78.02609165787163,22.852647966192272],[78.03143354049116,22.841941501539697],[78.02129308393567,22.833189587758252],[78.03210490912906,22.821502283244318],[78.0285207483972,22.813743274335675],[78.03126274686059,22.806552364972394],[78.02588395466884,22.802869340144053],[77.99333834302575,22.823926188064735],[77.95707529107541,22.823190524371356],[77.93712392762681,22.81045358029024],[77.94389811216668,22.790516766373646],[77.93905250896191,22.77936653485287],[77.92773799026754,22.77039472791312],[77.91990895840091,22.77029328942054],[77.90903811711343,22.775492885946925],[77.90639191071756,22.78640194388107],[77.91300828235613,22.79953936245248],[77.91002303829967,22.81826401373287],[77.9284665427693,22.83992207612168],[77.92778409595779,22.851394986236983],[77.92083419741017,22.857167437220124],[77.91048595007453,22.85624000613156],[77.88340152305278,22.83054414693683],[77.87411255387505,22.82923050297232],[77.86181259695846,22.839605599252],[77.87075563060418,22.86353128476413],[77.84696802676818,22.87233777820194],[77.82012461990155,22.850663264919156],[77.79868918655721,22.841940396689154],[77.78265615015167,22.814873253083146],[77.77883021941875,22.790733433544723],[77.74142482452754,22.760453579470543],[77.72904742545184,22.75819560526489],[77.69928692425083,22.76713410350171],[77.688602600248,22.762050235653],[77.67718698896049,22.739404636081275],[77.66498135169313,22.73203503350215],[77.6369703409565,22.745156027825278],[77.62389505444531,22.744709538107816],[77.59246765167677,22.703442715042804],[77.58903174849955,22.685097004121186],[77.5828059959982,22.677099150218563],[77.56805181814823,22.66984778532859],[77.53024008570381,22.668150390242726],[77.50191683172795,22.643952659956096],[77.46566021892974,22.64737686244766],[77.44550629403291,22.63702935119934],[77.43634678616162,22.62537040987976],[77.42330196479,22.62425518796004],[77.39516271575751,22.607013975623733],[77.36468583270945,22.607177540056828],[77.35305035047611,22.595789111391706],[77.34433713645655,22.569987874270833],[77.33092120023174,22.562051563865353],[77.31258509702307,22.55894367383855],[77.29286355304929,22.56548185867389],[77.27707324034695,22.60032063211324],[77.26576722823249,22.606445007763003],[77.21822360345422,22.566888072112214],[77.160650279372,22.57916552678444],[77.13003936203782,22.55542312031962],[77.12276029281361,22.563348310662825],[77.13263488276223,22.576826014101243],[77.12660611034391,22.585531516170224],[77.12682998236696,22.59737482675597],[77.11633616550257,22.59783522151888],[77.10274313236918,22.608494289706258],[77.10168202894249,22.614413604541618],[77.08728036835487,22.619503950263994],[77.0904144473179,22.650672293499635],[77.0694695814795,22.657931903839053],[77.055443705004,22.67840722629062],[77.04633902205724,22.671869611867912],[77.04475682182633,22.66505996390724],[77.03134917106566,22.68579534343675],[77.03346516521528,22.694172060819604],[77.03966057347262,22.69279839946748],[77.04517984874374,22.69931653054423],[77.04061185178783,22.7049716621551],[77.03958323320292,22.72356890262541],[77.02160436079714,22.729563468439625],[77.0171812417237,22.746514731930056],[77.01811189788762,22.752313581551913],[77.02832658125469,22.757521431896134],[77.02937868781383,22.770751244310098],[77.0245828172431,22.783522779285228],[77.01176461420023,22.79216963002132],[77.01168462554467,22.806617777436035],[77.0057558438386,22.814316118572187],[77.01078170096687,22.832361996820044],[77.0038690878588,22.844127657275155],[77.00711961273986,22.859711470276057],[77.00392123181516,22.878916016112306],[76.99171397969653,22.877688122957224],[76.9936310140871,22.86892304976504],[76.98488487709015,22.87464987283335],[76.97887538470071,22.866025707987585],[76.9675312543286,22.863739113126464],[76.96782044698752,22.859151727729763],[76.96731267911018,22.86474616346438],[76.96144091440235,22.8635619852018],[76.95776079610546,22.86879687830828],[76.95537807589254,22.860300829096417],[76.95210963235111,22.861521479768207],[76.95644748321583,22.872409637379175],[76.95365247321149,22.875562524298953],[76.95180804383646,22.870958079693118],[76.94861046883003,22.87758768241936],[76.9429544705932,22.87009521727184],[76.94431466813246,22.86217980129475],[76.94082682138146,22.873292785991868],[76.93446802968913,22.87303799243001],[76.92869203009171,22.86749107430333],[76.93643107094071,22.860855659957434],[76.92795523506365,22.864773215081136],[76.93182383133643,22.853479782445394],[76.92695665194634,22.852695904474853],[76.92704227364405,22.860028225511],[76.91933344771962,22.841211891869612],[76.93006465789398,22.828340621833192],[76.92944848351382,22.822182280088786],[76.91064960882157,22.82933497872957],[76.92112738982023,22.830763529208806],[76.91402836258769,22.840391548111054],[76.92489043394578,22.86439499647184],[76.92024280376818,22.86538970469249],[76.915718759015,22.856744606140936],[76.9158762115805,22.861968542461753],[76.90713500847565,22.859193815454073],[76.91458024741537,22.861928157354267],[76.91675224733515,22.874628398754194],[76.90071037928062,22.866775729003706],[76.89535577545962,22.866966172847807],[76.90636302875201,22.87065765674485],[76.90082938298752,22.877530522498358],[76.90309726367205,22.88787857209852],[76.89805403797578,22.889708009100627],[76.89488457786254,22.876294298400747],[76.89512384659645,22.87987462655777],[76.88823887104776,22.881121534993802],[76.88699091628658,22.875875204382165],[76.88600293640724,22.89005694475111],[76.88360544955897,22.890802091306295],[76.87916093318518,22.882124393873926],[76.88218179670628,22.87733387290295],[76.87753328411294,22.878900682046222],[76.88495360486341,22.86805531196744],[76.88093891834558,22.86974415146495],[76.87690938608137,22.863843120752144],[76.86838218339157,22.884124492836072],[76.86854821677693,22.875031224602182],[76.86274508593877,22.87407829113833],[76.86766163933642,22.871116636885283],[76.8679689219291,22.863987448298758],[76.86425105973936,22.869613006486414],[76.86113307682973,22.866578672450604],[76.85666382292987,22.87694471105439],[76.85192331098649,22.873806177116485],[76.85681612107565,22.86719229393275],[76.84957085883336,22.868491607354557],[76.8565098185972,22.862519230306436],[76.85289981420298,22.860884305075555],[76.84062610713845,22.86538812708235],[76.83876808303319,22.871866799857155],[76.83246539438701,22.864587083036735],[76.83368121754435,22.855724311859465],[76.8306092078631,22.86414859899319],[76.82803872985752,22.85806610086992],[76.82529913268641,22.86256680702848],[76.81949338739754,22.85818532881287],[76.81558475079903,22.86105998546803],[76.81823392767014,22.85229724138715],[76.80447245030726,22.849894281826867],[76.80262374137317,22.845193353892626],[76.80689061185922,22.846301378007237],[76.8078023347165,22.844707963890635],[76.79857305546057,22.83737470591749],[76.80448837440908,22.851419120818342],[76.81253977421288,22.85364072079257],[76.8135024741631,22.860840820626798],[76.82541157387156,22.864554520578558],[76.82283357392069,22.86741412050307],[76.8289061737486,22.87551732033292],[76.84347157341323,22.87452962040332],[76.84389837337126,22.88302162020569],[76.85128977320089,22.882581020239872],[76.86323267287533,22.895299919980502],[76.87807447252011,22.897989919965163],[76.89320957212513,22.909588919742077],[76.91793287157292,22.903515119962535],[76.93087067124998,22.909570719861748],[76.94500847092516,22.90854041993014],[76.95087557077635,22.911974519868195],[76.95838127050153,22.939614619245734],[76.96643547028798,22.946968819099155],[76.98855826977992,22.945561819200478],[76.99812036949058,22.96439001879077],[77.01665926901892,22.976187518572743],[77.02455556883886,22.975400518615213],[77.03253976862769,22.98280741846695],[77.03674836845393,23.004347717978465],[77.04545516824068,23.007730117926158],[77.05842396786136,23.03033081744016],[77.05061756798477,23.04643941704263],[77.05564316777684,23.072540516452694],[77.06891386747284,23.07202081650468],[77.07508086731569,23.076328716423426],[77.09959946664002,23.10824751575809],[77.12462916610366,23.09682681609622],[77.13526556585947,23.096677716130987],[77.13733996582724,23.092158116241603],[77.1611599652887,23.08929251637751],[77.16945786508622,23.09267171632341],[77.2068056642717,23.079210816742588],[77.21742216401412,23.08313601668202],[77.22165966386756,23.097857016353444],[77.2371930634982,23.101487016313577],[77.24446726328007,23.11685871597885]]]]}},{"type":"Feature","properties":{"district":"Seoni","state":"MADHYA PRADESH","Aonla_Area":120.5,"Aonla_Production":2677.96,"Aonla_Productivity":22.22,"Banana_Area":7.25,"Banana_Production":374.0,"Banana_Productivity":51.59,"Mango_Area":917.0,"Mango_Production":12388.8,"Mango_Productivity":13.51,"Guava_Area":193.0,"Guava_Production":5551.96,"Guava_Productivity":28.77,"Papaya_Area":32.0,"Papaya_Production":802.5,"Papaya_Productivity":25.08,"Pomegranate_Area":25.0,"Pomegranate_Production":208.0,"Pomegranate_Productivity":8.32,"Watermelon_Area":235.0,"Watermelon_Production":3364.8,"Watermelon_Productivity":14.32,"Custard_Apple_Area":562.65,"Custard_Apple_Production":5585.25,"Custard_Apple_Productivity":9.93,"Ber_Area":null,"Ber_Production":null,"Ber_Productivity":null,"Citrus_Area":null,"Citrus_Production":null,"Citrus_Productivity":null,"Sapota_Area":null,"Sapota_Production":null,"Sapota_Productivity":null,"Total_Fruits_Area":3062.4,"Total_Fruits_Production":43432.61,"Total_Fruits_Productivity":14.18,"Brinjal_Area":1000.5,"Brinjal_Production":22794.53,"Brinjal_Productivity":22.78,"Cabbage_Area":172.5,"Cabbage_Production":3824.51,"Cabbage_Productivity":22.17,"Cauliflower_Area":590.0,"Cauliflower_Production":15871.0,"Cauliflower_Productivity":26.9,"Onion_Area":830.5,"Onion_Production":22090.76,"Onion_Productivity":26.6,"Tomato_Area":1341.0,"Tomato_Production":37809.8,"Tomato_Productivity":28.2,"Potato_Area":1341.0,"Potato_Production":37809.8,"Potato_Productivity":28.2,"Green_Chilly_Area":3013.0,"Green_Chilly_Production":20811.5,"Green_Chilly_Productivity":6.91,"Okra_Area":67.5,"Okra_Production":728.4,"Okra_Productivity":10.79,"Total_Vegetables_Area":11187.1,"Total_Vegetables_Production":179299.14,"Total_Vegetables_Productivity":16.03,"Garlic_Area":347.5,"Garlic_Production":3534.61,"Garlic_Productivity":10.17,"Ginger_Area":442.5,"Ginger_Production":6260.1,"Ginger_Productivity":14.15,"Turmeric_Area":39.5,"Turmeric_Production":596.59,"Turmeric_Productivity":15.1,"Total_Spices_Area":2235.2,"Total_Spices_Production":13203.26,"Total_Spices_Productivity":5.91,"Marigold_Area":163.1,"Marigold_Production":1545.2,"Marigold_Productivity":9.47,"Rose_Area":0.6,"Rose_Production":2.2,"Rose_Productivity":3.67,"Total_Flowers_Area":163.1,"Total_Flowers_Production":1545.2,"Total_Flowers_Productivity":9.47,"Grand_Total_Area":16734.2,"Grand_Total_Production":237683.36,"Grand_Total_Productivity":14.2},"geometry":{"type":"Polygon","coordinates":[[[79.96437106114232,22.851985361987975],[79.97902981275543,22.832597802656256],[80.00654838663927,22.821875878808353],[80.01675869166033,22.79522608676701],[80.04171916609691,22.781903488858976],[80.0631929343045,22.759107456465877],[80.10044927086965,22.76924030673184],[80.17970564362741,22.762924982854575],[80.19034923250844,22.77487688285489],[80.20554235135953,22.77810715348449],[80.20337874316924,22.792032797322495],[80.21811511535705,22.80049963716179],[80.270713989075,22.792331692963725],[80.28081440377278,22.783980504422995],[80.27873873582837,22.764916626470804],[80.28942497376084,22.726329972696426],[80.27228971509359,22.71752957141247],[80.24509266476518,22.721013810700402],[80.23365299659302,22.700013201387563],[80.24104178510292,22.69046746225001],[80.23605551534969,22.67417142057765],[80.2192283405342,22.67044369262132],[80.21337318737478,22.674637169190678],[80.2047099319007,22.665121454586178],[80.19209549548832,22.671585230273347],[80.19239889548511,22.688544329871426],[80.17976869578197,22.690954329816737],[80.15130409644884,22.68519972995789],[80.14486229660052,22.687807429897067],[80.1347615968359,22.677741030137003],[80.10540829752568,22.682486430028195],[80.07853619815572,22.674031730231142],[80.06727359842056,22.678640730122705],[80.04608849891733,22.666957630400887],[80.02016259952664,22.67947413010509],[79.98675110031155,22.649180730823748],[79.98481920035712,22.63883003106954],[79.97206680065722,22.635332831152258],[79.9575373009987,22.644836030926037],[79.94059590139803,22.632060731228698],[79.91714740195036,22.626833431351233],[79.90624360220822,22.616129331604686],[79.89394030249734,22.621140731484296],[79.87251280300306,22.612964031676185],[79.86476220318727,22.60323123190676],[79.86822310310666,22.59679943206029],[79.85744470336202,22.58947833223315],[79.83198220396196,22.592382032160007],[79.81336250440204,22.587805132265633],[79.79450670484557,22.59280743214268],[79.77853900522425,22.58446133233798],[79.73730530619437,22.592743732130412],[79.72734760643027,22.58941293220707],[79.72262110654606,22.576404932515725],[79.71202210679637,22.57585953252561],[79.70092350706383,22.560339532892442],[79.67581310766315,22.544217133269278],[79.63543230861684,22.546164233208554],[79.60147270941282,22.560289632858044],[79.59600510954384,22.556348332949916],[79.58612780977305,22.564638232747935],[79.54734191069271,22.55777003289462],[79.52144331131305,22.542751233240807],[79.47166321248972,22.542856833212564],[79.44905831303728,22.522807733679183],[79.42414951363241,22.514429833865186],[79.408007614012,22.5181170337673],[79.39754041426474,22.51114273392779],[79.38367251459331,22.510910233924733],[79.38237281463017,22.502571134123485],[79.36628241501445,22.498464434211463],[79.35961411517901,22.48976283441547],[79.34009911564948,22.479711534643336],[79.3291592159091,22.479520834640457],[79.32645001597743,22.474424734760763],[79.28795071689169,22.47331753475995],[79.27701531716359,22.458769835100917],[79.25293281773622,22.45771293510813],[79.20183143825204,22.44287546215756],[79.19489803765629,22.452443803995326],[79.23247912423962,22.47426780532496],[79.2597548323753,22.47294159129538],[79.30185188291273,22.483522726926434],[79.32180432515885,22.477005927626045],[79.32789576949423,22.480507090744467],[79.34168917422663,22.48126008895335],[79.34565809175433,22.484155091015513],[79.3445117757419,22.505122567138972],[79.33263516037779,22.505223731123518],[79.32804558526007,22.511995333716936],[79.33031069280405,22.52574938893531],[79.32101742512842,22.527105609601055],[79.32123009449012,22.54296319701324],[79.32525985612575,22.54255810508206],[79.32772133783588,22.551336397669743],[79.3413318614865,22.55353418162073],[79.33233966426698,22.566188240737223],[79.33680658455911,22.569562191879477],[79.34146020723864,22.56576137227446],[79.34321242694288,22.57808826379164],[79.34832881064578,22.570490058400782],[79.35730240060013,22.579977706359635],[79.35380058199924,22.58786530981396],[79.3643026158121,22.596589742939653],[79.3747963288624,22.59609340305004],[79.367910336192,22.60498818652308],[79.35527599105725,22.607407268672763],[79.34845676679015,22.614016566319393],[79.3258046085062,22.610782875718918],[79.32518976150948,22.616498948523155],[79.33539174455592,22.621617415825447],[79.33609242151351,22.63810244934035],[79.3412395816187,22.63406256964651],[79.34874334866076,22.641771296800407],[79.36207623361253,22.642734680202008],[79.36963017395833,22.654203547383844],[79.3809360190936,22.65889929651442],[79.37605056341994,22.66271769811526],[79.37841625558696,22.66854369877072],[79.38838526444357,22.66999247896133],[79.40136384045687,22.68496762227975],[79.40311335165029,22.69797535774905],[79.3942087236972,22.702248037545736],[79.4000921502549,22.70177316554185],[79.41346295105146,22.711861774772007],[79.41156269307848,22.721623870942597],[79.46026808406893,22.729922055581742],[79.46901826164795,22.742040106982305],[79.4755725314968,22.738424007437057],[79.47105748699177,22.734602504675564],[79.47212114658493,22.724397738605397],[79.48790580820145,22.730699453064666],[79.5098299829981,22.72126348242306],[79.5164721771721,22.722943171980585],[79.51995330682051,22.734314578489602],[79.51645790520672,22.74117513853366],[79.52361077862379,22.75160729516849],[79.51169493631123,22.74989956035917],[79.5084201673702,22.753881611233727],[79.5190021492691,22.76221932665291],[79.51543072142714,22.777997169002568],[79.52782723382106,22.78528794266837],[79.54415261104178,22.804607977566743],[79.540872239584,22.81712199172921],[79.57690824656517,22.833391108067715],[79.5782116572213,22.83941904830961],[79.58772873567123,22.844528069214448],[79.58749719852209,22.854154064340676],[79.5975371604192,22.858413762490063],[79.59746738123721,22.866427973360548],[79.61219181134362,22.859941677926273],[79.62564844868754,22.875875713387263],[79.620779921739,22.906880319849503],[79.61331749501679,22.91746763292521],[79.60082108841038,22.91300547471006],[79.5922093774154,22.931903797824457],[79.59082731825251,22.942111856841606],[79.59623716701348,22.94848360828828],[79.62246547097719,22.955552082477755],[79.63187451256391,22.94411088369955],[79.63950395257672,22.94459347258312],[79.6487973389006,22.926433024060703],[79.65644462316034,22.92342461988083],[79.68691669538643,22.9298720582544],[79.68536881511167,22.923917370252273],[79.74846376904665,22.920620865190696],[79.75133824112633,22.913489286761894],[79.74406565739551,22.896852709456876],[79.74974294935919,22.89913937529736],[79.78131670069914,22.87933102758216],[79.75919127350288,22.860227056145],[79.76530340256613,22.84474019302233],[79.78481240040396,22.846598988704365],[79.8006357489566,22.8634256959377],[79.82058895627351,22.871186049365377],[79.81861524468297,22.84840242589405],[79.83978192668543,22.83095778268631],[79.85451626586861,22.833452589265097],[79.86383317545966,22.851771109955635],[79.87037093091607,22.85571303285994],[79.88283278494053,22.850592834569756],[79.88637046430928,22.860363072328802],[79.90040738938647,22.86358520262365],[79.90671255871989,22.84526199313949],[79.92518960195187,22.857140766283543],[79.94104455843234,22.860792129728125],[79.96437106114232,22.851985361987975]]]}},{"type":"Feature","properties":{"district":"Vadodara","state":"GUJARAT","Aonla_Area":null,"Aonla_Production":null,"Aonla_Productivity":null,"Banana_Area":null,"Banana_Production":null,"Banana_Productivity":null,"Mango_Area":4597.0,"Mango_Production":31300.0,"Mango_Productivity":6.81,"Guava_Area":1111.0,"Guava_Production":63227.0,"Guava_Productivity":56.91,"Papaya_Area":1111.0,"Papaya_Production":63227.0,"Papaya_Productivity":56.91,"Pomegranate_Area":78.0,"Pomegranate_Production":975.0,"Pomegranate_Productivity":12.5,"Watermelon_Area":null,"Watermelon_Production":null,"Watermelon_Productivity":null,"Custard_Apple_Area":1095.0,"Custard_Apple_Production":11497.5,"Custard_Apple_Productivity":10.5,"Ber_Area":237.0,"Ber_Production":2190.0,"Ber_Productivity":9.24,"Citrus_Area":3012.0,"Citrus_Production":36938.0,"Citrus_Productivity":12.26,"Sapota_Area":487.0,"Sapota_Production":5050.0,"Sapota_Productivity":10.37,"Total_Fruits_Area":18845.0,"Total_Fruits_Production":616062.0,"Total_Fruits_Productivity":32.69,"Brinjal_Area":7190.0,"Brinjal_Production":145955.0,"Brinjal_Productivity":20.3,"Cabbage_Area":8724.0,"Cabbage_Production":143232.0,"Cabbage_Productivity":16.42,"Cauliflower_Area":3440.0,"Cauliflower_Production":99459.0,"Cauliflower_Productivity":28.91,"Onion_Area":55.0,"Onion_Production":1056.0,"Onion_Productivity":19.2,"Tomato_Area":1333.0,"Tomato_Production":40288.0,"Tomato_Productivity":30.22,"Potato_Area":487.0,"Potato_Production":12031.0,"Potato_Productivity":24.7,"Green_Chilly_Area":2367.0,"Green_Chilly_Production":39017.0,"Green_Chilly_Productivity":16.48,"Okra_Area":2467.0,"Okra_Production":25077.0,"Okra_Productivity":10.16,"Total_Vegetables_Area":37758.0,"Total_Vegetables_Production":682410.0,"Total_Vegetables_Productivity":18.07,"Garlic_Area":350.0,"Garlic_Production":2952.0,"Garlic_Productivity":8.43,"Ginger_Area":875.0,"Ginger_Production":20773.0,"Ginger_Productivity":23.74,"Turmeric_Area":155.0,"Turmeric_Production":3340.0,"Turmeric_Productivity":21.55,"Total_Spices_Area":792.0,"Total_Spices_Production":4850.0,"Total_Spices_Productivity":6.12,"Marigold_Area":757.0,"Marigold_Production":7485.0,"Marigold_Productivity":9.89,"Rose_Area":724.0,"Rose_Production":7080.0,"Rose_Productivity":9.78,"Total_Flowers_Area":2012.0,"Total_Flowers_Production":19536.0,"Total_Flowers_Productivity":9.71,"Grand_Total_Area":59407.0,"Grand_Total_Production":1322858.0,"Grand_Total_Productivity":22.27},"geometry":{"type":"Polygon","coordinates":[[[73.53089215420202,22.05065191847547],[73.52161225737095,22.056512270007094],[73.51431689986782,22.03794439522964],[73.49986767153585,22.03964549262503],[73.50237655524278,22.022605901948978],[73.5006279862979,22.017253803254388],[73.49494696807915,22.017395467406608],[73.51111345358913,22.00363803176829],[73.51420448164122,21.990177491682402],[73.51285459906106,21.98095819497502],[73.50472749707049,21.97723625535313],[73.5075551787928,21.96970912339261],[73.50382563450717,21.962889604565955],[73.46180998133534,21.979900623137485],[73.45865041379227,21.974998451422767],[73.4471134960034,21.974538975081586],[73.43987580119818,21.96401179890054],[73.44288080950372,21.94162249741229],[73.43866312253435,21.926673285497863],[73.41646380325844,21.910293590539634],[73.3998080800933,21.911584055160112],[73.37631941750737,21.929454230090048],[73.35535409226279,21.92836492616769],[73.34451599875837,21.914482558509764],[73.34673352388668,21.882304982569455],[73.34122445950209,21.87553513778728],[73.32776573360415,21.87492685518441],[73.29747227733525,21.890855677706433],[73.27886407630923,21.90508356139647],[73.27743077485047,21.913842948988606],[73.25687559894062,21.935563002031024],[73.23337860051498,21.92841354719604],[73.22200989008222,21.915924599760544],[73.22088999053733,21.90648531735454],[73.22794903009279,21.887666799973463],[73.24850640281923,21.865078401127413],[73.24629436113844,21.84064765229405],[73.21665006423727,21.823611771155218],[73.20150196316419,21.822391938525044],[73.187273685927,21.829191473826096],[73.15918730956015,21.855774571023698],[73.14180501407198,21.85462434814868],[73.14211718593546,21.86433954822926],[73.13193069337632,21.86616888043461],[73.12536154051482,21.87762808743812],[73.09119570566588,21.87224866394116],[73.08590638945888,21.88068801629462],[73.07180811385754,21.877078387399912],[73.05916967942412,21.88240799390309],[73.06663726952362,21.909534424133295],[73.07665406926999,21.91045552418158],[73.09154594337778,21.92130481037936],[73.09043615982722,21.92963413691603],[73.08549000064657,21.9293964761174],[73.08936536877025,21.933511523701405],[73.11910096803312,21.934404023889336],[73.13240996759272,21.94848822363511],[73.13697906750268,21.945759323734606],[73.13852826739235,21.95471312352443],[73.14713916719047,21.95356452361328],[73.1680360665259,21.972494123292638],[73.17331416632685,21.981182523115283],[73.17127436631316,21.989098322905978],[73.18082556596092,22.003853022609306],[73.18877636571926,22.009732622520037],[73.20714376528245,22.008196322685755],[73.20465876531492,22.011730922581574],[73.21044366512356,22.017973022468198],[73.2072077651656,22.02260762233168],[73.21970946484674,22.024277522377538],[73.22501606466822,22.030404522263705],[73.23412486446925,22.02745282239937],[73.24238446438522,22.0126661228204],[73.25344166406214,22.01930762273337],[73.27707846351137,22.015920822979776],[73.28240786331072,22.02482212279751],[73.29564106296586,22.02755462282122],[73.31024766251852,22.039052622638756],[73.31260276248918,22.035483722742605],[73.3203034622832,22.037759522739453],[73.32331276231557,22.024308223090646],[73.33250226210316,22.022771723191237],[73.34302326180037,22.028611323119474],[73.34927486166717,22.026124223223153],[73.35731356140438,22.034618723069105],[73.37575546089334,22.042413723002838],[73.40672096042043,22.00601362410755],[73.43304735976383,22.007712824243132],[73.43625755953238,22.02750102377787],[73.42288715978817,22.03661962346375],[73.41785635978108,22.053365423018555],[73.42510245954415,22.061135422876674],[73.42300595953593,22.068784122674895],[73.43424735921724,22.074568022608688],[73.45507195874343,22.070219422855082],[73.45692605865904,22.07530742274271],[73.47368665826191,22.073858122890464],[73.46828565824077,22.093690222368227],[73.4832748577096,22.11533122193857],[73.49848405731028,22.11919092194551],[73.50131785717825,22.12742432176297],[73.49738015709967,22.150141221181652],[73.50369623755014,22.153749783312087],[73.50839756250689,22.152325880688178],[73.50616449882368,22.144616427180896],[73.51883479391019,22.144453501588668],[73.5069873145227,22.134357958416132],[73.50094788129236,22.112426598468975],[73.47908935342996,22.10335880536405],[73.47614966520209,22.086790100524283],[73.48794813734027,22.070591290126842],[73.48914796552124,22.078120704952216],[73.50165543702768,22.078529614565404],[73.51415418161992,22.09214801232188],[73.5403430282353,22.09131909878315],[73.53241452287317,22.071460322629793],[73.5432505934048,22.064823736861364],[73.52914110239217,22.061971525203585],[73.53089215420202,22.05065191847547]]]}},{"type":"Feature","properties":{"district":"Khargone","state":"MADHYA PRADESH","Aonla_Area":31.0,"Aonla_Production":403.0,"Aonla_Productivity":13.0,"Banana_Area":1112.0,"Banana_Production":83400.0,"Banana_Productivity":75.0,"Mango_Area":370.0,"Mango_Production":7955.0,"Mango_Productivity":21.5,"Guava_Area":1691.0,"Guava_Production":42275.0,"Guava_Productivity":25.0,"Papaya_Area":786.0,"Papaya_Production":59415.0,"Papaya_Productivity":75.59,"Pomegranate_Area":78.0,"Pomegranate_Production":975.0,"Pomegranate_Productivity":12.5,"Watermelon_Area":501.0,"Watermelon_Production":12717.0,"Watermelon_Productivity":25.38,"Custard_Apple_Area":223.0,"Custard_Apple_Production":3400.0,"Custard_Apple_Productivity":15.25,"Ber_Area":null,"Ber_Production":null,"Ber_Productivity":null,"Citrus_Area":null,"Citrus_Production":null,"Citrus_Productivity":null,"Sapota_Area":null,"Sapota_Production":null,"Sapota_Productivity":null,"Total_Fruits_Area":6515.0,"Total_Fruits_Production":237473.0,"Total_Fruits_Productivity":36.45,"Brinjal_Area":638.0,"Brinjal_Production":11484.0,"Brinjal_Productivity":18.0,"Cabbage_Area":244.0,"Cabbage_Production":5086.0,"Cabbage_Productivity":20.84,"Cauliflower_Area":351.0,"Cauliflower_Production":7162.0,"Cauliflower_Productivity":20.4,"Onion_Area":3080.0,"Onion_Production":77000.0,"Onion_Productivity":25.0,"Tomato_Area":48.0,"Tomato_Production":1200.0,"Tomato_Productivity":25.0,"Potato_Area":632.0,"Potato_Production":41080.0,"Potato_Productivity":65.0,"Green_Chilly_Area":87.0,"Green_Chilly_Production":1131.0,"Green_Chilly_Productivity":13.0,"Okra_Area":143.0,"Okra_Production":1732.0,"Okra_Productivity":12.11,"Total_Vegetables_Area":9697.0,"Total_Vegetables_Production":249957.0,"Total_Vegetables_Productivity":25.78,"Garlic_Area":55.0,"Garlic_Production":468.0,"Garlic_Productivity":8.51,"Ginger_Area":164.0,"Ginger_Production":4018.0,"Ginger_Productivity":24.5,"Turmeric_Area":85.0,"Turmeric_Production":2083.0,"Turmeric_Productivity":24.51,"Total_Spices_Area":52055.0,"Total_Spices_Production":188283.0,"Total_Spices_Productivity":3.62,"Marigold_Area":152.0,"Marigold_Production":1768.0,"Marigold_Productivity":11.63,"Rose_Area":24.0,"Rose_Production":264.0,"Rose_Productivity":11.0,"Total_Flowers_Area":152.0,"Total_Flowers_Production":1768.0,"Total_Flowers_Productivity":11.63,"Grand_Total_Area":68620.0,"Grand_Total_Production":677675.0,"Grand_Total_Productivity":9.88},"geometry":{"type":"Polygon","coordinates":[[[76.2143124293711,22.335610055519936],[76.18162820834223,22.275769407357146],[76.15872413321931,22.255574082940456],[76.0993073642138,22.249637731994618],[76.06070193324405,22.22655808755754],[76.02252176037666,22.222998593445816],[76.01253065624023,22.211703509309174],[76.02487782007398,22.196860399285264],[76.04742368550303,22.190004656378456],[76.07854184551589,22.190061598449013],[76.08259167839422,22.18560597419824],[76.09355732962179,22.192539564410925],[76.10213137717626,22.213013818420855],[76.12299335949035,22.212938629787473],[76.12295949103385,22.207994283809295],[76.15364132733768,22.213008272264602],[76.15727773518306,22.18938290844803],[76.15052652570863,22.17842520614983],[76.14719514574752,22.174402533233234],[76.13386316112164,22.175663615317667],[76.12177209846378,22.170818827027357],[76.11719625989818,22.158956644047198],[76.11688146579733,22.153204011469008],[76.12446752105292,22.152919646276704],[76.12476321908228,22.133887091254874],[76.13567710873534,22.124815205294336],[76.13810859036647,22.110067509587015],[76.13544299233298,22.10539420049431],[76.11524154856768,22.10376421883849],[76.11454435958738,22.094539131681056],[76.09315337938281,22.089917085307132],[76.09588363704677,22.053477607468867],[76.1387960953071,22.055470836721142],[76.151644197201,22.0652813792201],[76.15396703783371,22.077206367045946],[76.13728222458788,22.080834440482562],[76.13417296477182,22.097641239392303],[76.148409367549,22.101261181353504],[76.15441146299871,22.117168140965774],[76.17377334786029,22.122148519216672],[76.19026686976076,22.115432780902697],[76.1986361408187,22.09721828310682],[76.21969465364717,22.09972224294572],[76.21567171694441,22.088372976698498],[76.22283389552751,22.082999941786454],[76.22492882978347,22.071971839948077],[76.20023355343814,22.06712653120109],[76.19871037499236,22.044473033164508],[76.19356938075659,22.04050162328022],[76.18073315792357,22.037928137723068],[76.17715565252522,22.042629989972074],[76.16439292377822,22.042737445746443],[76.15224803959313,22.032020154650702],[76.15297277596916,22.0231922237055],[76.1650624089783,22.012397567928424],[76.15641296154502,21.987824374189984],[76.14883096092412,21.988245631087608],[76.14779334720096,21.97902959250561],[76.14249183797394,21.977169878536184],[76.14855243357104,21.973001223538567],[76.14676541795309,21.969090993782405],[76.16049440601428,21.968176447281174],[76.1604450715291,21.964509824783363],[76.15007050360343,21.961581177388197],[76.15542739840748,21.953023306033227],[76.14859644006204,21.946784014787813],[76.15425365148269,21.941359933671972],[76.1693761366439,21.885955017013842],[76.15573274727956,21.888125557697794],[76.12540135488543,21.87061257900531],[76.12165224873075,21.863401136277506],[76.12457403023996,21.85480350781125],[76.11528156927695,21.858198942400687],[76.10062551729462,21.85503000129286],[76.11103547155945,21.795499382537287],[76.10611584075967,21.789370428326162],[76.11282020654396,21.788676339225283],[76.11620090095877,21.768925101369234],[76.1268218650238,21.760255360252227],[76.12407179533635,21.749852646232085],[76.1085311225078,21.74998725197916],[76.10039678722198,21.745199701014762],[76.10152539529535,21.73033430235783],[76.10704945011686,21.731061952417765],[76.10459100899874,21.723398626419172],[76.12654095181577,21.72129097124174],[76.13820334553944,21.73266087260491],[76.14985631129524,21.734930918240224],[76.17000138547846,21.721045446508825],[76.16745875476471,21.702820813564166],[76.17128969942611,21.69990266405153],[76.15204284969239,21.694334599215487],[76.15184557523872,21.677223170077653],[76.1397783573705,21.68161096121507],[76.13306099267456,21.691189496913356],[76.10784185879646,21.691107361110106],[76.08757279675697,21.672228471798032],[76.06945000760001,21.66336817904154],[76.07878380606601,21.61494445231372],[76.07689512836542,21.57213918917131],[76.0614748937632,21.5732585304429],[76.02307687858297,21.549287950773714],[76.00776109938985,21.55498588102042],[75.9638352919461,21.55461585113206],[75.95007265576596,21.547914699595136],[75.94803573380773,21.490051052288727],[75.96242315359108,21.484375705209118],[75.9756382714554,21.490265444879643],[75.97839448312715,21.486891286070076],[75.99041496253378,21.48859274485056],[76.00710354273865,21.472408854384167],[76.00946494508409,21.461668358051565],[76.00350657590593,21.451006930578153],[75.99509389982927,21.467814951593983],[75.99147159995769,21.459710951784395],[75.97590980036631,21.455481751827605],[75.9561942008361,21.460300751624008],[75.94753080106442,21.457781851651937],[75.9364062013017,21.46633485138898],[75.92393510160842,21.467318951312087],[75.90755650197404,21.476394251013808],[75.9076395019482,21.48135645088854],[75.8970247021986,21.484389450767218],[75.88262280257335,21.48118005078783],[75.86479770296528,21.492137450435262],[75.84375070347555,21.495165050269364],[75.8237998038861,21.5129881497337],[75.82349070383444,21.525145249425293],[75.81668290396627,21.532855049201565],[75.80980590415624,21.529022949268768],[75.81424850410025,21.517861149569704],[75.8106561042439,21.506821649833206],[75.78753960488407,21.493838950061996],[75.78555720496182,21.488095850198757],[75.78810750490986,21.485732950269547],[75.78267860508467,21.477744950448297],[75.79598860477964,21.47221435064566],[75.77982280529214,21.4501421511352],[75.78826750514465,21.437217251499437],[75.78713990521217,21.429228351697184],[75.76948520569077,21.421770251810226],[75.77286380562697,21.41756425193164],[75.76999100571008,21.415282251977143],[75.76070180593562,21.41670755190069],[75.75647260606286,21.412399651991688],[75.75865000603447,21.407115852135387],[75.7417022065007,21.398732952274717],[75.74263530650846,21.392458552438278],[75.71776710713146,21.392527052327782],[75.71112910723821,21.404429951996143],[75.68764800779313,21.411053651724416],[75.68654720778588,21.41796515154405],[75.66500030827545,21.427814951198567],[75.66489250822639,21.43803735093873],[75.65244680849054,21.447329250647726],[75.65679780832853,21.457815350401308],[75.64500030856395,21.46948165005317],[75.64399730852885,21.481305349749395],[75.63577020876154,21.475946449848337],[75.6225251090872,21.47694824976368],[75.62074290908883,21.485314949543938],[75.59834950969935,21.475297849696805],[75.56330071055277,21.479516049431364],[75.56249421052972,21.487838449217094],[75.56966531033868,21.49016594919078],[75.57640161009593,21.5045889488566],[75.57579131006302,21.513891248618766],[75.56070321042709,21.51622254849135],[75.55719451046066,21.526592648213448],[75.54715751066962,21.53447364796886],[75.53989111089153,21.5266312481336],[75.5101566116428,21.52464054804764],[75.5047328118012,21.520226448134206],[75.49701161199856,21.519299148121963],[75.4724096125578,21.52948164775108],[75.46282444019286,21.523392933282167],[75.46014398442084,21.54386338011905],[75.46470979420336,21.556223583762726],[75.47798282767548,21.568049734934196],[75.47902543396422,21.585349428784145],[75.48570880590565,21.599028300761457],[75.49107225085469,21.59932207123732],[75.49441992427624,21.610171744649726],[75.50210285657188,21.613644240766806],[75.46925759971776,21.623128628929017],[75.46297221504012,21.633556066458112],[75.44719911799413,21.641400535887964],[75.44698698154745,21.64856625189877],[75.43724405230037,21.65648284875875],[75.4412504828482,21.666225195939397],[75.4384884482313,21.675774953742536],[75.41670000605777,21.67977338595176],[75.40024826782059,21.676996735712816],[75.3914275526132,21.681532141958677],[75.35060209562155,21.67092575152522],[75.32202567720911,21.66196199489335],[75.30299746599621,21.63893762957938],[75.29069569445464,21.635025672845416],[75.28652067810462,21.6517194366922],[75.27065944129276,21.655698963448014],[75.27390891506697,21.675271519629533],[75.26262572278507,21.674751790612223],[75.26707596635339,21.68746716577421],[75.21742076720105,21.69474832419319],[75.20893859700779,21.708485202546445],[75.20957752451868,21.732149951514057],[75.22221679311619,21.74231429678663],[75.24127516374477,21.74506804646825],[75.25657855734003,21.73800663524561],[75.2572309569718,21.744585807748873],[75.26271656418119,21.74545773879154],[75.27602938166959,21.73847673262474],[75.27051751076695,21.765137878856297],[75.28219646753904,21.77219980710418],[75.28088195078574,21.78758233600832],[75.27403260535935,21.79194943377032],[75.272386870889,21.801386025515086],[75.28987895537271,21.805360693895],[75.28945476158508,21.81130755311975],[75.29512716937988,21.811192933659367],[75.29309316865643,21.82489229961139],[75.30898084372059,21.83370034186881],[75.30988089187588,21.843549256740882],[75.30156916054935,21.847654993824232],[75.29803474114138,21.863155347287783],[75.27656893318012,21.86614235520955],[75.27600857281914,21.88613255783803],[75.28772310989487,21.892086154747556],[75.28125502720432,21.90569254412501],[75.28327603053931,21.915776917348918],[75.29742232467532,21.922512369572313],[75.3073115966342,21.90744828203611],[75.33268175398263,21.90911390782524],[75.34188087994629,21.929896620352288],[75.33813092366987,21.945835735909892],[75.35264527894705,21.955921487903257],[75.3503125085646,21.982066157319853],[75.3983404537596,21.984716807489914],[75.40499582700353,22.002317814582405],[75.4160440336,22.003871573832818],[75.44345958522429,22.02593234609974],[75.4139166234432,22.02284447017936],[75.41358271267997,22.058805959701267],[75.4566808007472,22.05930026469212],[75.451485476684,22.072673125787325],[75.43724157315023,22.07063818321015],[75.43344182030634,22.078343045516057],[75.40464831742608,22.07289170903862],[75.39338087008392,22.080899256790577],[75.39638593850735,22.08876487567068],[75.38920069912851,22.089695829499384],[75.38101779534655,22.10210038536589],[75.35750277742785,22.09833371188297],[75.35486483027695,22.11276482234999],[75.34585617800415,22.11288543622649],[75.34049939111262,22.121459284391808],[75.32165676025241,22.122867629463716],[75.31579282846116,22.134298671651383],[75.36849037440886,22.141858967755685],[75.39818658916876,22.13659689562591],[75.4558909057088,22.15165081970846],[75.48641041803162,22.153136364138597],[75.50351663790987,22.15711324444046],[75.5103706531595,22.163421658113744],[75.51122090829257,22.1731936699375],[75.52089216119354,22.173760024892108],[75.51566184150504,22.185478575053526],[75.52280941388616,22.21102687539013],[75.53512346732249,22.23140304291843],[75.52771478126479,22.250587913325877],[75.53301285733912,22.263357530705214],[75.51748662462023,22.27973885126398],[75.51481209807464,22.293739119476793],[75.51870335137347,22.326220753146966],[75.48997925702457,22.326253828964965],[75.49651381284973,22.339781470110104],[75.50496909660428,22.336393049198623],[75.50926215567019,22.33931306173726],[75.50350066786136,22.367543101090376],[75.5085444434217,22.373683092092882],[75.52241855954007,22.375466960428874],[75.52791195070904,22.364872876218485],[75.53803836007313,22.365294060254087],[75.5368009189712,22.356795599688827],[75.55401097569673,22.36367174426817],[75.56463723641528,22.37584030684284],[75.5750298161834,22.37780775524694],[75.57988186018648,22.37022433430066],[75.5882502464558,22.37145894494688],[75.59270885398153,22.360972081124842],[75.61030394650116,22.36368344071883],[75.60555839953877,22.351402726121822],[75.61091718552606,22.34676657228977],[75.59983185141523,22.34771787419905],[75.59963408133852,22.340751544558426],[75.61568861024462,22.33771923088054],[75.64094627839066,22.35619317476229],[75.64431672346514,22.335962056304524],[75.65355131009517,22.332136564934213],[75.65114562377809,22.339482602113986],[75.65452896371919,22.342583655432332],[75.67471420606878,22.344036922010407],[75.675516892538,22.349251257358496],[75.69272772555018,22.3598997459051],[75.70372102162668,22.358585428696504],[75.7214255259348,22.369465463138486],[75.7360568064504,22.35816911052063],[75.75205621309286,22.35790261365191],[75.77026626269212,22.369217169081896],[75.77521085764852,22.36577961138518],[75.78446664442872,22.376373395267336],[75.79942291824335,22.380255228807254],[75.7996384521982,22.38572784522539],[75.81571184437534,22.391875293445498],[75.82182448886329,22.406127717880096],[75.8343668501946,22.40884495730794],[75.8495501832864,22.3918118290297],[75.84944963952903,22.383919066819367],[75.85833997798385,22.38056533249834],[75.88127100437733,22.38341963730286],[75.89275958609353,22.391311496558643],[75.90578106486888,22.386816745910455],[75.90964632399329,22.388536356209826],[75.90869970184495,22.40909915156622],[75.9139718368511,22.420485511006547],[75.96087774485831,22.43057703182398],[75.96865240142668,22.428771082301076],[75.971259108781,22.419811195473457],[75.99382207383431,22.41360112161983],[76.00662719678685,22.421978843653385],[76.00663750931577,22.432811065736324],[76.01297892259099,22.441064929733066],[76.00861905962886,22.444597303854824],[76.02146650605673,22.444944701313627],[76.03189571409455,22.437062835139827],[76.03137842892188,22.44806166829291],[76.04188413990423,22.457960374797146],[76.04734341039962,22.459728530793203],[76.05263192841907,22.453698596737972],[76.05532827347317,22.462694166017176],[76.05066605316127,22.47835552730478],[76.03472284146129,22.48191897426443],[76.02367441743962,22.49502926111903],[76.03041845985588,22.510049909368586],[76.02772762971748,22.528935508589807],[76.03952348771887,22.529136277416274],[76.04411340801701,22.534516227510945],[76.05198453326082,22.530808501903724],[76.06044521813374,22.533525739285967],[76.07636668566076,22.523701608232937],[76.08071161864792,22.53914942904122],[76.08688473511475,22.540022514843546],[76.10115743677106,22.47043743608163],[76.11244836376311,22.46711542469569],[76.11317757084745,22.46140823178179],[76.13143848044585,22.45832909023998],[76.14737472108352,22.443512970488605],[76.19096341149742,22.420865864598674],[76.21227206455261,22.417916242137967],[76.23333994979181,22.393651775411502],[76.23481081130227,22.387040383883413],[76.22040914662851,22.35787164342125],[76.20211116953195,22.354336918083465],[76.2143124293711,22.335610055519936]]]}},{"type":"Feature","properties":{"district":"Dhule","state":"MAHARASHTRA","Aonla_Area":null,"Aonla_Production":null,"Aonla_Productivity":null,"Banana_Area":null,"Banana_Production":null,"Banana_Productivity":null,"Mango_Area":null,"Mango_Production":null,"Mango_Productivity":null,"Guava_Area":null,"Guava_Production":null,"Guava_Productivity":null,"Papaya_Area":null,"Papaya_Production":null,"Papaya_Productivity":null,"Pomegranate_Area":null,"Pomegranate_Production":null,"Pomegranate_Productivity":null,"Watermelon_Area":null,"Watermelon_Production":null,"Watermelon_Productivity":null,"Custard_Apple_Area":null,"Custard_Apple_Production":null,"Custard_Apple_Productivity":null,"Ber_Area":null,"Ber_Production":null,"Ber_Productivity":null,"Citrus_Area":null,"Citrus_Production":null,"Citrus_Productivity":null,"Sapota_Area":null,"Sapota_Production":null,"Sapota_Productivity":null,"Total_Fruits_Area":null,"Total_Fruits_Production":null,"Total_Fruits_Productivity":null,"Brinjal_Area":null,"Brinjal_Production":null,"Brinjal_Productivity":null,"Cabbage_Area":null,"Cabbage_Production":null,"Cabbage_Productivity":null,"Cauliflower_Area":null,"Cauliflower_Production":null,"Cauliflower_Productivity":null,"Onion_Area":null,"Onion_Production":null,"Onion_Productivity":null,"Tomato_Area":null,"Tomato_Production":null,"Tomato_Productivity":null,"Potato_Area":null,"Potato_Production":null,"Potato_Productivity":null,"Green_Chilly_Area":null,"Green_Chilly_Production":null,"Green_Chilly_Productivity":null,"Okra_Area":null,"Okra_Production":null,"Okra_Productivity":null,"Total_Vegetables_Area":null,"Total_Vegetables_Production":null,"Total_Vegetables_Productivity":null,"Garlic_Area":null,"Garlic_Production":null,"Garlic_Productivity":null,"Ginger_Area":null,"Ginger_Production":null,"Ginger_Productivity":null,"Turmeric_Area":null,"Turmeric_Production":null,"Turmeric_Productivity":null,"Total_Spices_Area":null,"Total_Spices_Production":null,"Total_Spices_Productivity":null,"Marigold_Area":null,"Marigold_Production":null,"Marigold_Productivity":null,"Rose_Area":null,"Rose_Production":null,"Rose_Productivity":null,"Total_Flowers_Area":null,"Total_Flowers_Production":null,"Total_Flowers_Productivity":null,"Grand_Total_Area":null,"Grand_Total_Production":null,"Grand_Total_Productivity":null},"geometry":{"type":"MultiPolygon","coordinates":[[[[74.92250807075546,21.610050114671328],[74.99586776710083,21.58719623144761],[74.9481066253046,21.583687543812875],[74.93893222548219,21.592220843550585],[74.94082612539097,21.59967004337303],[74.91181942614135,21.59472184334674],[74.92253172582454,21.603217443188825],[74.92250807075546,21.610050114671328]]],[[[74.91493553727855,21.612592044015283],[74.91376622598757,21.612414142911966],[74.91264451212466,21.61357017523615],[74.91493553727855,21.612592044015283]]]]}},{"type":"Feature","properties":{"district":"Nandurbar","state":"MAHARASHTRA","Aonla_Area":null,"Aonla_Production":null,"Aonla_Productivity":null,"Banana_Area":null,"Banana_Production":null,"Banana_Productivity":null,"Mango_Area":null,"Mango_Production":null,"Mango_Productivity":null,"Guava_Area":null,"Guava_Production":null,"Guava_Productivity":null,"Papaya_Area":null,"Papaya_Production":null,"Papaya_Productivity":null,"Pomegranate_Area":null,"Pomegranate_Production":null,"Pomegranate_Productivity":null,"Watermelon_Area":null,"Watermelon_Production":null,"Watermelon_Productivity":null,"Custard_Apple_Area":null,"Custard_Apple_Production":null,"Custard_Apple_Productivity":null,"Ber_Area":null,"Ber_Production":null,"Ber_Productivity":null,"Citrus_Area":null,"Citrus_Production":null,"Citrus_Productivity":null,"Sapota_Area":null,"Sapota_Production":null,"Sapota_Productivity":null,"Total_Fruits_Area":null,"Total_Fruits_Production":null,"Total_Fruits_Productivity":null,"Brinjal_Area":null,"Brinjal_Production":null,"Brinjal_Productivity":null,"Cabbage_Area":null,"Cabbage_Production":null,"Cabbage_Productivity":null,"Cauliflower_Area":null,"Cauliflower_Production":null,"Cauliflower_Productivity":null,"Onion_Area":null,"Onion_Production":null,"Onion_Productivity":null,"Tomato_Area":null,"Tomato_Production":null,"Tomato_Productivity":null,"Potato_Area":null,"Potato_Production":null,"Potato_Productivity":null,"Green_Chilly_Area":null,"Green_Chilly_Production":null,"Green_Chilly_Productivity":null,"Okra_Area":null,"Okra_Production":null,"Okra_Productivity":null,"Total_Vegetables_Area":null,"Total_Vegetables_Production":null,"Total_Vegetables_Productivity":null,"Garlic_Area":null,"Garlic_Production":null,"Garlic_Productivity":null,"Ginger_Area":null,"Ginger_Production":null,"Ginger_Productivity":null,"Turmeric_Area":null,"Turmeric_Production":null,"Turmeric_Productivity":null,"Total_Spices_Area":null,"Total_Spices_Production":null,"Total_Spices_Productivity":null,"Marigold_Area":null,"Marigold_Production":null,"Marigold_Productivity":null,"Rose_Area":null,"Rose_Production":null,"Rose_Productivity":null,"Total_Flowers_Area":null,"Total_Flowers_Production":null,"Total_Flowers_Productivity":null,"Grand_Total_Area":null,"Grand_Total_Production":null,"Grand_Total_Productivity":null},"geometry":{"type":"Polygon","coordinates":[[[74.51385807539341,21.86374884477317],[74.49690823471796,21.864377934360068],[74.4835042350899,21.8577860344479],[74.48048683521004,21.85070193460673],[74.45465393588685,21.844264334620128],[74.45631483603522,21.81521633535137],[74.44332613638123,21.811187535377762],[74.42813083683627,21.798823235598842],[74.4188116370487,21.801451435480164],[74.39062213786183,21.783446235766913],[74.33783603918602,21.78006063554664],[74.3341091393375,21.771096135748454],[74.31575253985426,21.76154153587995],[74.30486364023284,21.74511633622639],[74.2870448406888,21.74277793618069],[74.25321044164072,21.725599536411163],[74.2317883421825,21.723831836329044],[74.22740824232146,21.719314736416123],[74.23135754227751,21.71136073663828],[74.22438774258406,21.691569237092235],[74.17810664380723,21.680354237098356],[74.17366084389339,21.68386943698375],[74.15151894447243,21.67946293696177],[74.14490494467127,21.67437993704948],[74.1318544449835,21.67603473692972],[74.12310664515377,21.682807436707446],[74.11417844540861,21.67795573677521],[74.10816874563409,21.66688033701652],[74.09682714593005,21.664763437001092],[74.0845430461603,21.67551373665725],[74.06467044668288,21.671243536643768],[74.04227344717515,21.68030743628028],[74.034826147386,21.67656193632863],[74.02675074751264,21.687070536015998],[74.00644004810432,21.674520836205982],[73.99116174841441,21.68429713586721],[73.98819684854674,21.67594973605796],[73.97814504883553,21.67035423613627],[73.94122724965483,21.683967735566846],[73.93489674983728,21.68037863561745],[73.93567064993198,21.664356236023863],[73.92832495017296,21.656118736184748],[73.92278545033966,21.65202083625312],[73.91154235057208,21.65858133601846],[73.91142675068026,21.64381173638836],[73.89169945127308,21.62946333662536],[73.88277155149935,21.628866636584533],[73.87293225168116,21.637610236303235],[73.86594185196095,21.622851136630086],[73.85154235233787,21.620248036604966],[73.84385045267828,21.5995632370766],[73.83643045287307,21.598178337064642],[73.83665335282133,21.604570336905294],[73.82218465314003,21.610307436669608],[73.8096204534851,21.605840436702376],[73.81110843072372,21.602787560130835],[73.80016482612189,21.603684210006318],[73.78136659988324,21.618594766366694],[73.78051508790263,21.628592107721335],[73.81426287198445,21.64417324103845],[73.82480364742861,21.639778331430506],[73.83038150109205,21.64236732627376],[73.83859009690148,21.633080460309106],[73.84976993207212,21.63913350401487],[73.85166699615402,21.646480848094097],[73.86003820075432,21.642327289609415],[73.88801501153847,21.653246132197353],[73.894587670151,21.67597743173759],[73.89030015912861,21.697973897151495],[73.88061296159997,21.715590208627905],[73.8676086092753,21.71834480587295],[73.82466653647222,21.75993463906543],[73.83469812372728,21.774053178791764],[73.82956770418741,21.777547027194306],[73.82945391172198,21.785941531790552],[73.83816080594036,21.788747873174078],[73.82733903004795,21.792479561364672],[73.8269601289209,21.7979252835711],[73.83294528751019,21.80094789121165],[73.82743016853166,21.80990989426961],[73.80783602191008,21.80980843402226],[73.80430129493985,21.819696240765673],[73.79595164022874,21.824727440713634],[73.81386337209406,21.83978989607853],[73.8423214052309,21.84399722646125],[73.8697559512344,21.84107405446389],[73.88800140081173,21.85521173550363],[73.92096393075232,21.861026171061607],[74.04789515232073,21.924999927358737],[74.12822370405561,21.94977833462426],[74.14626317679225,21.946440635301705],[74.14684794626137,21.952891920617265],[74.16397141351867,21.947131384359807],[74.17904296587294,21.931417639231984],[74.19308043351137,21.925971159479843],[74.28117579840776,21.933112180841857],[74.29120184418447,21.942957794841853],[74.2971851403976,21.963376149835447],[74.30763621191805,21.97175564018486],[74.34842173490675,21.977000691017345],[74.37581878244939,22.000589284750514],[74.38711630346555,22.0199789711983],[74.43164004949118,22.030269403186285],[74.44350226945194,22.02322517395392],[74.43873654085499,22.020842433354876],[74.45218109334985,22.00465291973688],[74.43233074513256,21.99940354005103],[74.44146327591122,21.990039352773625],[74.43938976919334,21.976723983557115],[74.4533778068059,21.96193846282196],[74.46971917623318,21.967095711491194],[74.469099226963,21.95963623271824],[74.48873050116724,21.956169427104395],[74.49047391215825,21.95123286839151],[74.48467100120133,21.94581348720458],[74.49521860712538,21.946808747990644],[74.50000002963405,21.939303945605058],[74.50838926883299,21.937339532887634],[74.51256067347232,21.931892195193175],[74.50922566858488,21.92063723598437],[74.52390496720928,21.911548014760548],[74.52279607163476,21.899089014243618],[74.51363860041499,21.88996605894648],[74.51385807539341,21.86374884477317]]]}}],"crs":{"type":"name","properties":{"name":"urn:ogc:def:crs:OGC:1.3:CRS84"}}}